0,1,2,3,4,5,6,7,8,9,10,11,12,13,14,15,16,17,18,19,20,21,22,23,24,25,26,27,28,29,30,31,32,33,34,35,36,37,38,39,40,41,42,43,44,45,46,47,48,49,50,51,52,53,54,55,56,57,58,59,60,61,62,63,64,65,66,67,68,69,70,71,72,73,74,75,76,77,78,79,80,81,82,83,84,85,86,87,88,89,90,91,92,93,94,95,96,97,98,99,100,101,102,103,104,105,106,107,108,109,110,111,112,113,114,115,116,117,118,119,120,121,122,123,124,125,126,127,128,129,130,131,132,133,134,135,136,137,138,139,140,141,142,143,144,145,146,147,148,149,150,151,152,153,154,155,156,157,158,159,160,161,162,163,164,165,166,167,168,169,170,171,172,173,174,175,176,177,178,179,180,181,182,183,184,185,186,187,188,189,190,191,192,193,194,195,196,197,198,199
154,165,80,68,119,198,192,54,187,112,9,53,198,124,170,62,21,176,150,178,178,40,50,66,3,177,99,170,40,120,67,198,67,3,160,177,133,125,68,68,35,112,99,66,120,57,73,128,165,133,145,160,24,171,119,174,64,173,57,173,5,64,176,99,159,85,175,82,24,3,101,5,99,82,93,53,5,173,92,27,99,9,174,124,72,198,72,91,74,2,156,9,62,173,149,176,93,187,159,144,131,199,141,39,71,76,116,52,181,11,11,126,107,96,79,33,89,70,106,108,126,87,190,4,0,94,69,164,39,100,127,46,79,108,130,109,55,162,115,87,108,22,179,59,141,152,141,32,55,69,19,32,110,31,43,152,107,48,153,166,162,18,84,79,134,130,134,33,143,52,168,109,48,76,111,51,166,115,42,47,23,167,11,18,6,71,167,31,193,71,75,147,110,75,113,115,49,115,147,37
9,139,178,64,60,2,85,196,122,45,120,40,149,154,132,139,156,104,57,132,154,16,54,91,45,54,3,125,177,5,180,175,139,8,101,151,120,25,5,73,21,27,171,86,50,149,135,144,74,171,128,163,68,5,173,140,159,173,14,80,21,133,67,21,27,9,45,25,40,125,196,174,66,157,136,78,105,145,103,65,151,35,54,98,65,173,50,91,133,150,139,99,150,176,160,177,14,9,133,62,185,38,23,47,106,109,129,167,116,37,115,186,166,6,0,33,152,75,167,7,143,183,167,108,12,36,20,186,23,46,108,191,190,76,30,55,115,167,84,164,37,33,89,118,75,89,97,12,39,134,49,102,38,141,71,51,146,31,147,51,47,29,87,55,147,188,89,29,7,191,12,185,121,89,69,97,75,143,121,43,18,102,115,18,131,47,47,49,47,114,56,121,96,100,121,158,89,94,42,6
41,41,125,73,122,62,50,192,177,99,172,14,180,40,157,45,187,137,137,196,90,67,60,171,28,120,14,176,156,192,155,180,54,144,40,58,151,35,13,92,45,173,103,175,57,58,174,122,120,34,182,35,28,74,195,34,171,112,128,187,195,68,93,149,13,24,163,139,58,120,161,160,45,170,197,41,88,154,3,72,80,120,80,112,172,77,196,91,192,24,159,197,34,177,77,165,174,145,177,177,115,114,189,30,158,190,142,142,71,51,108,6,63,51,142,51,102,26,94,49,129,183,162,47,83,162,107,148,39,96,81,164,12,69,46,108,142,87,55,83,138,4,75,17,111,190,75,59,134,38,83,162,184,143,106,100,131,22,63,166,106,109,127,107,38,115,123,168,7,56,143,179,84,193,111,127,185,33,36,148,83,20,43,29,117,126,167,141,20,111,83,43,10,167,185,193,48,100,106,142
151,1,98,174,67,35,50,180,1,177,57,24,172,149,173,16,161,139,120,50,103,50,125,68,73,93,157,64,135,34,77,67,34,182,103,85,120,45,196,150,1,161,1,58,58,154,101,88,180,163,187,182,176,50,61,40,57,16,74,57,74,196,54,163,139,196,88,172,64,187,14,66,144,41,3,61,45,93,99,140,99,1,103,187,196,156,58,149,150,137,66,72,90,13,137,101,64,140,119,150,11,168,4,110,29,46,26,30,26,23,19,114,183,52,117,141,183,141,114,142,152,191,23,199,193,121,107,109,20,49,63,113,179,29,46,39,97,116,143,113,186,131,110,130,126,94,108,118,37,4,189,111,79,70,147,70,83,166,84,166,10,166,114,130,138,181,15,71,18,186,76,166,89,0,116,116,70,184,148,183,15,89,7,89,79,29,33,31,146,189,33,146,108,55,10,121,6,87,12,39
128,72,40,157,139,170,40,72,5,120,145,1,74,34,171,64,2,25,14,40,93,196,161,57,9,8,180,161,140,62,66,178,85,136,92,41,133,8,196,195,154,170,14,2,14,198,170,25,112,53,3,90,73,45,156,140,58,60,160,80,93,171,88,64,159,8,60,149,135,175,120,154,74,66,9,187,173,73,144,74,174,50,86,50,60,98,156,150,13,133,187,92,178,9,27,192,62,68,86,65,37,33,193,37,23,169,147,19,188,39,47,48,31,94,4,30,179,183,162,20,117,181,18,31,130,49,109,83,166,83,49,63,94,191,181,148,179,179,87,115,168,184,162,83,181,131,18,134,51,179,15,127,23,79,4,113,109,126,158,141,37,141,108,26,185,131,0,143,183,18,69,76,19,33,70,123,118,37,114,39,117,48,6,39,69,15,6,12,152,83,56,12,166,49,69,47,79,84,167,75
5,62,66,170,172,66,103,157,103,174,8,61,159,57,194,21,67,66,125,177,58,1,137,80,151,180,16,159,50,2,65,154,177,170,44,92,112,13,66,66,66,92,132,9,61,198,45,103,54,180,198,77,196,124,44,196,198,136,78,21,93,137,85,62,137,170,161,154,132,82,28,122,173,28,61,44,137,112,103,173,24,58,88,91,68,74,175,137,44,16,122,137,9,137,159,66,136,187,54,132,56,110,146,26,11,30,127,116,37,115,83,147,100,169,83,75,186,193,108,17,168,152,17,193,126,96,30,52,79,12,193,0,102,106,164,94,94,168,51,130,75,87,96,83,32,96,18,49,164,158,76,126,162,7,20,100,123,48,59,158,109,107,152,121,4,158,166,130,186,126,114,19,0,42,143,113,51,59,52,39,188,179,158,30,76,47,29,167,10,17,107,199,29,141,46,129,48,181,186,38
1,62,41,3,92,14,88,5,9,135,160,73,154,60,135,85,151,13,74,35,187,45,60,28,155,104,53,61,151,132,139,174,53,174,192,35,72,74,13,150,57,41,139,132,99,27,95,187,194,92,74,132,90,187,157,136,65,98,140,156,25,34,124,8,9,77,2,35,192,50,140,25,92,45,155,163,132,194,159,171,16,187,28,9,157,194,88,50,80,95,64,119,165,68,34,60,95,135,149,54,166,87,89,153,76,169,115,70,126,146,185,19,49,142,190,6,32,52,26,42,30,146,56,183,106,29,118,108,111,51,37,10,79,102,167,109,185,96,48,131,183,59,199,87,79,148,83,70,126,153,87,158,63,51,111,169,114,181,123,18,4,123,69,42,169,113,127,69,117,75,47,79,18,22,127,115,15,189,199,87,49,152,81,94,23,49,110,184,75,63,111,186,166,186,181,7,46,94,75,10
9,155,182,149,86,101,53,101,21,28,174,133,174,195,150,139,82,170,24,176,155,198,25,90,163,180,21,120,133,198,187,125,85,132,44,144,67,8,99,140,41,50,5,34,136,187,160,174,98,24,135,25,74,170,176,40,151,160,196,192,171,133,45,64,27,88,194,44,62,82,44,156,88,178,159,41,80,28,178,101,24,16,21,16,104,5,91,5,151,64,155,72,1,62,172,195,41,172,163,72,190,169,43,188,59,87,191,181,94,146,33,162,11,153,43,123,113,115,117,79,31,166,191,181,111,79,168,32,141,129,51,31,11,59,143,42,47,126,49,162,146,168,100,115,63,109,146,19,19,94,179,7,83,15,26,106,191,7,190,81,168,116,108,189,147,115,131,55,75,166,12,102,84,38,107,131,162,30,121,183,100,87,110,148,189,4,47,56,71,37,127,18,97,10,162,169,158,55,179,97
155,8,176,175,173,161,173,68,192,90,173,192,67,122,3,155,125,101,192,198,163,154,177,34,99,177,194,133,137,25,91,173,66,1,145,74,77,172,54,192,198,163,66,13,175,195,2,78,144,120,65,163,194,35,61,95,64,92,77,154,119,8,137,54,182,156,3,187,25,88,91,136,173,27,65,197,137,3,50,62,172,180,99,41,144,34,90,156,104,124,128,178,13,62,154,24,1,124,58,34,97,167,130,138,123,116,199,126,102,114,193,87,181,126,87,33,166,199,46,51,94,39,89,127,141,100,37,33,130,33,33,97,138,75,148,15,111,123,167,107,123,43,22,199,123,30,121,116,186,129,70,11,6,11,52,84,186,56,153,152,69,36,106,87,75,146,0,138,12,79,181,56,199,59,184,110,97,30,49,127,29,18,6,164,166,179,0,76,26,111,147,26,129,113,79,199,89,32,114,89
93,171,62,170,150,175,171,194,35,139,16,13,150,58,160,160,157,3,80,124,53,92,41,99,137,61,192,50,135,27,99,8,174,60,1,154,180,105,120,195,155,14,136,103,21,198,187,180,27,133,8,16,24,140,90,85,35,192,187,122,34,68,45,170,175,128,99,128,156,14,125,119,171,124,103,177,16,155,177,196,156,174,78,2,2,178,9,77,65,1,192,136,105,175,9,197,98,139,101,133,134,126,31,63,29,49,26,109,183,46,38,110,168,191,117,48,52,30,185,22,52,59,118,4,191,191,47,22,130,166,69,113,96,46,146,164,48,199,96,23,179,84,30,168,52,123,10,17,186,10,36,199,0,153,70,117,131,199,146,141,138,89,22,84,71,81,51,52,158,108,10,162,110,0,39,158,193,185,199,111,89,100,10,126,183,7,199,127,141,186,190,116,153,138,26,39,15,164,4,118
180,150,74,64,21,91,149,161,45,77,67,64,1,157,160,156,57,176,57,149,104,197,137,25,16,182,175,65,82,88,66,5,41,144,21,62,34,57,86,85,172,177,151,174,67,133,159,13,73,78,112,173,151,54,82,77,136,65,14,187,40,176,3,78,77,173,14,58,78,40,1,160,124,122,170,125,197,172,21,25,165,112,72,98,60,60,85,171,60,74,122,99,177,64,150,165,77,119,60,50,152,59,121,199,158,76,83,188,70,19,143,193,167,20,148,70,113,118,38,81,48,56,37,10,131,153,169,143,169,185,18,152,189,33,23,81,168,117,106,48,114,59,7,19,69,6,183,97,183,15,56,18,4,87,186,184,22,76,49,190,153,193,52,81,97,79,167,142,108,17,153,63,15,189,32,76,127,30,106,20,4,26,46,167,52,7,52,189,102,152,6,0,97,100,22,84,127,186,141,162
105,67,95,50,133,9,93,135,78,125,175,187,64,93,173,155,40,173,172,112,103,86,77,77,144,98,172,176,16,157,150,45,132,91,176,135,88,74,101,157,92,178,35,60,13,103,170,195,163,197,77,172,45,128,61,86,194,5,9,156,62,133,125,172,165,35,5,61,133,92,176,150,1,165,64,163,125,156,98,145,80,28,99,154,125,198,156,8,133,53,196,34,122,128,194,156,171,112,172,196,185,199,71,23,116,75,30,10,121,97,37,87,114,97,113,10,166,185,76,20,56,79,143,190,96,158,189,142,193,127,183,166,97,0,69,31,46,84,188,185,26,84,75,115,191,37,146,37,148,51,148,191,46,184,134,121,43,117,147,23,188,96,36,131,183,39,22,15,189,164,69,15,11,51,79,106,108,146,148,42,193,181,191,142,107,71,56,10,121,48,123,56,20,81,15,75,121,100,46,162
65,175,128,95,85,103,73,157,3,80,105,67,80,34,140,90,74,5,44,178,161,122,65,74,140,172,165,86,144,187,73,45,198,194,195,62,25,128,86,180,175,161,95,133,198,177,195,139,73,91,2,137,175,21,155,140,92,91,157,58,88,173,159,9,119,99,132,44,187,40,150,157,197,34,93,161,160,5,27,165,124,58,172,78,197,45,175,66,74,73,41,3,5,62,58,151,180,25,122,50,191,19,70,107,33,43,51,118,51,15,69,143,11,127,37,115,48,158,138,107,71,4,186,148,89,167,153,115,81,143,134,141,7,38,26,42,189,84,87,107,199,0,87,107,162,70,141,31,116,87,20,31,108,199,81,169,117,109,130,199,30,11,108,10,52,83,48,102,102,37,108,4,30,69,56,23,11,31,168,19,113,96,87,15,20,116,113,38,146,110,96,143,76,39,0,134,81,39,30,126
14,1,187,91,5,27,60,154,175,124,182,66,93,145,187,13,45,99,178,2,73,157,149,28,65,132,157,54,175,9,160,154,2,128,103,120,93,101,68,159,90,40,119,133,137,165,161,159,16,98,156,165,105,176,65,8,74,137,92,77,161,21,68,64,65,74,5,192,133,124,1,13,171,125,165,80,41,90,50,90,150,151,192,57,182,40,112,92,177,88,65,2,154,88,57,90,177,175,68,137,131,32,29,23,75,169,147,47,184,148,7,184,127,131,168,152,83,38,162,164,106,7,167,49,153,118,52,121,23,7,146,134,169,126,116,89,39,81,117,199,39,17,23,51,134,70,55,18,188,134,121,29,55,15,143,191,143,26,108,43,47,179,113,52,100,113,185,162,116,110,162,51,7,190,168,42,152,12,146,6,31,115,30,126,37,127,36,22,118,152,87,38,55,188,87,102,47,179,110,46
165,40,177,154,73,73,161,192,72,45,21,192,154,125,64,175,149,88,178,1,154,44,64,35,103,124,196,53,27,172,112,187,177,80,57,132,177,160,150,92,24,72,67,86,67,137,21,28,65,62,173,174,25,104,159,54,91,98,61,140,187,174,67,195,194,67,194,27,72,99,14,101,172,132,101,65,104,28,171,24,54,13,41,99,192,27,101,88,14,174,159,174,8,145,172,57,144,144,178,124,158,143,186,110,152,6,118,15,199,33,110,55,143,138,107,15,199,117,118,164,94,0,84,184,147,97,199,179,110,17,63,185,114,142,143,6,47,0,26,100,164,186,7,181,15,79,96,22,43,29,188,158,153,22,56,189,6,17,183,18,153,7,115,43,43,49,33,69,37,51,76,189,189,111,123,134,131,162,162,158,36,190,71,79,52,188,110,193,189,100,152,0,167,193,23,11,179,0,190,166
67,149,137,192,8,192,101,197,88,80,67,44,135,24,74,124,54,140,120,157,128,9,77,182,21,112,57,9,93,58,144,78,35,133,53,35,133,58,92,1,64,180,159,13,154,91,124,68,157,90,170,78,128,139,133,57,125,155,65,60,45,60,154,62,180,140,135,88,103,80,194,2,178,177,125,132,101,151,136,34,104,65,103,21,119,24,82,78,151,16,180,137,72,50,101,64,78,151,45,57,108,138,43,87,26,0,12,102,39,146,191,94,107,11,111,164,43,179,113,33,141,115,181,55,166,6,193,75,84,148,10,23,166,184,15,79,146,138,148,167,193,15,7,184,130,70,148,22,56,143,141,188,17,29,26,79,81,107,96,117,43,56,71,153,166,47,70,47,121,22,87,12,116,168,84,123,4,193,111,130,166,87,164,39,83,83,15,164,71,107,59,84,114,153,89,131,167,75,33,75
57,104,54,145,160,14,82,80,14,41,198,58,3,25,98,40,182,180,132,159,104,74,60,8,144,21,24,67,25,140,93,44,104,1,58,163,93,101,151,144,88,105,128,65,86,156,34,65,173,135,68,92,27,160,198,57,5,195,105,160,16,85,3,174,103,139,99,120,160,105,34,90,149,24,103,194,187,41,40,27,86,34,157,95,122,93,133,77,68,177,60,159,60,82,170,93,65,151,64,44,7,70,19,55,107,56,81,31,138,168,117,47,17,12,47,33,113,106,38,10,190,107,26,168,79,26,110,29,141,30,162,131,183,116,169,43,130,38,94,15,188,166,71,121,33,97,15,143,15,179,48,134,153,143,109,56,100,87,191,59,20,166,185,189,87,190,111,179,131,42,158,0,186,167,110,188,33,20,56,162,117,0,134,130,116,20,141,75,22,51,152,109,7,48,19,83,185,47,33,146
99,157,105,91,95,60,124,82,163,128,178,34,9,161,150,119,140,136,57,120,104,173,163,98,195,82,66,137,44,25,99,61,80,128,173,150,93,195,187,133,178,41,151,82,172,140,155,192,21,82,53,180,165,60,14,34,45,82,67,156,8,72,50,165,67,144,68,77,66,140,72,13,135,66,137,80,132,50,160,72,61,124,124,27,78,41,72,98,61,163,27,175,61,182,173,160,60,178,122,125,167,94,30,76,52,167,199,164,23,31,15,32,114,48,130,158,46,199,75,130,181,22,87,131,183,48,188,179,167,199,141,37,153,83,100,49,87,116,162,183,193,39,108,193,46,10,39,19,162,108,158,83,143,108,18,71,43,183,111,134,184,115,79,189,36,20,89,10,191,4,167,193,127,153,56,17,0,69,10,7,127,87,47,0,115,46,49,11,181,168,169,71,116,130,4,169,81,31,30,46
34,14,144,159,105,35,91,187,182,41,66,68,16,78,1,2,171,41,182,16,149,137,58,28,74,34,154,171,93,136,13,27,67,64,98,85,34,25,44,132,5,101,91,171,3,88,195,54,41,95,13,98,160,177,41,90,61,105,125,136,163,136,119,25,68,80,172,195,24,92,92,50,58,194,195,27,88,21,104,5,80,194,13,28,44,5,150,98,28,14,159,176,91,98,177,171,5,98,41,122,6,134,141,51,169,117,20,12,36,79,199,12,18,20,70,169,17,117,81,70,19,52,102,55,39,79,69,96,42,97,184,181,118,63,7,199,113,22,15,121,181,131,6,117,118,167,100,47,59,143,121,75,63,102,127,19,126,193,179,106,121,181,153,39,185,134,87,199,89,102,84,109,117,83,22,118,38,184,123,193,183,43,183,138,69,76,83,117,148,121,189,127,107,10,96,56,20,162,36,63
64,13,2,60,86,174,165,57,192,137,82,45,177,9,132,178,157,80,1,101,180,24,60,3,98,93,180,40,66,25,128,172,174,60,133,91,66,25,155,60,95,133,13,198,28,150,149,3,161,128,66,139,180,14,50,27,137,88,132,173,61,176,64,156,122,195,173,78,2,8,65,174,35,3,137,90,27,88,137,120,172,163,25,195,88,119,50,144,124,28,60,150,45,45,65,86,180,101,2,136,113,18,6,127,186,183,4,123,123,81,49,141,102,10,184,39,70,69,63,56,49,106,116,141,43,75,115,117,4,30,22,6,79,96,107,26,188,71,127,89,148,33,75,10,56,179,94,131,116,17,84,134,6,43,30,185,164,76,123,153,17,18,189,43,19,51,152,6,48,118,26,110,117,22,75,38,116,94,118,117,190,79,191,117,142,115,123,37,146,102,26,190,51,10,166,26,69,142,46,168
88,182,78,195,60,187,154,151,194,82,25,16,151,176,157,101,77,124,78,67,187,156,176,8,198,67,1,72,86,176,133,40,195,14,197,28,13,5,159,104,160,173,16,16,78,72,194,13,93,192,68,77,122,145,163,154,198,34,119,120,34,170,101,144,120,99,149,58,165,90,66,50,78,151,157,80,144,180,68,8,78,68,196,99,60,13,165,1,85,173,90,44,62,132,9,24,35,74,174,99,117,123,188,153,130,37,83,109,84,32,83,114,142,0,129,96,6,84,130,23,141,115,26,52,56,111,26,138,121,142,142,76,0,31,147,20,167,29,81,106,36,0,141,12,69,47,79,189,11,59,46,83,51,42,49,168,117,106,47,69,130,0,142,22,63,87,71,19,38,4,127,106,109,32,141,26,22,110,199,87,181,126,126,164,39,168,87,191,168,102,115,18,146,146,46,42,83,169,123,121
60,177,140,28,57,151,171,77,157,28,54,161,28,28,135,40,40,34,60,180,77,176,163,175,196,95,92,62,161,163,28,72,3,24,159,172,157,3,156,2,24,192,73,178,77,161,124,132,120,16,95,66,35,16,125,124,119,77,172,93,159,128,44,54,88,194,68,98,65,45,175,92,1,5,93,133,182,65,53,50,25,140,197,133,40,45,98,119,62,180,103,35,68,25,58,105,133,45,80,128,36,109,31,26,4,83,19,111,169,39,138,87,188,111,81,107,106,185,89,142,186,158,49,108,79,129,134,111,131,94,11,49,153,191,169,166,166,22,97,146,12,37,96,181,20,106,131,199,106,96,84,164,43,134,12,10,167,84,17,113,23,81,184,166,121,186,190,126,6,18,131,76,89,193,102,130,89,142,121,169,116,11,183,29,43,89,70,76,152,126,22,126,118,179,184,83,56,71,191,147
16,45,145,177,67,173,91,145,88,194,160,124,80,21,170,78,67,60,53,197,145,78,8,60,78,139,28,90,119,50,61,91,57,41,178,9,35,154,197,50,5,54,50,140,1,27,125,67,154,192,165,41,67,98,90,192,194,73,65,132,149,125,198,45,170,27,13,104,161,154,135,45,28,170,145,66,57,1,180,66,161,35,54,62,119,159,68,159,85,165,5,132,61,135,34,53,98,195,163,165,51,56,183,0,87,123,31,30,143,138,113,87,117,162,26,146,167,11,56,114,158,36,169,126,148,188,169,46,18,76,7,51,106,38,11,12,166,83,129,42,111,4,18,12,47,109,147,18,131,94,4,76,113,20,47,107,181,185,188,185,46,10,7,129,32,169,19,76,181,83,56,20,89,12,186,121,71,147,117,48,63,186,12,43,111,52,164,186,189,184,169,117,20,12,36,49,110,107,184,63
156,145,160,151,86,161,192,50,176,95,1,98,35,68,155,2,122,173,132,150,60,165,119,61,67,140,178,44,95,88,151,2,72,77,140,27,172,133,64,140,132,195,82,95,151,176,99,64,133,198,3,54,198,178,174,173,60,68,122,145,104,119,140,60,95,163,172,124,80,159,21,187,13,172,27,125,161,163,88,92,35,139,155,172,27,136,101,177,95,145,9,105,176,163,198,66,144,80,133,24,39,126,59,158,15,108,186,131,169,36,6,116,126,55,148,158,20,130,185,179,26,96,116,12,63,181,116,33,89,143,69,15,87,84,47,129,4,46,23,56,23,52,130,148,63,143,102,199,23,83,30,115,39,81,49,29,52,39,70,52,168,114,115,141,107,84,100,184,111,153,20,4,168,129,4,6,199,33,168,19,48,153,46,15,63,114,117,141,111,109,199,52,0,181,100,36,23,169,106,184
78,178,150,137,172,125,60,99,161,93,64,73,58,174,93,197,98,104,53,119,54,150,140,128,45,73,178,156,16,74,174,151,156,93,172,44,151,86,86,136,112,122,45,125,44,145,187,90,163,78,82,40,180,165,175,140,122,9,154,163,93,161,3,21,85,77,53,161,105,112,53,77,196,180,93,175,173,149,98,198,154,144,14,173,165,150,16,178,101,45,67,25,195,54,101,65,187,90,85,13,191,123,87,115,143,96,141,55,117,11,164,10,75,168,126,121,152,71,49,47,181,39,143,20,167,6,141,38,23,126,55,107,147,6,143,116,190,70,11,199,96,134,52,118,30,30,26,115,190,147,121,59,30,109,76,17,191,153,127,146,42,100,84,69,4,39,131,70,114,39,10,63,181,15,36,168,130,23,106,89,22,79,31,32,111,83,38,108,147,138,184,146,37,15,15,38,106,169,70,111
85,90,44,137,5,135,61,136,62,95,99,160,125,90,67,66,128,170,119,40,172,16,28,45,156,175,155,72,195,124,170,58,1,140,35,182,25,135,65,172,98,27,95,175,175,1,91,128,53,174,136,27,105,85,64,9,139,98,44,44,197,45,165,58,9,78,40,14,196,41,182,197,72,34,25,128,85,150,58,177,172,58,171,120,119,173,196,101,72,88,64,137,178,163,119,197,54,27,45,44,23,17,185,142,75,146,18,33,69,39,190,193,142,117,162,38,146,142,76,162,164,158,147,19,38,148,46,84,109,185,42,118,32,115,52,193,141,63,43,115,191,146,107,134,84,39,158,84,47,43,55,138,52,121,121,108,131,100,59,127,118,32,118,83,118,184,164,141,31,143,188,167,127,106,15,107,131,49,188,20,7,17,134,127,147,6,84,6,158,116,18,6,71,87,188,33,55,143,199,56
93,95,88,9,182,180,161,180,133,1,35,50,177,149,86,136,150,112,9,67,86,161,120,85,120,9,74,137,194,105,77,1,74,88,53,62,98,14,105,93,177,119,93,27,8,28,85,58,45,154,5,67,150,16,165,27,73,27,165,61,64,3,60,91,1,64,93,159,92,13,187,133,161,101,67,128,155,137,85,101,60,5,149,196,156,60,163,182,85,173,95,176,196,137,68,112,171,1,180,156,152,37,4,162,83,116,59,20,84,148,181,126,186,190,118,121,179,87,69,143,191,181,81,185,43,186,114,129,38,190,169,39,4,69,108,89,199,79,184,20,167,7,166,96,38,107,56,84,134,76,22,129,63,115,33,29,162,18,59,42,190,115,130,111,75,141,84,106,162,31,69,26,94,164,39,152,131,18,84,114,39,168,188,107,110,31,81,94,188,26,114,126,51,84,76,185,117,71,4,97
175,151,93,160,160,159,192,161,24,104,105,150,73,101,163,145,172,62,90,154,93,175,175,128,60,95,90,41,101,54,41,34,86,41,194,28,187,53,144,28,16,125,180,150,140,160,103,44,178,13,132,160,13,103,140,85,66,64,178,9,124,161,151,62,66,41,65,90,45,41,85,174,159,99,58,178,98,145,198,177,139,171,125,82,150,159,101,144,171,196,85,196,151,137,86,54,133,40,98,92,29,123,100,109,37,20,186,31,100,94,166,83,142,142,63,33,38,71,152,81,134,142,71,191,15,51,79,184,185,18,17,10,31,185,42,118,38,70,17,51,55,79,11,79,126,52,129,6,36,169,143,183,33,188,94,75,184,81,36,111,130,108,6,75,167,117,184,131,75,37,113,169,96,138,131,94,199,126,26,10,169,164,37,75,52,47,76,130,48,83,17,59,148,162,102,51,186,193,113,183
65,25,135,64,157,73,14,61,197,172,13,163,103,174,95,8,154,86,65,21,119,50,8,122,163,187,172,171,72,174,159,93,67,1,170,140,135,85,194,21,139,67,67,197,119,45,120,78,133,54,86,82,9,80,2,85,82,132,105,144,161,198,95,41,176,28,99,104,165,40,104,34,149,2,53,92,174,72,61,128,72,67,178,98,151,90,64,16,165,41,145,177,64,58,28,61,78,98,25,64,162,158,181,18,31,117,126,121,108,130,56,30,166,89,19,126,186,169,52,166,33,190,76,113,168,56,168,10,146,114,47,181,143,48,141,18,76,184,190,143,51,84,126,191,4,126,12,19,26,70,167,110,108,167,6,146,193,11,30,121,47,97,107,11,110,59,69,121,71,4,75,121,29,193,185,96,26,183,46,37,31,199,189,111,162,143,111,89,129,29,199,108,52,70,52,33,79,38,96,96
74,99,187,172,58,16,101,60,34,160,195,135,144,90,88,104,165,34,192,170,50,95,1,5,124,54,180,93,144,9,187,34,176,92,34,85,98,101,157,195,77,137,155,155,9,196,99,21,149,62,88,122,125,61,171,13,78,73,173,67,155,34,16,92,24,41,140,136,171,80,133,171,28,149,163,151,45,40,5,155,172,180,149,28,44,53,139,65,1,195,128,172,65,62,192,9,173,40,98,150,55,37,42,37,97,141,79,152,79,181,189,97,130,106,29,32,113,12,153,96,134,116,39,121,23,32,130,87,4,0,96,114,97,36,158,199,111,110,48,188,32,4,169,123,191,96,189,0,130,70,11,118,138,102,102,138,110,179,7,190,113,148,118,63,199,46,107,121,12,46,143,12,97,96,89,22,36,76,18,126,49,87,33,17,189,166,199,110,46,169,18,46,51,43,126,189,18,108,17,26
65,161,154,195,86,173,90,140,197,41,28,74,98,53,132,176,125,25,135,35,99,64,91,8,92,95,40,165,77,140,77,101,171,120,86,68,45,72,99,90,85,50,132,194,122,45,104,103,16,132,2,13,154,93,92,13,174,175,50,145,1,68,21,187,78,137,125,40,58,28,175,101,98,98,44,194,140,41,149,170,125,8,2,34,132,68,170,93,50,145,124,196,90,133,62,45,64,64,144,120,7,167,158,115,131,127,56,89,134,166,26,123,38,75,51,52,115,97,118,4,36,185,114,146,127,110,106,183,49,84,106,167,18,15,29,158,183,121,138,20,37,22,47,153,11,36,55,12,153,51,79,107,39,49,131,107,37,83,69,134,29,10,89,17,126,84,118,56,118,190,18,83,169,43,107,158,11,106,84,162,184,126,118,138,76,23,123,22,23,79,70,39,18,23,184,76,168,193,118,70
86,144,187,74,28,78,154,25,73,178,41,157,58,65,178,196,136,163,45,119,68,194,67,171,41,9,174,95,16,180,194,5,177,136,150,174,28,1,159,137,194,95,82,98,25,159,62,2,5,178,77,90,160,154,122,21,67,175,103,161,40,74,198,105,65,137,187,85,175,161,101,99,58,27,92,40,155,88,16,35,77,45,34,61,133,91,62,44,175,174,140,45,154,105,139,25,196,137,137,54,146,106,10,113,189,169,166,51,52,146,126,42,30,152,59,29,36,108,108,109,69,46,118,141,48,42,134,26,199,49,51,129,4,71,126,71,30,94,87,130,118,126,186,26,30,167,38,69,168,47,63,83,79,115,52,127,87,75,59,100,106,29,190,106,121,110,71,63,179,94,131,18,164,32,129,138,185,162,199,96,188,102,83,162,162,146,129,87,121,17,47,55,19,51,168,32,10,111,189,4
175,180,62,73,35,73,160,176,178,122,132,165,103,93,1,178,95,180,27,172,178,171,27,13,120,149,9,171,34,157,45,91,95,174,177,196,196,54,2,54,25,104,173,24,93,170,171,105,196,122,170,35,99,103,99,101,78,95,175,163,78,67,163,66,57,27,178,35,9,155,196,151,77,60,86,171,120,72,161,145,182,150,61,136,194,1,53,178,103,85,139,195,170,182,139,80,163,140,177,34,11,83,109,138,102,69,15,52,84,48,76,148,153,190,46,121,127,29,6,102,106,106,186,181,20,76,7,17,118,20,146,186,69,33,12,71,39,75,134,109,110,7,81,183,169,106,32,188,49,164,49,75,127,121,130,55,167,189,38,97,138,143,116,162,193,152,15,153,184,152,63,37,51,81,29,147,42,0,56,168,36,30,169,107,108,169,143,36,127,134,162,126,30,20,134,148,138,114,158,63
77,45,101,41,68,194,122,64,172,136,112,155,80,28,82,173,91,151,74,125,145,137,132,133,197,93,14,112,154,16,34,34,82,120,50,187,174,58,80,72,170,125,122,50,172,66,73,21,92,86,172,91,161,122,174,157,98,86,161,177,9,151,192,28,73,122,95,176,122,53,8,82,14,34,98,119,139,34,171,61,2,119,194,144,77,25,192,122,64,9,159,77,149,72,174,154,1,80,91,195,107,189,167,147,153,106,70,111,83,11,166,38,107,115,152,169,146,11,71,17,190,47,191,23,55,179,143,11,38,189,118,39,189,97,39,113,179,183,83,121,116,193,20,141,123,87,114,183,114,23,97,162,179,108,162,55,134,31,118,38,71,10,55,83,184,83,127,107,97,168,188,83,130,87,83,55,49,26,18,190,26,0,20,22,107,30,116,79,115,10,18,142,31,49,114,141,142,113,141,70
192,104,88,175,85,61,157,154,182,88,60,140,151,61,135,86,91,155,28,74,44,180,144,120,99,135,160,173,5,103,64,68,133,173,61,151,68,58,90,103,73,145,25,78,182,27,67,151,80,103,88,119,187,150,3,198,73,155,157,101,2,174,40,101,25,140,171,58,91,104,40,66,62,151,60,149,77,2,66,73,3,156,182,40,198,90,154,13,64,1,150,41,180,104,139,136,45,132,24,163,199,141,46,134,134,10,109,4,26,164,146,100,116,185,138,190,4,189,76,169,116,167,115,169,51,191,31,116,118,126,18,59,138,121,164,113,164,26,111,46,32,110,111,115,115,87,108,76,94,169,146,114,123,117,43,166,143,33,106,69,79,113,75,110,109,134,121,162,186,23,26,191,52,166,23,129,147,11,20,84,185,106,49,70,18,10,114,48,138,131,42,110,123,75,33,108,19,71,96,32
1,128,178,44,145,41,133,21,35,45,27,198,54,136,195,68,78,54,3,72,145,144,139,99,95,136,60,177,172,50,35,105,125,176,124,14,182,180,182,174,57,68,119,149,57,157,13,78,151,159,104,122,67,99,8,50,174,14,99,41,192,151,77,157,34,105,177,187,104,93,65,150,1,2,103,92,86,5,149,80,98,160,35,137,86,173,173,35,93,157,67,157,175,154,172,133,27,3,159,88,158,83,76,191,168,106,23,52,97,39,107,189,47,147,20,49,186,69,143,69,55,117,0,22,147,102,126,38,181,106,138,158,87,168,166,131,43,118,123,130,97,49,147,39,81,59,36,42,94,121,138,49,153,30,183,30,117,184,117,26,71,43,52,184,33,126,23,143,116,6,42,148,70,47,69,110,185,69,59,193,32,114,30,138,167,19,37,76,81,102,166,113,29,100,153,23,42,19,31,83
13,194,60,137,144,196,140,2,50,24,135,53,86,73,170,50,177,14,92,65,154,80,65,132,103,44,40,16,41,60,128,65,112,151,180,57,103,119,139,16,62,133,180,53,64,197,72,137,104,44,99,16,177,195,2,27,180,98,78,57,125,78,9,27,197,57,149,159,61,53,112,128,1,72,1,27,1,149,132,45,172,120,44,50,74,122,156,112,170,173,105,180,73,177,16,44,74,91,171,13,36,185,4,79,179,0,42,79,38,109,47,18,83,89,158,134,193,55,30,49,36,138,167,111,146,94,0,38,31,17,138,168,30,134,188,96,146,42,87,76,102,79,114,109,19,22,59,190,166,158,111,129,94,39,51,193,32,164,111,113,12,189,126,126,183,108,63,191,193,97,15,117,114,97,39,106,131,63,162,121,106,191,76,94,31,189,115,188,26,117,199,32,37,188,108,146,158,130,59,37
62,180,73,175,80,88,73,2,13,198,170,53,112,16,61,187,95,133,192,1,103,74,67,40,5,137,198,86,156,195,2,93,13,159,66,50,150,136,137,161,177,40,156,1,50,101,198,135,77,145,135,68,180,132,5,73,16,182,145,124,178,54,21,198,145,14,58,77,80,28,77,103,60,101,151,135,124,80,103,62,175,28,67,24,128,24,3,13,159,57,85,45,90,140,54,45,133,14,85,171,7,49,36,75,71,37,108,179,94,193,20,47,117,89,106,106,127,81,94,158,49,52,52,43,189,87,193,75,186,63,4,51,168,81,59,55,36,181,147,63,190,168,31,48,30,166,51,130,48,51,158,181,110,37,47,29,96,46,83,114,102,71,102,51,189,190,79,127,96,158,167,89,108,113,48,11,7,23,123,96,4,6,59,190,31,199,199,12,141,129,102,107,110,111,83,109,188,51,184,63
122,14,165,88,105,16,192,24,151,50,112,180,85,195,99,73,103,197,16,133,85,77,73,192,35,150,25,35,73,80,35,77,170,60,124,180,145,41,198,5,62,8,27,104,180,112,78,67,165,182,53,13,124,68,198,98,165,101,172,135,180,95,24,25,137,28,41,25,171,180,119,151,13,150,157,156,41,161,104,99,68,198,151,1,104,120,9,160,176,98,156,67,176,139,1,172,176,173,93,180,146,183,115,37,29,33,11,39,167,110,30,0,4,46,26,32,111,185,17,117,162,168,131,29,134,89,106,36,37,188,84,153,167,129,10,114,123,84,126,169,164,169,63,126,134,51,87,87,49,106,147,49,153,184,108,126,23,134,39,169,107,153,164,20,153,70,79,29,22,37,117,71,169,134,167,129,69,148,52,49,190,29,190,191,11,111,59,143,83,48,30,4,185,115,47,168,79,39,11,47
120,133,175,140,145,40,2,73,178,159,160,34,194,54,198,77,27,2,160,160,177,2,90,144,133,120,44,165,1,140,58,160,40,150,120,195,68,98,197,78,195,86,64,2,40,27,72,101,128,45,196,136,177,5,78,174,133,173,105,35,161,78,21,80,151,137,197,54,176,2,173,90,66,88,61,187,13,197,77,40,128,132,68,135,120,54,68,90,120,13,104,135,187,67,187,16,177,64,44,155,87,38,26,121,23,181,29,118,52,39,102,56,129,116,6,114,186,36,48,109,81,81,31,134,184,18,129,158,49,146,12,71,168,148,81,70,146,189,191,113,70,0,0,118,6,20,152,129,141,189,17,81,84,55,118,121,11,117,31,193,130,10,26,190,152,186,84,47,110,167,147,131,113,30,168,129,18,143,123,33,188,118,22,97,148,148,130,46,51,36,167,36,89,115,63,33,107,32,36,190
136,57,86,157,104,196,173,53,119,85,24,161,170,154,88,176,156,34,80,85,92,78,194,187,9,187,194,173,45,173,14,92,144,156,3,53,90,92,3,93,125,24,9,172,44,140,172,157,180,27,120,136,60,85,13,77,187,163,67,24,101,120,159,72,103,90,73,90,154,196,25,40,41,90,82,161,72,198,132,40,132,77,160,53,178,150,132,192,177,92,65,60,60,173,72,154,122,161,21,99,26,134,116,81,185,26,0,89,106,148,23,97,115,38,123,143,147,69,102,31,110,26,110,19,142,127,199,109,199,114,153,43,12,129,89,168,87,89,153,97,146,94,63,39,102,126,17,23,164,185,43,81,183,17,43,48,46,138,11,110,0,97,116,116,189,10,36,199,70,115,166,147,141,96,168,20,11,4,190,106,199,84,70,71,75,108,84,107,148,38,186,130,134,190,47,147,10,179,42,33
151,136,119,163,155,85,93,95,16,41,133,177,171,67,9,58,64,165,157,58,28,57,154,154,93,149,9,3,91,92,25,101,14,112,91,99,140,95,45,24,60,98,172,194,161,195,88,124,8,178,2,135,161,128,50,122,61,105,62,93,13,159,65,86,105,182,132,136,124,172,103,133,72,2,9,128,58,177,150,98,159,61,151,195,161,112,194,172,78,85,157,92,197,40,91,9,144,88,44,95,59,153,142,84,69,70,148,121,130,48,7,169,129,148,76,186,15,46,11,191,15,147,63,10,147,20,141,97,56,168,189,108,162,117,142,162,30,169,191,94,158,166,131,39,134,59,48,55,185,199,10,129,22,166,179,191,17,113,129,79,146,127,138,153,100,107,110,127,162,11,164,52,191,162,0,89,23,169,185,191,127,33,70,70,49,31,23,0,52,47,42,130,30,141,106,183,118,153,30,70
64,85,151,187,159,61,103,137,196,44,16,159,182,9,88,194,176,135,187,171,101,78,64,91,68,82,149,151,103,178,133,135,9,145,120,28,174,99,82,171,90,44,28,196,172,173,165,54,156,122,1,136,154,105,163,197,112,28,98,2,1,119,176,154,9,157,16,9,136,53,124,176,9,151,165,156,178,16,61,120,128,160,3,66,72,151,124,92,151,180,66,86,149,151,112,149,78,198,88,45,127,138,116,70,15,148,6,153,116,19,42,17,131,166,39,26,116,108,46,22,38,193,168,153,96,69,38,126,152,183,134,4,110,22,126,191,76,185,166,166,189,96,116,100,94,121,18,15,94,148,183,38,15,199,12,51,12,10,129,20,76,162,158,51,23,134,183,18,121,46,117,84,20,152,188,12,189,118,36,96,142,166,55,87,42,181,191,179,12,118,30,39,83,36,108,146,108,51,184,75
144,45,16,57,64,175,172,72,57,192,137,13,104,3,155,9,35,171,35,122,91,27,124,72,194,80,157,176,173,3,86,95,54,160,44,171,16,120,144,176,174,112,178,25,60,151,53,62,54,150,128,58,77,86,57,50,156,9,197,2,170,8,27,98,144,1,58,92,53,68,28,155,157,35,173,125,112,194,125,132,5,57,60,14,104,178,104,50,14,145,140,88,172,54,122,68,104,120,187,68,22,31,32,184,164,148,7,193,19,127,199,17,164,138,111,117,113,19,7,138,71,59,31,142,158,109,129,17,148,37,51,141,158,94,102,186,79,186,89,114,33,190,186,19,0,59,148,42,22,166,56,186,81,108,37,48,115,162,126,106,118,22,191,143,146,46,102,43,76,167,46,115,81,184,19,4,108,17,153,162,102,111,168,83,69,0,134,46,183,142,113,47,152,118,123,191,49,166,63,75
150,99,95,53,85,157,54,132,150,170,44,172,44,187,65,54,172,65,58,180,95,132,60,25,140,61,112,3,67,120,124,28,144,72,133,66,34,28,61,157,105,3,133,65,88,14,14,61,78,195,135,27,99,54,27,163,78,103,95,172,9,77,53,140,91,73,45,163,28,92,86,140,128,175,99,54,66,99,86,157,135,196,149,80,60,103,196,80,165,54,54,174,16,160,21,174,60,95,198,175,43,33,30,169,15,51,153,96,184,6,184,130,30,71,131,117,12,109,17,115,167,94,191,147,111,42,96,48,39,52,168,76,108,153,32,15,94,12,185,59,63,76,138,146,29,123,167,36,71,193,76,56,38,89,107,17,102,102,96,43,17,42,167,83,162,43,153,7,114,153,152,113,20,117,167,46,115,164,23,15,0,6,38,39,116,43,17,39,26,55,71,109,191,71,96,46,70,6,89,108
122,171,13,176,80,72,197,103,157,154,67,9,136,125,77,133,145,58,66,161,73,195,35,99,165,170,165,128,93,66,172,88,9,135,112,155,61,35,91,60,101,173,44,93,160,150,171,177,132,145,24,124,103,122,175,92,82,64,140,65,68,61,53,150,177,173,170,124,103,160,21,90,174,182,187,9,95,172,172,149,58,2,177,145,145,45,192,64,135,3,57,140,24,104,74,161,103,27,150,177,39,153,29,168,70,94,114,141,191,164,6,162,193,121,17,19,42,70,31,117,79,18,20,33,193,146,55,167,96,118,96,42,63,168,183,115,169,185,22,79,75,96,42,89,83,29,110,75,130,115,97,130,142,76,108,117,36,138,134,10,152,168,126,181,71,193,116,109,143,59,166,126,167,31,49,71,26,183,56,11,11,116,110,117,109,102,83,23,186,141,0,75,75,121,130,164,51,183,169,37
125,159,65,65,159,92,21,174,195,156,95,170,197,13,58,57,53,80,54,151,24,192,132,157,35,197,194,132,178,77,160,8,150,160,14,5,24,149,197,136,165,194,54,92,197,139,180,170,44,125,136,157,124,60,62,175,68,61,132,5,105,27,192,44,40,198,58,187,82,66,176,50,136,172,119,194,1,103,105,95,8,95,161,196,24,82,3,175,24,161,132,194,28,187,103,99,197,92,73,27,10,0,63,20,143,193,37,76,56,188,126,141,113,141,22,59,199,153,87,17,33,181,70,52,199,7,36,116,108,123,152,153,0,102,190,141,141,186,49,38,52,7,162,12,7,79,11,89,166,59,166,36,123,191,38,134,18,31,199,141,76,87,129,181,75,162,33,87,183,10,94,199,81,109,31,94,7,55,166,191,4,29,185,81,56,51,63,18,97,56,114,168,190,11,114,71,109,36,12,167
161,44,105,112,105,44,171,139,2,13,195,133,151,105,157,156,86,14,124,194,21,160,139,124,88,78,2,150,98,198,91,5,165,9,128,3,88,86,145,64,182,120,124,160,125,135,160,165,149,135,155,173,62,128,144,194,157,157,34,68,44,163,178,62,90,139,119,139,60,135,177,187,176,105,73,35,137,92,24,174,163,144,197,105,159,159,66,160,171,57,132,104,135,2,25,140,124,9,156,13,52,84,183,46,22,48,168,18,89,169,37,59,20,167,20,81,32,116,63,0,79,4,30,110,130,185,94,83,75,131,30,110,55,7,199,166,18,127,129,109,30,162,162,75,143,0,37,59,63,47,69,84,84,188,23,96,113,184,102,127,29,141,49,126,97,110,117,110,115,147,22,142,76,190,15,12,52,30,166,109,75,6,26,191,199,0,108,162,39,75,37,38,114,138,162,183,169,108,181,31
66,86,80,176,88,67,140,21,154,124,172,135,172,132,192,78,160,34,80,192,160,27,161,137,180,165,99,144,21,64,132,159,151,61,27,112,172,72,139,144,24,92,77,45,198,174,103,182,196,68,171,140,41,98,53,99,112,73,187,45,160,88,196,172,145,173,41,34,60,161,53,54,25,5,136,45,58,175,103,177,93,3,154,195,35,54,28,154,67,44,154,93,58,82,105,139,66,112,104,61,111,167,142,49,76,51,19,48,162,63,114,153,134,153,46,42,37,15,143,152,49,169,4,22,116,31,4,89,107,193,131,18,31,126,11,38,26,94,87,123,33,87,153,84,52,96,6,102,100,147,52,193,18,113,75,110,84,188,76,75,115,147,115,96,22,186,109,97,56,126,143,89,76,188,31,4,71,191,185,83,190,19,184,19,63,181,4,186,89,108,94,153,179,167,23,166,193,87,96,127
124,161,82,2,170,61,177,40,182,159,136,172,61,192,170,99,124,163,57,25,187,165,3,98,104,105,62,176,73,64,78,62,45,128,105,91,150,91,74,44,60,120,144,67,196,16,175,175,145,170,28,13,24,194,2,8,105,192,67,35,170,135,85,24,3,24,57,161,92,72,8,65,165,172,170,120,197,88,154,88,128,195,8,40,160,173,74,80,80,68,149,132,21,175,78,196,1,133,155,73,199,23,169,51,22,162,162,56,114,188,179,108,142,52,193,183,162,18,37,127,110,168,38,116,166,153,106,83,109,15,121,190,87,152,134,113,49,20,52,190,158,89,89,127,123,51,22,126,76,32,164,130,4,22,55,130,70,71,153,138,81,30,70,193,109,4,76,87,87,186,130,89,108,84,184,89,185,164,162,189,166,63,188,51,162,169,110,158,109,183,179,109,184,55,11,15,23,23,33,129
133,68,176,105,61,74,9,173,41,156,192,104,120,2,64,139,8,195,112,135,2,92,85,133,66,60,67,9,93,157,40,64,140,140,93,27,112,128,101,80,41,101,135,178,178,157,101,192,170,132,78,54,74,187,103,135,93,13,57,187,35,50,64,194,25,173,124,40,187,80,5,73,137,160,65,13,194,41,101,82,192,104,197,175,128,65,68,90,133,67,73,61,14,61,28,5,72,145,16,160,108,138,115,116,109,102,48,181,63,10,179,183,87,63,39,158,39,107,162,167,17,114,191,188,23,51,55,102,56,168,55,152,89,193,167,138,152,186,107,87,118,108,22,75,15,158,10,130,191,18,89,130,43,190,199,79,18,10,33,39,0,49,147,142,36,121,59,118,199,146,114,183,110,12,15,59,96,63,181,167,184,169,108,188,29,89,167,11,167,129,0,158,153,10,146,23,121,129,153,56
132,196,99,5,82,112,175,25,177,93,68,8,61,195,74,14,98,197,124,197,95,8,172,40,195,124,35,50,65,93,93,192,34,3,74,144,135,53,95,174,2,77,144,136,67,171,159,124,1,44,135,74,5,137,72,91,145,8,160,177,133,192,122,173,34,93,25,53,5,160,137,161,44,64,73,196,98,160,125,135,119,40,198,95,187,125,135,67,8,196,178,21,57,192,133,161,27,77,66,154,168,109,169,106,166,109,126,108,121,186,76,63,168,59,56,84,102,183,75,113,134,110,20,190,96,138,107,123,84,94,147,186,188,51,117,183,17,148,167,12,167,147,138,79,191,47,0,6,31,51,166,141,127,70,153,39,43,76,47,146,185,89,188,56,121,108,179,142,89,166,179,75,143,116,15,43,15,185,189,18,81,81,106,55,100,46,166,6,76,191,129,100,81,22,113,17,199,114,83,71
40,145,101,65,54,53,159,35,57,194,27,137,132,72,174,120,103,78,72,95,98,132,66,128,178,68,68,67,68,2,160,128,172,175,173,5,74,175,196,128,150,34,187,135,159,187,170,136,44,120,103,41,2,154,77,144,9,8,82,27,65,144,95,160,196,137,195,155,67,95,41,120,154,68,187,21,182,139,74,174,40,78,125,92,5,175,136,133,156,68,58,35,90,61,44,93,140,28,98,90,46,130,32,169,185,100,188,70,141,158,185,167,46,49,12,114,7,7,63,55,15,29,39,49,129,118,4,168,56,83,38,46,0,117,111,48,129,37,23,15,131,141,184,186,190,190,108,96,168,127,118,46,76,138,169,18,97,12,138,6,162,6,7,146,146,110,97,70,69,152,19,19,42,123,116,97,10,164,97,96,167,55,193,52,181,12,59,43,19,96,59,130,84,39,48,153,83,169,89,167
195,137,198,86,187,165,68,139,3,155,3,120,149,3,174,119,137,155,133,91,171,86,151,132,21,156,35,74,60,119,44,21,54,25,172,155,14,88,1,175,78,198,173,173,136,154,25,66,105,197,145,2,28,64,176,86,187,64,78,99,105,194,93,88,151,177,101,93,34,104,132,60,78,159,197,151,21,145,136,98,16,177,172,16,103,149,161,196,182,124,136,151,139,151,161,119,53,161,160,1,39,71,143,94,42,30,185,186,179,49,69,134,43,59,138,55,51,38,29,69,87,166,10,31,18,26,102,39,113,20,146,164,55,96,108,43,129,36,106,113,179,191,127,143,70,38,142,123,26,153,56,32,116,55,109,94,71,167,141,109,22,199,39,148,52,96,199,146,96,153,4,138,23,42,113,109,127,117,4,117,0,186,97,183,47,51,75,108,190,143,117,56,121,87,123,33,19,117,123,42
128,34,105,25,103,50,54,88,65,196,178,62,9,21,57,98,72,155,21,135,156,68,136,137,172,175,192,74,173,58,105,64,41,44,73,120,44,1,105,54,5,180,128,57,144,61,144,144,21,165,132,173,135,151,21,66,176,119,128,65,40,16,150,82,62,144,103,92,103,157,54,25,14,125,165,103,50,9,45,182,91,122,174,66,197,122,139,104,137,170,160,27,122,151,132,25,2,67,140,176,153,143,84,36,76,48,63,36,148,52,127,47,55,107,126,152,52,117,179,121,55,106,106,109,146,143,46,114,168,191,188,167,81,138,84,18,4,181,19,108,17,26,69,129,36,129,118,32,69,12,102,126,169,129,114,147,47,36,129,110,29,48,111,33,127,199,108,148,89,118,4,43,168,37,71,131,131,70,51,189,48,69,158,49,37,84,153,30,56,97,94,113,38,102,94,114,18,191,17,47
41,74,21,62,73,21,171,197,85,99,137,3,40,92,44,41,173,182,128,124,25,171,54,165,5,13,122,132,92,85,3,176,73,155,177,172,104,137,178,72,13,77,77,177,98,124,24,122,157,5,178,34,154,182,198,125,159,154,67,5,172,174,88,163,182,13,21,77,178,154,177,86,125,192,64,136,154,136,145,91,104,140,1,165,35,178,82,88,45,180,197,93,2,144,5,135,82,88,9,192,48,0,186,106,100,183,111,166,116,118,94,146,113,109,46,31,189,190,30,22,55,96,69,129,143,76,38,70,42,146,114,71,169,81,168,111,19,47,10,29,110,129,63,22,129,117,69,76,111,89,43,0,107,48,107,10,181,190,168,115,39,152,152,134,52,164,164,39,79,179,186,129,147,49,142,11,97,43,114,108,193,18,168,42,18,23,43,42,126,184,37,59,19,96,146,116,109,142,31,76
125,1,140,132,16,122,140,66,98,53,90,128,163,27,133,165,88,165,88,28,44,156,176,64,174,145,99,163,27,34,197,198,72,66,177,128,155,58,99,149,35,28,196,40,90,150,41,196,139,86,40,198,27,9,90,174,1,58,192,27,194,176,133,182,196,61,195,57,41,105,174,98,88,187,136,3,14,187,103,196,61,187,60,27,156,80,60,174,173,74,145,78,180,60,91,157,160,105,62,170,30,148,20,33,188,59,38,158,147,20,186,142,23,31,121,143,51,71,11,32,189,123,17,42,94,158,75,56,116,19,23,20,10,81,38,169,70,23,153,33,108,121,164,117,12,94,22,38,71,141,51,17,115,47,17,48,59,55,23,94,169,0,134,59,188,32,115,11,75,184,70,123,167,169,186,10,55,26,4,4,20,94,118,81,143,116,189,18,131,100,164,97,69,71,111,179,89,193,79,143
50,35,101,86,1,173,112,124,41,77,176,156,65,62,122,35,132,13,25,62,133,156,77,163,13,165,125,180,132,101,40,140,34,149,145,78,122,61,57,163,112,88,176,72,163,149,144,157,98,173,62,77,53,119,41,5,103,154,160,150,24,172,91,91,72,78,176,170,86,197,41,2,72,8,2,149,195,165,16,174,88,41,61,172,66,182,150,92,8,112,149,133,65,136,67,103,3,2,44,14,189,69,56,30,190,19,76,191,12,113,23,70,169,199,51,46,76,18,110,117,185,55,162,71,199,110,167,59,126,37,108,129,146,108,141,96,29,22,100,169,51,55,199,96,96,48,70,152,7,51,158,31,48,22,158,131,55,12,59,129,129,81,32,164,166,148,29,55,121,31,37,55,118,55,153,169,183,56,127,46,39,141,141,38,18,42,26,0,30,94,141,142,113,158,75,89,129,46,63,138
135,120,155,154,101,144,132,62,157,61,145,92,86,173,8,150,28,122,172,140,139,5,45,1,8,73,172,8,57,171,139,124,64,170,125,195,163,91,198,155,24,34,92,175,198,90,61,197,177,73,192,198,196,151,103,88,165,58,154,82,60,173,140,103,196,105,25,80,187,103,194,50,57,8,74,60,171,145,174,58,35,74,95,177,41,178,14,24,57,187,136,77,24,99,170,196,98,85,53,80,186,42,51,142,143,181,49,94,87,43,63,26,52,100,12,11,109,97,87,184,166,191,11,33,158,30,30,158,126,26,142,126,97,190,127,33,19,15,109,193,148,167,117,7,106,17,186,168,63,121,87,108,121,31,146,33,63,79,110,10,164,39,10,108,190,152,147,37,51,10,108,188,123,15,11,81,42,12,79,162,147,97,51,37,116,179,123,31,146,152,33,79,59,17,147,20,114,191,30,69
140,1,192,5,104,86,60,85,78,150,61,163,176,13,163,178,135,1,88,78,163,57,54,160,41,133,101,149,67,196,16,21,151,13,187,53,159,195,155,25,99,178,144,72,67,73,53,28,99,68,14,163,174,99,1,140,41,85,136,187,145,160,57,25,77,151,3,128,91,160,195,178,105,45,91,85,1,125,159,124,177,120,197,74,137,124,137,66,90,57,62,65,44,135,161,95,178,72,182,98,18,26,79,102,131,26,188,42,43,51,17,181,100,30,38,30,185,108,148,168,39,131,76,11,183,22,84,19,100,70,81,100,162,87,188,6,51,69,56,126,71,29,31,81,43,36,0,138,48,33,169,59,43,12,49,146,19,47,146,84,39,138,42,142,152,46,51,96,130,11,17,81,70,47,158,114,47,0,109,43,83,10,15,131,168,110,32,56,181,166,6,166,158,162,185,142,107,22,179,121
90,112,73,194,21,159,173,173,50,50,165,99,154,155,174,90,24,64,90,41,90,85,187,90,14,16,151,86,154,137,1,128,155,125,5,163,155,192,159,151,170,54,159,53,54,95,90,16,170,103,187,77,176,125,40,122,25,14,9,61,151,68,173,171,58,91,154,9,105,64,85,24,86,21,120,16,27,128,156,180,53,35,62,24,65,82,151,149,25,173,150,140,5,82,35,182,180,150,82,149,184,63,114,94,138,84,126,0,115,142,56,134,110,199,193,70,56,26,179,134,183,118,36,32,142,189,110,166,37,32,26,162,102,164,26,89,69,114,46,107,100,87,111,164,76,42,108,191,126,179,199,20,20,153,63,89,116,100,55,116,116,134,48,158,20,63,138,107,129,17,100,117,29,110,17,71,108,22,81,184,109,83,87,6,38,46,26,71,185,166,190,52,168,164,185,164,106,129,134,193
95,149,178,86,120,187,95,13,80,160,154,161,93,5,93,34,176,182,195,58,98,124,174,172,27,86,67,177,156,155,133,161,65,74,170,25,192,78,120,57,66,133,149,170,80,139,159,163,171,13,9,34,103,50,77,44,149,155,99,93,1,103,53,44,177,172,156,125,136,194,104,133,122,77,34,145,124,93,103,150,128,144,176,104,194,172,178,165,132,156,196,160,64,90,68,54,54,182,13,95,97,134,75,0,102,169,134,167,76,199,22,179,138,130,129,153,100,143,94,42,183,46,186,118,153,43,96,76,75,117,185,33,126,10,46,26,63,110,55,148,153,142,79,127,43,118,49,87,46,166,100,148,109,102,39,142,131,107,31,48,189,79,59,118,188,131,142,118,96,19,42,107,83,83,42,29,70,153,84,134,131,189,15,83,43,11,96,56,7,56,89,75,158,84,118,181,76,134,17,189
177,145,28,66,2,44,194,132,57,54,174,182,65,195,2,86,93,90,198,194,9,103,104,128,192,45,139,66,44,68,90,165,85,144,50,170,27,119,92,122,72,171,21,98,25,155,1,136,9,163,40,74,14,101,139,196,93,8,90,77,154,78,173,155,9,61,139,90,177,149,173,66,197,57,157,139,165,133,80,135,16,154,103,68,173,105,73,92,90,135,53,149,25,68,82,174,90,27,192,73,12,193,19,87,100,193,102,48,121,48,22,190,42,75,70,109,47,10,52,83,116,10,168,158,36,79,55,20,30,199,6,169,109,169,52,111,129,43,114,43,38,110,30,134,51,142,69,79,107,109,81,20,113,79,115,100,110,190,70,168,181,134,121,190,81,113,97,158,97,189,138,199,12,186,56,102,190,47,94,46,189,38,52,11,142,191,184,146,126,123,22,47,100,17,108,12,81,4,102,109
64,150,171,60,119,172,105,95,92,62,112,195,144,44,135,34,128,44,180,172,133,172,150,44,80,64,140,57,170,35,161,27,139,44,163,170,61,80,67,86,54,137,93,73,93,25,90,196,194,99,34,149,101,13,128,54,196,54,197,24,174,91,154,125,27,86,163,137,95,64,72,136,173,150,161,197,165,25,176,82,8,195,95,8,77,88,136,195,159,74,34,73,128,40,91,124,3,137,135,27,152,121,79,186,15,153,76,94,123,152,168,152,199,15,152,153,148,69,100,70,113,102,84,109,0,143,59,143,148,12,11,111,107,32,114,12,81,183,20,10,131,111,189,43,15,29,51,147,109,106,51,169,142,22,138,22,63,69,4,131,52,131,123,131,11,117,179,169,148,123,0,23,134,48,107,100,38,52,131,110,69,181,143,20,134,87,10,193,43,76,69,141,17,193,153,96,15,113,19,37
77,198,101,180,80,9,156,187,24,54,73,120,149,61,194,159,170,98,73,159,104,132,136,171,28,14,132,3,93,170,91,187,196,120,156,72,1,125,65,98,187,170,53,195,60,135,92,95,172,50,174,25,3,155,68,176,41,125,172,28,86,41,9,177,61,170,124,165,27,145,170,85,57,159,192,77,62,88,173,54,1,157,187,13,44,128,172,132,156,154,170,104,1,14,85,177,194,149,174,53,189,111,79,43,118,75,117,63,181,15,4,47,22,46,186,181,55,43,22,83,193,188,130,12,111,32,96,189,48,185,38,162,56,70,51,169,0,164,52,188,10,33,42,10,199,186,36,130,10,199,55,148,31,4,46,127,4,63,52,70,147,6,183,186,153,123,79,118,39,147,141,10,48,115,32,0,23,123,106,47,33,87,22,118,129,129,79,185,126,131,166,107,32,142,148,129,56,55,75,188
40,180,9,74,78,176,24,72,105,99,132,27,105,82,72,197,65,112,14,86,178,119,174,60,145,161,34,9,41,66,58,65,104,62,2,195,159,5,16,133,182,198,16,177,112,194,197,137,24,137,58,68,122,139,180,192,66,195,90,160,67,144,21,98,68,28,140,82,174,73,171,91,93,174,53,85,125,124,14,171,178,192,74,82,68,61,2,95,157,90,21,119,61,65,41,58,145,9,16,28,168,6,18,188,6,46,76,123,126,148,11,181,69,106,36,6,147,4,69,183,118,162,49,168,117,169,52,83,63,183,199,29,123,185,49,63,110,6,127,114,94,69,83,96,43,18,30,179,43,33,59,114,94,37,166,114,22,130,37,123,131,166,107,167,185,63,51,83,116,191,7,118,179,38,0,109,143,193,111,23,87,29,181,114,118,199,7,116,46,186,30,46,46,117,111,48,15,17,33,97
68,9,24,157,27,92,78,125,91,151,154,163,14,139,171,145,14,178,133,103,163,5,178,45,136,160,196,170,104,13,64,86,16,161,178,157,160,28,80,137,80,182,93,165,27,178,176,40,35,159,25,120,78,105,101,145,50,44,139,95,171,35,13,120,195,154,74,151,62,41,159,9,154,27,103,176,74,93,122,62,74,170,104,160,3,174,5,93,61,50,8,73,112,170,135,178,40,122,91,77,20,11,52,121,6,46,134,134,107,108,79,81,166,147,97,69,31,38,10,164,30,102,17,10,38,127,70,106,52,131,189,134,30,96,188,69,0,33,130,199,146,52,169,12,71,83,55,56,4,89,167,181,169,183,23,96,167,184,193,6,11,6,110,51,142,48,20,59,191,158,12,147,121,15,37,22,20,193,129,26,0,23,109,0,191,17,94,63,31,29,199,56,26,31,134,115,186,94,147,59
125,53,24,1,77,21,175,173,53,66,85,192,72,24,171,149,154,135,8,14,159,125,25,53,2,86,135,90,25,187,159,45,41,35,58,95,195,50,60,9,9,66,35,187,119,170,175,105,86,124,86,149,1,182,74,67,82,101,1,9,64,125,171,139,73,161,177,151,161,64,101,187,194,92,91,170,174,194,170,194,103,78,198,156,44,9,67,180,88,119,155,187,176,66,50,197,128,41,74,50,110,69,63,70,71,181,31,55,189,94,153,43,43,76,114,71,37,18,129,146,169,129,181,36,143,110,188,48,164,152,59,84,100,143,193,32,7,183,11,0,158,33,143,32,184,146,147,164,22,138,12,33,83,199,0,83,117,15,115,18,142,148,51,127,106,184,143,147,32,75,123,83,147,142,32,75,143,162,11,96,147,37,49,111,191,47,4,49,46,109,26,94,147,12,84,168,39,186,181,46
125,24,28,78,25,99,156,9,132,93,98,112,88,176,62,136,3,128,85,154,25,44,132,163,60,195,133,160,91,157,16,176,172,187,73,3,157,67,86,180,151,161,90,92,54,175,86,66,2,73,124,159,156,21,85,132,9,112,28,122,177,180,24,173,197,78,163,178,82,85,99,101,90,136,73,136,85,21,156,82,104,178,35,93,73,67,72,133,182,101,154,132,133,86,41,80,192,1,192,73,12,102,76,152,111,109,36,121,7,106,51,116,118,39,38,10,148,134,179,22,114,38,158,114,20,6,46,162,102,70,185,127,79,48,121,43,152,114,134,56,179,10,52,181,100,126,115,33,113,189,6,51,188,18,129,26,109,84,109,109,48,123,130,164,63,84,106,30,186,134,152,152,147,19,152,162,76,107,129,18,147,70,164,26,15,96,148,31,17,70,141,199,126,97,69,146,96,69,33,52
65,16,64,175,44,82,159,93,124,98,13,101,140,150,77,103,137,196,92,73,65,133,24,95,133,135,149,60,195,88,93,176,180,157,5,2,140,101,92,57,3,74,93,25,57,88,65,66,90,91,58,145,1,198,104,5,170,65,24,139,93,151,9,124,122,136,105,170,66,61,104,180,175,150,122,9,82,101,165,150,16,8,91,2,194,21,196,150,178,198,28,50,105,125,28,150,128,196,160,98,134,184,39,188,130,189,75,183,87,52,108,108,169,115,108,17,89,126,11,81,94,146,181,87,118,94,43,106,109,108,15,31,47,89,18,191,70,48,20,102,183,190,17,121,152,167,49,146,114,127,114,75,83,26,6,87,71,131,89,46,97,166,116,121,199,15,23,56,188,18,17,55,20,191,31,110,56,70,199,146,18,23,169,185,17,11,49,11,59,106,169,84,134,4,162,47,7,12,152,148
45,125,86,176,175,91,57,60,133,64,40,120,92,74,112,177,86,98,160,103,157,103,60,53,54,151,163,3,99,119,58,165,50,176,95,165,41,128,98,105,128,173,57,122,150,187,180,82,151,13,16,187,25,28,171,9,154,67,124,88,137,82,82,103,198,77,25,82,140,24,58,3,128,95,160,91,105,41,88,73,103,27,161,175,173,34,174,119,178,57,156,163,180,92,150,161,68,5,54,54,109,113,17,94,18,81,115,110,113,127,15,46,143,190,32,26,55,129,37,142,22,6,111,113,116,109,17,70,6,59,32,94,20,126,162,166,106,15,193,126,142,31,141,116,7,189,199,186,108,186,43,4,117,113,59,184,94,97,126,106,123,51,0,59,193,84,47,100,79,97,183,76,42,100,17,106,190,46,81,166,42,164,146,18,113,109,79,37,115,63,110,17,188,43,115,166,56,146,32,131
125,99,88,171,45,21,137,91,175,67,176,163,74,182,139,66,112,80,101,82,13,170,159,195,195,173,25,65,72,128,3,44,103,65,50,192,175,80,175,119,140,151,137,9,58,119,34,139,151,90,187,65,5,104,176,144,145,99,85,72,157,62,62,64,159,67,161,58,161,187,119,137,57,41,61,149,135,178,99,120,13,1,135,151,53,119,178,98,156,176,101,35,44,40,13,104,155,40,35,120,89,39,4,186,123,87,37,142,131,11,42,127,185,71,19,18,23,142,121,36,18,199,126,102,55,96,26,83,71,186,69,31,123,153,43,183,11,97,123,111,49,111,162,29,89,47,81,49,152,189,30,184,12,108,169,130,4,191,59,179,111,76,12,153,37,142,94,75,87,47,183,46,7,96,162,7,193,100,126,12,106,184,55,188,18,148,63,94,121,110,141,102,199,30,131,114,169,143,117,89
175,99,137,1,9,145,25,64,197,124,140,101,160,155,101,85,28,68,72,101,92,145,90,177,28,125,133,156,65,73,34,99,95,180,170,50,128,157,157,180,77,173,124,133,128,154,3,50,104,128,154,133,155,78,112,105,144,93,13,64,67,154,5,44,93,174,180,157,165,177,196,170,165,139,64,173,145,13,28,98,192,177,103,133,21,120,61,154,154,165,195,44,5,61,175,194,150,176,90,82,110,167,168,110,38,181,134,33,22,42,168,6,7,76,113,87,31,108,26,118,123,39,83,100,87,114,123,46,96,51,111,10,6,116,11,15,116,185,191,0,162,116,37,167,134,87,10,116,15,158,89,107,4,7,123,84,168,31,79,181,89,51,4,51,70,166,113,42,113,164,70,23,107,55,22,142,29,189,48,131,56,146,84,185,42,31,83,169,134,102,129,109,108,19,52,111,153,22,184,162
163,187,154,60,92,170,175,90,3,60,137,137,157,104,165,122,173,103,8,77,155,137,8,80,64,41,58,99,88,98,120,137,187,171,53,192,163,60,182,180,180,9,40,180,161,136,163,60,122,182,192,34,182,14,194,34,92,41,66,180,61,104,16,124,154,180,80,88,103,125,159,74,104,93,95,145,154,176,170,198,58,163,156,196,155,165,40,119,13,74,72,66,119,57,176,24,187,170,159,62,168,102,169,146,48,188,115,79,19,148,36,158,75,118,10,183,121,100,147,183,75,115,46,142,189,6,38,143,32,147,183,100,188,26,199,70,39,46,22,56,76,30,47,51,191,97,179,29,153,32,7,96,138,193,33,42,110,79,20,87,179,63,142,11,166,97,10,152,143,89,26,142,148,168,96,141,70,79,17,17,169,115,190,84,38,63,111,100,117,117,84,129,22,87,190,107,97,59,191,69
177,13,45,161,196,95,155,57,165,176,62,90,159,174,98,159,187,95,154,128,85,8,157,14,13,99,57,74,139,61,135,150,177,195,86,58,8,2,176,65,151,180,41,72,16,77,90,151,58,140,137,40,58,194,57,163,112,122,67,149,95,139,27,53,160,103,151,144,65,196,64,86,27,93,72,149,172,125,144,159,28,156,154,72,2,177,128,163,125,9,50,177,149,187,28,61,44,61,62,194,188,71,10,113,29,100,71,193,143,47,123,152,102,15,189,15,186,10,168,87,158,109,32,36,158,127,134,102,32,56,29,179,52,51,109,7,153,18,167,185,189,185,32,179,146,84,148,36,0,96,191,59,23,115,109,158,113,33,15,51,4,126,76,15,36,190,102,153,113,118,118,143,96,100,97,70,188,115,56,153,43,110,38,11,116,29,129,18,11,29,48,19,193,190,141,100,142,97,185,31
68,9,187,85,65,157,176,136,159,41,3,82,78,128,101,135,78,165,171,99,62,78,77,149,124,136,103,45,197,160,93,5,61,122,62,8,98,150,95,3,176,67,194,99,28,2,82,161,157,61,145,165,41,174,176,145,3,67,192,2,155,160,92,171,95,159,58,170,5,73,9,105,28,88,86,174,99,27,41,119,122,3,98,182,3,40,165,103,57,105,132,73,50,86,57,171,58,151,27,73,7,20,115,76,115,0,32,96,17,141,22,110,148,113,121,167,169,127,108,114,31,142,158,110,110,190,116,7,131,153,75,152,123,39,118,168,186,131,199,111,110,183,134,148,121,168,181,75,110,43,131,153,51,56,110,152,111,114,51,184,56,51,15,51,29,75,52,191,166,11,76,59,97,71,166,188,33,189,70,117,55,71,110,33,193,130,138,117,167,51,23,6,52,158,29,169,184,94,100,162
99,78,139,182,133,9,9,66,137,13,182,66,149,195,74,16,194,57,16,104,5,150,128,154,58,25,161,160,140,157,103,101,150,67,40,132,1,54,85,74,95,14,171,149,13,88,172,58,133,67,25,95,198,8,21,62,72,8,198,95,174,35,8,149,135,187,65,93,99,170,99,180,150,78,50,67,65,77,120,3,44,45,173,174,135,61,86,50,198,72,65,67,35,174,194,99,8,99,9,177,100,148,142,75,126,146,181,118,37,190,127,152,71,190,152,32,121,142,81,6,69,83,113,118,84,39,179,84,118,23,162,191,59,29,123,166,142,106,193,33,190,69,48,59,191,181,81,193,43,63,33,100,75,22,184,116,84,12,109,193,167,46,69,199,167,59,191,130,158,51,141,189,55,29,81,17,29,189,37,166,33,193,188,123,102,26,199,83,42,84,142,169,10,30,179,188,22,146,37,15
101,93,91,62,73,145,82,13,3,77,124,80,28,175,176,13,144,103,95,177,195,99,85,58,72,104,88,82,128,27,175,173,170,151,163,194,177,177,175,91,85,53,195,197,187,25,198,5,172,177,128,28,172,140,101,54,104,92,8,171,149,40,58,85,24,198,112,136,80,125,8,177,95,27,27,68,180,139,154,27,64,125,112,74,101,133,91,150,14,197,72,177,60,13,8,2,25,151,58,160,100,167,63,113,142,17,22,188,6,121,49,108,138,123,193,49,100,55,185,191,70,4,32,37,87,185,46,29,190,181,19,48,147,76,129,10,47,89,30,96,42,22,96,162,143,114,52,63,70,184,142,7,7,48,11,121,6,162,94,89,168,0,33,42,126,113,147,167,185,83,152,12,26,0,11,147,26,20,17,147,39,15,126,42,32,38,81,6,38,152,191,97,22,143,183,129,94,158,106,49
165,67,150,133,135,66,65,196,95,112,74,14,27,103,58,9,125,154,119,67,144,198,60,25,88,101,135,28,21,196,125,28,128,178,78,133,175,44,74,78,182,1,180,154,41,182,41,91,182,80,80,58,64,72,105,99,105,66,50,180,196,44,24,105,174,93,177,171,66,58,77,195,21,128,160,112,125,104,45,135,60,156,172,41,13,28,112,64,72,9,151,177,99,101,198,85,156,198,149,86,131,110,49,193,63,113,107,134,148,76,37,127,83,153,30,179,89,12,46,100,107,48,79,18,56,186,51,158,100,188,142,146,32,190,15,115,70,63,23,69,108,37,152,97,123,32,42,42,81,110,97,143,116,32,179,10,108,46,19,130,131,49,134,59,81,138,102,29,108,117,113,113,130,127,113,107,46,190,36,110,70,106,152,36,81,12,183,191,115,131,186,81,118,52,15,38,168,106,33,52
99,135,25,40,9,27,132,132,137,21,3,163,5,88,77,98,60,61,170,72,139,72,133,86,104,58,24,150,64,25,40,103,173,140,161,128,40,98,64,155,34,13,80,98,149,86,3,78,5,68,78,82,78,133,195,124,140,34,101,198,175,95,74,120,78,144,124,16,124,150,62,61,198,154,161,194,66,156,163,92,41,139,24,150,34,103,155,161,196,173,140,85,41,196,157,195,178,140,161,68,83,38,164,184,130,18,179,83,37,51,43,117,164,134,186,111,48,186,114,158,191,108,59,134,181,148,185,20,11,32,199,118,4,158,147,185,46,17,19,19,23,70,17,56,52,31,63,191,184,118,138,89,32,84,79,6,6,183,184,18,75,12,23,147,190,148,185,179,37,11,147,183,51,146,32,12,89,186,20,123,118,4,152,107,10,15,48,111,102,138,121,147,12,11,191,37,147,31,18,89
85,68,27,95,137,178,174,5,156,198,3,165,80,82,144,171,35,53,156,195,3,175,157,197,65,157,16,64,61,64,172,1,66,41,27,112,86,86,122,14,133,27,93,5,62,50,25,21,62,27,103,133,149,119,196,8,161,125,103,101,50,82,98,2,177,64,60,170,101,28,66,27,155,85,88,195,125,41,90,25,99,14,120,140,99,92,195,74,137,72,45,163,62,104,88,58,61,170,128,68,102,116,109,63,190,164,130,111,142,189,75,130,143,166,168,70,52,12,102,153,108,189,168,97,110,121,81,6,138,51,123,19,117,193,113,4,52,179,129,185,146,111,114,69,183,36,193,102,109,97,166,47,0,71,152,10,10,71,189,43,84,143,141,191,81,49,47,148,30,138,114,20,153,185,185,84,126,59,113,193,164,26,127,17,199,127,56,49,59,84,166,4,127,63,138,17,69,75,36,100
101,182,90,112,105,170,150,16,124,132,34,125,27,90,74,8,195,154,16,41,25,60,150,133,136,40,163,24,99,155,155,85,68,64,92,135,13,54,1,133,135,170,27,78,45,98,60,64,67,144,150,170,40,196,65,173,80,145,66,136,124,44,67,67,174,5,159,122,41,172,54,50,28,157,197,3,176,133,73,155,136,40,160,197,125,165,92,154,88,64,50,192,175,175,173,92,136,1,144,170,63,167,143,97,181,75,183,188,63,100,63,147,179,97,121,162,107,4,162,118,152,79,184,100,7,36,148,126,6,81,164,49,189,10,193,181,23,181,199,43,48,116,121,33,4,49,83,121,115,186,184,121,38,185,29,138,129,63,7,55,186,23,42,126,110,188,129,59,131,0,141,146,51,109,106,17,79,10,179,109,162,152,118,126,168,29,71,189,191,179,143,148,69,116,23,79,131,117,109,186
178,73,35,198,74,9,91,54,178,145,27,35,137,91,57,85,90,144,197,140,14,53,154,68,182,72,151,99,67,132,139,82,125,182,53,194,50,154,34,154,119,174,139,194,196,178,175,80,93,194,150,140,28,120,194,82,53,180,73,174,171,104,135,105,68,187,78,145,61,1,182,73,58,175,144,176,78,40,1,95,140,124,77,99,101,159,132,44,28,172,60,155,66,105,93,151,150,40,93,140,6,49,168,130,126,179,47,46,116,167,83,118,153,22,19,130,49,107,148,126,185,17,46,152,129,109,190,181,18,75,138,46,117,199,26,158,43,108,152,108,184,97,0,107,23,199,181,142,107,141,146,167,184,84,130,146,189,30,166,10,52,69,143,52,33,26,127,191,96,6,19,69,71,96,146,106,71,87,166,146,134,36,38,169,79,169,191,109,43,4,51,30,142,49,113,55,199,71,12,52
13,98,160,173,128,101,103,73,178,66,140,61,64,40,66,198,86,53,119,41,112,144,61,140,61,119,65,161,53,41,91,86,151,88,150,177,65,82,149,197,172,103,163,119,16,170,1,3,80,133,58,171,1,170,98,173,24,119,163,196,135,78,137,66,44,196,104,122,82,165,35,120,197,163,104,194,122,124,171,122,178,54,157,66,182,145,21,86,137,80,165,72,139,85,151,119,27,197,101,82,102,186,181,69,106,189,106,117,39,143,181,22,102,153,11,23,146,12,147,48,111,127,31,183,148,166,59,106,47,185,75,81,63,11,134,75,71,126,190,129,108,153,147,52,126,131,199,152,22,20,109,110,158,76,115,183,167,143,79,20,89,114,158,181,102,168,167,59,63,81,55,94,15,118,15,31,186,115,162,0,126,162,4,83,12,15,42,12,110,97,130,26,38,126,185,108,63,17,181,81
161,14,90,88,139,74,13,150,66,182,95,41,45,64,99,24,90,197,125,45,150,82,25,64,161,82,2,154,1,86,77,57,28,62,61,50,68,175,92,95,145,21,16,198,21,27,132,61,86,25,105,151,163,2,77,41,125,13,62,163,65,154,103,85,149,150,198,67,78,151,119,112,21,150,135,155,58,2,105,198,85,135,137,163,50,35,98,41,187,194,8,149,80,197,64,58,78,60,132,80,89,181,79,126,110,20,126,193,69,121,181,4,189,102,89,6,89,0,46,152,184,20,164,169,29,87,56,76,129,0,6,97,89,147,115,59,117,87,106,193,147,191,117,36,106,12,49,87,143,23,143,83,48,52,17,123,22,142,6,108,0,183,47,84,19,126,113,49,191,97,18,81,59,181,30,102,39,111,48,130,126,79,130,189,190,126,19,153,23,51,100,32,186,169,63,59,134,183,121,141
151,122,58,104,82,61,145,95,13,34,180,41,78,155,1,198,41,92,65,25,139,132,156,150,104,101,5,25,196,44,66,132,24,68,16,103,178,5,88,62,196,73,159,161,105,156,53,90,182,90,82,178,78,3,119,174,159,2,5,133,149,178,28,86,135,160,125,58,173,104,119,74,54,45,98,92,198,57,140,41,150,195,77,139,99,25,104,178,54,196,44,101,196,91,40,53,16,163,44,53,52,51,147,189,38,127,18,188,52,69,199,130,4,129,70,83,190,167,37,193,48,55,134,15,59,152,166,111,186,29,117,37,29,153,106,169,19,4,111,97,148,153,168,153,121,20,76,123,43,94,81,22,51,4,39,49,127,71,10,199,6,94,131,42,113,32,39,188,158,158,18,117,134,32,141,37,15,129,167,70,130,169,191,23,138,109,191,141,36,22,46,33,29,121,116,199,169,97,164,55
77,103,62,99,101,163,120,61,171,66,45,44,101,28,159,93,144,197,104,119,104,198,172,95,65,41,25,25,154,132,8,149,103,161,173,170,154,177,178,149,77,1,125,61,13,139,137,159,61,140,8,73,45,45,95,122,139,192,25,67,66,27,40,178,163,156,27,132,93,86,174,82,91,86,161,119,91,120,77,136,13,159,90,50,154,35,98,35,78,182,125,98,14,16,45,195,16,86,57,67,31,23,83,100,141,188,164,100,102,59,123,185,42,134,147,118,142,19,131,118,158,108,70,111,18,123,38,81,18,142,0,183,29,37,131,6,12,55,193,109,51,164,142,6,186,181,36,190,47,130,0,29,7,138,127,134,22,191,152,97,89,79,169,143,20,179,146,48,75,19,10,100,31,69,131,33,127,49,46,143,12,199,81,0,118,87,166,164,130,22,49,162,51,76,193,141,123,143,181,102
197,171,145,35,34,28,82,61,120,139,161,119,61,145,136,57,60,170,125,119,119,149,98,99,93,77,90,182,58,58,119,180,88,74,57,140,78,165,122,82,73,93,91,77,101,53,122,73,99,174,139,175,74,137,149,171,80,40,3,195,120,125,163,145,8,8,92,198,28,176,128,82,150,64,136,53,128,35,196,139,77,77,150,104,132,101,67,125,86,67,144,50,28,98,57,125,197,150,171,78,79,167,169,190,100,152,36,110,146,113,56,15,26,7,69,69,129,23,116,100,121,22,19,117,168,11,130,143,87,127,38,47,18,70,183,167,152,46,121,6,4,106,26,55,117,84,169,115,97,138,84,63,189,108,47,30,12,111,71,42,30,49,49,166,81,38,23,46,22,20,12,107,102,29,108,10,179,114,6,19,52,130,121,153,134,126,59,129,162,131,76,84,106,81,153,51,113,47,153,11
95,157,154,9,154,137,5,88,124,198,132,172,155,5,145,1,65,92,197,156,95,58,13,180,13,157,170,170,132,72,44,27,65,151,98,173,28,8,196,34,197,133,180,196,41,9,157,133,135,93,90,91,197,139,144,137,14,8,85,177,103,13,78,135,120,90,27,73,133,34,197,156,77,44,174,101,77,14,150,170,154,65,180,105,175,35,180,173,105,24,194,133,13,93,178,136,122,187,198,135,31,152,39,162,142,115,22,106,190,153,123,185,153,38,48,179,152,131,18,186,47,83,141,121,188,31,10,148,193,115,121,118,117,26,94,183,114,97,84,71,193,142,43,126,153,184,158,96,87,23,7,32,37,17,102,118,55,142,199,23,87,79,71,121,17,107,100,59,6,109,162,166,184,147,69,141,109,30,94,146,106,118,70,169,19,162,167,129,97,111,47,43,115,183,10,71,7,22,185,184
90,171,9,40,8,125,139,194,149,73,173,44,196,144,85,187,105,149,151,9,58,85,161,85,50,177,58,24,150,3,194,40,41,41,34,60,135,136,176,8,112,40,24,182,13,78,180,53,80,135,155,67,175,180,132,154,1,120,156,112,176,57,104,62,105,192,44,60,177,34,24,150,144,128,82,161,14,154,132,50,86,3,125,25,62,21,160,197,178,74,132,192,198,65,16,61,21,41,104,187,107,15,56,29,29,193,17,162,168,121,108,31,167,20,193,83,110,190,38,20,179,167,43,69,49,191,42,97,96,168,181,191,81,42,97,100,71,49,193,191,193,193,100,138,190,169,111,43,110,190,169,134,141,51,109,18,22,22,199,33,49,106,23,18,168,56,11,166,6,36,110,47,18,162,39,107,23,131,56,89,109,186,116,143,158,7,148,52,4,142,183,130,70,76,33,100,146,106,162,46
50,101,72,182,1,103,16,85,16,91,25,177,41,95,140,170,101,163,172,135,149,140,165,54,150,165,53,62,105,24,78,161,28,128,99,144,24,45,157,137,180,53,98,25,45,66,90,170,196,122,35,150,57,170,86,196,112,16,93,13,170,27,161,58,170,40,66,157,24,139,182,91,194,194,98,95,91,178,180,170,92,137,133,54,180,50,2,3,82,3,25,86,54,82,67,157,154,198,132,58,59,158,48,116,115,129,181,12,49,111,15,109,11,20,75,87,118,109,181,102,186,69,42,166,169,56,36,110,152,23,84,191,115,63,183,100,100,94,12,108,59,30,186,79,110,4,115,52,190,17,84,70,130,116,158,188,46,162,114,143,158,188,111,37,113,4,26,52,75,158,168,23,111,19,51,84,20,4,108,117,108,69,158,167,168,51,84,166,56,146,18,152,168,0,31,12,7,183,31,148
174,137,8,66,160,62,24,99,73,163,88,40,156,3,144,14,128,9,72,120,196,177,104,196,61,124,176,174,135,140,165,27,98,85,53,62,61,34,77,133,192,177,3,157,67,50,124,112,192,161,125,91,151,120,103,5,124,101,154,165,140,73,53,78,192,44,98,58,197,173,92,150,2,92,62,57,82,136,105,140,53,60,157,5,72,128,82,67,173,50,99,101,139,88,192,105,104,139,175,14,87,199,42,185,193,185,4,116,10,117,162,4,79,71,12,115,113,169,109,87,89,143,181,108,130,36,158,15,10,166,189,169,83,83,56,116,106,55,179,70,12,29,87,33,118,37,89,70,106,123,184,55,164,48,108,75,30,75,6,117,129,87,71,109,42,38,15,127,141,179,94,127,185,7,168,20,116,143,100,130,69,96,142,179,123,19,63,113,38,55,191,181,108,129,152,107,117,199,164,37
86,140,93,156,21,124,175,65,27,144,165,44,92,157,180,135,135,176,198,85,161,85,28,139,92,150,157,50,133,74,144,80,61,44,160,180,93,122,133,64,65,16,159,178,1,178,24,124,73,16,1,65,196,98,40,137,149,103,78,13,145,27,104,172,165,155,170,60,144,44,9,72,144,144,40,78,92,160,104,197,45,57,2,175,99,86,14,120,80,78,137,72,25,35,9,54,125,176,172,73,108,31,37,130,83,100,193,56,22,162,143,118,158,17,141,79,107,69,142,191,138,55,134,22,10,199,113,189,12,199,190,186,6,52,11,185,147,168,152,70,190,164,121,113,169,146,107,76,164,152,37,43,117,152,20,76,152,141,186,109,169,183,129,36,69,87,142,113,167,191,108,6,11,114,71,49,108,167,97,96,102,79,11,167,36,30,43,102,42,42,10,19,29,59,42,166,185,142,107,113
160,1,173,170,178,34,61,172,14,160,182,144,68,160,172,57,82,163,161,78,85,177,44,154,68,136,40,122,2,45,135,156,165,2,86,173,170,136,16,44,91,192,9,1,82,192,53,93,25,41,157,45,91,180,137,3,61,132,13,192,140,57,57,86,24,154,112,60,135,62,66,64,60,3,62,192,98,198,95,140,44,92,95,99,82,98,72,45,21,192,128,156,119,125,28,62,1,175,149,74,47,89,169,52,152,76,87,46,184,49,32,108,89,89,134,22,89,152,181,131,26,143,131,10,49,189,113,70,94,108,181,81,109,51,23,147,56,87,142,70,188,143,0,43,49,89,56,48,100,15,52,6,168,114,127,43,26,102,106,83,38,127,39,42,184,127,111,147,123,71,84,11,56,184,141,19,116,129,113,166,131,142,153,131,89,37,152,17,168,141,131,26,89,108,49,181,152,84,30,186
151,104,45,40,163,156,24,160,67,136,198,16,180,182,149,65,170,155,16,67,132,182,66,137,172,54,137,27,92,78,132,85,93,196,177,82,91,177,112,73,14,86,170,78,90,50,165,78,192,58,72,157,99,72,175,163,145,187,72,64,151,88,91,2,151,173,99,5,145,180,60,9,54,16,174,58,103,149,171,80,13,176,103,139,54,136,3,112,44,77,128,125,78,90,128,140,157,95,177,105,30,162,152,146,18,108,31,56,186,134,191,190,49,37,152,164,69,183,46,153,158,158,185,31,162,138,152,129,127,106,4,164,97,22,18,49,153,127,190,49,127,31,31,18,26,127,10,129,181,71,33,4,164,18,183,167,190,130,87,55,102,147,75,11,113,46,87,158,89,18,162,162,166,129,158,129,118,94,102,36,141,4,117,52,22,84,121,183,59,113,116,38,113,30,23,52,94,162,162,43
2,187,74,92,72,175,50,187,139,21,173,5,91,178,139,45,137,58,175,85,182,66,64,90,73,60,160,133,132,119,198,73,105,88,180,103,172,161,192,78,173,67,194,74,1,196,77,61,57,93,157,136,177,53,156,105,95,173,122,92,198,174,66,196,105,92,82,9,98,53,90,27,176,35,28,21,66,171,44,85,65,72,133,187,54,112,90,61,13,161,68,65,61,103,173,196,99,27,132,35,162,43,6,115,129,22,111,126,102,123,109,76,26,69,121,59,186,48,71,47,141,4,84,38,131,33,15,118,148,38,179,17,117,110,141,69,29,143,89,115,79,79,48,153,164,199,199,152,36,162,102,141,127,127,76,181,7,141,127,147,20,117,4,33,81,19,19,17,31,158,166,162,193,114,18,158,185,113,47,152,96,52,110,108,55,48,121,146,19,56,18,43,158,94,37,169,96,121,47,83
24,16,120,139,25,93,24,151,156,86,86,150,54,175,14,155,176,90,155,72,80,13,140,72,64,170,101,177,156,24,145,45,132,25,157,80,25,163,149,144,192,3,170,197,105,58,9,27,9,61,165,14,90,67,156,172,66,101,86,60,2,62,194,175,98,137,99,21,122,119,77,125,180,195,122,104,151,54,66,66,112,161,98,144,150,1,28,122,8,155,57,161,149,58,163,163,160,24,58,157,96,143,100,55,12,48,189,15,87,79,0,43,96,22,162,143,190,116,6,22,48,84,49,94,167,147,87,130,97,97,84,191,109,113,107,0,188,0,11,70,186,147,181,22,17,111,138,70,32,113,63,181,110,59,19,184,51,115,55,179,164,181,37,70,31,59,76,51,141,169,191,30,188,30,188,190,114,108,116,48,183,199,12,42,181,129,123,12,152,181,189,152,102,63,184,96,10,36,55,75
13,157,174,62,98,103,9,40,28,196,198,14,173,64,124,159,21,178,103,173,16,9,5,136,57,13,80,85,5,21,57,173,68,82,66,54,120,198,122,95,136,194,21,8,180,122,137,192,95,25,172,104,174,149,195,90,160,151,3,98,99,53,16,61,177,80,136,180,24,41,125,13,172,58,91,104,172,67,195,3,74,154,60,16,105,74,53,53,170,149,120,24,41,105,124,68,85,125,74,14,32,94,75,106,19,113,69,29,121,167,63,134,123,153,147,130,87,115,138,96,113,108,107,126,111,10,17,48,106,185,96,36,19,71,188,49,94,4,51,56,131,29,193,158,94,22,32,162,115,106,84,17,70,17,146,43,189,6,15,29,190,75,30,59,10,31,131,59,188,71,42,81,47,83,153,168,168,121,23,29,79,10,138,87,162,96,186,30,179,113,142,19,166,32,94,84,189,138,190,31
41,156,5,9,120,40,150,40,74,28,1,170,137,90,163,165,174,103,194,174,8,177,2,198,178,198,159,72,160,105,160,176,195,61,135,74,122,74,13,196,159,90,66,1,174,1,171,176,177,93,172,101,85,24,82,16,159,197,125,156,54,175,112,165,64,112,194,64,192,54,62,182,155,78,180,144,176,80,8,175,78,182,67,40,54,3,122,197,196,82,122,68,172,105,9,93,44,133,149,40,127,167,30,143,63,89,138,10,97,29,118,185,169,183,113,33,142,36,131,10,31,102,147,102,147,52,117,113,52,184,148,181,183,89,30,184,55,121,191,147,4,142,114,31,49,42,146,169,33,97,87,89,188,30,118,106,10,129,134,0,164,70,69,131,168,76,29,141,49,169,146,129,71,138,17,84,55,22,153,193,138,33,123,186,19,102,22,143,4,29,146,183,130,15,42,127,59,111,87,116
99,156,9,61,88,24,9,139,28,170,195,98,155,171,161,21,104,28,145,40,174,140,80,195,105,194,8,174,195,40,58,80,157,103,27,171,154,86,14,67,133,99,13,195,165,172,161,82,149,178,119,180,80,172,139,133,135,86,170,192,82,9,103,149,197,35,50,137,25,171,156,25,80,45,112,140,198,72,112,132,25,61,182,160,3,174,61,27,66,99,150,61,171,155,73,198,128,172,155,197,111,59,87,146,191,89,31,199,30,158,114,109,100,141,131,110,113,7,94,48,51,152,114,189,69,121,126,75,18,113,17,181,181,127,158,31,110,23,43,23,100,123,10,115,147,102,12,22,38,117,51,188,84,4,169,20,32,32,7,126,199,51,22,186,188,10,129,26,185,188,4,47,188,97,36,37,166,46,141,4,6,114,199,43,46,18,114,129,87,15,11,94,33,15,42,18,83,167,38,63
27,103,40,157,41,8,21,196,64,21,178,194,187,85,125,105,136,91,149,145,24,180,105,150,128,195,170,145,174,88,180,88,182,120,88,136,98,139,24,98,62,95,154,24,198,196,140,93,74,155,73,149,145,149,90,41,187,66,132,90,16,154,14,1,88,159,176,8,78,14,165,132,13,132,165,155,8,8,171,132,13,103,58,139,90,151,170,155,171,133,171,28,161,9,74,78,156,180,157,8,106,126,185,11,33,100,193,18,184,138,118,96,75,76,22,32,43,48,48,33,15,146,42,6,146,83,130,143,123,55,102,20,143,0,20,7,130,106,113,138,114,70,84,97,89,188,148,117,142,106,106,193,115,134,46,22,189,56,167,169,146,190,143,83,79,127,26,183,141,52,30,191,79,63,97,48,39,18,38,189,48,127,84,96,185,127,138,121,43,39,131,123,22,87,79,29,148,49,107,20
187,137,64,137,122,74,154,119,40,104,28,62,27,103,90,150,45,156,160,3,125,92,93,13,194,137,101,95,161,170,9,27,98,192,88,80,8,149,1,137,45,182,165,165,176,171,91,161,1,197,120,41,159,60,170,175,80,9,124,45,103,99,157,136,135,64,135,156,180,99,25,180,60,34,173,175,61,119,98,24,182,41,192,171,155,13,40,170,88,150,13,176,124,98,44,62,165,103,24,101,181,84,87,199,179,115,79,38,115,55,164,39,193,81,127,143,179,138,30,55,143,186,46,43,169,199,29,49,191,107,56,15,94,36,56,141,83,184,76,146,51,7,71,38,129,71,38,59,19,190,110,147,141,148,189,183,113,10,43,148,152,102,29,94,129,108,29,131,94,107,131,191,109,146,59,79,168,121,96,32,12,76,147,152,97,191,130,190,94,162,29,108,52,19,56,100,121,56,48,49
3,80,171,73,137,139,135,60,58,8,35,67,66,150,77,24,27,145,178,60,88,86,156,125,101,197,103,105,155,137,145,101,139,139,198,144,124,119,139,177,98,172,132,72,74,149,104,74,170,135,13,74,35,140,67,61,93,95,157,165,28,67,68,154,78,165,161,196,133,197,9,34,196,196,144,136,45,58,157,93,72,103,93,104,67,45,8,27,78,92,35,95,66,173,44,58,124,128,124,58,199,126,199,111,185,102,39,48,22,56,113,183,107,115,6,123,43,6,109,6,0,115,43,39,110,10,7,169,26,168,131,4,189,186,83,107,84,110,169,20,142,30,162,52,168,4,4,52,108,162,118,79,38,141,96,148,190,96,6,148,162,23,166,47,96,114,47,37,167,84,36,97,43,48,49,142,79,152,158,18,141,169,32,141,30,167,188,189,191,10,147,147,89,184,169,59,152,131,134,31
91,161,14,88,154,21,178,78,144,93,182,140,178,140,95,104,68,5,136,67,125,64,122,88,58,173,68,180,57,176,88,77,125,170,82,198,3,165,119,119,24,182,80,61,80,198,137,104,45,1,172,170,160,195,85,198,28,174,176,73,156,80,135,2,16,177,98,78,78,40,85,78,149,41,156,64,27,174,119,50,80,21,140,192,119,35,58,95,139,192,195,139,24,54,156,104,180,192,44,61,106,191,56,152,116,131,75,49,75,185,0,115,100,118,190,39,7,111,129,87,51,116,18,47,168,47,147,114,59,114,36,47,162,199,89,97,108,29,37,152,49,47,118,193,141,110,110,71,23,46,23,15,55,81,107,111,10,49,141,127,6,4,118,70,11,113,184,158,7,108,17,33,38,169,76,188,89,186,10,183,69,129,51,115,131,130,47,129,102,32,7,169,69,123,83,47,76,43,33,79
177,14,62,178,149,159,145,173,101,35,86,144,1,92,72,27,163,180,50,16,122,57,195,132,41,194,112,174,192,165,103,40,144,88,165,86,92,139,161,68,62,2,103,80,182,28,14,91,103,144,3,178,198,125,35,21,9,125,98,93,58,175,98,124,68,103,93,27,86,68,73,74,105,44,132,156,77,16,165,61,91,104,160,99,35,85,139,90,144,44,54,99,194,187,173,67,45,82,180,86,111,115,127,158,36,48,7,23,115,114,49,147,94,162,75,189,55,164,70,115,22,127,38,179,188,126,127,146,107,71,75,6,6,199,162,169,38,39,109,52,15,158,108,169,152,184,81,100,19,108,17,43,134,113,138,29,12,158,184,153,69,31,20,113,116,152,32,83,141,111,111,199,7,29,127,89,46,6,109,107,48,20,113,190,123,32,110,127,114,29,121,94,43,76,6,70,191,70,181,42
122,161,41,58,5,67,144,175,194,93,60,132,64,187,16,163,112,136,174,172,182,194,171,112,50,172,21,3,88,62,124,196,77,124,175,124,60,177,66,85,161,125,86,135,177,65,85,135,173,133,13,103,82,136,53,45,41,136,170,91,172,163,61,5,40,99,88,180,151,163,178,178,125,61,1,170,98,78,44,21,27,66,16,1,99,34,112,132,91,44,61,50,24,73,135,101,133,86,135,1,97,43,49,108,111,75,12,22,69,142,185,96,87,199,106,167,158,30,179,37,70,111,43,147,17,79,123,84,146,63,130,169,118,46,18,76,56,33,188,26,127,167,79,79,83,33,153,186,97,87,4,87,181,183,168,113,97,131,127,123,33,32,75,114,59,193,31,47,143,184,12,87,94,127,19,97,23,83,184,46,138,33,6,6,4,185,4,49,102,46,96,199,121,22,0,15,143,36,17,118
197,44,112,3,145,27,104,163,3,90,1,72,150,119,85,182,180,104,13,103,90,85,194,120,21,176,2,67,57,16,105,104,95,40,178,124,154,157,178,1,35,88,35,41,35,124,93,171,35,145,60,99,104,140,160,160,177,105,172,72,124,156,86,122,187,44,176,170,198,21,85,133,139,90,175,104,72,122,16,91,35,177,175,1,74,5,160,54,41,144,139,176,154,137,136,132,144,66,65,57,69,121,121,193,168,169,56,166,110,10,116,121,184,52,52,69,18,184,12,10,26,115,39,134,199,63,185,169,189,75,55,189,181,20,97,70,36,55,48,131,126,4,109,46,108,52,142,55,107,37,83,55,111,111,33,146,118,109,190,69,69,148,17,22,167,148,190,20,153,117,114,32,181,191,29,39,96,102,96,15,179,107,42,15,164,87,162,22,113,39,114,110,84,127,117,37,48,117,76,46
165,154,192,119,25,40,174,74,2,35,178,174,90,54,105,77,98,34,101,8,175,171,136,2,172,154,125,132,13,60,99,174,196,178,175,187,62,149,105,27,156,120,174,34,54,92,5,14,41,161,104,53,104,25,165,151,124,95,136,64,67,27,67,78,124,27,195,27,45,172,159,45,54,24,85,192,27,9,77,124,124,72,91,88,172,74,99,9,50,165,45,137,151,198,172,67,68,99,24,160,168,10,108,185,134,164,169,37,179,158,115,123,7,129,59,126,37,6,152,107,138,193,29,199,4,19,59,162,110,179,110,127,153,42,190,184,70,148,141,75,42,184,30,10,134,63,56,81,109,134,39,134,186,116,190,10,111,49,32,162,38,96,153,130,183,153,29,39,179,131,42,142,152,109,75,19,79,29,30,51,183,11,184,12,188,7,117,31,106,162,17,148,38,87,22,94,152,152,181,20
82,65,8,45,154,73,80,82,74,86,72,62,157,157,40,92,197,198,182,178,105,73,93,78,53,151,82,93,58,125,82,159,67,40,66,34,177,159,173,144,124,177,86,124,54,28,28,144,159,21,198,66,196,150,192,99,132,125,99,45,180,50,13,27,65,82,3,14,122,95,21,24,9,14,1,197,132,120,99,163,137,64,45,77,78,61,1,24,67,165,9,175,65,1,151,120,78,198,132,133,70,18,116,46,96,184,186,56,138,199,87,148,69,153,18,75,29,32,116,186,181,191,186,32,46,168,70,158,199,179,189,131,181,39,146,7,162,36,123,47,193,115,107,121,11,100,48,184,141,87,185,87,134,181,37,87,70,110,49,169,168,15,37,141,123,20,142,111,108,183,26,70,20,4,87,117,109,110,142,142,52,185,11,46,81,26,63,84,59,134,30,49,111,52,189,52,96,63,134,22
159,171,35,128,73,175,136,101,101,119,197,9,44,196,74,103,91,62,103,155,165,44,8,90,105,27,170,27,156,154,163,125,77,78,58,21,155,34,173,175,178,196,103,173,99,165,119,88,163,170,103,85,65,60,34,27,67,195,198,25,161,25,187,195,80,177,5,105,77,53,13,172,149,25,196,178,16,101,104,171,187,3,40,90,180,66,136,64,175,13,175,77,57,178,58,122,187,13,60,104,111,43,52,123,38,29,79,110,121,52,129,158,11,191,0,100,36,36,17,115,23,164,141,193,189,69,4,33,52,87,43,48,162,147,102,164,55,193,56,47,146,17,142,23,188,70,110,70,184,55,121,110,18,153,87,190,168,11,71,115,190,0,146,152,56,38,55,97,114,168,20,129,168,32,81,17,43,71,38,162,102,199,169,114,167,114,130,116,10,12,147,179,51,191,107,141,7,69,115,83
180,9,78,125,85,74,149,99,62,177,128,1,156,8,172,73,72,192,74,112,192,160,13,34,24,88,156,86,24,53,132,177,53,82,99,178,137,9,157,101,85,99,41,64,165,3,8,154,173,99,74,65,53,120,62,120,24,3,172,105,98,74,85,171,170,40,176,161,165,139,8,80,98,68,61,125,172,93,182,198,77,91,50,78,27,140,60,88,93,3,34,9,40,122,92,133,165,24,197,120,20,83,106,123,186,191,30,146,106,184,94,143,169,107,181,38,17,17,118,166,23,26,129,168,138,126,167,148,19,147,142,108,179,30,43,193,117,83,32,43,193,51,188,71,193,38,162,191,69,97,22,142,22,87,146,107,84,69,39,59,199,114,134,118,121,11,167,166,129,10,115,12,123,110,134,17,63,129,127,18,97,81,43,162,89,130,164,56,33,189,76,111,89,148,190,134,84,110,23,32
85,198,92,62,144,135,125,45,175,145,125,2,93,176,192,175,45,144,128,64,120,86,187,136,176,66,35,154,1,178,135,144,41,3,40,161,44,187,176,77,155,175,99,16,151,180,3,78,124,180,40,50,112,95,86,177,67,40,176,85,78,2,99,90,196,85,44,1,3,61,16,1,72,53,171,3,13,98,85,61,27,65,99,165,80,155,13,101,53,98,149,67,198,145,28,41,176,60,27,86,59,179,143,167,97,166,100,84,32,30,56,184,143,184,153,147,110,129,29,181,148,63,109,33,106,142,179,76,118,32,39,69,116,107,146,185,70,15,79,26,81,97,7,126,116,167,83,130,169,190,49,142,106,143,4,106,89,87,63,22,11,126,7,15,38,189,118,10,130,111,30,36,131,79,131,55,143,52,37,83,164,17,127,179,59,183,71,183,20,39,6,29,131,94,147,191,129,71,38,167
34,78,124,35,137,92,192,44,112,175,163,9,187,194,104,34,58,170,156,122,160,2,78,3,159,125,175,137,86,173,86,195,93,64,104,136,28,197,44,98,77,73,144,44,34,85,98,34,3,74,177,119,5,73,159,104,149,1,99,57,149,13,145,73,136,3,27,95,170,124,145,45,154,27,82,182,16,149,174,40,57,34,90,35,133,137,105,74,165,27,24,67,165,64,101,157,45,103,61,68,75,43,123,118,7,113,110,31,131,199,162,26,107,110,84,49,184,110,46,111,130,147,84,70,89,31,102,152,6,96,23,70,87,71,189,143,75,56,96,0,152,7,97,18,71,127,130,23,143,191,100,141,94,199,76,113,70,152,121,56,39,100,106,147,6,71,39,43,148,59,153,32,56,123,134,153,38,184,56,31,81,113,114,42,100,131,143,42,121,126,47,183,7,19,7,110,56,184,168,158
101,62,174,88,16,196,165,91,58,40,140,72,13,125,58,120,61,41,57,144,86,93,25,58,78,150,133,99,44,3,98,132,172,98,157,95,28,149,92,180,40,144,85,40,65,101,173,136,133,160,28,173,2,53,105,61,163,172,67,50,198,136,135,82,98,173,77,67,98,65,145,8,182,104,54,163,57,137,35,93,53,160,187,105,174,3,58,155,155,58,135,144,44,197,196,65,139,163,5,57,121,199,148,168,189,97,81,118,106,71,138,167,79,19,96,26,87,166,111,17,56,191,141,79,110,158,100,179,87,143,106,121,43,0,22,130,158,123,18,115,87,22,4,37,181,113,31,146,33,116,166,7,69,75,37,186,142,148,108,168,183,121,191,129,169,186,114,7,166,47,69,89,123,97,167,118,55,18,32,116,141,118,102,63,169,100,143,188,76,111,52,32,129,29,51,10,179,97,116,121
137,104,128,82,198,90,156,98,65,64,149,86,72,85,73,27,182,161,80,119,85,2,65,2,132,60,151,197,66,132,60,73,60,135,105,72,28,57,73,93,150,132,73,149,160,64,88,161,60,122,149,85,139,159,128,139,105,112,172,180,61,67,122,92,187,80,88,150,173,178,13,25,93,72,194,98,133,77,50,192,145,91,99,124,104,165,171,161,145,64,171,122,149,3,196,78,156,154,14,9,110,84,79,70,127,107,166,169,69,10,43,189,131,116,188,107,70,36,15,0,142,190,96,83,49,106,107,29,33,36,17,17,188,100,22,89,32,55,97,153,113,102,189,33,138,152,22,114,17,10,4,63,89,183,116,56,11,49,185,166,38,48,94,102,69,75,89,186,12,52,162,6,110,127,168,106,169,166,102,148,185,10,56,179,37,56,191,129,127,49,36,183,147,152,183,148,10,179,55,111
105,99,197,21,60,157,104,125,44,196,45,91,64,44,112,68,173,128,61,1,9,24,24,27,145,124,80,13,77,92,139,122,139,8,74,192,68,5,139,171,174,159,86,28,132,73,44,35,88,5,68,95,198,176,171,101,180,86,98,119,40,192,165,165,98,137,122,145,137,139,180,128,54,74,9,170,156,82,140,98,159,137,103,50,122,74,41,178,77,175,92,159,80,192,149,50,197,80,174,95,87,190,117,42,18,126,164,33,100,11,19,75,87,32,52,70,55,46,26,100,55,33,121,7,46,199,71,89,6,56,63,26,190,147,114,81,33,148,81,76,153,131,117,22,121,134,138,46,22,102,84,48,123,143,15,76,117,38,10,89,51,141,168,76,46,69,158,37,108,26,4,158,52,4,69,152,114,70,47,43,20,115,12,183,127,51,79,102,164,164,4,19,193,83,55,52,191,117,106,55
196,27,180,98,9,122,61,16,24,149,14,160,44,192,78,74,88,187,91,163,144,80,194,35,9,41,91,53,88,165,144,198,82,91,149,57,9,128,74,74,124,140,105,144,50,65,139,132,175,165,160,137,156,163,21,119,64,119,174,124,41,198,86,9,93,124,125,64,78,3,101,57,80,61,41,174,128,27,72,60,124,98,163,140,5,198,161,61,182,62,34,101,8,196,160,172,57,73,155,105,97,30,121,81,179,20,36,108,59,147,56,6,130,108,146,76,191,49,169,46,191,47,107,153,96,20,48,186,29,56,75,46,186,129,63,184,32,164,185,179,143,106,143,131,17,33,11,184,36,117,113,43,30,134,81,189,10,152,114,162,71,36,71,114,141,49,168,36,36,114,100,106,7,15,166,199,153,46,158,109,138,164,199,29,164,23,100,18,127,190,20,46,111,18,38,89,110,26,188,52
137,144,161,34,170,3,119,44,40,80,3,72,66,44,196,132,9,82,133,171,27,25,151,68,139,124,82,68,135,98,136,187,65,172,88,45,95,135,92,172,136,192,161,67,194,53,163,176,165,45,159,182,50,67,61,41,163,145,74,178,78,178,91,139,149,5,174,9,64,151,135,180,93,73,125,90,180,155,90,44,77,5,145,136,13,44,151,24,8,16,44,74,192,157,58,9,187,93,151,3,185,55,131,115,11,6,130,38,110,43,17,12,179,184,179,142,113,146,26,37,42,158,4,97,127,55,102,42,116,162,10,84,81,6,113,96,96,100,39,117,47,70,167,97,46,37,118,26,94,181,102,39,115,79,39,89,37,76,79,52,148,23,142,167,167,158,191,169,158,11,146,134,81,134,186,184,33,71,147,87,166,89,191,148,190,87,166,12,146,87,70,142,111,126,37,169,37,75,84,63
62,72,187,88,74,187,66,195,195,140,177,151,58,101,74,90,44,145,64,187,175,21,160,101,182,27,73,25,95,172,67,9,82,132,119,157,5,90,90,66,124,163,72,175,197,74,85,124,58,173,41,157,145,1,124,91,72,73,105,195,67,44,57,150,35,92,13,2,150,144,41,151,105,14,35,132,155,65,77,68,175,161,125,74,35,157,34,173,155,154,68,57,35,8,44,61,119,92,165,60,184,158,33,49,51,185,164,76,20,100,146,129,117,169,102,79,26,168,143,166,4,141,59,42,110,188,71,113,153,117,129,96,48,166,59,42,76,164,56,39,37,185,130,37,164,141,169,87,189,129,100,69,32,102,169,183,84,70,89,69,69,123,30,47,36,146,166,199,108,10,29,37,114,164,83,106,38,47,189,76,56,26,179,38,199,193,134,179,0,164,116,22,123,183,121,168,94,10,20,18
132,28,53,13,99,163,150,122,28,28,182,14,2,194,64,8,174,176,98,8,151,74,99,124,165,62,180,98,177,120,175,122,157,139,74,172,156,88,93,64,198,9,58,86,198,198,85,61,159,65,137,5,99,197,177,198,180,105,192,122,119,137,88,8,135,159,195,61,88,177,124,25,174,149,93,198,85,35,24,73,85,25,128,44,119,65,80,88,177,92,112,82,120,182,98,132,136,105,99,137,11,191,26,129,22,181,69,147,190,143,190,23,6,83,138,152,190,143,4,26,96,111,32,30,183,193,63,15,32,17,52,110,15,183,146,47,102,23,89,22,6,89,6,189,114,141,32,49,102,100,4,37,179,31,138,20,188,81,39,115,4,30,30,185,107,10,158,70,43,147,111,43,116,96,30,166,37,131,118,179,102,49,59,79,63,12,26,189,118,138,56,146,162,63,193,179,7,123,116,193
135,16,58,73,82,171,74,197,177,40,161,50,156,50,73,157,178,174,65,124,78,86,99,86,50,74,44,98,28,112,53,170,78,82,93,154,112,195,73,144,176,80,61,64,91,44,192,103,155,135,98,58,68,170,88,124,198,182,88,139,65,161,53,8,8,53,77,45,58,194,171,133,28,177,54,175,176,44,137,157,24,132,21,161,60,50,24,8,5,125,105,135,65,40,40,95,105,195,156,195,87,71,164,168,84,97,32,114,6,127,87,184,169,71,109,123,129,114,89,199,11,167,69,131,10,148,123,193,19,4,147,115,18,109,167,102,142,148,75,123,75,117,30,184,69,33,108,134,11,20,23,129,199,89,113,129,123,117,31,148,169,131,143,121,100,17,4,114,188,97,183,39,106,166,76,79,147,37,59,87,59,69,117,56,110,43,147,39,102,17,11,127,152,167,138,52,113,70,110,127
171,156,57,125,88,58,50,54,151,82,139,198,133,80,78,25,91,136,77,58,144,161,187,99,8,198,119,128,197,196,54,13,41,119,137,88,171,72,139,197,91,88,73,57,139,187,28,196,161,50,140,144,112,34,74,119,68,159,105,54,28,45,58,91,172,77,132,34,122,99,16,177,62,13,187,68,161,66,90,64,77,28,154,90,187,41,175,86,173,66,137,35,95,133,86,61,86,72,174,68,190,4,109,181,126,6,46,199,59,59,94,59,148,121,153,96,31,19,118,84,126,38,33,83,42,87,167,26,12,12,115,114,32,107,158,113,162,115,63,10,15,131,126,162,123,7,71,63,185,158,108,127,181,15,153,30,191,96,46,7,94,162,147,30,48,131,143,162,166,71,191,37,36,115,7,169,79,189,167,4,146,114,164,84,0,32,107,6,31,126,23,108,115,75,49,31,141,56,102,30
133,144,25,173,195,93,165,92,8,173,77,120,80,101,178,14,192,95,8,44,163,174,60,3,24,50,105,104,196,174,9,72,105,187,86,195,78,150,196,44,50,25,140,196,14,175,53,173,157,91,140,95,165,119,165,173,139,119,161,66,3,5,195,182,101,151,122,120,92,170,139,128,62,196,124,73,101,171,68,163,93,91,67,139,101,196,149,196,1,174,2,155,174,65,85,21,192,132,124,50,116,162,127,7,38,183,4,141,43,36,39,56,110,162,18,71,4,79,117,70,97,84,15,69,168,127,129,87,107,181,189,48,184,97,0,30,193,113,63,108,185,39,70,47,121,153,130,31,148,38,17,158,36,121,48,10,30,55,141,10,102,126,32,138,179,115,83,56,188,169,113,169,121,70,108,142,59,96,49,142,127,84,185,191,127,83,81,126,199,116,18,121,22,10,168,108,115,102,29,37
133,135,145,50,68,197,139,104,149,161,68,45,65,187,174,176,91,128,159,163,27,151,1,82,159,132,101,139,53,122,128,122,24,124,54,119,13,137,91,180,145,58,176,91,174,65,60,93,175,14,77,156,5,35,82,137,133,178,88,128,54,66,34,196,99,104,50,72,178,103,195,149,67,150,45,133,61,74,21,144,104,105,67,40,119,159,187,91,80,28,2,140,104,53,25,99,136,198,161,165,36,164,138,87,191,184,52,185,59,4,188,84,70,84,131,181,89,11,141,188,81,20,47,116,109,4,52,0,79,10,100,183,190,42,113,166,193,162,11,29,12,7,107,81,4,141,10,7,109,38,81,188,17,153,22,153,169,29,134,183,166,19,63,152,0,142,84,4,42,118,48,75,43,189,71,55,116,87,43,191,100,127,47,36,42,188,186,97,131,127,79,169,79,148,109,181,51,143,15,138
53,27,178,195,145,155,154,21,58,124,77,195,45,101,120,45,8,91,155,3,66,16,24,91,161,155,44,172,67,133,93,187,120,165,90,161,13,3,112,119,172,74,195,145,175,58,150,156,173,28,192,99,13,34,112,86,64,67,72,156,85,21,157,119,178,86,194,28,86,124,58,149,1,135,105,95,65,178,3,65,57,197,187,104,194,128,54,74,176,27,24,136,119,151,60,133,27,60,74,151,19,190,32,108,63,109,166,141,79,107,10,38,169,97,29,30,158,94,0,26,179,70,63,0,199,141,10,143,138,20,107,141,102,23,17,116,7,29,36,7,191,188,116,39,153,109,19,75,79,193,107,183,106,153,36,169,7,38,158,115,52,39,199,102,63,43,76,169,83,10,32,130,63,138,23,70,166,94,121,37,138,162,106,185,138,181,130,102,43,168,56,179,70,131,97,69,46,114,167,114
176,159,34,171,155,192,67,198,172,176,64,165,80,57,28,176,77,28,198,175,14,104,155,44,2,128,3,40,62,91,171,104,72,125,44,3,28,103,24,53,175,192,88,149,173,1,157,54,99,124,103,5,137,194,192,34,73,104,192,91,163,3,9,151,104,2,98,98,9,60,155,62,172,173,176,68,99,196,82,16,73,194,58,161,25,72,149,44,173,180,133,9,93,175,144,93,128,196,198,27,51,117,43,30,185,102,84,153,190,81,32,97,75,59,142,94,164,10,138,47,51,121,127,52,141,168,36,84,142,199,56,117,126,141,168,33,186,33,152,190,17,116,19,108,185,126,147,42,188,0,79,152,49,131,46,167,71,59,168,123,158,46,19,42,141,107,38,76,116,118,167,0,152,55,115,56,87,42,130,59,22,75,117,181,10,55,131,126,48,143,31,130,4,12,63,43,37,79,55,52
45,28,90,140,65,27,60,160,136,40,140,120,198,197,137,178,92,119,95,2,44,21,120,140,65,128,196,65,72,145,192,182,125,66,178,9,54,82,163,195,92,98,14,139,82,139,85,85,132,88,53,16,101,119,161,182,165,105,88,41,140,103,14,144,82,93,82,44,61,124,95,13,176,149,157,124,95,135,85,2,175,133,139,180,182,40,34,119,132,58,77,156,16,171,57,27,73,72,53,176,4,19,19,121,81,70,153,169,83,191,153,38,107,70,63,97,148,109,126,12,126,126,76,42,22,71,129,102,20,141,39,97,118,4,29,127,152,51,94,131,109,71,38,162,189,52,184,36,168,20,47,37,38,20,129,46,19,43,6,83,121,79,19,84,185,134,75,146,79,10,83,169,84,162,42,169,117,87,184,37,146,30,116,31,116,17,31,26,42,169,168,38,19,134,127,63,117,4,183,71
137,5,92,103,2,92,155,125,187,3,133,180,180,159,170,35,122,196,9,99,60,155,13,60,3,58,140,1,150,40,78,58,61,13,86,157,136,173,178,40,177,91,177,135,65,135,64,163,28,66,82,197,156,154,93,65,68,112,64,172,187,16,175,73,90,5,151,174,174,171,197,28,78,122,8,64,86,173,180,150,73,161,172,103,125,9,95,90,27,85,194,72,21,78,124,73,105,119,1,77,117,83,164,162,164,38,76,167,164,199,38,129,6,121,126,115,96,166,69,84,131,10,81,22,146,199,26,89,199,47,42,184,117,94,108,7,148,199,109,199,46,51,26,59,153,100,0,69,153,6,36,15,181,168,52,55,94,181,33,4,146,17,117,118,48,147,0,20,158,166,185,52,22,29,70,130,51,31,190,116,76,15,108,130,23,31,106,0,30,164,96,26,20,47,117,39,20,51,102,30
182,105,57,44,95,176,174,175,182,135,105,196,41,60,175,140,178,9,95,176,132,157,82,139,175,192,182,128,136,197,101,34,90,73,105,174,58,82,50,197,156,41,58,27,155,91,135,155,140,160,157,151,93,93,105,122,160,67,155,93,161,28,27,120,34,85,91,85,8,1,192,40,40,2,28,85,150,85,155,2,104,74,133,150,163,73,74,5,128,192,170,88,154,197,160,14,44,156,155,104,166,108,109,108,109,168,33,22,134,113,20,152,100,100,164,143,110,11,108,199,131,47,94,84,23,48,94,164,75,114,138,129,152,153,123,7,121,29,110,43,26,186,193,121,189,130,81,32,100,38,193,146,46,15,117,94,76,123,83,38,69,100,70,87,111,96,94,36,142,55,152,179,83,36,114,55,166,131,138,142,46,168,168,4,37,63,118,26,84,106,26,188,115,185,22,30,38,152,142,117
144,175,163,174,155,198,13,98,182,8,174,91,92,93,62,182,62,176,101,68,50,88,25,24,85,192,172,163,57,120,173,40,180,41,174,150,137,161,174,139,98,93,61,90,82,150,73,175,67,171,73,135,105,34,44,58,172,140,45,64,165,90,82,154,112,175,103,122,155,104,68,65,74,177,61,197,124,171,104,34,64,3,90,44,163,136,136,171,50,13,82,25,99,99,197,68,3,34,194,174,130,127,126,126,84,22,84,70,153,79,181,23,10,109,59,39,184,147,49,113,76,185,47,188,11,69,158,83,43,29,97,59,83,39,113,36,48,29,129,102,79,143,79,158,11,179,188,129,38,37,19,126,184,183,39,12,97,158,11,63,31,168,106,7,168,79,12,158,134,87,143,51,56,11,30,56,162,184,102,70,126,75,4,131,183,166,63,83,179,33,130,46,193,15,131,33,106,18,19,32
3,101,120,187,171,77,172,68,178,2,25,8,98,177,154,68,45,50,165,137,64,41,5,105,192,73,155,165,101,198,144,180,9,21,140,105,86,174,53,16,163,101,60,58,78,196,178,165,60,74,1,99,14,66,174,88,73,195,72,172,119,54,157,5,8,122,35,171,65,177,139,58,180,60,145,125,165,64,86,64,74,91,54,119,171,28,176,182,155,78,44,73,99,122,60,61,77,99,99,136,39,75,31,22,19,15,52,183,115,55,188,107,110,138,191,19,81,142,37,55,29,184,118,30,131,185,118,108,188,29,30,87,75,33,52,32,130,11,193,55,166,20,114,116,56,19,141,76,12,23,153,43,110,0,84,167,142,168,43,6,181,100,97,164,158,113,81,96,191,7,83,134,81,134,188,59,117,190,59,38,87,116,96,37,121,52,179,179,146,186,7,190,141,37,193,115,127,59,116,169
156,172,178,2,101,41,128,93,45,13,28,90,105,64,196,53,90,112,60,140,177,90,24,178,176,95,155,54,72,175,40,159,27,57,137,74,195,175,35,2,178,25,172,40,93,92,122,132,1,66,53,154,160,3,65,151,60,99,159,25,85,136,68,136,40,53,58,178,128,140,1,85,28,165,13,65,182,67,3,177,170,85,196,91,88,54,132,119,1,57,64,175,14,155,61,64,149,178,101,90,84,36,12,118,116,186,115,185,190,96,190,32,33,0,167,22,107,12,0,42,189,70,36,75,39,130,87,96,0,49,148,164,129,48,31,102,179,123,100,17,185,127,153,115,75,18,75,15,141,114,37,109,43,141,20,23,141,70,146,38,164,127,190,115,109,63,129,79,81,89,70,193,183,76,118,49,143,96,69,36,110,84,106,116,199,147,18,75,123,111,47,113,130,7,63,87,146,138,152,142
54,154,2,149,86,139,78,165,88,139,16,105,178,40,62,64,174,122,44,27,58,174,177,173,195,135,104,14,13,104,182,60,163,165,160,35,176,74,77,163,74,21,14,171,178,139,192,53,105,171,192,88,3,57,151,172,41,27,149,154,41,99,60,154,197,35,73,9,174,54,50,41,104,119,195,35,176,50,13,144,54,160,16,74,187,176,53,195,35,85,139,136,5,180,161,178,2,196,155,135,141,17,17,143,111,81,7,46,191,168,12,71,111,22,76,36,29,38,190,10,179,127,134,181,7,193,12,81,141,11,183,87,29,118,168,167,190,42,48,51,162,164,51,109,79,117,199,79,183,0,29,81,183,143,81,55,115,162,20,190,26,55,146,185,17,63,79,32,191,142,96,11,55,169,141,48,42,126,55,115,12,37,152,46,131,15,106,123,107,38,123,29,153,138,162,183,38,37,169,87
160,3,140,165,165,137,197,172,40,41,98,178,144,53,128,80,1,91,24,173,16,112,58,95,41,64,197,64,128,195,93,150,44,74,27,80,90,77,78,105,90,62,149,103,72,16,93,68,73,128,91,64,82,112,194,24,80,161,61,160,170,44,160,13,88,161,67,172,98,170,65,105,66,14,163,197,194,177,41,45,136,119,149,156,82,165,35,157,90,165,197,140,137,24,171,125,180,105,9,8,48,110,166,191,11,31,108,33,11,138,42,76,49,152,127,48,126,164,43,30,109,131,141,186,127,169,7,94,42,181,115,118,141,183,162,148,142,107,121,114,130,193,10,7,193,49,158,38,7,15,130,11,169,107,70,23,0,52,134,168,48,141,110,123,131,189,4,123,169,158,37,22,168,108,46,148,193,109,23,76,123,75,109,146,87,31,167,31,109,185,143,37,100,109,96,97,94,96,83,121
74,82,41,140,88,54,35,65,176,16,64,65,16,178,165,86,2,44,170,14,86,44,161,8,25,53,61,27,154,58,160,180,60,66,173,40,163,198,74,159,187,163,180,195,50,35,112,172,24,178,173,99,5,132,91,72,150,151,112,80,178,170,125,187,77,157,64,82,25,192,150,160,120,77,2,93,180,41,119,3,145,159,159,35,80,132,99,124,13,101,57,133,122,132,137,132,9,149,156,24,71,71,79,39,147,127,33,143,185,185,143,141,89,4,158,143,179,38,97,183,59,94,31,15,76,76,30,108,166,6,69,141,31,129,184,116,12,109,114,4,111,126,138,123,152,143,43,190,15,19,127,52,117,46,55,17,123,108,147,43,36,118,4,127,48,111,102,127,158,63,38,117,11,4,94,147,4,183,181,107,186,102,19,114,114,147,19,188,188,153,185,30,87,186,32,59,10,109,10,183
194,57,187,3,45,34,44,28,14,66,172,90,27,163,119,145,2,53,73,35,54,177,88,54,54,68,27,196,62,176,175,65,157,197,62,139,192,72,151,21,165,67,60,24,28,65,14,194,61,198,112,124,64,61,14,154,85,67,180,105,68,92,28,61,68,72,196,25,145,24,1,86,1,50,16,170,9,119,95,192,14,85,180,35,61,157,187,149,198,178,88,144,192,187,67,170,196,133,95,171,148,96,94,167,147,46,185,7,106,59,26,148,107,59,129,183,184,152,193,116,70,191,23,117,129,152,76,29,131,188,167,110,10,190,179,38,191,29,33,152,126,111,31,153,10,127,36,129,4,191,94,33,179,108,183,184,121,33,142,70,121,162,70,59,181,190,30,83,22,152,115,143,46,37,164,10,123,184,69,70,26,79,0,183,11,97,17,7,107,32,56,4,179,0,69,46,17,199,31,39
150,161,177,61,86,173,82,192,8,50,195,41,66,99,64,154,88,95,64,1,124,103,163,72,177,44,187,150,77,91,73,156,86,101,161,74,35,196,67,195,62,103,2,194,65,1,137,120,44,198,140,139,40,140,104,132,74,112,82,95,170,160,58,90,195,62,132,175,45,1,187,159,25,195,61,139,182,180,197,128,1,171,98,28,145,90,99,195,180,170,159,140,53,150,170,21,16,85,9,82,166,106,29,107,70,118,97,129,130,47,102,185,81,75,114,191,15,123,71,94,20,100,52,183,96,7,164,11,76,20,81,76,83,123,75,169,131,55,141,96,189,70,63,69,110,31,108,152,167,55,148,76,184,114,115,134,19,4,83,20,185,48,134,6,148,49,167,186,69,75,30,146,83,116,199,102,100,191,38,188,131,46,162,191,51,100,17,84,23,84,169,18,134,168,12,131,129,84,32,89
86,177,62,122,25,5,180,74,159,64,112,157,60,160,61,74,3,1,98,173,156,66,170,50,41,8,1,34,62,150,133,173,176,16,72,65,155,27,133,154,58,5,41,120,14,93,149,197,174,5,135,173,149,151,135,78,78,150,66,35,170,74,196,2,67,82,66,145,77,44,198,140,165,197,165,50,5,99,137,28,35,101,67,150,62,196,34,74,65,65,65,159,174,157,144,136,72,2,170,44,0,22,0,32,193,89,123,162,97,84,164,26,118,19,69,117,7,118,166,114,114,190,10,76,79,100,17,111,39,107,59,118,70,23,11,118,193,116,39,23,70,183,108,108,193,148,94,100,51,0,32,134,116,193,17,31,33,118,39,20,166,15,190,138,152,169,108,108,106,117,51,83,7,71,169,11,94,42,126,186,147,11,129,130,184,188,162,184,22,183,147,18,84,107,188,121,49,158,169,81
151,133,82,105,78,112,93,34,198,125,5,122,119,133,60,58,112,74,175,93,67,137,80,144,177,8,54,8,175,77,172,98,54,66,197,155,170,196,180,28,145,73,78,68,175,128,176,150,195,44,82,156,144,82,40,125,8,3,77,163,154,155,98,34,195,58,86,13,62,54,170,95,135,150,171,165,136,178,132,24,140,192,50,161,182,1,136,93,2,40,157,53,78,27,25,85,119,91,93,112,167,162,69,117,138,141,81,121,166,75,164,46,118,148,102,26,69,153,184,84,69,17,134,4,167,191,4,31,153,186,199,69,166,167,107,134,129,33,39,166,121,48,49,117,146,30,191,39,158,49,127,109,39,59,191,138,183,183,131,184,59,70,12,123,142,110,55,179,48,84,71,169,183,18,164,127,169,47,100,19,71,130,48,186,33,47,109,164,106,46,186,52,143,87,23,147,121,167,7,164
125,180,119,119,25,177,53,2,172,120,149,161,58,28,9,77,174,34,165,165,24,41,85,103,137,64,98,54,9,82,65,28,170,144,85,151,90,54,155,21,150,132,178,159,172,156,122,21,62,2,122,64,73,54,74,95,21,45,8,136,161,137,3,165,54,86,82,13,101,196,1,99,61,150,163,159,21,103,16,149,194,54,1,103,85,67,35,95,103,54,65,196,78,73,150,101,137,137,120,3,169,130,167,147,167,117,116,37,147,106,129,111,179,131,168,121,134,162,32,152,130,143,4,114,47,49,158,185,116,127,164,87,37,189,188,84,87,121,15,17,168,153,71,96,47,89,162,131,46,94,70,10,63,84,130,117,33,97,189,12,162,111,166,118,142,114,49,97,164,134,116,126,116,166,162,96,63,83,29,10,164,146,42,130,38,117,199,118,142,191,167,191,106,109,115,113,19,22,20,55
125,170,165,171,144,88,174,149,112,161,135,128,3,112,62,99,1,136,44,44,14,45,128,93,197,125,155,54,180,60,40,67,93,54,154,122,175,161,44,92,155,57,137,65,66,91,105,91,3,99,150,72,73,177,187,128,80,92,74,180,77,182,171,137,160,61,92,192,65,132,68,150,170,120,28,195,66,155,155,136,182,119,58,82,50,66,66,68,67,137,5,161,163,25,13,192,60,3,57,99,47,89,33,162,23,75,127,108,184,22,75,30,30,56,129,107,141,23,127,142,123,97,134,12,107,142,22,142,115,108,59,97,12,188,0,18,193,0,142,32,51,36,76,143,141,117,123,123,169,20,191,143,181,59,59,152,106,76,110,18,97,153,152,15,189,23,43,164,100,190,184,81,148,11,63,118,46,97,129,18,118,63,111,184,38,189,131,126,118,42,102,23,110,110,52,130,129,46,147,115
80,1,139,41,120,178,105,182,150,194,85,175,58,54,93,77,161,80,45,25,5,3,103,98,1,151,198,82,34,175,35,74,25,133,98,161,78,91,40,132,119,171,165,14,136,195,140,41,160,198,101,155,172,170,172,132,105,119,25,197,187,61,44,85,25,149,150,187,91,92,5,77,82,62,145,125,99,119,155,198,16,137,105,163,21,35,9,104,60,35,128,64,1,34,21,16,14,139,124,172,113,38,55,188,181,30,116,46,47,115,26,42,87,12,0,29,87,51,15,164,148,83,147,47,31,167,111,31,81,102,43,107,100,168,56,36,23,89,6,141,116,31,123,118,76,153,52,76,141,33,118,33,33,115,186,31,12,20,138,94,46,152,51,11,134,166,130,18,114,186,47,153,48,179,127,143,43,185,55,138,51,129,81,31,33,188,143,55,37,107,102,118,22,134,153,153,115,189,127,49
92,171,177,160,13,3,82,99,77,136,150,154,67,149,93,156,5,14,54,154,150,2,60,151,175,159,73,198,128,74,72,62,41,68,86,25,125,1,82,90,68,124,198,66,176,173,161,57,176,65,74,105,160,187,194,196,1,13,5,86,133,151,5,9,172,196,128,21,95,78,62,50,50,140,137,197,175,74,157,95,159,144,120,8,197,27,86,3,41,103,136,74,88,137,155,8,120,90,78,105,141,130,89,38,141,84,22,43,32,51,184,152,15,18,48,23,193,179,148,107,22,47,36,17,142,148,51,169,42,181,71,199,106,69,30,130,81,113,71,83,0,183,63,146,158,107,79,20,38,52,179,126,94,111,12,100,51,129,6,181,141,94,81,43,100,100,183,97,111,38,110,108,138,94,30,6,87,142,168,169,115,141,0,134,179,70,100,113,141,110,51,29,30,87,169,37,179,148,164,12
44,198,9,192,170,128,163,27,174,67,68,159,151,182,50,68,176,194,78,78,40,112,187,72,144,58,60,140,92,78,137,155,101,150,172,192,82,182,5,21,62,54,159,173,101,171,171,140,53,197,140,151,72,9,27,104,176,151,180,65,180,112,177,151,77,95,180,54,150,103,60,80,78,73,85,80,173,1,136,159,139,160,136,77,53,195,21,140,86,80,68,160,112,139,8,72,1,5,99,64,69,183,129,96,121,181,96,43,118,47,19,118,49,100,147,46,42,184,142,89,110,108,183,102,148,164,193,109,158,23,129,79,81,15,11,33,31,0,190,26,7,20,83,96,30,26,52,147,116,69,100,52,55,126,33,31,96,164,102,15,15,117,129,56,142,116,167,143,153,169,181,107,123,43,18,71,138,115,29,29,37,191,162,126,0,199,96,166,94,22,52,179,18,19,84,158,18,114,191,6
44,103,91,140,170,139,163,27,60,170,155,77,95,85,135,3,133,176,149,122,135,144,180,119,154,2,27,176,182,92,198,54,135,163,155,85,72,124,120,65,9,2,165,35,171,171,133,50,61,99,95,2,149,34,173,44,13,194,41,99,13,77,5,103,3,140,182,195,3,53,61,163,196,53,120,155,41,14,35,120,171,9,44,78,105,98,105,178,21,160,74,27,150,41,122,34,9,88,196,161,31,81,115,0,51,110,6,31,56,12,76,141,127,7,147,164,181,12,148,39,23,162,107,185,31,31,100,70,7,167,102,4,117,109,20,32,22,114,23,106,76,168,0,97,113,97,81,189,147,185,121,110,83,48,186,17,111,18,110,79,83,181,23,22,100,63,186,113,123,118,37,193,11,127,186,129,100,111,121,38,146,111,87,152,189,152,18,19,0,83,185,87,118,75,114,26,110,115,10,131
125,34,67,90,3,182,14,88,58,160,176,133,88,40,53,44,101,170,90,128,58,77,40,64,195,104,198,174,60,159,144,194,145,28,197,57,91,128,25,53,78,35,173,165,68,86,34,132,54,154,154,82,101,161,1,95,133,54,172,68,198,132,27,122,159,62,120,85,173,165,163,35,171,132,67,149,16,27,53,178,136,154,174,128,132,165,157,157,14,159,77,57,137,140,16,135,53,104,120,95,153,63,130,71,69,96,116,102,108,167,193,12,168,0,184,56,42,29,0,162,109,126,189,126,188,164,141,116,114,153,4,191,109,6,108,168,46,33,153,189,179,153,83,107,38,10,191,188,186,43,42,75,100,126,123,87,108,46,46,23,37,166,38,19,26,107,18,87,12,108,121,141,191,183,71,109,39,114,10,96,49,89,6,118,191,147,6,168,184,164,75,114,49,56,102,31,37,84,131,142
196,124,93,45,2,72,68,120,178,173,82,16,92,65,174,149,93,9,92,41,159,187,139,21,58,92,16,165,177,155,155,177,53,195,82,151,77,157,14,34,57,198,34,173,45,98,80,125,178,24,95,125,74,182,149,103,34,80,145,66,16,25,101,90,1,136,54,8,133,198,25,120,13,88,157,132,57,67,78,159,78,34,44,194,180,163,2,68,101,3,98,195,124,175,72,187,132,198,154,60,20,107,97,71,52,56,108,130,83,32,168,76,81,118,79,138,94,52,39,56,131,181,69,113,189,46,39,18,30,52,11,130,126,113,130,38,36,162,148,94,181,179,11,113,36,97,109,37,10,181,47,129,22,185,69,189,81,89,189,115,39,7,89,100,23,116,199,22,43,164,126,19,167,83,190,29,166,55,37,96,191,114,84,114,142,114,15,143,94,143,20,89,71,12,129,117,168,0,26,191
86,124,172,77,28,92,91,122,91,44,16,137,8,85,1,177,78,161,78,139,178,157,150,128,67,91,135,92,160,72,196,133,21,27,159,192,192,172,156,62,101,160,174,88,5,2,160,171,133,44,161,157,77,192,135,82,34,156,98,170,3,3,105,195,53,151,161,105,122,136,44,198,165,2,101,173,120,136,156,192,40,196,163,122,21,64,105,174,67,122,125,88,135,192,68,50,136,2,165,45,126,118,108,79,166,55,76,46,6,126,38,51,191,79,37,162,146,121,75,146,10,56,108,17,75,115,97,164,116,102,167,15,107,52,69,138,79,166,148,47,188,152,84,169,193,94,193,38,10,106,4,18,32,42,0,186,75,164,81,131,111,15,96,179,17,52,107,38,20,6,71,143,127,87,12,190,18,126,116,146,33,199,37,114,43,184,185,11,89,152,142,162,33,12,31,189,146,162,147,158
44,105,58,170,40,28,132,171,182,177,74,67,139,137,120,139,192,192,53,1,28,73,150,67,156,160,3,64,165,80,157,5,82,85,159,180,104,197,135,144,66,177,155,145,112,165,74,159,2,68,180,120,196,173,122,5,24,77,45,85,16,41,135,157,101,137,45,105,173,72,101,180,27,91,13,140,53,40,157,34,155,195,80,9,8,45,124,61,57,85,112,187,172,61,68,62,177,157,145,34,181,158,110,39,70,52,23,75,118,84,63,153,153,191,37,189,33,15,121,117,185,31,193,131,164,59,113,121,29,48,126,164,94,162,83,33,36,167,117,130,10,42,69,15,193,20,83,114,185,138,87,123,116,30,29,115,36,111,147,110,118,189,97,152,30,143,96,55,87,47,184,76,127,29,69,15,42,190,56,37,117,147,134,121,130,0,162,87,15,167,111,15,169,179,70,146,108,84,166,46
45,98,9,128,54,72,132,68,157,156,24,137,9,27,65,86,174,44,161,54,195,140,156,157,103,174,60,196,157,40,103,92,67,149,174,149,173,156,24,8,62,82,8,120,64,16,73,170,35,68,180,132,140,182,34,140,198,178,163,34,119,178,73,160,16,77,145,172,9,72,72,124,24,159,90,85,93,28,151,124,62,132,92,172,122,180,120,13,93,145,82,44,171,195,104,28,86,154,91,5,18,19,59,143,199,167,127,134,56,130,117,138,79,109,127,111,185,46,69,7,189,69,191,51,142,167,63,96,26,152,110,167,108,30,147,26,81,81,111,18,131,106,153,193,30,97,29,43,6,39,11,97,75,32,114,126,29,100,55,116,33,117,43,100,17,126,0,189,164,108,142,26,153,189,79,39,121,199,166,38,89,89,116,10,69,70,111,26,39,100,43,46,117,152,179,109,55,189,49,89
82,137,3,9,53,155,175,95,98,57,151,175,196,5,13,13,177,150,128,91,150,119,103,170,91,149,25,177,24,170,9,165,165,16,14,160,21,197,14,65,3,163,140,197,50,154,177,132,175,64,98,35,171,50,135,122,92,73,35,144,9,154,62,34,21,159,161,2,16,88,91,101,101,60,180,150,140,9,135,137,85,27,88,64,112,139,175,5,139,192,133,50,145,124,178,62,124,198,61,171,168,79,51,169,193,117,18,108,142,0,75,126,117,109,7,107,17,118,33,158,109,20,96,143,46,184,11,39,181,166,181,55,114,143,75,179,29,113,108,191,29,121,134,190,164,166,148,116,158,117,107,49,84,43,107,96,43,164,127,52,152,126,109,110,96,110,147,63,108,102,121,10,146,126,36,193,169,76,32,169,0,46,42,56,20,147,129,126,36,167,17,102,84,108,190,191,17,164,110,193
91,35,44,60,120,88,95,133,53,60,27,98,145,197,54,112,1,98,104,57,112,104,155,124,5,197,53,177,54,93,120,120,178,180,86,14,27,170,150,104,73,80,98,156,25,41,14,21,194,174,194,77,182,176,92,132,40,2,112,133,40,197,187,120,40,182,104,91,180,149,60,1,157,136,135,86,85,165,61,194,35,40,128,98,175,40,139,34,194,28,24,163,16,91,136,67,61,176,174,157,76,89,59,96,117,32,26,141,47,97,38,19,69,81,17,46,43,147,188,106,167,185,48,107,46,181,87,188,11,38,100,183,70,123,143,29,181,193,51,185,100,11,20,32,138,10,114,188,97,69,126,167,10,49,0,164,181,76,143,94,109,191,129,29,185,130,185,26,193,106,10,59,162,26,18,87,129,148,48,121,129,186,26,71,17,17,17,4,129,56,199,167,47,162,179,100,79,193,138,18
149,25,163,86,1,67,78,120,101,1,104,2,3,64,14,132,119,128,45,173,125,67,67,60,62,77,24,161,93,150,151,132,60,156,187,21,61,60,161,53,112,145,3,53,165,174,156,27,80,1,194,194,175,178,25,197,101,13,80,3,98,135,85,198,27,88,62,21,13,44,2,9,178,8,149,44,91,88,157,41,93,91,132,21,57,41,25,92,3,140,187,105,182,139,165,151,40,156,53,41,199,22,84,199,121,152,36,114,141,126,123,15,166,186,190,37,81,94,63,39,100,69,48,26,37,188,97,184,97,33,115,56,7,109,19,121,94,168,193,117,189,142,126,26,30,113,147,32,189,47,199,59,189,75,179,32,84,17,153,199,141,129,37,4,55,0,6,70,158,63,43,43,190,49,186,191,181,18,114,39,19,48,10,142,167,30,19,107,55,129,0,118,43,199,70,11,143,123,129,167
125,119,145,198,13,165,160,137,78,151,35,159,151,14,133,177,133,35,45,95,14,104,160,171,112,68,28,73,187,105,3,196,60,151,161,82,44,28,13,93,103,21,187,157,86,54,159,61,13,161,159,165,27,137,91,163,197,60,145,192,122,135,163,101,157,119,182,197,150,73,25,1,27,2,170,160,16,44,5,58,85,137,175,65,41,174,149,104,132,187,132,95,120,28,5,101,112,68,180,124,123,17,26,181,191,167,184,193,123,123,17,29,185,39,127,30,138,69,97,70,141,47,146,47,81,33,146,59,11,43,46,81,4,158,22,110,107,191,47,189,59,97,183,158,84,10,30,97,69,123,111,39,59,199,89,89,26,4,52,162,166,127,134,117,138,37,168,167,153,43,153,142,108,97,18,121,96,113,23,52,148,143,96,143,113,32,193,15,193,118,152,6,138,33,199,26,55,49,0,42
3,144,178,196,174,105,159,178,192,124,170,40,35,88,125,171,16,144,27,112,14,171,163,67,174,182,95,112,66,119,132,66,5,14,91,57,149,53,85,132,65,149,133,170,172,68,78,136,187,86,172,124,165,62,91,161,157,74,139,68,120,128,154,3,58,60,132,155,132,120,196,57,21,160,28,67,45,149,53,66,137,25,176,66,154,159,44,53,122,112,194,172,9,171,44,149,144,58,53,61,186,18,33,129,38,94,109,97,18,143,75,141,47,131,107,147,20,36,89,127,17,141,183,193,146,164,109,29,49,20,147,71,113,143,11,59,89,186,51,183,11,7,111,48,126,94,23,96,110,89,109,110,188,183,183,185,189,126,84,32,162,94,51,31,23,117,167,131,146,29,114,89,114,162,51,42,114,56,115,84,114,49,11,89,12,17,47,146,189,184,127,168,134,115,39,49,158,168,29,138
65,198,54,128,82,74,13,163,60,195,171,92,61,151,1,77,180,136,140,16,135,122,101,135,28,144,192,61,40,145,159,160,8,73,86,112,112,139,99,182,2,25,154,95,13,58,57,122,128,198,170,80,119,156,90,101,5,119,151,173,136,172,61,25,155,101,198,195,34,128,187,177,144,45,35,16,64,104,86,145,120,174,157,176,98,93,177,122,78,14,65,149,172,82,91,159,41,50,5,95,181,152,63,193,193,23,71,110,107,6,19,142,184,126,108,129,83,7,184,26,129,42,18,100,37,39,84,169,111,22,167,69,10,108,123,70,185,22,39,26,158,17,52,31,179,76,148,138,189,108,17,183,189,38,56,22,129,12,146,10,114,79,23,89,94,183,79,30,46,148,26,199,127,51,138,43,148,141,107,179,186,109,169,47,106,20,52,11,158,110,37,10,59,148,106,89,87,108,188,38
1,155,8,101,41,103,172,101,177,34,64,16,187,165,157,66,67,180,88,41,45,24,124,98,25,125,174,105,196,105,177,177,86,105,161,72,88,3,2,178,98,27,160,156,1,8,60,3,178,136,156,44,177,197,105,105,137,187,187,72,50,13,74,150,139,103,54,73,178,16,8,137,8,170,60,98,196,60,175,16,101,192,145,93,172,120,171,90,125,135,5,145,90,91,28,103,27,35,171,178,148,51,37,181,110,106,70,127,55,123,141,126,79,191,153,181,190,111,147,121,4,55,169,6,190,47,36,123,184,107,10,109,127,146,47,110,184,143,63,87,141,141,71,47,134,126,43,81,48,94,193,84,36,11,29,10,123,168,12,94,7,56,141,134,0,94,186,23,37,26,147,116,56,38,29,49,190,38,56,168,110,22,147,49,148,152,118,31,96,109,134,127,84,106,166,188,185,129,193,115
104,136,95,16,62,173,124,61,172,124,82,163,182,2,180,40,174,170,13,80,112,174,151,8,65,73,27,62,3,160,66,163,159,161,65,172,154,77,161,132,135,156,128,9,88,135,5,78,93,165,21,65,98,176,150,1,145,176,88,124,163,68,120,132,124,122,170,155,104,44,159,85,82,5,103,68,82,28,72,187,105,196,101,82,119,136,77,35,72,95,74,103,13,57,133,78,150,98,195,95,84,59,148,17,15,183,152,15,0,110,131,142,130,146,108,115,39,113,134,17,4,166,129,10,138,152,10,134,188,191,48,162,22,42,116,181,167,102,0,141,56,100,123,129,111,7,100,179,47,43,83,118,32,48,131,130,114,55,22,126,190,7,96,30,126,97,19,102,102,152,110,39,102,143,113,115,15,158,39,123,19,179,18,185,59,36,39,110,63,43,107,38,47,199,138,11,52,94,31,39
196,157,53,187,54,156,24,128,9,5,82,145,151,198,125,88,101,16,25,155,133,173,103,172,92,1,28,112,187,65,54,73,125,3,73,57,73,93,192,177,21,57,196,187,155,135,172,67,50,145,174,2,64,8,198,98,91,149,8,175,86,21,144,57,128,150,21,25,173,192,35,178,139,151,122,156,86,92,144,119,128,64,72,91,124,120,161,157,112,28,173,78,86,82,137,149,1,90,25,101,199,106,114,23,75,126,167,11,63,118,43,51,23,47,43,43,113,148,108,142,190,30,158,106,48,109,39,153,167,69,190,153,42,108,123,36,4,33,71,169,168,199,183,129,109,30,148,162,166,71,97,69,102,63,193,11,123,29,179,162,79,20,56,69,106,46,111,100,186,39,190,0,10,47,127,43,47,110,96,188,121,107,17,42,48,33,131,30,0,55,26,55,158,43,121,36,164,164,193,29
156,88,53,124,86,160,154,41,74,67,112,8,176,34,53,122,140,91,67,125,197,82,68,128,151,101,103,72,88,112,53,145,144,132,73,150,196,165,25,73,65,92,150,98,103,144,68,78,160,8,24,24,3,21,103,176,178,182,174,16,24,67,28,178,9,103,90,41,2,101,5,44,177,74,196,120,136,165,151,182,50,159,137,88,125,68,14,145,112,122,24,145,61,136,177,128,135,154,93,1,4,138,188,188,188,166,63,26,49,69,15,127,107,4,55,115,143,81,46,142,179,130,183,186,15,143,97,22,18,59,148,193,113,49,115,129,109,46,117,36,84,138,83,117,115,17,179,11,191,51,26,32,117,188,109,23,89,116,76,190,179,51,51,10,134,146,87,168,106,46,121,121,23,108,22,121,76,84,48,148,69,164,183,199,63,158,126,79,46,146,189,89,42,166,42,129,20,84,32,109
90,72,92,77,180,5,149,155,178,125,90,175,112,128,128,65,58,93,92,73,2,5,161,35,125,140,21,86,150,194,57,78,120,60,27,194,80,27,1,14,150,67,8,128,74,120,62,125,133,25,128,40,192,16,98,73,132,25,3,159,125,161,99,187,122,144,176,14,173,133,64,149,95,151,178,95,91,105,159,92,155,45,187,91,68,170,172,40,27,177,105,35,163,68,194,150,101,197,72,5,129,141,184,56,130,141,117,115,17,6,168,169,17,142,12,63,164,168,81,70,29,123,17,47,138,97,22,114,118,17,164,17,29,22,12,166,162,164,18,10,110,15,29,17,191,36,143,153,121,183,0,20,169,19,94,186,18,107,96,10,190,186,17,127,162,49,19,153,47,188,18,87,37,49,164,6,69,146,158,116,184,127,87,39,18,183,0,152,56,134,38,106,127,115,70,96,55,7,106,109
86,128,178,50,34,65,187,105,101,58,14,54,73,21,62,174,133,124,132,92,60,85,101,57,9,132,198,61,145,91,135,98,40,104,120,80,66,35,80,98,86,175,105,72,135,24,172,145,104,13,132,174,161,64,145,175,137,124,66,104,28,156,103,171,28,195,5,99,151,195,112,137,173,45,140,136,8,8,90,198,8,144,105,154,119,2,135,119,3,95,64,16,128,64,104,86,161,50,34,195,84,108,37,33,106,111,59,36,147,47,116,108,46,188,56,118,37,83,186,51,12,191,30,166,33,168,100,147,146,7,143,84,42,117,96,11,81,166,147,6,94,134,69,33,47,106,30,199,52,31,138,110,131,79,102,31,185,52,106,102,31,189,32,97,18,42,152,0,22,79,141,76,127,6,134,116,81,4,181,148,134,22,39,117,166,38,131,17,108,29,179,33,83,15,4,106,138,15,48,153
122,73,112,8,68,112,88,77,137,171,58,41,182,154,86,132,144,194,95,136,161,171,154,132,170,154,80,99,50,16,86,64,91,170,124,145,25,136,139,159,101,149,88,137,78,173,187,187,182,160,176,149,104,194,80,182,194,2,67,173,160,91,180,163,16,144,136,3,90,21,98,34,92,73,173,159,50,105,95,159,85,101,95,90,173,27,151,54,197,5,50,72,139,197,53,135,25,155,175,149,49,116,36,26,109,134,11,83,183,70,111,110,126,7,70,70,59,26,32,96,127,23,106,0,190,134,148,23,11,118,166,94,121,20,185,110,56,164,147,69,89,42,17,97,15,116,11,32,69,17,190,19,26,63,152,11,0,22,31,190,0,49,138,6,181,49,158,107,6,148,114,162,42,115,153,89,167,0,148,189,0,199,17,94,39,18,141,146,152,164,47,51,158,138,158,81,127,52,83,106
136,174,174,28,53,150,25,67,175,161,160,151,112,35,50,54,122,140,196,178,176,99,194,66,66,95,77,170,144,54,196,98,155,62,145,53,82,182,192,72,161,119,82,163,2,68,86,155,112,85,103,95,60,119,58,44,61,3,156,180,28,195,74,125,99,196,171,161,99,155,82,44,5,177,155,98,103,160,35,177,85,62,165,187,144,44,140,165,119,93,132,80,197,86,54,151,45,66,74,155,38,113,184,30,71,107,79,22,37,52,75,186,109,113,118,193,87,56,185,31,147,146,168,186,121,117,107,0,110,153,185,148,111,17,148,127,12,185,26,55,167,47,111,56,129,79,20,42,81,11,84,146,191,121,166,51,33,43,11,39,114,100,56,183,118,109,38,71,181,30,71,32,186,70,110,148,111,12,148,129,142,127,37,4,114,123,11,152,29,183,179,47,127,191,69,26,115,75,70,4
136,5,198,40,85,2,103,157,78,149,119,124,195,136,80,119,137,95,101,132,80,21,13,78,178,92,99,103,80,54,157,25,196,50,136,198,174,154,101,182,156,177,9,45,9,163,120,16,3,195,171,9,35,175,161,68,86,98,28,137,187,173,160,65,50,105,21,165,156,177,124,66,137,8,60,105,64,9,145,88,165,198,40,53,182,178,197,3,27,175,197,16,44,8,58,194,156,8,90,9,63,169,38,188,138,51,193,131,188,141,102,107,168,142,42,130,190,15,22,76,75,148,181,79,121,127,18,70,48,148,23,146,131,167,11,11,123,76,186,48,100,169,11,162,169,31,4,186,19,183,121,162,31,38,129,183,37,47,153,36,109,15,121,7,69,38,199,69,130,6,199,130,169,148,190,33,7,7,108,48,11,130,71,23,167,130,111,37,117,148,12,164,191,143,84,96,158,107,131,169
154,174,161,34,174,85,73,77,35,132,57,27,178,145,140,82,77,99,198,139,24,8,119,44,112,99,135,62,170,90,92,5,120,105,16,187,155,150,160,8,88,122,68,72,98,157,196,61,105,53,197,196,57,112,105,13,74,180,14,2,150,14,60,139,194,149,198,137,163,132,35,163,160,105,95,74,3,9,103,175,135,122,178,175,24,25,124,5,135,13,77,175,74,5,28,192,144,155,92,155,10,32,79,18,185,131,59,47,94,152,70,31,109,23,100,179,87,38,134,107,59,31,11,38,109,52,29,138,148,43,189,123,109,23,114,37,191,158,183,56,75,83,110,43,115,148,75,148,117,4,18,189,141,22,162,108,147,129,168,17,30,4,32,81,69,146,39,190,191,36,81,123,153,113,118,33,153,18,63,23,4,43,46,168,193,46,19,31,0,79,138,111,164,185,109,111,142,37,22,115
171,60,34,44,176,54,21,112,195,60,135,68,5,21,149,174,160,58,9,90,120,140,21,171,177,99,92,119,92,77,28,140,91,112,171,41,194,197,60,104,101,136,25,27,28,82,98,135,98,178,170,103,88,82,122,157,165,155,128,2,192,35,151,149,101,91,72,25,64,161,57,136,170,54,197,161,74,150,14,175,101,192,64,161,90,119,173,13,187,78,160,150,144,176,104,177,155,72,90,77,36,130,31,106,36,94,52,113,70,32,43,117,29,121,15,55,129,76,146,118,76,184,55,146,75,169,148,83,71,167,83,30,31,87,148,19,168,30,148,164,179,51,181,193,121,185,31,37,43,167,89,153,127,75,127,141,186,188,164,184,52,32,126,84,23,166,47,39,20,70,76,167,100,143,6,121,191,97,107,70,19,56,79,52,126,59,102,12,23,94,111,129,152,11,107,47,113,70,0,46
82,58,144,195,198,14,16,78,105,105,28,86,28,34,182,160,57,195,68,68,140,57,176,41,44,144,119,77,58,65,104,34,150,101,161,13,197,62,133,103,163,194,151,13,44,88,72,155,28,82,198,86,178,21,25,144,171,197,72,2,120,54,104,195,160,177,161,133,91,198,194,93,28,144,80,150,145,178,155,177,95,8,145,197,9,133,140,13,77,53,198,3,54,175,175,93,180,8,8,192,18,76,42,184,63,158,127,6,126,108,38,108,190,143,71,30,43,146,33,55,29,20,49,141,48,183,79,71,142,83,181,152,20,188,118,184,114,46,49,102,142,166,131,59,32,179,31,107,4,26,153,166,131,30,12,56,36,49,166,0,47,186,70,22,63,199,11,152,131,146,39,23,191,42,190,146,81,118,166,117,70,131,49,131,79,20,49,110,55,71,6,26,71,7,110,138,75,18,162,183
85,28,120,92,8,3,198,85,150,137,112,35,68,28,136,34,122,196,92,24,176,8,128,104,60,95,140,61,163,175,103,171,53,180,180,67,103,57,80,194,119,104,135,133,172,140,195,150,60,187,136,145,45,176,139,98,67,45,156,120,137,72,62,58,91,60,135,150,92,198,174,98,144,140,95,150,88,140,91,103,64,25,159,161,68,161,16,67,128,196,197,61,8,91,82,139,98,66,124,159,49,141,0,33,11,193,107,148,79,116,146,123,100,107,184,191,148,30,191,190,181,47,97,193,94,10,110,115,17,164,84,147,48,147,63,109,10,36,39,71,110,142,143,10,81,6,147,153,49,59,0,70,108,38,193,23,168,56,106,71,10,12,142,38,121,162,69,23,189,111,189,49,146,15,30,167,117,48,117,106,0,56,158,118,15,168,71,118,7,6,193,123,106,166,191,46,59,131,96,113
197,99,24,135,74,60,151,176,3,66,159,13,195,156,101,65,171,154,197,1,145,149,66,170,53,66,13,122,104,196,90,136,93,66,95,122,68,50,155,132,98,151,73,132,180,1,25,57,9,25,54,145,112,92,163,172,170,72,132,44,41,125,24,180,40,187,120,170,62,5,77,44,82,137,90,175,104,95,21,182,173,151,133,145,34,119,104,66,62,159,93,54,112,139,57,160,90,53,144,21,121,158,7,56,26,12,117,167,181,138,81,63,111,110,87,84,19,22,30,97,130,4,19,89,147,94,0,185,181,37,166,48,46,30,111,49,184,51,22,83,71,199,108,36,141,167,81,76,117,47,109,36,181,37,186,23,131,69,188,152,10,185,110,51,115,29,33,20,111,152,29,162,167,185,108,42,29,131,190,115,166,179,162,46,108,166,109,59,46,46,193,116,52,19,185,138,126,79,69,134
159,2,92,82,95,120,198,88,171,165,99,27,156,24,99,101,124,133,133,163,124,137,53,122,139,175,65,176,171,171,90,28,145,95,62,156,136,132,140,65,85,68,21,119,88,128,34,159,99,128,161,156,40,8,174,9,44,182,104,194,3,25,174,125,176,161,173,66,25,196,135,8,178,34,180,24,73,149,5,173,175,57,101,170,27,163,187,119,172,93,128,154,154,8,58,161,5,197,163,90,184,102,106,153,46,185,30,81,109,55,116,110,138,102,152,26,69,36,129,116,129,138,89,22,162,15,106,43,39,185,134,81,179,181,11,166,49,107,4,109,126,164,79,123,117,188,184,48,130,179,51,63,97,131,102,4,38,96,84,147,19,166,42,18,81,167,89,43,15,71,167,17,76,123,185,179,109,167,4,111,146,164,190,71,12,4,47,76,56,169,75,56,26,130,143,115,43,42,191,33
40,124,41,16,14,44,21,25,155,82,125,151,176,82,145,173,177,54,93,8,34,137,78,103,187,187,9,2,176,174,78,78,93,58,53,177,170,78,54,145,176,149,103,101,28,40,60,187,192,65,122,16,133,149,159,78,92,65,105,74,145,80,145,136,194,182,195,14,73,137,175,8,160,92,78,66,45,62,88,5,160,178,85,180,194,155,149,144,68,155,163,133,64,86,24,182,93,2,154,125,48,129,189,18,19,191,15,49,6,116,10,181,26,42,4,38,96,32,32,152,117,71,123,168,20,102,47,147,19,153,69,26,17,32,7,166,179,109,71,4,199,117,4,152,179,113,26,164,84,10,76,32,97,143,76,69,179,19,71,52,32,110,134,186,7,134,59,69,56,46,39,29,152,179,146,113,167,96,69,106,148,70,102,75,20,147,109,6,118,193,186,43,146,46,108,189,190,181,47,148
60,177,8,101,54,150,53,73,93,9,41,50,82,58,154,144,93,135,24,77,159,45,133,74,128,28,78,24,128,25,92,85,105,98,163,172,99,9,25,155,35,139,101,145,86,101,45,136,104,14,90,155,120,86,165,176,112,182,44,137,82,60,159,145,135,160,195,68,68,82,137,195,21,73,197,67,149,173,68,119,128,65,44,175,156,73,104,62,88,16,77,137,62,182,105,139,64,5,104,53,121,48,183,113,199,55,46,152,107,146,96,31,32,185,123,147,134,36,52,43,164,18,127,127,114,12,87,127,15,134,48,117,15,69,152,114,134,108,181,188,117,188,7,184,186,10,26,121,70,107,158,26,48,168,11,113,97,129,55,81,169,76,33,56,141,56,158,199,100,56,4,107,186,123,166,167,30,43,131,126,30,147,42,193,102,164,109,152,55,7,20,123,162,168,106,97,166,108,184,6
16,65,62,149,74,98,172,149,85,177,140,41,157,1,68,175,54,135,99,197,1,66,192,187,80,165,45,95,3,82,165,125,174,44,133,112,3,150,136,101,182,144,104,16,154,173,41,72,24,57,178,44,8,14,72,170,196,133,195,53,1,72,120,92,82,74,187,151,180,174,140,66,86,170,172,120,1,62,125,125,68,67,62,98,124,53,66,57,196,140,68,82,73,82,150,9,44,40,175,54,129,18,114,26,168,185,97,23,0,6,0,87,71,76,186,168,7,75,26,168,152,113,193,38,109,19,7,26,113,179,100,117,18,96,22,121,181,184,30,0,36,76,127,162,141,193,143,75,37,185,43,0,123,30,26,52,70,31,63,76,96,15,158,10,152,75,167,123,49,56,190,109,153,69,43,38,108,110,106,87,6,89,4,164,4,168,148,97,118,17,118,70,118,179,69,169,97,37,166,22
178,154,124,178,187,91,119,50,176,160,40,119,90,88,157,72,170,64,133,13,178,140,198,157,73,86,137,8,154,99,2,62,80,172,122,170,60,140,99,74,104,165,163,119,50,3,151,104,5,24,175,60,198,34,176,144,175,101,156,58,64,182,140,133,80,95,187,155,175,25,105,16,103,65,72,28,192,80,136,176,125,5,135,150,99,90,171,171,125,163,198,163,170,73,161,173,40,120,197,66,96,94,189,184,38,199,76,81,183,47,126,166,152,0,190,162,30,29,15,42,39,188,30,199,114,15,49,134,121,42,59,190,106,97,84,169,63,71,79,188,59,189,116,114,169,143,79,30,190,48,181,116,38,59,42,142,141,70,47,169,191,199,83,113,0,18,4,63,152,7,109,129,167,129,52,22,111,23,39,111,37,30,186,51,87,76,43,113,113,89,102,12,6,164,134,199,71,52,63,146
78,92,160,5,41,65,163,160,196,132,144,180,156,159,53,9,67,139,34,172,58,154,196,21,13,50,112,105,41,112,45,172,104,98,88,9,173,82,41,54,180,21,196,91,144,45,66,88,13,187,151,170,154,3,74,57,103,66,82,95,165,161,172,60,66,13,35,196,68,125,124,149,77,154,80,196,95,133,112,149,124,85,99,64,196,60,112,133,149,50,53,137,101,44,101,66,112,5,137,195,191,71,102,79,49,162,109,166,19,100,129,167,168,63,89,116,10,59,100,152,123,186,15,109,138,167,147,22,6,106,32,32,56,32,184,183,56,199,33,117,33,19,123,81,118,23,19,47,162,48,147,108,118,17,190,83,152,94,117,30,118,37,75,7,138,106,81,162,71,19,46,94,70,49,129,148,7,38,130,148,79,152,148,114,75,79,11,108,199,17,22,117,102,141,185,102,75,142,94,190
125,197,93,41,3,61,139,13,21,163,40,163,187,67,105,165,180,8,44,9,122,122,155,157,151,8,67,155,9,182,98,45,196,50,41,171,197,50,150,67,85,91,74,159,73,101,92,66,161,160,175,16,57,119,145,195,91,136,9,99,86,196,173,57,21,165,125,187,88,34,157,16,187,182,86,140,86,16,3,192,67,195,171,198,139,66,124,101,182,86,64,61,66,93,120,139,177,150,122,156,56,79,18,39,143,199,111,166,190,130,114,87,188,87,168,79,164,158,47,109,184,193,199,63,49,12,63,118,59,158,188,15,183,23,148,167,20,18,38,84,130,142,167,79,188,190,96,102,52,81,115,113,75,169,97,131,185,97,141,153,190,109,153,75,148,31,114,162,47,47,121,162,33,166,147,20,38,183,20,199,106,138,63,10,51,43,17,97,10,29,43,184,168,164,148,20,15,143,148,76
120,99,67,174,14,73,178,161,92,176,125,44,104,88,13,194,3,64,101,187,136,144,165,159,9,194,156,144,159,16,156,24,2,159,156,124,144,178,34,2,139,78,9,139,57,45,40,78,160,88,175,35,80,178,177,160,157,45,92,132,196,78,25,45,194,177,157,133,92,125,151,125,177,50,24,197,155,144,182,41,156,180,119,171,34,176,150,187,196,136,154,137,145,132,98,50,171,78,64,165,138,117,100,118,111,84,83,96,83,63,51,117,4,37,10,75,123,20,162,47,130,115,29,147,190,138,134,43,148,52,121,108,102,183,106,109,146,107,69,127,17,127,52,108,49,184,29,18,121,18,18,46,127,71,193,37,17,37,51,33,166,17,118,126,109,55,83,97,106,56,15,127,121,181,70,42,10,102,158,97,126,113,97,76,100,190,20,84,109,193,184,46,131,76,148,184,106,75,56,29
73,155,175,88,91,8,197,92,149,112,61,40,80,62,27,98,80,72,139,198,132,136,136,67,27,160,57,136,62,88,14,3,41,72,3,40,160,101,163,34,192,149,90,195,120,197,140,65,156,101,154,163,24,150,124,172,128,140,25,98,154,14,40,163,53,122,149,120,105,176,101,67,64,44,41,103,62,194,192,91,194,139,174,74,174,155,68,1,155,99,187,133,73,95,14,176,80,176,86,95,191,4,0,11,37,70,97,17,20,43,49,26,185,70,181,59,59,148,31,168,130,186,84,19,116,167,186,37,52,148,51,113,153,158,43,110,166,107,158,43,141,138,19,52,75,11,63,81,33,152,188,79,59,94,111,131,23,152,181,32,83,191,37,184,148,141,126,83,6,141,168,141,56,146,55,100,22,46,183,193,115,158,110,109,179,71,22,114,147,152,111,32,126,185,189,97,18,121,110,59
67,150,92,104,160,62,82,149,174,66,35,125,157,13,120,85,122,45,177,104,139,92,86,50,88,198,58,128,41,173,160,171,1,173,44,173,27,78,57,161,178,80,133,90,178,91,187,182,92,124,57,35,28,1,139,128,86,44,176,171,120,170,180,125,173,135,27,112,112,44,149,133,44,74,95,82,28,198,112,99,155,171,8,195,24,133,8,157,58,151,170,165,98,14,155,85,128,74,172,112,96,131,63,42,4,117,148,138,199,169,87,48,47,169,33,118,118,179,29,162,26,147,193,56,70,48,84,143,20,52,118,100,115,38,37,199,7,32,111,186,117,0,96,38,37,83,37,81,152,84,109,36,32,186,42,116,169,38,188,29,39,63,6,70,47,179,30,43,18,188,46,109,115,59,116,118,113,42,147,107,117,148,49,94,118,17,96,52,38,4,49,111,39,167,131,185,168,18,10,20
149,61,16,133,13,187,176,3,122,165,197,197,119,45,151,60,178,128,172,77,41,72,65,9,74,149,24,24,145,2,9,82,150,165,8,50,165,104,40,99,27,66,155,24,8,91,171,174,172,154,120,35,198,170,154,82,21,155,101,120,45,136,197,67,68,82,53,28,160,41,136,145,62,3,180,58,192,60,136,156,8,178,177,133,197,35,45,172,140,65,27,187,105,128,180,80,197,161,155,125,47,15,113,166,152,30,193,46,141,108,0,31,6,193,183,102,121,32,115,162,43,0,32,83,11,11,89,31,76,134,23,123,33,83,141,75,191,37,59,23,47,59,168,111,56,10,23,142,76,134,107,184,37,83,0,71,52,59,130,18,167,184,199,38,107,18,51,153,167,47,51,185,31,121,70,87,179,190,169,7,0,181,63,7,84,116,118,147,30,33,117,142,142,76,20,143,148,89,134,107
53,67,61,98,5,149,174,136,82,40,14,176,192,60,192,151,197,160,27,54,120,122,136,35,64,45,103,25,14,177,64,64,24,178,145,44,155,157,72,16,35,86,34,90,61,90,73,133,80,62,78,174,128,135,161,66,137,34,172,159,195,187,64,196,67,67,139,92,195,174,3,156,73,160,197,67,77,151,77,24,136,174,103,28,165,88,175,195,88,151,77,93,73,78,54,73,151,149,44,136,189,97,147,48,36,18,138,179,11,188,169,113,147,70,51,11,166,167,51,81,56,143,164,111,83,110,188,7,56,70,185,146,114,84,131,147,18,100,127,185,199,147,42,22,31,167,30,106,111,179,6,193,130,83,56,115,10,188,10,129,123,37,37,26,186,108,26,97,47,123,181,162,109,51,71,18,89,181,123,146,47,142,152,43,55,158,71,38,185,146,87,29,193,148,69,118,49,141,179,183
80,159,65,122,90,77,93,125,45,197,98,128,175,151,57,132,145,82,77,5,3,145,58,144,154,1,8,62,8,178,103,65,112,74,34,9,160,93,91,16,64,133,41,103,88,122,91,35,139,132,140,198,182,24,13,78,2,99,154,125,14,165,139,194,161,1,124,74,132,98,195,165,125,61,34,136,16,105,60,104,149,93,171,73,67,34,21,82,92,156,41,95,28,27,163,85,137,62,25,145,43,7,115,30,148,186,121,19,36,117,102,31,146,111,4,79,52,11,199,111,147,185,49,30,55,89,158,63,152,116,51,37,63,15,184,69,131,71,33,43,46,191,12,111,29,168,142,97,11,148,19,19,47,49,75,188,59,10,76,46,38,141,49,148,4,7,121,71,47,37,47,148,12,48,46,142,39,94,179,18,97,123,134,142,142,96,148,110,183,181,127,152,75,63,37,141,113,42,113,162
16,34,92,8,101,194,8,128,135,14,64,3,163,66,50,41,151,170,78,125,72,80,105,198,165,155,178,88,197,192,25,90,151,145,119,133,92,182,90,163,44,68,35,132,195,41,99,128,67,9,151,136,14,173,139,92,57,180,60,80,27,21,5,165,5,72,1,136,14,68,27,62,177,98,105,86,64,137,58,92,40,64,137,72,80,28,180,150,177,27,157,82,174,173,78,187,14,192,172,1,6,107,184,75,79,147,47,52,110,43,55,146,181,110,168,152,121,59,183,94,108,162,32,115,162,46,30,69,11,63,142,142,193,106,186,0,146,146,117,181,43,111,153,102,123,23,7,12,70,126,48,193,15,168,193,191,49,158,49,166,26,51,89,22,49,152,134,142,4,162,22,20,15,117,22,97,189,47,102,29,162,188,38,12,183,46,107,12,15,193,186,146,179,22,184,113,37,142,147,39
98,160,128,3,149,161,82,197,101,165,3,67,93,154,74,195,187,151,165,5,16,78,13,44,198,5,54,175,103,135,73,98,8,62,178,98,145,125,78,16,16,171,159,124,16,67,174,139,128,67,120,104,150,66,9,62,24,154,95,120,34,74,112,21,41,105,35,50,198,192,62,173,156,65,27,136,177,197,155,197,156,150,58,27,155,177,45,195,61,194,24,145,174,137,8,66,187,176,62,93,153,15,10,69,134,49,184,146,33,158,89,10,181,52,110,69,38,181,11,43,37,168,48,33,186,181,143,39,146,56,169,126,167,59,153,102,30,49,106,10,70,15,47,63,121,100,42,89,33,87,190,37,31,22,70,89,116,115,164,134,18,42,29,19,97,70,134,186,37,30,186,199,113,42,189,126,179,168,96,30,143,55,168,47,12,19,190,199,51,167,143,190,49,97,185,100,162,131,76,184
155,95,86,1,16,103,58,67,24,103,172,68,1,156,77,161,57,16,144,174,35,101,149,60,35,195,182,54,176,85,173,159,120,54,112,197,135,149,149,50,165,50,176,157,41,85,68,160,192,194,195,78,135,112,196,170,132,44,170,137,195,73,3,159,41,65,85,2,196,101,60,99,155,58,95,72,65,105,144,144,66,172,155,144,132,112,74,80,172,16,82,9,159,132,90,27,151,40,137,34,138,10,100,70,143,32,19,148,49,162,146,84,141,199,51,167,49,193,31,26,131,0,56,183,48,109,19,148,183,147,83,37,153,36,126,162,51,71,97,108,102,142,0,46,179,11,114,115,52,185,185,37,18,71,52,141,100,190,100,70,97,164,189,47,183,23,10,70,69,43,31,117,107,0,47,184,181,10,89,108,84,106,190,162,31,116,59,158,87,30,18,49,94,83,37,36,158,18,29,158
155,175,161,41,160,135,91,120,78,177,28,41,86,85,8,198,161,132,125,40,86,163,197,72,50,40,163,45,2,165,112,198,105,194,62,198,101,28,82,120,78,54,105,27,145,2,40,50,73,44,160,88,85,82,98,2,24,57,73,61,93,128,9,91,82,105,120,85,124,92,174,54,101,104,53,165,122,160,198,99,159,137,101,150,25,155,135,50,92,154,90,61,195,2,9,3,192,66,50,150,110,188,107,96,81,18,12,59,123,134,59,29,18,190,183,121,131,23,6,6,79,158,116,121,129,185,39,146,96,0,47,113,100,188,146,84,186,121,43,4,11,33,96,75,108,71,142,94,110,71,32,59,142,31,152,76,186,29,121,71,114,11,127,118,108,110,23,30,111,31,79,117,179,181,20,55,167,117,12,7,162,0,110,185,158,29,94,4,118,102,0,76,134,18,142,153,19,191,109,42
41,5,174,66,182,136,136,53,45,58,172,122,157,124,25,172,40,104,119,156,68,194,160,180,178,5,156,80,34,151,157,44,144,78,90,165,174,41,50,120,64,133,53,180,9,173,174,135,198,86,180,21,35,34,90,13,112,187,68,68,159,137,82,80,88,62,163,73,53,66,53,101,16,99,196,132,2,165,163,112,82,72,93,58,9,25,53,175,165,34,91,196,3,122,196,21,67,82,41,27,51,118,109,12,100,116,188,100,15,56,116,20,59,79,87,81,158,153,186,48,118,12,76,127,108,168,118,49,189,134,55,94,29,83,130,71,115,142,108,185,84,108,4,189,43,153,117,107,126,56,193,87,83,63,164,181,79,183,164,26,129,158,183,12,87,31,11,76,52,169,127,19,166,26,30,126,20,138,167,129,199,127,129,126,107,39,20,199,158,31,169,94,26,123,143,123,117,59,70,29
13,140,194,155,112,182,62,73,187,105,90,98,98,128,161,92,112,105,68,77,80,2,194,95,2,90,65,175,165,25,5,154,92,58,45,159,101,112,119,5,197,1,65,80,98,3,82,99,156,45,57,150,149,14,175,65,68,136,154,112,157,5,66,155,132,175,45,14,58,101,150,86,149,122,74,66,145,62,5,182,160,24,132,156,53,103,173,73,124,128,68,24,1,145,132,128,144,103,3,194,130,100,15,162,142,118,164,51,185,179,20,102,100,56,56,6,69,33,117,75,188,152,7,191,153,12,111,18,19,193,102,84,158,108,185,164,169,126,190,134,134,49,184,181,97,94,33,87,167,102,152,32,193,84,190,179,106,108,114,116,23,32,29,190,94,29,47,189,59,190,20,75,37,116,190,31,108,185,153,143,179,147,190,111,71,32,143,38,63,63,26,110,96,17,51,48,63,143,52,167
35,144,173,161,34,139,82,8,16,9,196,13,95,88,196,85,198,53,171,66,132,45,77,144,90,78,103,154,3,101,139,161,135,156,78,125,196,35,172,194,171,161,112,125,173,156,27,95,159,155,9,28,103,145,44,80,3,61,61,136,145,44,157,40,140,112,24,178,112,57,61,60,136,45,78,50,85,165,41,60,156,155,176,144,172,161,139,172,125,182,41,44,174,136,135,72,192,77,157,74,164,81,7,131,152,183,166,121,179,102,33,189,7,185,164,102,26,30,116,117,97,36,184,166,51,148,152,20,108,19,193,131,10,31,46,42,32,168,18,121,26,43,71,126,134,63,152,102,81,26,169,130,39,43,39,147,76,7,168,185,129,148,15,191,75,0,131,97,158,131,143,15,100,106,69,26,117,51,121,193,118,121,131,127,97,130,30,184,47,94,142,143,51,52,48,118,30,134,131,33
3,103,175,80,177,73,62,135,160,176,160,128,137,62,28,34,182,77,82,145,178,40,50,119,192,139,91,177,136,80,161,8,44,196,91,78,2,171,128,160,99,133,8,175,112,165,161,86,104,80,5,91,28,132,132,122,16,173,77,92,21,5,53,172,101,178,95,197,171,99,133,156,14,13,165,99,25,13,195,34,128,161,198,119,21,197,14,77,137,61,60,133,104,154,137,149,135,67,149,1,100,76,118,153,7,158,71,148,110,116,127,181,75,32,43,121,33,190,23,15,10,131,84,15,146,69,100,55,106,110,113,49,109,37,94,19,190,38,114,152,52,147,130,29,17,71,0,0,146,84,36,127,4,129,26,117,148,89,183,185,32,146,7,123,142,126,63,96,83,59,42,29,148,33,30,102,37,184,56,109,143,76,36,32,158,76,17,69,32,162,75,97,23,46,39,116,166,42,108,37
195,60,90,145,159,72,198,27,13,45,170,104,195,2,197,35,64,176,5,133,154,25,104,13,77,105,64,173,73,133,154,119,104,137,180,72,93,27,150,125,72,196,155,14,137,157,175,133,27,85,194,173,180,80,145,88,173,160,172,196,25,61,95,172,157,197,28,91,80,157,50,95,133,66,21,105,58,122,173,155,21,195,21,103,93,140,105,41,122,182,14,140,92,145,61,139,139,151,3,16,164,79,130,148,108,181,186,127,126,75,10,121,191,38,167,143,52,167,89,147,147,115,184,37,71,190,22,167,158,109,164,141,102,59,186,0,181,147,117,115,48,193,190,18,191,141,30,39,106,71,116,17,167,184,130,39,20,32,42,193,131,38,71,43,118,179,167,131,130,166,169,190,81,96,48,190,30,123,162,20,46,69,49,38,181,38,51,186,75,38,19,153,39,123,130,22,26,79,121,83
103,160,3,156,80,171,9,196,119,62,112,171,86,178,58,125,176,170,62,170,58,14,72,27,67,172,128,3,16,176,159,74,122,24,92,9,28,74,139,54,103,8,187,85,103,64,187,3,159,140,8,197,144,67,197,74,99,2,135,149,9,65,25,154,136,133,140,64,174,122,21,120,60,62,180,195,61,41,101,157,9,54,180,25,77,92,92,133,159,13,85,99,133,173,122,90,122,119,175,77,43,183,15,117,129,169,33,63,4,37,162,52,110,166,75,38,42,109,52,15,43,38,30,56,49,186,117,31,97,52,12,152,162,179,36,110,33,146,29,48,146,70,138,189,31,17,70,29,146,76,79,39,59,19,89,96,141,12,116,46,114,158,43,49,52,168,107,38,127,52,83,48,83,37,87,4,4,42,168,79,184,117,102,131,147,152,56,134,59,127,15,168,113,129,199,29,107,7,100,69
136,198,27,139,155,3,170,65,62,182,154,2,154,82,178,180,28,154,8,144,150,101,27,85,66,13,124,165,64,192,182,150,177,180,61,53,124,149,85,98,88,182,174,64,62,80,140,132,57,171,133,104,9,145,9,173,35,178,91,58,192,196,163,99,194,58,67,172,198,163,2,112,101,197,67,93,53,165,137,139,196,176,136,155,133,45,88,74,159,40,112,140,1,172,122,3,92,154,122,91,181,186,167,38,123,110,147,70,164,100,6,47,162,23,126,129,94,164,189,19,51,23,7,153,55,23,109,56,134,147,148,113,70,143,117,102,94,143,46,76,10,188,52,167,111,12,69,183,142,71,43,100,76,138,130,31,97,49,46,109,48,116,106,158,75,83,30,162,76,131,23,20,22,63,46,94,134,131,199,152,23,147,79,166,100,79,87,152,83,10,127,31,83,43,166,142,162,56,123,199
165,174,78,57,176,82,182,27,5,93,163,163,2,155,156,99,195,159,1,65,13,82,5,45,157,196,92,98,105,13,88,72,156,60,139,177,195,194,104,35,139,187,68,41,156,180,182,98,150,65,172,54,54,41,150,139,34,140,21,145,77,165,160,159,165,95,144,196,176,64,182,139,122,91,77,136,5,163,187,122,119,124,74,72,73,25,73,24,160,34,187,93,157,13,128,173,62,45,80,156,70,46,134,184,20,152,184,71,89,19,22,18,43,84,109,109,79,6,97,37,23,191,96,115,87,4,39,15,114,118,189,56,36,11,71,18,83,32,167,116,0,162,114,4,18,113,59,130,121,121,23,131,75,46,33,152,138,76,79,84,108,123,84,84,141,106,81,162,158,179,108,20,118,143,4,146,63,87,158,148,148,39,10,129,94,94,31,49,19,162,29,169,127,38,114,83,152,109,63,152
173,74,2,122,99,67,160,172,8,135,54,68,161,99,77,93,91,82,58,124,86,171,178,67,157,172,120,194,91,125,196,74,159,125,135,2,165,53,177,171,74,157,65,157,159,1,144,187,3,136,171,80,44,163,139,196,67,88,104,112,150,8,66,180,128,80,194,9,54,112,44,135,93,161,155,77,1,99,88,78,91,24,154,99,174,119,62,53,3,150,5,163,5,157,171,85,88,90,172,88,30,190,179,84,185,189,48,166,18,83,52,39,96,43,141,134,152,30,76,38,153,100,107,111,130,108,191,181,193,55,22,39,106,186,183,11,12,190,71,63,131,0,47,126,81,52,79,47,100,97,134,114,39,83,70,0,7,102,109,186,37,84,111,184,7,102,107,153,36,121,111,193,6,117,70,186,47,126,186,96,117,100,141,0,107,117,108,191,199,79,123,116,153,102,36,131,56,71,190,147
5,16,177,174,128,187,137,54,92,112,58,151,155,13,182,198,145,133,86,128,88,120,64,8,77,73,135,178,90,155,91,135,197,180,171,40,82,195,60,139,5,50,98,137,68,104,24,151,21,157,144,163,86,74,133,198,101,72,145,136,139,28,140,156,103,192,170,98,95,27,150,170,112,174,104,27,132,150,68,195,154,171,155,175,119,151,135,74,73,120,74,139,66,173,66,151,140,159,149,80,32,89,69,131,36,83,22,100,143,181,190,84,52,108,116,52,127,189,181,191,162,183,126,59,17,100,113,43,153,164,193,169,179,185,110,47,184,115,113,118,152,183,147,141,59,87,11,167,42,111,110,19,115,126,71,138,143,110,76,49,146,76,191,162,183,38,162,26,190,181,52,37,158,123,183,143,111,70,166,10,143,123,193,15,109,0,127,75,183,55,102,81,48,179,118,52,23,102,118,70
128,151,45,44,177,60,151,53,21,195,195,88,35,41,137,2,125,73,98,5,35,163,1,40,95,180,171,140,119,98,3,34,132,173,180,140,160,172,176,124,112,93,133,119,133,112,163,171,112,67,24,74,58,149,3,53,57,119,92,187,5,145,174,61,171,133,92,198,67,53,92,57,182,198,139,182,90,66,194,86,170,174,157,198,66,160,3,35,57,182,77,165,40,88,125,194,91,171,50,198,109,142,186,18,49,83,47,17,186,148,83,106,10,11,126,134,123,18,184,121,75,193,32,52,164,193,52,43,6,18,147,0,96,118,84,43,71,100,32,48,108,56,158,17,26,185,162,114,131,115,127,26,37,18,181,96,126,31,23,38,22,181,190,18,79,141,143,108,4,158,0,111,29,10,83,51,179,186,121,141,113,39,26,113,23,110,158,70,10,6,109,4,191,113,193,147,30,12,87,162
137,155,105,136,13,161,173,98,198,72,98,68,82,60,72,187,74,195,172,88,40,65,119,163,41,5,197,98,64,140,65,171,101,112,177,95,44,60,40,93,98,155,60,91,187,173,180,161,173,45,157,156,5,21,92,120,155,122,125,180,120,74,174,163,8,90,128,72,92,196,8,176,44,128,194,44,182,192,101,171,41,72,41,21,133,77,65,77,65,140,93,28,171,95,187,57,172,53,150,58,185,152,169,87,146,130,11,63,153,143,126,87,15,166,134,31,188,46,97,188,33,147,158,116,102,75,26,107,0,126,199,59,113,102,143,152,115,181,22,29,147,138,51,43,131,48,169,162,183,31,70,7,6,81,49,7,108,117,30,18,46,199,6,114,39,19,43,126,47,189,37,26,134,167,130,51,188,59,39,123,169,48,0,18,84,167,169,7,190,166,31,70,7,153,49,110,117,188,117,38
66,103,194,149,86,196,67,180,187,21,72,73,150,194,62,60,139,122,135,101,68,171,124,197,8,197,103,140,57,178,25,155,13,175,60,112,41,88,57,124,145,140,34,93,159,27,24,93,62,122,35,68,13,196,119,145,28,198,159,66,16,149,139,92,170,151,135,196,58,57,194,91,119,64,44,119,137,93,192,9,57,5,194,80,133,61,112,24,120,60,175,95,66,62,112,90,73,119,154,91,56,39,127,12,29,184,42,141,96,147,114,118,183,37,38,63,102,84,162,134,49,131,23,0,48,142,121,146,186,42,121,108,100,107,18,30,108,7,102,97,166,37,142,190,56,141,10,18,193,147,127,138,148,169,26,107,184,38,166,29,29,81,89,183,106,164,164,107,15,164,69,185,189,23,20,46,123,123,26,158,17,193,51,56,127,69,146,69,164,36,121,17,107,162,0,79,199,138,89,79
25,197,196,16,98,1,64,125,151,159,175,165,45,91,41,1,65,155,8,182,65,161,187,156,140,68,173,139,180,173,68,13,3,80,57,9,150,120,194,182,5,91,57,21,170,99,88,144,86,35,135,92,165,192,136,165,104,156,157,88,161,154,65,91,171,78,150,82,165,128,64,119,54,177,86,125,139,8,92,128,145,156,156,120,1,125,161,60,64,50,95,77,53,151,66,173,173,104,45,54,152,20,76,114,115,59,181,42,164,129,76,115,70,147,107,143,49,106,6,38,37,31,4,142,141,6,117,186,48,49,152,15,142,87,37,147,96,79,190,111,146,6,147,42,109,130,11,107,52,4,15,146,106,188,168,141,97,116,31,152,138,11,49,193,59,152,106,121,168,89,114,181,7,23,49,81,164,164,29,12,121,111,0,108,29,84,164,107,11,19,142,166,46,110,81,84,70,185,83,107
104,180,86,165,136,68,88,8,178,45,68,187,125,95,86,82,124,196,25,178,44,112,125,145,57,60,101,149,149,165,40,92,50,27,53,16,5,73,120,159,165,178,9,120,62,28,65,132,95,104,170,170,92,180,73,119,187,122,103,196,173,85,145,128,3,92,45,180,140,5,41,120,175,86,73,112,136,24,182,27,68,50,24,82,195,132,80,180,77,180,50,2,177,150,40,91,119,125,112,53,17,108,84,117,114,146,191,51,164,190,51,190,123,184,33,76,130,117,110,47,42,96,111,19,166,38,179,189,29,126,71,152,147,63,4,188,29,43,48,89,186,185,129,185,169,189,87,89,158,19,89,110,117,166,83,47,6,43,55,168,97,127,121,39,51,96,193,31,4,38,6,75,152,193,146,168,75,193,189,15,186,193,199,110,15,70,102,168,89,184,193,167,109,55,83,152,162,114,31,48
73,45,65,62,3,1,67,5,174,112,128,196,149,173,101,128,34,172,82,65,128,64,177,50,175,165,135,13,145,137,161,34,78,57,85,78,175,72,41,160,64,154,45,154,149,175,156,34,165,92,13,65,160,157,85,90,25,120,44,171,176,151,65,91,192,86,154,45,160,170,35,67,101,45,195,2,99,53,92,144,92,3,120,178,119,91,155,1,144,187,61,58,178,80,8,72,60,1,157,8,15,97,109,26,146,193,189,168,31,71,87,126,0,129,47,118,118,6,26,7,102,142,29,134,36,36,19,12,12,42,167,48,199,130,185,129,87,115,129,83,152,168,183,75,102,26,10,29,130,131,17,108,71,20,100,89,138,141,181,168,23,147,39,89,110,26,123,162,11,18,52,84,63,33,123,127,114,48,10,114,138,110,168,162,138,116,12,11,153,123,48,10,71,184,97,96,107,115,56,185
171,178,91,132,41,88,187,5,66,65,5,91,66,21,86,98,50,155,194,80,171,54,74,91,105,122,154,85,159,128,88,77,133,60,91,177,14,124,177,98,177,171,136,155,140,21,124,13,3,54,122,198,24,73,16,198,53,65,95,156,119,195,61,44,34,68,149,35,24,67,194,90,2,21,140,91,150,80,14,95,67,88,112,139,173,112,104,101,44,150,196,73,91,62,133,171,78,161,90,78,70,168,116,169,111,141,100,167,52,20,59,121,127,167,4,75,20,183,55,141,46,138,115,167,116,186,199,17,10,32,146,106,39,162,75,23,49,186,116,10,142,70,123,123,11,18,81,43,166,69,6,158,106,106,75,96,69,148,152,184,193,87,22,130,158,76,181,38,164,166,29,153,26,20,0,38,106,31,6,23,129,167,59,138,131,32,185,63,39,108,87,114,52,56,38,190,96,6,158,20
112,27,21,159,68,103,54,54,119,156,192,68,135,128,16,72,159,104,104,192,95,157,34,8,61,144,16,165,74,197,159,122,1,62,35,124,9,157,122,172,150,137,50,54,160,8,170,13,160,27,16,156,145,35,3,64,160,74,21,90,198,103,90,133,80,93,58,159,157,14,198,103,160,50,99,40,140,161,25,91,5,2,86,67,41,122,155,8,1,44,161,198,35,88,174,101,128,145,85,155,10,29,147,123,38,97,113,12,116,130,97,108,18,96,130,15,131,115,63,32,123,108,166,134,168,81,100,113,83,127,15,134,108,199,164,193,12,146,121,199,33,106,70,121,189,49,55,113,96,109,162,131,179,43,183,117,121,46,7,183,97,87,146,12,185,106,148,70,70,181,100,11,169,162,87,113,56,4,106,148,38,36,32,168,20,56,138,48,117,51,153,114,94,166,189,89,146,10,23,42
35,45,154,128,27,172,103,159,174,82,78,25,77,165,92,177,136,120,140,156,92,151,120,57,171,128,77,27,40,25,157,198,54,24,92,150,5,161,57,196,112,174,28,58,119,150,85,180,195,104,161,86,197,180,66,72,14,163,144,98,45,44,182,80,124,178,124,62,151,187,192,133,175,173,88,156,182,187,74,25,136,82,93,157,58,3,101,137,34,62,161,34,112,53,13,99,5,86,2,175,18,69,148,117,142,52,169,55,39,107,134,55,188,164,107,97,179,43,17,56,118,117,188,22,83,190,32,183,179,115,134,11,71,186,106,39,129,130,162,166,23,47,71,166,97,147,188,131,76,18,118,191,75,183,12,146,94,169,87,4,186,89,162,33,12,184,70,17,71,94,188,33,75,17,6,7,49,30,84,96,111,69,179,15,38,17,113,158,31,189,10,10,76,31,63,130,158,153,191,199
16,24,57,2,159,67,54,135,8,175,133,88,9,122,170,104,137,93,150,2,58,14,173,98,21,165,194,92,73,67,135,103,157,61,8,172,149,156,93,72,65,9,27,155,54,66,161,73,176,35,88,27,92,58,194,67,135,132,73,25,178,128,80,90,120,112,178,80,21,137,140,195,25,64,93,98,66,165,175,194,163,128,149,80,99,68,174,1,176,50,128,195,5,104,88,9,95,105,187,150,96,23,188,107,158,15,123,31,75,76,63,55,71,164,117,193,186,102,69,107,123,79,143,22,166,114,158,39,199,143,110,108,142,46,51,96,39,46,7,84,94,116,70,148,4,190,143,129,23,83,96,127,107,30,38,12,118,36,32,129,30,153,87,69,147,97,102,75,153,188,76,169,189,117,169,69,168,39,47,32,110,107,153,102,100,116,81,115,79,70,193,4,56,70,36,184,36,190,59,36
132,34,61,57,62,187,88,1,157,86,133,105,8,27,133,95,85,122,163,136,64,119,54,50,62,50,24,182,86,62,2,93,139,182,198,160,53,92,103,95,54,160,145,77,41,156,1,21,192,44,2,136,103,62,72,61,78,98,103,140,101,198,16,95,16,196,103,85,197,172,150,198,74,21,194,135,54,122,65,65,177,172,95,92,176,95,44,160,78,99,85,120,112,124,91,27,157,171,144,72,42,121,167,56,102,107,116,127,148,15,168,188,147,138,118,38,94,185,158,116,189,76,152,189,131,117,109,191,193,70,188,100,152,164,22,158,42,47,87,71,127,84,169,130,10,143,179,131,59,11,69,38,108,148,148,158,87,162,84,11,147,75,96,52,59,81,69,111,39,108,36,26,185,76,164,30,32,115,129,129,107,37,184,89,162,168,168,183,51,31,109,189,10,10,81,46,33,46,106,108
160,139,155,40,78,187,88,72,5,67,8,125,67,170,125,95,50,174,68,171,82,192,57,174,53,58,135,72,77,160,155,88,99,160,61,41,101,98,1,93,40,58,44,98,120,165,139,53,60,40,173,194,154,132,104,5,159,174,34,103,40,160,137,53,44,154,28,161,13,86,171,198,34,192,178,105,85,180,54,177,50,21,165,176,67,112,128,35,90,28,72,150,132,28,128,72,119,175,50,120,96,129,96,87,79,46,32,59,15,20,116,75,22,56,32,46,114,142,46,199,181,153,31,31,31,49,118,71,43,113,138,10,162,152,18,83,153,49,188,19,23,169,131,127,138,166,138,113,164,114,48,138,79,7,109,56,110,166,96,111,185,42,6,191,30,42,131,79,18,193,38,121,19,20,142,121,134,115,110,42,129,148,134,121,189,81,59,36,148,39,71,15,18,31,131,30,113,102,71,108
67,101,86,197,68,27,174,78,45,139,171,125,45,105,60,88,58,50,68,120,135,16,99,72,160,132,41,171,61,124,58,140,80,150,93,196,194,187,45,170,82,176,154,187,35,14,176,99,60,112,103,40,41,91,80,73,197,77,60,175,50,44,82,5,98,151,90,35,195,28,90,41,125,53,182,40,156,77,73,154,1,196,136,145,104,77,58,170,64,3,173,196,54,60,171,137,66,171,176,140,184,111,111,32,76,11,141,46,51,142,121,185,116,63,55,12,42,19,117,79,83,148,126,19,38,69,108,75,143,51,69,184,4,143,142,143,179,142,127,30,30,167,76,94,109,106,184,158,162,183,84,193,117,158,167,36,87,10,75,83,51,126,107,130,185,129,75,147,22,7,138,70,199,183,158,191,186,76,152,117,158,189,97,158,158,169,109,39,126,18,186,191,47,96,79,39,168,47,117,87
61,90,187,157,68,104,135,145,25,154,104,133,197,8,175,192,120,16,170,60,128,128,78,159,132,161,77,74,73,197,149,44,61,105,2,74,175,120,161,187,60,85,40,177,14,54,171,28,198,85,61,170,5,104,1,88,165,3,45,150,88,194,74,25,98,62,93,95,155,66,60,82,82,163,159,170,187,35,159,67,28,57,25,88,34,180,91,68,2,157,135,160,173,192,119,172,195,136,177,9,142,31,152,179,97,191,42,75,10,46,17,179,30,33,79,108,31,81,19,20,31,20,87,29,179,109,164,32,109,185,30,17,47,185,18,130,199,29,193,97,0,15,184,97,38,46,42,63,56,116,49,48,0,84,49,97,18,115,49,114,127,184,70,31,51,153,33,37,22,10,39,107,29,20,115,114,48,111,107,181,184,189,111,0,52,169,148,51,56,158,146,193,164,39,15,59,166,52,18,22
14,195,9,101,35,78,65,161,135,144,165,192,57,90,90,88,62,165,136,195,124,112,120,165,77,133,86,187,137,137,149,124,173,192,68,154,139,74,103,176,35,103,192,165,194,182,78,65,64,135,161,90,137,135,159,57,77,180,64,21,82,57,34,105,105,174,139,73,105,119,103,198,144,161,28,65,34,165,122,57,91,163,92,101,161,128,160,155,140,41,161,95,62,40,196,187,24,174,156,163,26,162,110,55,55,94,49,0,75,51,179,7,32,81,48,152,121,138,183,4,123,168,18,37,138,38,169,23,46,107,17,6,143,153,189,193,148,152,79,138,47,106,18,22,63,107,51,191,185,18,190,83,131,19,188,113,75,29,51,189,38,179,185,184,87,4,6,117,129,110,79,31,96,191,49,100,39,114,102,142,10,130,52,184,102,152,179,127,184,164,12,81,59,15,167,115,47,108,36,107
72,145,14,128,137,180,74,112,62,54,157,124,27,91,5,24,132,61,161,82,174,50,125,25,171,132,82,149,27,5,44,64,62,35,137,9,82,68,50,98,8,28,160,57,170,149,91,159,35,160,120,136,3,104,105,145,155,182,5,139,156,120,135,88,41,61,67,66,170,124,73,120,173,86,154,140,173,44,156,175,35,61,174,177,178,14,68,64,60,197,160,35,173,8,180,67,60,93,77,182,52,141,117,189,110,17,110,51,162,96,18,167,31,158,114,71,108,30,37,142,20,166,70,70,185,38,31,0,113,108,69,29,191,142,117,38,10,38,126,111,147,162,126,162,169,18,26,129,87,147,47,130,115,87,100,183,48,17,110,38,56,49,108,184,148,75,46,29,114,108,76,17,142,4,71,107,186,162,26,7,179,69,29,158,69,36,19,63,164,188,168,181,0,188,6,158,4,7,29,100
182,86,82,150,105,14,197,27,101,122,53,178,72,80,60,44,170,156,159,8,8,68,196,16,198,44,41,197,90,92,41,124,98,8,80,194,34,14,139,98,82,101,180,105,3,173,62,112,112,27,57,8,25,124,187,195,35,194,119,93,177,157,120,68,66,133,170,139,122,105,35,125,156,159,105,161,137,170,16,14,65,99,54,182,98,90,103,159,78,112,82,173,1,137,145,74,172,196,163,171,71,189,10,75,109,10,15,29,146,84,186,123,89,134,142,142,32,164,199,146,70,7,110,108,102,109,199,185,185,141,108,63,37,7,37,43,0,15,89,109,158,186,4,76,138,109,121,141,97,69,31,166,141,193,42,169,166,166,153,79,167,118,129,23,118,83,29,11,87,130,11,76,10,181,96,23,189,184,96,189,118,96,76,97,0,115,108,23,22,49,111,169,23,167,138,42,162,20,52,134
90,176,101,137,192,124,173,197,198,88,68,8,68,137,105,25,3,66,170,151,57,66,35,3,40,196,14,150,16,103,77,194,90,57,24,13,14,61,57,171,45,176,91,163,155,171,93,95,187,24,104,13,34,34,172,174,170,176,67,24,77,171,120,154,198,120,139,170,103,150,195,140,95,14,25,82,92,136,3,161,175,161,196,112,44,163,144,105,120,159,54,159,136,65,64,2,119,133,159,176,185,32,106,111,22,146,108,191,4,147,87,152,81,42,17,87,76,63,0,26,0,37,69,17,131,23,199,29,134,20,43,4,6,20,167,84,193,22,138,111,102,199,63,167,114,107,89,142,96,188,189,168,69,129,33,22,184,71,186,69,130,89,96,148,123,12,26,134,94,162,186,6,153,127,116,102,0,15,110,127,69,70,11,23,20,49,19,113,102,71,15,164,183,129,199,22,102,38,100,63
80,150,3,196,144,16,34,41,95,88,156,28,93,175,40,198,173,139,25,93,120,41,1,120,62,78,173,28,58,140,156,155,58,150,132,24,176,14,93,41,60,91,57,172,53,150,34,173,151,82,65,170,45,34,105,82,82,53,78,149,13,135,144,3,86,21,144,78,145,66,163,103,40,16,57,93,60,91,150,151,40,119,160,54,105,163,192,125,182,194,192,122,16,60,90,125,145,93,159,175,87,4,55,190,147,102,29,168,0,111,30,87,147,26,7,189,15,121,51,111,17,31,166,52,47,42,76,126,106,69,188,32,191,12,185,115,168,189,169,63,7,169,32,51,46,167,168,4,162,117,19,199,81,11,143,126,115,17,33,110,126,129,146,47,141,31,18,147,131,116,84,130,167,162,42,39,199,189,18,167,89,59,127,39,4,185,167,134,46,113,56,143,113,7,190,94,7,81,164,106
98,165,151,173,78,35,171,165,93,154,93,68,140,27,101,136,92,1,35,128,170,99,73,155,161,150,28,41,99,53,151,172,16,101,197,161,122,61,175,41,165,173,78,165,151,44,161,86,161,135,88,88,112,119,178,177,165,124,177,57,132,90,50,187,170,151,27,24,160,85,187,135,54,88,140,35,144,156,182,119,101,196,2,103,82,64,136,101,77,91,65,92,2,14,103,163,136,161,120,95,84,123,75,111,10,143,117,26,23,70,107,109,4,30,22,71,100,153,18,117,190,69,55,37,6,158,115,76,43,49,23,193,118,164,22,46,107,15,114,20,26,117,47,87,63,30,193,186,115,18,43,55,38,49,185,83,193,89,51,108,115,43,116,189,190,185,141,109,18,33,164,188,167,37,18,47,70,48,158,188,19,37,181,10,107,81,184,100,134,42,52,30,47,33,114,32,141,12,76,89
8,171,159,2,165,187,35,72,149,112,74,196,64,9,16,61,105,58,137,99,137,45,128,144,64,44,93,34,176,73,2,41,53,40,72,45,140,98,198,155,86,91,72,101,174,173,137,170,136,35,125,2,35,65,61,177,172,80,53,151,91,90,177,45,77,73,9,122,155,53,136,132,192,156,5,160,66,159,101,187,21,54,157,156,104,28,103,25,187,173,182,65,65,21,145,187,8,175,155,40,189,127,17,63,183,126,181,18,142,87,23,131,189,48,23,191,81,79,162,32,131,141,48,96,147,179,188,123,134,111,39,113,6,18,48,15,96,131,94,127,96,189,199,23,152,96,0,29,26,110,123,31,96,146,26,70,185,23,118,109,189,166,30,181,130,11,110,116,127,102,33,89,32,152,37,94,71,18,127,108,121,38,33,97,4,89,143,138,39,47,134,30,51,148,56,38,33,115,100,0
187,144,128,53,124,5,178,74,165,196,53,144,57,82,159,74,119,180,57,172,105,58,157,175,192,58,5,91,80,178,24,50,21,91,196,159,3,124,154,60,137,103,60,119,91,104,174,192,14,198,161,182,65,54,154,135,165,124,133,140,157,34,85,45,86,80,192,3,161,72,149,122,176,198,151,82,175,27,64,135,73,178,25,125,3,192,104,125,57,128,91,93,154,173,65,171,74,73,9,5,115,19,107,59,36,131,33,97,76,47,130,75,0,39,183,109,199,56,129,190,83,75,31,19,79,113,20,193,42,19,185,79,162,183,191,81,127,31,169,31,18,6,87,162,116,63,22,191,109,179,114,87,79,89,46,153,123,141,141,108,191,111,158,183,147,32,183,110,0,193,6,110,114,111,169,147,116,183,134,29,169,11,126,126,10,89,141,75,185,143,186,191,83,191,100,48,4,76,134,126
54,165,196,58,25,5,86,139,95,155,14,35,196,99,5,86,103,53,64,64,40,139,195,98,13,2,105,88,177,58,195,53,93,44,104,92,128,145,91,103,68,64,105,192,72,150,95,45,40,61,198,104,65,112,151,105,170,60,16,195,161,16,72,173,197,174,105,93,9,27,25,35,192,149,3,88,154,57,57,163,45,150,80,53,85,195,72,3,135,187,99,103,135,104,156,155,139,133,27,41,38,33,87,193,76,168,131,84,96,55,43,129,84,143,167,131,0,11,46,84,138,31,89,10,118,110,7,168,4,12,108,19,100,199,96,199,107,30,121,113,12,55,153,110,26,111,51,143,146,94,97,188,37,185,37,11,126,148,181,117,30,146,191,167,97,168,148,43,38,69,89,76,83,127,186,81,164,164,143,83,183,79,48,179,148,116,39,118,193,4,109,153,185,51,117,36,184,114,39,113
27,112,93,3,177,62,145,140,64,92,34,24,72,176,68,135,197,170,80,139,112,170,159,160,192,98,35,161,5,195,61,124,154,161,53,90,41,105,90,95,171,16,57,92,133,136,180,85,74,161,194,95,171,90,65,13,24,145,25,1,25,95,57,187,176,139,174,174,41,78,132,98,68,21,58,139,73,86,112,5,98,2,68,180,128,78,103,145,182,61,73,137,176,192,154,180,139,62,27,104,181,70,71,183,29,75,59,199,126,96,130,84,100,19,129,55,32,115,188,131,164,114,106,59,19,113,97,29,184,117,23,190,20,49,43,7,33,52,31,106,89,18,169,162,0,169,12,39,142,76,102,37,43,138,81,56,111,79,143,6,32,22,23,37,46,100,31,79,153,49,166,191,81,89,39,59,158,190,113,22,29,39,138,52,49,76,79,126,69,168,29,138,94,141,33,169,11,190,11,36
57,98,21,133,3,196,144,145,91,136,182,8,24,13,125,150,40,105,136,62,156,61,135,157,165,144,82,78,3,124,8,93,86,65,16,139,24,101,192,58,195,154,155,137,171,86,165,163,161,165,74,67,1,44,120,65,157,62,90,137,155,73,178,192,187,74,120,90,16,176,150,151,41,105,133,196,13,64,60,104,172,133,54,24,182,78,34,1,35,5,74,45,74,16,14,73,165,62,3,82,189,55,143,114,102,153,10,130,19,31,37,111,108,19,143,142,56,121,108,11,20,17,126,43,130,164,18,84,167,188,191,48,4,7,148,126,0,123,43,183,79,199,190,4,15,56,38,148,181,199,179,11,42,141,20,22,110,127,84,15,191,29,190,97,63,42,89,39,141,59,188,199,71,179,75,126,190,138,94,184,87,42,52,75,87,96,111,75,89,94,83,26,15,181,15,0,169,188,75,118
172,192,8,104,135,170,68,144,62,93,9,101,173,41,165,58,54,34,24,182,156,85,171,85,3,34,61,65,99,92,155,104,175,45,85,105,54,150,157,195,57,67,95,139,195,160,72,157,35,9,139,122,13,165,80,137,67,182,93,151,77,136,2,73,24,90,95,174,177,24,41,187,194,155,25,196,21,13,92,53,92,68,72,149,77,145,171,60,194,177,149,192,1,160,161,187,135,78,178,73,33,51,143,115,152,84,116,30,36,84,123,126,115,191,75,134,110,106,84,181,181,118,188,146,189,114,130,126,26,18,190,134,56,0,76,134,36,121,118,114,143,127,167,81,199,6,97,31,183,70,111,118,158,18,186,10,96,75,168,6,115,117,23,59,32,84,116,30,37,141,31,0,52,148,115,115,127,32,169,106,4,42,142,116,75,130,20,106,166,102,11,47,4,19,184,115,131,33,162,81
178,149,62,155,171,13,64,195,155,104,198,104,72,64,95,177,68,82,14,25,157,25,136,112,103,124,16,198,198,9,72,136,95,172,145,172,93,103,176,171,187,25,5,44,101,103,91,67,157,95,1,197,124,62,101,195,88,182,196,177,105,41,154,171,74,24,140,178,182,92,197,34,57,78,135,161,25,65,57,119,9,137,13,197,45,187,155,180,182,192,150,133,178,40,178,14,65,50,178,105,33,134,0,147,142,108,134,111,130,166,148,131,49,191,106,121,37,52,152,96,49,81,166,47,184,30,6,48,153,164,118,19,185,143,79,6,146,148,96,117,11,153,110,118,189,147,127,189,118,22,153,15,22,56,43,167,114,110,96,193,56,22,147,79,12,42,83,15,158,47,6,0,22,83,179,4,146,4,75,110,69,185,148,71,26,59,129,22,186,111,115,164,162,107,33,130,0,108,191,131
139,85,90,61,9,172,92,165,60,171,165,86,128,170,25,57,101,176,77,5,180,105,61,194,122,137,40,145,144,105,24,170,180,174,171,66,21,88,125,3,165,149,132,194,95,159,125,67,174,178,196,119,34,135,85,105,165,187,151,139,135,25,178,90,78,104,54,198,35,73,154,177,45,93,196,160,165,95,151,159,180,62,92,24,165,161,67,85,144,132,72,192,98,172,151,90,136,90,93,163,63,146,109,29,102,4,129,129,89,37,46,18,117,96,76,84,83,83,148,83,186,75,31,152,11,83,143,183,115,134,83,29,19,11,102,37,75,36,43,43,106,15,164,138,110,115,106,46,89,84,102,113,113,167,169,138,186,38,116,130,185,110,71,42,110,4,30,84,76,29,116,109,63,115,166,118,83,31,47,11,94,110,19,138,31,20,39,0,148,185,84,190,87,69,6,12,131,51,79,166
101,21,112,192,128,104,82,157,77,74,125,73,133,90,93,104,112,88,175,1,1,132,60,5,197,65,161,119,101,145,171,194,124,105,122,74,128,187,28,139,124,104,85,67,92,119,13,62,196,78,101,194,119,178,91,16,176,95,95,35,8,13,195,187,95,159,41,25,155,125,54,34,195,24,198,72,150,1,58,85,13,178,161,98,25,163,93,72,128,67,13,145,140,173,35,151,178,154,176,197,114,130,100,162,109,191,84,189,131,134,87,109,63,130,127,36,31,49,168,121,55,75,10,118,143,4,162,37,118,12,106,52,4,129,10,127,51,107,115,19,115,148,193,30,141,46,33,152,83,33,117,43,166,63,94,111,36,123,84,164,109,152,33,193,188,48,76,83,17,87,22,121,42,193,106,20,31,87,148,190,143,76,130,184,46,148,110,70,51,75,129,191,7,158,15,118,186,183,83,118
198,119,163,93,105,156,98,122,163,58,154,80,149,64,35,149,91,150,86,2,91,135,35,144,159,172,88,180,41,78,125,41,62,2,93,149,86,196,172,196,178,101,14,41,66,62,150,124,122,90,171,137,88,21,67,73,120,157,139,34,105,68,68,135,13,67,78,16,1,136,1,157,120,88,192,155,172,34,66,82,54,137,136,187,67,80,13,67,98,41,136,85,14,105,68,187,198,91,145,27,107,46,71,7,31,179,0,59,186,141,79,183,96,100,7,29,131,114,116,152,199,59,97,6,169,48,152,116,127,162,11,84,113,33,37,10,19,118,102,166,181,55,164,20,22,83,121,183,71,97,110,23,18,48,158,199,153,109,115,30,52,146,20,81,189,46,84,75,79,46,183,84,183,83,131,31,89,100,23,37,31,4,127,89,185,96,51,169,141,4,114,55,83,189,138,108,94,79,111,185
50,86,67,170,99,5,161,176,41,58,128,28,112,120,178,9,86,175,187,160,78,77,41,171,9,155,58,35,5,163,112,174,80,101,155,173,88,163,163,80,99,86,65,5,24,50,105,78,197,34,21,157,3,77,72,99,160,8,99,8,105,105,13,105,41,196,93,175,119,73,86,28,128,35,171,99,68,128,195,140,104,90,198,35,28,140,98,28,128,195,68,82,125,174,120,198,149,196,3,149,134,33,152,148,141,186,148,106,84,110,56,19,15,37,190,113,23,23,121,81,146,167,118,147,134,87,83,106,191,70,188,69,116,75,12,96,96,121,94,51,190,134,126,71,84,96,29,199,32,162,26,33,115,81,146,84,138,191,31,19,100,126,142,30,70,167,143,185,46,36,113,102,69,49,189,30,142,33,69,118,179,11,147,46,94,18,76,142,121,89,116,134,100,100,97,116,181,43,189,42
80,3,139,155,16,86,105,50,78,157,5,25,82,136,160,170,177,8,88,159,122,161,80,180,105,197,67,176,136,178,174,5,122,103,53,50,85,157,65,41,192,35,72,54,77,68,54,90,176,159,119,68,8,14,157,151,150,60,160,173,90,139,136,85,74,13,53,176,176,53,50,93,86,24,60,54,194,160,77,133,161,27,85,171,58,198,44,45,53,194,34,176,86,105,82,85,160,172,197,149,31,17,43,22,11,114,109,190,29,193,199,118,181,7,108,114,48,129,164,52,55,32,30,116,81,7,114,59,162,47,84,141,186,19,22,107,96,127,118,118,56,19,81,63,116,37,76,134,117,146,106,193,115,31,123,164,142,79,169,123,141,59,123,111,114,126,19,114,110,134,190,146,147,129,22,29,199,32,107,56,193,76,94,164,100,179,100,117,26,184,189,37,123,153,106,59,110,109,102,30
104,67,61,155,62,50,196,145,160,180,27,9,27,27,66,66,68,80,163,78,99,62,160,192,198,8,93,3,172,128,149,45,85,144,137,180,177,119,60,171,165,120,122,157,72,57,178,28,25,77,8,64,24,1,178,197,95,45,101,66,54,78,165,140,182,165,21,62,133,177,74,157,177,150,177,135,135,98,9,72,156,171,174,165,122,77,64,171,103,159,182,60,194,53,98,144,1,170,124,122,138,19,39,131,26,185,100,179,32,51,70,102,142,32,109,97,118,71,84,70,96,15,108,110,186,138,42,115,36,181,46,30,107,188,23,71,17,15,138,23,42,108,106,97,184,32,118,96,143,42,39,129,70,108,63,142,18,63,110,0,141,131,39,83,109,186,143,191,188,108,186,158,127,55,116,117,153,48,42,63,184,47,164,130,15,30,83,189,143,188,76,49,117,71,87,127,43,31,55,111
88,50,85,192,133,85,28,180,125,34,24,28,44,1,105,45,54,125,13,5,149,67,5,187,101,101,163,45,66,66,161,61,72,103,44,155,65,105,145,155,154,198,104,8,66,161,21,161,73,174,34,135,88,27,9,73,182,28,157,128,95,61,125,195,13,144,139,150,196,135,120,66,92,172,40,174,195,178,194,54,16,125,72,44,144,132,65,174,144,171,122,197,122,149,136,45,98,175,64,86,89,138,109,130,114,26,46,63,111,188,102,0,31,110,102,19,141,142,146,108,83,186,184,10,55,79,117,75,108,138,97,115,29,185,69,110,130,75,123,55,116,167,39,83,184,108,183,152,121,138,75,131,10,69,106,11,48,31,38,147,84,18,52,79,188,30,190,116,188,143,185,36,134,129,114,19,70,0,37,118,127,189,109,4,164,97,96,30,118,146,47,114,97,75,106,87,164,162,129,55
136,14,9,192,67,101,16,35,9,151,128,27,73,78,24,137,170,13,92,137,175,91,157,149,68,50,34,182,154,13,14,54,177,155,124,40,173,119,192,78,25,27,194,67,135,133,3,151,195,3,163,103,77,68,180,161,25,157,1,28,3,65,145,182,65,67,171,50,98,8,156,173,165,95,198,66,54,112,120,2,119,73,175,5,45,5,27,150,139,160,198,172,80,92,98,65,24,25,125,198,87,147,37,199,116,36,168,49,11,188,166,48,126,117,15,117,117,117,38,126,31,71,129,11,39,186,30,146,108,143,186,26,7,102,141,147,191,76,189,69,184,143,131,87,111,59,109,100,29,33,113,116,38,114,22,127,71,114,191,81,184,115,162,19,166,118,37,184,148,59,115,181,30,106,126,181,97,51,153,87,49,47,79,75,115,22,142,0,185,191,51,134,43,193,89,181,143,55,75,167
177,68,88,95,93,35,139,105,112,173,44,13,40,24,60,62,176,128,120,103,25,122,98,82,103,88,133,154,156,136,62,95,13,128,144,120,93,13,175,101,40,60,163,195,91,150,178,112,132,3,112,182,174,9,61,140,93,197,195,192,145,103,99,135,160,160,124,103,91,170,124,178,124,149,159,197,144,195,27,21,24,154,196,122,27,95,2,197,103,150,68,9,135,44,165,177,34,124,95,24,11,110,71,193,189,38,199,117,79,193,158,47,22,117,179,63,100,52,89,32,102,20,116,141,115,36,129,46,30,43,81,117,97,117,147,22,190,148,26,38,12,199,199,59,52,49,29,70,38,123,43,117,126,193,7,75,109,33,4,42,79,29,19,153,109,51,158,70,48,20,6,102,70,97,83,30,184,147,84,19,111,199,48,71,17,184,169,184,75,38,10,168,69,148,15,56,43,190,36,70
62,5,140,99,2,175,34,175,50,194,154,198,60,24,177,67,180,198,196,128,154,53,160,172,60,88,13,154,77,99,73,196,174,180,187,161,9,144,177,101,73,28,64,156,5,124,80,112,74,35,90,21,137,175,197,192,172,133,68,176,139,112,135,135,27,197,136,187,151,197,163,35,150,137,173,58,73,44,5,98,34,163,176,40,90,93,99,140,68,145,165,128,60,180,41,171,13,112,104,112,96,70,143,188,76,46,32,71,33,129,142,43,167,118,20,193,117,0,55,166,84,63,107,113,79,84,32,126,191,10,108,59,115,76,126,42,48,142,188,164,81,83,89,39,143,7,164,39,63,7,168,116,47,20,31,134,75,110,15,12,59,71,15,83,166,121,199,52,71,142,168,49,106,32,184,46,141,190,31,26,10,162,130,29,26,146,46,183,32,10,70,188,4,18,22,23,123,48,31,26
27,72,24,112,78,105,161,195,44,92,85,67,41,44,95,178,14,90,34,60,40,80,66,119,68,64,104,92,140,105,192,68,159,82,66,73,40,195,178,151,13,133,112,155,88,80,5,98,73,98,2,66,157,159,165,155,14,68,175,122,24,8,132,149,177,156,101,133,140,40,182,174,74,170,145,62,195,58,92,174,103,93,159,187,165,104,154,25,14,173,62,60,78,105,82,50,182,35,187,145,146,106,118,94,147,94,106,134,141,10,100,118,59,97,39,32,94,29,30,142,71,83,148,18,48,138,97,130,186,169,113,43,12,199,100,181,106,158,107,63,0,38,130,110,6,169,76,26,75,22,20,186,164,42,79,47,147,4,55,153,70,115,23,131,18,190,49,12,79,158,18,38,83,17,18,190,107,115,153,84,87,46,97,138,71,188,166,106,141,168,76,121,52,71,19,117,7,138,4,169
174,64,154,198,1,86,99,196,173,24,91,80,40,133,45,104,88,5,54,194,159,40,54,13,132,119,135,1,163,136,170,53,90,73,128,45,156,104,14,137,194,172,159,77,178,3,53,66,171,2,8,172,177,151,91,165,192,85,103,124,139,53,174,9,101,5,44,174,156,145,149,25,151,5,58,176,40,73,160,25,13,53,86,90,50,98,178,67,128,41,145,64,62,74,41,14,13,88,9,137,10,152,162,23,23,29,6,131,51,17,37,185,23,126,126,131,116,130,69,183,29,162,49,148,36,75,51,49,141,7,23,153,164,129,158,142,181,32,111,169,106,188,30,96,83,69,102,127,20,169,15,15,127,184,76,18,181,117,33,184,19,168,15,51,10,71,179,11,0,59,116,12,121,83,131,38,96,181,110,75,100,52,26,185,189,134,183,47,189,59,10,33,6,189,102,42,115,97,36,36
25,78,197,13,3,176,159,34,98,170,103,119,50,170,112,163,80,82,103,192,67,65,124,41,160,160,44,144,98,132,78,103,53,53,54,155,80,13,45,88,155,136,136,1,187,8,88,128,90,50,66,154,95,90,21,160,65,5,27,86,132,192,34,99,175,180,125,103,155,80,139,119,125,92,105,78,182,154,95,77,50,67,1,40,53,61,172,41,9,73,13,2,175,135,35,128,40,154,150,197,15,33,51,138,46,84,148,146,121,189,11,148,83,38,126,7,127,51,0,76,169,106,190,141,96,38,146,114,32,162,147,123,52,153,143,181,11,190,110,148,49,111,193,131,168,6,48,199,79,190,49,167,20,146,183,46,48,97,33,107,152,31,113,115,69,22,143,115,142,15,17,121,15,199,81,11,18,113,189,76,22,185,87,84,75,102,138,193,162,152,108,184,152,22,183,110,113,183,30,184
145,14,178,50,180,99,122,194,88,139,145,198,197,2,180,159,161,13,174,91,93,98,175,132,3,187,85,58,3,9,159,86,99,136,21,172,173,21,99,68,144,24,154,163,93,45,77,175,140,9,163,174,50,174,67,64,133,67,178,133,182,151,157,88,187,122,5,90,154,198,135,95,25,198,65,92,54,58,53,192,44,25,40,65,88,27,82,25,154,27,1,82,80,68,5,154,95,176,95,85,7,97,110,146,71,63,147,55,199,29,84,18,118,79,33,181,106,11,141,190,48,106,12,111,96,55,100,193,42,184,75,164,121,130,43,152,70,158,118,31,114,96,23,116,38,191,39,52,153,33,164,37,83,7,96,190,100,94,23,69,146,31,33,31,107,18,166,191,148,106,191,69,32,89,153,117,116,199,48,152,118,43,190,168,109,87,108,11,48,169,0,107,11,134,186,111,189,31,36,110
151,73,54,103,25,45,3,151,67,78,104,53,99,44,180,80,177,128,9,50,34,197,80,172,112,157,140,165,60,161,68,90,88,8,21,25,1,195,125,112,14,192,157,99,78,173,172,95,159,21,157,80,98,67,192,163,99,125,132,157,196,149,105,99,103,178,9,2,72,182,105,155,95,85,53,61,174,128,163,159,165,66,90,34,160,163,128,187,58,34,14,120,136,173,2,101,195,88,58,196,96,11,181,76,29,26,143,22,143,46,69,42,20,7,141,142,191,11,111,147,17,17,100,18,52,97,81,47,185,158,81,183,37,15,84,22,96,47,33,107,193,167,36,138,18,48,102,127,42,121,30,184,12,37,30,118,146,162,146,22,123,191,20,164,31,186,76,69,29,56,143,38,69,87,37,75,107,110,143,138,184,106,179,146,39,129,184,148,20,121,23,17,193,185,118,107,12,26,191,123
135,144,105,72,13,21,95,25,27,101,175,40,66,104,13,122,50,180,195,196,98,119,151,90,93,156,163,98,160,177,172,197,27,57,101,65,176,50,24,3,171,139,163,57,54,137,140,172,2,165,159,80,128,128,135,173,175,157,95,34,57,41,175,151,98,64,144,155,13,21,50,170,192,137,80,62,196,196,149,122,53,67,192,73,161,144,124,80,155,93,45,45,5,150,103,122,135,135,82,66,169,179,162,29,179,134,31,127,32,185,147,116,102,70,199,83,189,26,43,94,10,193,29,130,43,76,167,164,153,22,52,48,49,130,188,168,147,142,183,184,97,186,10,42,126,185,26,81,199,47,22,37,89,107,190,118,56,118,19,152,162,7,18,164,190,115,56,37,17,118,11,10,22,47,102,184,79,47,63,52,6,32,48,188,39,146,52,51,31,33,108,32,12,75,36,4,7,7,106,84
21,28,156,67,57,2,1,135,165,40,16,196,125,58,44,67,60,194,67,112,128,9,13,8,13,92,50,92,165,35,90,105,90,132,77,45,28,145,53,13,197,103,177,182,195,195,40,34,88,54,105,159,104,62,145,176,66,2,170,197,67,77,62,170,92,64,85,62,58,40,2,182,112,14,149,160,192,151,91,54,13,2,124,101,135,41,170,197,62,3,92,174,95,172,105,128,133,103,198,82,10,30,20,79,30,55,123,189,126,38,188,39,83,55,15,43,87,179,185,69,18,158,152,186,188,20,126,113,143,55,131,108,110,42,59,33,141,17,36,162,36,148,147,121,116,127,147,166,63,32,169,183,185,70,43,10,193,10,47,126,63,33,123,49,30,166,87,22,43,89,109,116,116,110,123,110,19,169,37,31,123,115,15,49,191,75,146,141,11,152,15,188,117,33,114,158,59,17,37,129
182,64,174,145,174,157,88,34,68,93,178,104,78,44,160,77,98,187,101,105,85,45,151,77,175,82,197,161,50,122,50,58,54,62,78,21,65,159,74,27,61,21,98,192,119,157,68,196,125,99,3,171,182,178,67,103,161,99,119,161,150,68,91,73,13,154,165,54,151,133,120,92,139,92,125,178,50,99,72,35,73,174,57,74,157,95,99,196,44,112,132,85,135,13,103,45,125,160,44,145,69,18,10,123,143,146,81,47,166,188,31,115,158,19,81,138,59,12,20,116,162,166,148,33,48,138,71,49,69,118,188,183,153,146,52,100,56,23,22,116,138,126,117,20,89,83,190,47,110,189,164,76,102,102,10,146,17,167,153,94,185,183,96,69,193,106,94,48,164,166,0,6,31,89,33,199,169,22,79,30,111,166,87,193,39,190,55,107,183,70,127,126,59,188,129,84,84,97,138,190
98,72,135,1,78,91,139,163,120,50,154,120,182,88,98,86,68,35,62,160,8,82,24,60,176,124,137,135,8,198,24,136,95,9,90,80,172,124,105,27,34,90,34,137,112,155,173,62,175,28,177,73,196,144,40,13,151,157,180,95,124,5,170,28,14,5,159,27,192,5,156,24,35,150,195,165,2,172,180,2,65,155,187,58,93,9,8,14,66,157,16,68,60,5,132,68,92,53,13,41,46,111,71,143,189,20,127,158,100,114,181,123,109,30,127,162,33,142,102,46,189,11,166,117,42,142,71,123,127,55,20,181,4,169,126,193,47,56,19,89,167,106,166,43,31,38,189,111,6,117,148,106,179,43,55,190,153,147,158,147,79,166,63,6,193,102,69,126,113,148,30,36,96,10,75,110,158,109,169,39,126,30,97,116,89,188,18,114,10,138,114,42,76,12,47,10,147,148,190,94
135,41,149,13,171,44,180,133,137,172,93,66,44,57,150,2,180,2,99,135,125,156,21,105,99,151,192,40,173,3,177,159,112,144,122,78,128,104,85,137,9,151,157,137,149,175,66,9,66,64,171,177,44,95,159,25,28,99,144,88,154,14,154,175,198,135,135,170,155,58,165,120,133,163,119,174,44,14,119,86,73,182,21,45,90,120,57,14,149,145,165,192,25,177,45,196,132,98,161,192,4,30,121,193,169,97,11,121,184,191,185,51,168,111,118,164,70,186,39,111,29,164,15,141,94,109,30,69,190,185,106,110,18,166,0,110,123,189,131,52,183,83,84,123,89,164,96,118,33,193,110,59,17,30,20,183,31,186,26,129,63,189,108,181,4,141,33,12,39,152,75,143,36,168,49,183,199,113,26,127,167,0,51,15,179,37,7,37,70,94,55,115,166,110,115,115,11,4,19,121
122,178,145,65,104,160,180,99,165,151,35,160,150,66,128,93,66,78,170,61,171,34,171,60,66,82,2,50,85,67,156,85,27,58,175,44,1,149,65,78,112,170,21,124,16,8,139,139,25,25,21,45,14,85,151,161,136,198,135,27,120,60,58,171,45,154,62,150,124,122,80,177,72,3,24,194,14,82,175,61,25,151,2,67,57,40,13,82,163,177,35,73,74,163,67,187,133,9,145,112,141,38,130,153,167,152,100,166,106,29,49,32,186,31,123,153,37,190,6,22,146,32,107,181,166,56,164,106,55,113,169,84,110,15,52,123,168,107,102,33,111,32,55,167,166,75,33,55,87,190,32,76,129,183,12,147,118,153,94,164,185,148,118,114,71,142,186,166,181,63,89,164,52,142,59,130,162,193,109,0,126,121,76,11,147,143,15,107,123,46,76,111,100,100,46,96,115,17,184,121
174,157,9,171,105,119,177,14,120,44,165,14,125,9,197,157,35,35,1,197,86,159,61,195,92,27,174,72,45,41,68,122,104,128,151,151,178,178,34,177,144,98,85,41,104,139,156,86,5,16,78,3,178,98,172,61,61,25,41,40,24,60,72,65,172,133,132,177,80,1,88,74,60,25,34,21,144,165,66,73,170,80,40,124,172,99,156,91,64,34,61,41,93,41,136,132,160,176,150,137,162,69,22,33,37,26,188,75,121,193,141,138,19,31,19,7,69,26,49,184,43,18,7,130,4,184,0,17,26,89,36,20,181,141,199,121,76,114,143,106,100,100,181,199,110,75,126,79,118,56,146,84,46,117,181,48,87,38,185,48,70,117,166,108,190,141,162,179,118,42,52,47,168,183,181,181,52,36,118,97,126,190,38,143,18,162,102,111,141,23,42,114,22,19,49,116,39,142,147,142
159,58,155,86,187,1,73,72,195,156,137,103,64,92,82,5,194,50,192,194,95,182,132,176,182,174,57,24,105,82,14,128,180,21,5,139,64,66,144,157,99,175,61,194,194,13,25,133,35,73,192,165,151,53,92,154,62,176,178,44,40,140,9,73,163,77,136,160,156,135,135,194,72,3,128,73,182,182,192,2,57,64,14,163,187,41,135,72,175,34,73,72,135,95,139,28,13,74,40,175,46,39,63,37,0,71,117,108,185,56,56,179,30,167,188,46,63,96,70,7,0,48,199,43,152,84,143,36,110,75,59,106,84,15,121,17,148,117,30,38,19,189,26,184,76,71,167,168,89,183,109,130,199,49,52,148,146,70,46,46,87,190,7,110,109,30,48,83,113,116,181,109,94,79,26,89,164,109,189,0,37,38,17,83,162,49,89,183,168,158,56,116,43,114,56,39,147,59,55,102
74,25,101,91,174,135,125,64,133,182,50,178,82,58,67,58,54,65,60,80,159,154,171,60,65,85,178,133,45,65,128,101,174,173,64,194,103,9,133,149,72,5,14,28,175,61,196,197,66,21,133,197,25,64,172,177,198,171,132,65,93,172,98,171,41,13,85,170,170,50,27,165,61,74,135,82,140,92,194,122,124,28,180,144,72,2,54,85,53,198,98,172,173,91,80,155,120,180,14,14,49,17,52,183,15,184,179,199,81,32,146,7,97,108,100,71,76,46,183,33,87,123,94,97,43,147,52,167,191,31,11,83,56,121,138,193,106,115,32,111,12,59,79,123,38,87,162,141,117,11,63,87,19,87,123,121,48,26,102,83,52,71,121,110,19,185,11,118,110,168,18,84,167,168,118,116,18,79,131,134,185,87,100,131,115,134,84,199,17,131,23,143,130,166,20,138,42,148,100,107
66,157,16,82,122,93,139,180,54,149,124,119,182,57,41,28,198,95,177,92,62,61,178,174,120,58,54,157,155,170,104,77,9,57,155,67,198,125,104,180,165,73,54,40,45,21,91,67,58,150,119,149,198,157,66,135,196,45,57,197,139,124,140,145,91,133,120,45,196,91,177,5,9,5,99,180,68,174,54,90,9,196,198,132,9,98,98,105,21,74,155,2,72,144,155,68,163,163,61,140,76,167,70,183,127,130,146,111,48,52,51,43,23,100,107,15,94,49,184,127,106,185,84,102,79,75,97,63,19,164,127,147,19,191,89,75,121,153,117,115,117,17,153,110,51,59,97,42,117,107,186,10,23,126,152,114,108,117,26,29,31,17,130,31,32,131,51,70,11,75,10,142,20,123,23,63,36,153,56,37,97,102,115,109,63,191,169,164,56,12,43,22,106,115,79,109,79,190,19,153
176,178,1,3,34,135,156,196,176,112,151,74,44,24,182,68,45,140,112,182,155,171,99,73,124,99,5,65,170,16,171,122,67,66,16,27,196,194,80,150,3,103,67,150,35,57,53,103,61,192,2,53,157,74,93,90,154,140,54,58,62,139,172,45,58,5,78,157,145,45,13,35,44,13,151,67,74,53,174,35,139,86,77,28,120,60,95,24,74,68,86,176,9,170,77,86,95,85,60,144,158,42,117,37,83,184,111,115,59,131,146,39,142,11,63,153,48,164,70,97,130,39,10,4,48,15,0,121,22,138,108,47,114,113,164,75,52,56,97,117,190,100,55,22,51,94,164,129,191,38,100,12,37,32,162,121,59,71,131,100,107,153,123,126,116,39,59,97,15,186,31,89,47,47,131,111,71,179,121,71,63,43,186,110,71,117,4,46,189,63,102,30,127,52,114,23,79,87,89,49
197,139,145,105,61,160,16,14,137,50,58,165,66,66,137,163,178,170,156,80,165,156,45,98,58,91,194,35,132,16,175,3,45,180,40,40,103,192,144,9,53,159,178,119,144,73,171,80,198,35,151,112,149,135,25,9,195,3,156,13,74,44,9,68,194,50,174,178,1,177,197,173,65,73,86,192,124,82,24,25,132,133,61,154,103,137,177,112,125,104,65,85,14,13,149,61,195,175,157,176,185,96,63,79,108,142,32,158,71,118,79,188,126,199,36,153,10,127,153,63,186,111,55,109,107,147,23,37,100,188,47,153,94,96,47,143,193,152,33,10,26,130,33,186,184,59,153,38,17,37,115,184,130,106,46,142,142,169,190,59,130,81,134,97,102,188,199,130,33,190,36,181,167,148,0,23,17,51,75,181,118,191,84,19,121,108,108,109,191,109,111,47,121,111,20,43,121,188,115,55
119,80,122,93,16,124,85,159,40,180,196,2,124,90,156,178,57,80,120,165,165,176,73,2,86,171,120,196,163,182,74,197,171,8,28,74,195,65,103,128,5,177,112,34,91,1,99,93,9,178,25,91,74,132,67,195,65,93,145,122,80,90,150,182,172,172,120,28,44,171,139,44,176,35,78,151,125,103,174,104,159,196,139,88,50,64,128,53,177,122,80,163,136,74,187,1,44,74,62,140,115,37,19,126,23,11,111,107,123,63,158,56,96,81,191,143,158,102,7,42,148,42,48,87,18,69,38,7,162,22,19,37,51,49,146,79,189,81,56,6,113,29,152,100,97,179,118,113,6,191,43,127,96,146,87,7,30,0,115,39,0,110,109,168,55,114,130,26,52,84,148,121,185,75,84,17,19,20,26,193,96,116,181,15,51,70,147,79,142,46,126,123,0,141,148,183,75,29,167,59
101,68,122,124,159,140,157,165,197,180,54,160,171,68,50,180,85,174,80,174,95,41,171,163,155,139,16,172,5,139,151,16,14,9,25,120,170,74,93,112,8,124,91,161,65,73,64,173,177,13,91,198,178,2,98,24,135,92,163,27,78,137,125,195,128,53,144,187,151,177,50,174,160,170,177,25,136,68,41,8,177,173,92,65,124,66,35,176,95,195,82,145,156,195,25,74,72,92,86,14,79,167,76,51,56,186,148,23,49,0,193,115,127,146,18,111,129,7,143,76,190,71,162,138,179,184,164,97,188,76,84,39,152,20,138,152,123,115,130,49,49,138,33,186,63,71,59,164,111,153,191,0,146,7,146,168,38,102,162,141,158,148,123,123,162,26,37,87,114,32,162,110,193,69,48,162,19,148,96,110,49,26,121,46,81,87,17,108,116,18,199,71,29,75,10,7,199,168,89,51
157,194,40,182,101,170,74,34,80,74,68,122,161,128,77,57,128,165,5,176,140,144,77,45,27,104,177,61,195,195,173,161,112,139,40,78,85,28,62,192,173,145,105,58,73,77,132,192,57,41,80,85,9,137,74,135,67,192,93,13,86,112,25,136,93,137,62,72,21,154,132,16,16,135,133,35,41,160,58,172,120,178,161,196,92,161,35,74,150,90,112,93,122,73,91,182,192,137,178,93,70,42,63,52,42,26,4,142,84,32,193,71,131,43,114,71,116,4,153,4,10,116,185,148,134,33,191,126,31,36,158,32,17,79,39,36,199,56,186,70,117,147,49,110,143,111,46,188,110,32,96,11,15,138,76,131,117,36,123,108,162,199,190,129,48,42,52,39,118,84,43,127,193,26,71,20,89,96,47,130,117,115,51,96,11,43,162,152,6,32,142,121,186,70,146,46,185,129,23,84
139,161,135,180,44,165,98,98,40,9,93,21,28,74,16,16,72,161,137,160,175,124,16,5,85,136,144,57,68,187,144,73,50,58,196,92,151,133,67,3,78,174,165,54,95,145,124,104,133,178,9,98,16,119,99,165,27,53,151,156,195,159,132,93,154,104,157,195,25,13,139,5,132,67,45,45,62,105,2,133,61,72,57,192,101,66,157,176,68,44,24,62,120,24,157,57,62,57,182,161,37,158,167,142,123,33,32,106,148,56,59,4,42,11,191,110,146,4,126,152,19,51,84,26,129,83,184,83,89,115,131,15,43,126,184,39,22,117,84,181,43,94,17,188,108,51,130,167,106,42,31,32,186,71,118,107,189,79,32,39,115,29,114,52,118,46,17,130,43,110,38,49,183,46,153,47,46,102,37,69,146,10,190,108,22,153,152,186,47,191,79,118,188,188,59,131,32,43,142,18
105,2,182,156,9,165,163,62,195,54,60,197,64,88,93,72,171,194,187,180,170,159,171,112,120,64,61,78,170,171,98,119,150,65,128,68,73,178,128,180,103,64,44,8,5,1,90,159,2,174,125,82,156,90,178,90,182,198,156,163,112,99,160,62,93,80,16,165,150,54,24,196,24,88,132,128,197,112,98,95,196,61,1,90,14,27,197,54,157,194,53,93,57,198,170,198,196,9,99,180,186,167,106,127,117,63,108,166,30,23,109,166,32,109,12,138,55,83,56,63,181,18,190,89,183,185,110,189,63,148,6,83,189,148,79,22,79,59,109,71,84,121,30,36,76,42,130,15,110,63,130,186,188,84,109,43,79,49,152,36,166,17,115,164,131,190,83,123,71,148,114,106,75,15,147,42,48,114,29,83,76,84,52,162,183,191,129,52,131,169,152,116,10,138,111,71,117,18,56,168
85,171,24,165,24,159,44,195,151,160,77,137,165,192,136,105,155,154,64,139,53,173,112,58,21,90,65,174,95,178,40,77,74,174,176,8,149,72,136,85,170,133,135,159,98,157,105,150,195,44,72,139,8,92,68,101,178,156,180,194,144,149,103,73,171,171,28,14,155,99,9,73,170,155,160,104,21,53,149,120,44,27,161,44,80,9,172,24,157,1,151,133,50,65,25,182,78,182,140,124,12,185,129,143,186,190,4,71,143,69,127,123,36,46,30,181,107,110,4,167,70,15,117,46,138,153,113,70,184,51,51,185,46,183,181,20,51,129,46,31,117,0,83,71,31,158,79,48,181,131,100,47,100,186,31,102,181,43,189,117,153,126,26,32,162,56,56,152,30,17,190,109,158,97,121,48,70,10,4,193,56,127,131,127,76,109,127,131,38,166,110,37,186,129,39,75,56,191,191,146
161,165,62,145,67,104,60,156,136,197,145,119,140,135,125,195,165,65,92,122,80,151,68,14,151,82,95,90,132,2,50,86,144,133,180,105,61,5,112,103,24,161,163,45,50,80,95,156,13,157,44,187,61,112,197,124,82,73,156,120,73,195,92,105,93,2,98,178,172,175,25,150,41,90,180,104,172,135,57,64,173,195,165,157,50,67,9,28,140,137,95,9,2,105,86,144,154,72,197,3,108,108,55,134,130,56,142,126,153,141,168,22,30,169,6,52,189,89,26,15,76,147,55,183,71,79,166,188,158,38,83,152,131,42,152,109,32,188,102,47,59,49,118,49,183,188,168,89,146,168,7,147,75,111,10,199,138,143,181,22,4,49,83,22,143,158,0,108,10,71,148,199,12,63,51,199,183,130,141,164,51,193,181,153,26,130,22,23,148,147,59,0,138,169,29,4,190,164,191,97
161,3,128,80,66,165,176,159,85,53,45,196,82,177,92,9,133,28,163,192,27,95,58,159,80,72,163,85,157,170,65,2,187,60,177,178,176,58,27,88,58,194,27,163,68,105,64,82,170,103,124,150,156,50,67,99,161,132,132,41,61,28,77,16,64,74,40,156,136,65,16,9,73,125,24,128,178,80,74,195,60,112,35,119,175,60,98,58,171,91,28,178,135,156,101,160,24,77,16,136,7,143,49,147,56,162,110,164,7,29,169,30,33,106,63,167,59,52,134,126,191,43,191,199,63,179,11,199,152,19,29,184,148,143,71,130,96,63,84,111,141,75,87,117,123,59,117,55,20,81,75,76,63,117,83,185,185,31,52,183,38,116,118,26,106,71,191,18,52,52,71,126,185,168,18,123,138,29,167,79,81,164,168,113,189,0,49,26,166,10,111,15,23,20,130,4,168,108,29,94
40,128,88,5,91,9,57,24,161,74,35,177,73,58,122,88,24,132,137,77,24,128,85,66,157,28,103,144,95,156,165,103,163,60,194,182,103,182,128,44,35,24,125,92,99,67,78,5,135,173,182,88,92,156,159,119,192,125,101,170,98,44,180,150,151,2,122,119,133,50,119,192,93,91,145,85,60,40,44,45,72,182,45,21,135,91,172,144,174,150,1,144,3,198,178,13,2,160,80,132,96,130,115,70,38,63,81,0,11,37,148,115,96,199,153,181,142,46,158,71,129,31,164,164,123,131,108,12,59,191,47,184,107,81,17,185,183,0,189,37,71,108,188,11,31,30,164,51,142,148,32,18,0,188,89,33,102,83,30,147,138,49,143,162,33,109,94,118,179,116,56,189,102,38,138,113,89,7,162,164,152,56,36,166,15,126,118,138,94,48,37,116,12,193,22,37,63,87,20,166
45,66,2,170,133,72,137,41,139,139,53,192,41,91,157,45,154,74,155,160,64,159,187,120,150,58,161,103,44,182,175,124,45,27,68,8,172,13,80,133,150,180,149,150,24,112,149,77,122,77,77,177,3,140,92,3,101,90,175,58,9,58,192,135,119,5,173,105,28,151,57,91,74,155,119,178,40,132,67,74,154,198,21,67,67,122,155,182,132,105,187,67,3,194,77,40,78,124,195,120,87,183,184,167,148,46,143,153,108,22,4,153,30,97,39,31,110,191,123,71,116,188,32,118,51,166,37,153,71,56,123,114,76,107,6,81,109,162,121,114,190,56,181,96,189,89,69,146,117,108,147,71,189,87,87,4,36,94,185,106,94,184,4,79,30,26,97,129,97,169,15,75,183,63,189,111,153,71,51,97,184,71,71,39,108,189,43,12,127,153,71,33,111,17,117,190,46,184,18,116
120,122,136,140,140,149,72,157,88,90,16,28,151,195,14,195,150,1,163,150,24,156,58,177,67,178,175,5,155,163,192,171,177,161,53,192,85,128,144,66,196,50,155,93,163,82,2,44,128,24,80,157,54,149,173,135,45,5,61,50,72,154,88,140,25,60,80,53,156,2,156,160,73,165,144,95,99,172,140,163,54,28,77,195,40,196,3,72,144,88,174,86,124,45,178,8,41,99,151,88,76,32,0,107,141,89,118,55,36,30,38,69,148,193,15,111,162,38,183,168,109,115,193,109,76,10,111,130,48,114,199,12,102,15,179,193,42,106,7,33,181,29,179,52,63,102,138,26,19,190,199,31,129,193,111,146,47,43,10,153,116,164,123,107,43,123,186,107,81,18,131,111,164,183,116,51,42,71,52,143,116,191,186,123,123,130,63,111,166,113,79,102,131,190,19,63,162,39,26,193
40,93,27,128,85,62,60,132,62,64,103,172,172,92,65,139,180,196,24,27,157,120,198,54,54,192,128,60,172,198,58,122,101,64,53,197,68,159,136,98,198,3,41,77,125,150,135,78,187,88,165,8,180,139,104,155,16,132,174,135,68,5,160,192,159,172,54,182,160,80,90,34,60,34,163,177,101,66,137,196,122,182,2,57,64,151,45,68,95,68,68,85,64,73,92,41,103,13,73,105,186,109,51,110,189,79,143,19,89,142,199,47,70,134,10,6,79,158,36,148,36,52,108,127,26,102,0,147,17,118,152,126,188,11,12,189,111,138,107,94,32,138,102,11,23,94,20,97,76,71,148,70,22,106,179,191,84,108,71,109,17,83,153,22,63,79,186,48,109,109,115,167,17,15,83,83,37,56,116,100,59,30,117,146,186,189,142,166,59,186,46,52,188,117,143,100,32,193,11,158
40,24,178,101,62,125,27,172,5,61,1,135,144,27,145,86,24,82,124,40,175,135,50,165,105,45,124,16,13,104,198,35,61,25,72,82,173,54,58,93,119,24,82,157,58,74,124,34,135,99,122,28,124,128,172,80,35,104,173,154,27,2,91,80,154,101,86,21,85,80,34,104,16,175,28,170,175,122,78,74,187,66,61,88,149,160,163,62,172,160,40,28,9,172,72,73,125,171,195,92,141,10,199,166,127,19,166,109,118,23,106,191,83,127,110,52,110,6,143,7,141,189,126,63,0,199,97,183,111,102,23,153,110,47,87,147,168,167,23,127,38,179,186,184,79,26,162,48,186,30,146,109,100,96,107,56,121,17,126,15,30,46,71,11,153,81,134,164,71,183,56,127,18,153,37,110,89,143,184,107,63,37,10,130,39,108,79,131,169,127,158,56,23,168,12,167,23,75,17,69
5,45,136,139,177,82,77,44,34,175,196,105,128,172,80,95,27,60,140,196,161,150,13,137,35,40,124,136,196,58,73,195,3,144,196,139,144,21,144,187,195,72,140,139,180,132,182,120,170,177,157,40,175,44,178,78,34,154,140,35,128,93,34,93,163,61,122,9,104,104,35,128,40,85,103,65,45,64,74,65,73,54,14,35,120,171,95,173,120,196,93,1,45,2,136,62,74,198,85,80,106,0,23,76,114,63,185,22,158,193,117,141,4,37,115,23,97,71,188,30,167,134,113,162,123,49,10,26,43,31,10,138,56,191,129,15,94,15,138,116,69,69,83,189,181,184,0,79,138,49,121,121,102,12,123,89,138,87,110,87,12,59,97,12,185,158,147,123,55,110,6,143,96,131,131,117,148,148,166,37,193,118,7,70,121,199,183,18,97,148,23,47,142,152,49,75,81,69,48,148
44,45,73,195,41,73,34,154,124,82,54,194,60,125,35,105,80,1,140,159,24,82,151,195,175,104,41,105,187,80,174,145,53,45,13,90,98,165,66,35,57,180,90,54,93,178,9,170,98,85,136,125,99,104,139,119,73,192,95,137,64,198,160,176,170,64,165,103,172,82,44,14,58,88,125,85,98,16,34,151,14,68,54,82,103,74,103,77,8,85,64,99,3,128,122,5,151,35,40,180,107,127,185,148,36,84,59,179,134,81,146,142,26,102,96,70,117,108,11,81,164,185,18,15,153,164,166,37,167,164,46,148,11,184,141,39,87,109,188,36,4,0,109,75,23,147,76,31,18,181,152,32,191,190,71,33,146,33,36,55,52,169,22,32,115,12,141,55,115,138,153,184,11,12,76,15,42,15,11,71,87,94,56,31,143,107,186,117,134,167,11,4,17,59,148,79,89,29,22,89
170,1,132,163,50,68,35,124,136,157,128,176,103,157,128,173,24,50,132,120,88,16,58,163,157,150,35,64,157,82,196,68,174,137,1,91,80,88,159,35,16,192,104,124,182,93,151,163,28,124,112,128,57,91,104,16,86,149,149,180,165,163,50,160,44,120,160,50,53,170,90,163,165,125,58,180,98,135,13,28,78,3,154,86,173,88,103,133,156,67,44,165,149,57,192,92,171,194,45,187,111,48,31,109,87,117,70,181,164,169,169,184,117,115,146,116,81,106,185,110,18,23,29,116,164,48,117,153,153,193,23,108,134,79,94,23,164,51,129,126,168,59,143,181,51,47,52,42,51,29,79,31,48,179,6,32,48,106,42,189,36,146,97,42,193,11,131,70,36,110,190,15,29,116,81,118,121,76,123,4,12,0,188,121,123,147,71,47,83,184,158,46,148,39,17,166,39,114,143,115
34,2,14,178,57,120,9,182,21,53,157,65,5,137,92,120,176,14,27,125,160,124,91,187,65,171,101,125,1,159,103,132,16,86,45,21,24,155,66,103,163,135,24,165,45,195,182,27,139,180,78,34,5,101,170,125,112,2,92,5,180,99,151,72,65,105,85,53,50,122,85,68,62,62,65,80,165,64,16,95,98,192,53,67,137,135,124,86,57,68,145,175,178,125,98,159,176,95,151,112,153,81,81,71,116,63,15,84,184,81,142,164,0,131,47,131,87,4,11,162,143,162,186,134,79,70,63,39,20,63,0,185,33,193,83,63,129,189,23,169,183,127,59,38,29,153,63,169,42,168,116,109,107,134,46,48,185,70,75,152,38,11,188,52,164,36,43,31,191,33,164,12,12,185,183,23,148,143,191,113,26,116,75,6,117,43,114,31,11,109,102,20,108,97,138,83,12,17,146,100
24,67,101,82,132,154,133,172,132,9,122,175,2,132,92,175,196,2,145,54,50,93,154,99,145,194,67,35,163,44,99,72,90,194,44,60,161,122,1,68,66,44,171,80,171,64,136,8,196,177,180,151,16,120,57,13,54,197,124,171,90,2,91,132,192,21,8,172,74,149,74,171,195,73,195,67,175,16,194,98,125,1,73,61,8,144,160,74,41,173,198,65,68,172,196,132,194,80,182,180,142,117,111,47,22,30,106,19,186,143,111,116,152,36,89,153,94,18,39,96,106,36,48,46,108,191,43,10,199,15,22,121,15,138,127,38,164,18,49,100,113,115,107,7,71,130,42,56,7,164,52,63,32,52,162,36,75,167,84,181,52,18,31,115,30,20,129,164,189,158,117,127,152,71,69,22,47,29,127,18,43,69,51,111,100,42,183,147,107,183,164,127,39,55,22,6,18,33,138,166
156,173,120,92,44,54,99,54,149,8,99,105,25,132,120,99,66,21,88,178,133,137,119,24,40,122,93,13,170,82,86,2,156,72,157,165,58,122,24,160,13,187,176,35,61,149,139,171,135,8,163,171,66,14,120,64,67,91,176,9,195,91,25,176,103,101,86,172,14,68,172,124,149,99,60,50,44,86,135,182,54,9,159,35,86,88,14,34,74,196,13,135,103,105,187,105,128,2,149,67,26,167,70,190,102,113,30,169,142,184,19,52,36,185,168,18,89,79,191,167,94,162,121,38,6,179,63,63,33,114,167,38,32,138,107,11,169,51,164,23,0,168,51,134,6,191,15,22,10,183,39,110,164,113,148,10,48,23,48,46,70,48,190,47,17,142,188,102,142,107,76,134,94,79,162,111,81,55,51,193,29,130,134,184,18,183,17,185,100,129,17,142,166,109,117,69,111,183,33,81
171,128,61,72,98,14,34,40,74,180,170,174,73,145,95,165,159,157,187,1,41,136,64,60,66,92,135,122,196,8,122,88,151,64,192,171,101,3,132,27,120,182,95,119,24,14,99,35,192,67,140,90,135,8,170,58,156,74,120,154,13,44,135,155,24,44,57,95,137,174,132,53,122,187,136,24,133,62,105,80,165,74,86,44,13,66,5,90,8,160,132,101,124,132,180,132,61,58,68,80,42,55,55,0,81,89,141,76,181,114,166,38,81,127,113,18,186,94,184,138,126,43,193,18,87,83,56,169,126,114,4,20,126,130,100,7,17,109,17,164,96,189,190,142,116,19,36,94,186,51,51,189,46,107,49,83,100,76,152,59,185,10,184,47,37,76,130,47,126,96,108,102,181,17,142,30,51,114,83,48,51,81,63,143,71,19,186,138,168,12,111,116,6,7,188,102,116,84,123,56
174,85,67,54,13,104,5,13,27,34,44,174,150,86,125,198,154,91,8,1,60,66,144,195,194,3,72,65,165,24,170,35,44,195,136,57,91,145,21,14,27,21,95,171,54,34,135,112,16,119,35,197,53,99,140,163,99,95,136,9,156,57,74,8,151,124,140,157,173,21,196,8,119,165,91,173,64,180,16,88,5,180,192,67,35,24,105,72,9,119,88,112,34,196,9,119,74,172,133,13,134,97,51,15,116,188,164,199,164,69,37,146,164,52,146,121,181,26,162,147,11,186,11,131,87,42,102,7,75,118,42,117,162,75,141,114,148,115,76,102,15,4,102,37,96,166,110,158,186,56,117,126,89,6,183,59,70,199,7,190,63,20,115,52,153,20,49,158,191,31,134,29,108,184,83,113,84,110,4,169,12,102,29,142,153,31,158,29,79,181,17,49,84,7,48,55,56,79,147,79
57,145,195,95,133,194,139,180,41,99,165,92,91,85,177,132,91,27,62,73,174,68,112,194,27,27,175,182,66,122,144,195,137,128,21,3,124,91,25,161,66,128,77,91,24,62,175,14,66,176,128,95,74,34,45,112,149,16,160,27,198,93,92,174,198,112,78,139,182,58,85,98,24,144,92,80,156,196,103,67,128,103,40,21,192,64,104,64,145,35,74,136,172,154,140,173,160,125,159,150,126,55,52,126,152,7,152,81,71,96,129,142,56,114,39,153,117,48,126,23,94,15,107,115,19,52,181,130,115,46,142,100,71,190,146,81,188,102,116,141,141,131,179,167,130,193,52,17,127,42,43,71,83,117,79,48,12,29,167,134,36,185,59,52,162,36,183,147,96,97,49,89,84,0,116,89,100,46,36,69,84,83,11,49,97,0,42,23,114,167,46,138,56,102,19,52,12,7,131,4
35,144,1,2,3,180,195,155,195,165,74,60,187,58,40,40,194,192,92,149,40,187,25,45,163,163,182,64,34,137,125,124,156,119,68,61,135,86,159,45,103,57,34,187,196,61,54,27,93,172,194,132,180,144,180,103,91,170,105,24,3,41,161,91,50,103,28,144,67,35,98,74,88,61,50,112,54,72,176,74,160,197,66,149,3,28,120,101,165,159,66,132,86,194,105,105,95,198,44,194,146,113,121,102,17,6,76,7,127,191,183,147,7,138,116,7,108,70,84,162,26,148,121,146,10,71,55,38,75,59,33,121,42,106,127,87,48,75,141,162,193,79,26,181,63,47,142,81,97,30,167,106,106,69,166,87,6,126,118,190,121,115,48,134,127,11,126,43,83,138,168,11,81,181,134,97,126,11,107,42,141,146,10,129,48,15,17,113,188,167,121,12,153,169,148,109,147,39,142,18
98,145,198,140,40,196,78,180,73,163,99,72,92,178,180,82,62,120,112,103,21,170,3,13,132,150,135,8,50,45,60,173,74,44,90,124,195,16,34,24,90,78,171,64,163,90,174,170,150,41,95,3,61,34,173,3,99,104,65,165,171,93,150,88,137,182,170,2,144,187,165,61,16,161,197,16,2,92,57,133,25,119,171,9,24,80,65,139,182,61,195,135,14,62,66,194,99,105,120,88,143,96,17,199,108,193,84,12,134,148,11,193,152,59,20,113,0,181,123,51,33,193,118,89,129,199,18,168,10,190,87,106,22,89,111,70,84,184,116,79,0,199,131,0,185,69,188,191,147,39,12,108,23,0,23,199,55,121,114,127,130,115,100,94,116,55,33,19,147,126,100,147,134,43,43,189,134,63,116,11,113,12,76,138,167,164,114,33,49,18,167,199,75,188,121,110,142,117,52,96
165,2,50,40,198,45,34,25,122,72,16,180,13,182,163,182,3,9,27,57,159,133,34,27,60,64,154,101,101,112,145,187,194,170,195,133,151,156,175,54,68,66,175,177,136,187,82,57,163,57,120,175,132,124,198,65,156,124,78,140,192,197,159,40,150,54,122,65,159,77,125,64,14,135,171,74,28,90,24,65,74,132,175,90,3,8,136,119,197,91,77,125,177,122,50,28,194,156,180,124,71,102,19,26,17,15,164,30,185,37,186,118,108,4,166,6,138,179,168,123,69,146,153,181,52,36,42,42,97,17,193,193,146,108,46,79,43,10,49,83,33,123,185,43,97,94,23,100,164,116,110,17,55,143,100,169,76,184,89,12,168,138,111,18,186,81,19,22,38,33,167,115,56,126,148,46,107,37,7,147,29,89,26,87,181,113,130,12,193,81,158,118,199,7,94,43,22,179,83,143
28,80,34,197,135,163,151,25,120,14,14,177,57,25,154,151,73,150,28,195,149,135,187,80,163,68,151,8,90,171,95,136,104,120,103,157,91,180,105,194,1,192,150,14,170,61,27,53,3,104,40,172,78,156,122,54,149,95,136,120,144,61,61,64,156,128,151,9,174,178,119,144,155,182,180,155,34,151,40,157,173,54,125,21,68,194,50,3,2,95,14,85,154,60,74,187,165,85,67,175,123,15,20,110,169,51,127,48,31,18,147,108,79,37,183,186,7,100,75,193,184,32,168,189,39,158,179,39,138,7,20,111,76,48,26,48,183,100,20,110,26,147,183,169,130,75,110,168,47,32,193,23,115,148,142,46,186,97,70,183,185,134,11,96,15,130,55,188,83,110,141,26,18,181,94,183,147,33,94,36,15,168,26,33,162,84,7,46,83,129,107,147,81,162,23,164,20,148,190,111
192,122,198,16,159,40,77,44,136,163,77,136,40,41,34,1,198,170,66,198,187,196,120,85,103,182,197,41,154,103,161,112,165,149,93,25,122,64,2,58,122,192,13,176,61,62,92,161,3,58,92,60,64,145,80,135,78,93,57,78,35,64,91,159,50,112,3,82,62,77,44,140,60,86,41,80,99,174,50,44,28,62,53,85,150,86,197,60,103,74,182,160,182,34,45,86,171,198,157,66,118,127,191,59,15,102,18,10,142,107,179,114,71,23,130,123,39,51,106,94,11,183,193,11,147,75,181,147,164,168,97,106,0,31,166,110,121,121,49,183,142,47,185,110,143,75,121,52,89,115,110,75,162,181,0,111,49,131,51,29,169,33,18,108,26,199,48,169,167,153,47,199,12,116,166,152,17,87,143,76,186,107,116,38,49,141,141,167,87,188,138,106,87,185,42,10,15,75,148,81
171,170,67,85,3,44,16,88,180,155,64,99,40,101,40,159,8,104,2,122,104,144,139,124,176,35,45,5,58,82,67,157,9,195,28,2,61,172,160,60,35,178,8,120,8,197,172,88,1,104,88,8,139,159,85,136,64,50,178,66,45,145,2,180,40,35,133,145,9,197,50,139,2,172,171,68,35,157,98,128,139,5,68,85,101,151,45,103,24,3,178,5,140,21,99,125,54,163,105,198,59,100,48,107,130,47,134,49,186,110,96,46,117,146,52,134,167,17,108,19,127,130,141,71,11,121,166,164,169,102,134,48,47,102,109,26,59,189,23,81,146,87,111,4,19,31,69,184,81,152,168,158,109,186,52,114,6,4,31,199,142,30,100,188,22,199,18,102,38,168,29,113,190,185,11,32,55,29,59,148,10,110,121,32,141,29,142,12,129,49,199,127,39,146,79,168,109,138,185,70
80,88,77,182,25,62,25,105,103,57,82,82,192,160,194,50,128,8,21,58,67,119,178,74,90,58,171,54,133,35,40,8,170,50,41,104,135,165,174,91,54,135,57,178,155,91,67,54,154,120,64,157,40,137,91,112,92,182,119,86,82,159,2,57,82,14,195,144,54,135,171,99,92,66,16,159,35,67,54,160,150,163,44,98,21,35,139,64,104,27,58,64,98,101,16,73,16,197,40,156,189,108,63,166,39,121,164,94,11,17,10,59,56,71,169,185,193,126,142,168,107,117,199,71,121,146,70,118,79,31,107,55,42,152,148,109,17,162,32,26,19,168,131,19,97,169,121,168,6,52,153,127,131,76,18,143,6,183,20,114,81,48,51,70,164,189,49,186,158,83,107,42,147,47,46,186,183,188,199,138,79,138,168,48,42,83,94,108,81,10,94,102,39,6,164,18,115,15,168,100
170,54,99,124,132,163,104,60,74,112,85,157,125,78,77,8,93,58,99,60,176,1,175,27,187,53,72,197,156,82,105,112,8,67,135,2,175,187,82,171,78,3,155,1,175,119,122,62,13,60,144,149,68,156,86,41,5,165,93,24,122,145,21,173,41,34,196,128,120,13,176,132,66,65,61,176,154,21,80,41,34,145,34,198,155,24,175,92,13,54,99,77,60,122,112,160,161,93,90,16,102,167,20,29,19,56,43,12,190,55,127,138,11,113,121,55,18,108,147,169,111,131,102,42,71,11,100,38,42,116,23,70,193,6,108,186,181,51,52,162,52,36,142,113,147,39,127,153,141,106,51,10,158,131,109,29,56,110,19,81,71,63,108,152,127,19,181,52,111,188,121,186,83,113,89,4,130,6,36,22,181,96,185,10,129,100,30,4,69,69,26,94,113,166,121,117,166,4,158,168
73,124,120,135,77,154,50,132,5,44,180,161,58,58,86,157,178,136,139,165,14,16,53,66,155,172,61,194,165,35,105,125,61,64,124,170,25,88,27,155,40,170,61,125,45,150,163,9,157,120,8,182,24,27,90,64,170,99,159,24,196,67,50,41,90,58,196,132,82,195,3,66,197,135,133,196,192,151,40,90,150,175,122,73,27,137,66,16,122,24,16,90,66,28,2,45,132,57,86,154,36,100,89,127,129,87,46,43,79,69,52,153,97,83,189,81,17,121,134,69,23,19,94,49,38,147,179,33,94,117,76,168,130,17,158,23,181,59,59,47,29,185,106,70,30,189,108,43,129,6,59,6,76,96,47,131,102,12,51,110,191,130,96,89,11,184,193,131,43,127,189,167,19,100,59,121,123,0,142,42,39,131,118,89,22,17,186,79,185,79,87,127,162,148,153,183,111,17,18,199
66,160,149,197,150,1,16,88,82,34,60,151,139,34,125,9,119,1,21,13,3,140,180,58,40,197,161,86,85,155,60,157,99,182,80,58,14,160,136,159,65,178,156,44,14,105,91,161,62,28,5,104,124,67,171,176,173,154,194,177,41,196,145,73,159,198,99,196,21,60,161,86,112,135,64,66,150,187,60,154,139,135,57,178,124,60,103,103,174,177,124,92,72,160,132,101,155,98,58,85,189,75,191,83,10,146,94,4,123,55,152,81,96,48,84,121,113,185,191,108,106,11,190,89,108,51,32,115,36,20,129,181,114,87,17,83,114,115,152,12,117,69,153,108,185,188,17,75,121,33,87,134,33,114,108,116,26,33,152,79,110,6,179,56,87,49,181,134,37,79,153,87,114,168,190,81,166,59,71,26,117,148,0,56,116,131,22,94,31,75,84,147,126,63,166,55,30,123,76,123
2,196,21,122,154,62,85,82,61,66,171,139,5,8,173,120,173,176,68,40,74,122,40,13,137,135,112,44,112,50,139,61,74,156,72,101,66,60,72,77,119,53,24,1,139,91,170,93,61,180,180,175,16,174,80,13,177,196,101,34,187,159,73,176,88,119,172,132,197,61,172,170,122,85,72,192,3,176,44,80,85,88,180,57,45,98,99,72,178,104,98,68,144,99,64,34,16,139,139,156,56,130,30,37,51,12,153,32,188,83,109,153,129,70,43,97,4,52,32,164,138,114,4,130,121,23,146,76,102,26,43,31,38,110,190,109,114,89,166,114,30,39,190,158,183,76,121,19,0,146,126,47,38,111,63,19,109,89,84,114,55,183,46,36,97,7,147,63,84,69,127,89,193,84,18,55,19,70,18,189,18,148,113,153,152,38,129,75,185,32,31,47,184,185,70,76,114,46,33,46
161,67,21,187,64,112,85,54,170,119,182,137,40,73,40,1,74,14,119,103,105,198,27,159,103,86,98,27,21,173,5,77,5,44,194,105,98,159,93,66,175,68,28,67,93,68,40,14,135,34,105,122,197,9,85,101,88,197,61,139,21,61,50,161,60,182,35,120,104,21,160,92,68,137,57,136,104,54,157,25,124,101,112,145,195,91,194,149,178,5,151,128,77,112,66,149,3,68,103,54,76,7,6,115,56,63,158,164,75,147,48,100,118,29,113,169,37,87,166,138,199,123,12,59,96,183,158,113,51,19,38,55,188,33,38,20,115,36,75,121,59,47,117,185,52,32,59,127,186,127,31,97,134,94,56,118,29,12,7,131,181,51,6,107,179,75,48,37,167,32,23,37,31,56,49,19,84,29,168,10,129,30,152,36,71,123,51,43,56,49,191,134,106,191,96,123,56,51,168,59
73,73,50,66,187,61,160,25,173,3,99,187,13,120,150,187,98,91,40,104,66,45,5,54,103,95,139,40,45,163,145,44,198,194,8,61,53,197,198,195,144,74,62,16,175,198,175,137,122,16,90,13,182,145,8,120,86,187,34,104,53,8,65,136,196,66,163,139,86,175,14,187,25,163,90,180,61,16,40,133,163,149,159,159,151,171,80,34,45,28,140,175,25,40,14,57,21,3,41,101,126,56,164,11,147,191,26,113,71,83,17,81,26,11,109,126,59,49,113,42,115,190,130,94,109,32,79,18,153,38,148,7,87,113,166,106,81,193,179,71,158,117,51,158,23,7,37,168,48,100,38,22,33,190,97,106,75,164,71,188,183,18,10,39,146,147,111,184,47,166,123,188,110,70,22,147,169,10,153,127,43,59,116,70,18,83,49,29,147,69,29,6,49,138,31,39,7,37,168,107
85,175,3,194,86,58,72,13,1,173,112,170,28,61,44,156,196,35,8,27,180,92,104,194,132,195,157,145,9,88,1,9,13,197,175,105,187,50,1,132,157,137,16,65,120,50,86,68,73,93,5,45,92,34,27,64,34,140,88,27,156,155,41,136,155,175,45,16,58,80,187,197,68,50,161,44,95,170,8,174,58,171,144,8,13,171,95,34,28,35,77,163,112,160,40,21,86,58,16,178,63,117,115,39,184,69,79,143,127,10,127,186,179,71,42,181,96,148,129,81,118,70,38,87,115,114,193,166,56,147,84,32,70,102,116,162,189,10,26,39,168,193,70,164,107,123,166,106,55,130,123,141,153,37,169,117,130,185,20,179,96,117,117,69,15,59,87,123,87,143,37,55,76,20,190,162,43,75,6,179,106,116,129,164,130,185,81,162,102,19,15,106,166,33,183,188,11,38,23,84
159,171,151,34,9,159,88,25,8,103,60,180,50,173,86,88,60,133,177,161,176,151,98,124,68,3,163,155,163,44,41,151,177,62,124,145,177,187,3,82,44,149,61,170,175,176,16,93,112,61,25,124,8,150,41,8,194,91,53,88,54,120,163,103,28,95,77,145,187,40,105,122,9,125,124,172,159,77,149,128,163,156,80,151,2,136,157,157,44,195,72,101,157,78,133,140,154,128,197,133,153,71,20,116,83,12,153,89,143,12,168,26,7,179,69,56,76,96,89,81,153,153,152,97,87,97,97,79,18,168,23,102,20,10,39,81,166,142,190,186,181,83,33,83,186,96,11,143,188,131,38,79,110,153,126,152,129,158,30,115,19,193,31,100,117,191,143,43,19,11,199,148,30,191,4,81,29,130,0,106,81,48,7,138,94,19,79,31,148,100,79,81,31,191,76,186,186,51,87,138
40,13,161,44,139,2,178,40,178,72,74,50,44,172,101,95,163,172,196,128,8,58,150,156,77,82,136,24,77,160,177,90,34,53,173,21,160,155,40,136,187,58,105,8,41,27,73,25,161,90,91,82,74,88,72,136,73,85,35,174,61,88,74,3,93,44,50,178,85,34,155,119,124,68,160,58,133,65,194,101,64,67,180,196,80,163,74,8,161,80,161,156,159,57,50,177,140,122,3,61,169,126,107,39,75,55,38,10,87,26,193,56,63,168,183,70,48,55,30,130,179,69,29,11,148,32,109,52,121,42,190,55,75,117,108,162,169,117,114,108,4,199,158,152,111,11,143,11,188,100,147,63,33,106,116,188,158,116,52,152,51,79,26,94,181,81,102,190,6,166,83,142,18,4,115,183,183,167,131,129,184,116,118,183,71,138,47,23,164,30,48,43,138,38,7,153,46,153,69,76
105,82,177,154,173,50,149,8,122,174,180,92,28,139,95,44,192,103,25,28,16,140,180,187,163,182,78,197,160,44,90,34,65,196,157,136,60,192,154,77,9,174,194,149,54,5,77,21,140,95,160,60,90,60,86,14,128,194,41,135,44,125,178,173,132,60,170,174,173,122,73,198,25,72,72,173,171,95,101,95,68,163,149,132,172,50,182,112,53,159,98,163,8,165,60,66,151,91,149,160,113,56,37,94,69,199,134,153,130,96,81,138,38,36,76,181,183,33,70,0,168,31,30,63,115,142,102,152,169,181,114,31,51,20,108,100,131,23,38,83,131,15,59,123,49,89,127,118,55,0,189,31,108,37,123,71,94,71,59,102,75,55,76,113,32,116,193,117,83,164,97,87,89,59,179,47,109,47,115,118,38,186,7,138,94,29,100,11,37,191,115,52,69,189,110,63,87,127,38,123
62,88,24,88,24,105,54,135,119,21,45,99,40,57,139,82,132,156,53,9,82,86,91,92,159,62,65,98,163,74,35,62,120,98,61,57,177,128,104,178,64,72,57,27,1,3,85,57,3,112,13,151,196,122,124,175,175,54,136,133,44,161,88,197,135,9,60,64,192,77,182,132,62,120,105,180,139,128,170,165,44,1,61,135,176,175,119,54,82,156,198,5,68,150,35,154,136,151,177,125,158,38,167,181,55,158,4,26,17,10,33,127,31,94,185,167,102,84,107,199,142,22,31,46,168,63,38,134,188,55,63,18,47,142,4,87,162,116,32,123,79,87,12,199,46,184,30,22,111,138,106,31,84,107,20,33,115,106,114,107,190,79,181,147,32,100,127,97,134,114,147,121,81,26,190,47,37,123,106,184,111,110,17,158,188,152,71,96,15,102,17,43,4,48,129,183,131,30,107,138
172,24,57,178,151,82,194,124,57,112,64,16,60,159,159,151,61,67,3,99,5,192,57,21,175,86,53,86,5,171,78,44,192,139,132,120,91,178,171,175,95,172,176,149,64,180,73,3,92,74,172,73,91,156,14,176,90,21,82,74,155,136,58,34,74,68,103,122,144,144,173,136,122,85,95,50,135,135,2,86,137,144,104,194,156,74,144,34,1,98,24,93,101,14,95,173,25,57,119,177,6,191,164,162,7,129,131,39,100,12,12,191,19,76,181,84,130,167,121,96,10,113,113,15,138,113,51,20,59,7,179,158,185,11,17,102,148,12,26,19,0,23,4,0,15,134,63,37,42,129,6,164,56,31,143,23,43,79,6,20,111,188,39,117,69,109,109,36,148,47,189,30,38,63,83,69,193,121,69,36,142,111,142,188,55,109,113,19,127,141,106,181,52,70,188,114,142,83,63,168
90,194,132,120,65,196,40,120,195,145,85,195,45,61,16,60,177,77,192,90,68,66,80,3,156,176,163,9,68,9,160,139,136,45,62,154,99,95,53,155,178,67,60,98,61,150,64,14,178,16,58,13,128,159,85,172,195,5,144,195,21,155,66,133,192,155,178,105,16,3,144,9,132,98,198,98,5,133,73,151,135,177,174,28,173,64,135,58,197,73,133,44,165,90,101,92,144,155,160,170,11,102,48,134,116,33,36,116,75,84,81,12,199,75,31,70,56,63,167,46,191,15,129,71,83,131,56,75,52,32,63,100,83,179,166,20,49,142,26,143,114,19,4,42,83,152,6,83,97,26,158,141,179,42,179,22,138,81,42,38,11,142,184,20,42,11,111,46,181,75,116,51,39,37,39,116,141,147,7,87,89,96,107,121,193,6,69,75,127,46,143,97,179,117,116,15,168,36,158,100
171,136,182,101,28,50,132,62,176,197,62,60,161,187,9,170,88,156,178,155,5,3,132,136,119,128,182,197,53,82,125,177,72,65,140,86,14,197,163,133,88,2,9,1,8,77,9,98,34,105,170,16,93,41,2,98,25,77,154,135,137,78,28,92,88,119,198,119,53,53,8,62,174,149,170,119,65,151,119,65,140,170,40,92,194,151,160,104,25,170,196,62,8,53,68,196,72,45,104,65,158,47,11,23,191,6,76,20,87,179,184,89,38,130,130,12,147,12,36,188,152,183,89,59,168,126,158,55,181,47,158,129,20,193,186,191,102,84,113,22,184,52,131,166,164,52,148,167,51,18,123,109,84,10,22,116,7,152,121,31,11,51,129,193,89,10,108,38,126,190,142,29,168,123,36,94,76,108,199,117,115,188,152,188,63,191,15,168,126,89,179,193,37,55,37,15,184,87,83,118
54,27,28,99,14,67,173,122,14,88,65,90,90,34,82,14,177,41,156,35,160,35,34,61,161,27,8,73,99,174,112,104,101,187,174,98,50,101,92,174,136,8,157,27,136,180,82,149,53,105,21,58,68,176,192,165,95,53,65,120,174,86,82,90,80,27,88,50,165,57,40,95,85,187,88,172,149,157,21,35,62,145,144,5,135,171,35,145,61,80,25,41,136,41,13,103,122,197,173,154,188,7,185,39,48,33,193,76,110,109,129,19,47,97,164,108,164,49,164,158,114,31,94,29,20,141,191,75,84,48,97,29,69,168,6,49,10,143,147,153,36,127,116,46,4,107,20,94,108,107,96,127,109,148,153,110,46,186,167,4,37,69,190,166,141,36,30,87,162,20,169,87,15,152,148,166,4,32,71,22,130,31,127,179,56,126,113,166,108,191,148,42,186,121,48,47,148,23,102,56
170,80,120,159,44,58,86,112,34,41,3,5,54,122,78,165,105,50,132,105,149,72,135,156,41,74,155,16,86,54,120,53,35,128,171,61,34,195,73,157,178,160,40,13,155,128,197,198,196,173,9,174,187,154,173,172,61,187,88,150,187,92,103,68,99,144,174,85,149,178,21,163,1,163,195,173,58,192,9,122,34,35,192,176,122,104,155,103,175,1,82,174,105,156,171,72,58,122,93,104,59,70,52,169,76,108,162,69,199,184,114,179,130,143,0,10,0,36,38,126,121,0,134,47,109,29,52,87,33,71,22,71,117,55,146,69,51,169,83,23,106,126,166,18,141,69,84,38,97,127,153,97,18,75,143,43,107,142,131,114,158,181,130,71,189,18,108,55,189,164,6,51,4,126,81,48,102,111,152,4,76,79,51,191,102,56,117,143,126,100,7,11,48,97,30,138,148,189,56,70
53,93,40,135,95,155,194,54,50,145,2,103,91,176,90,135,173,173,13,93,28,178,92,198,137,151,80,34,161,13,137,132,119,154,73,145,9,182,175,157,140,178,171,73,174,72,160,160,60,88,53,25,165,78,25,182,40,77,34,137,161,73,3,159,101,180,3,34,156,53,196,173,144,196,101,95,78,68,80,173,103,156,64,92,171,74,68,8,187,62,174,68,68,104,101,25,173,155,174,66,113,138,43,111,26,116,121,117,48,143,18,94,15,143,107,17,107,116,37,106,26,148,193,56,188,109,20,32,81,38,117,113,89,188,181,49,100,191,81,118,32,11,42,79,83,102,36,131,131,42,20,70,94,47,134,127,39,185,184,184,96,158,129,46,29,6,89,10,106,49,31,183,84,59,37,6,152,164,121,162,167,143,184,10,31,134,17,36,30,39,30,147,84,191,42,147,111,185,94,79
34,192,125,5,160,196,192,64,104,66,112,101,91,24,101,66,103,122,40,192,50,95,5,182,175,27,173,133,104,41,14,27,170,9,198,72,65,196,27,65,139,155,150,65,1,16,8,93,182,197,156,145,40,133,53,174,197,144,95,122,104,99,194,187,150,105,136,195,160,8,66,1,165,85,173,104,8,91,78,65,124,86,105,154,57,16,157,86,195,174,180,155,82,88,182,128,122,44,120,45,19,76,162,84,37,186,127,166,166,138,33,199,183,18,46,29,118,158,49,7,87,29,158,6,166,43,81,63,84,49,126,184,164,0,33,17,167,134,7,142,55,48,43,36,113,131,109,115,107,107,84,111,193,127,123,71,46,12,94,110,189,109,26,97,29,114,56,168,29,131,126,113,118,4,70,117,37,110,102,23,47,42,75,102,94,189,181,97,39,15,36,110,127,94,30,11,43,19,193,117
41,40,192,2,95,14,92,28,171,171,9,145,40,159,65,16,77,68,192,173,165,178,192,145,80,140,90,13,155,125,28,3,58,57,178,13,21,54,44,125,196,150,195,172,92,21,14,99,139,139,145,125,176,198,93,140,139,3,62,157,104,156,135,8,54,3,157,101,104,170,5,195,119,151,72,187,156,35,41,66,45,136,25,53,21,137,151,171,67,57,35,112,86,91,135,135,157,24,25,151,76,113,49,164,107,168,69,22,6,31,123,102,56,146,59,141,96,20,127,97,169,188,71,181,169,4,7,115,102,15,152,49,52,153,152,19,100,162,22,152,20,26,10,184,12,129,146,70,32,169,15,121,48,55,116,108,39,38,164,146,188,109,47,84,6,166,110,129,191,118,81,185,191,47,167,179,32,83,83,43,4,20,37,39,166,117,83,56,143,84,189,147,4,52,189,29,31,12,42,48
137,28,67,88,85,140,86,171,57,151,151,45,197,16,73,198,187,198,85,1,98,25,98,112,132,124,120,34,157,35,196,86,171,28,13,1,122,144,35,176,77,13,68,50,172,88,133,28,150,197,82,67,95,35,197,86,177,120,77,21,78,8,16,95,62,196,128,192,14,165,54,50,27,27,124,177,174,150,197,150,34,60,78,194,9,182,161,163,176,197,91,194,120,154,2,159,128,21,137,72,116,43,188,7,17,181,117,75,141,89,87,32,153,26,106,189,87,179,184,116,23,87,7,189,49,29,147,10,17,146,51,164,18,47,167,108,15,100,143,33,46,59,6,22,89,48,193,48,131,87,158,129,42,179,127,75,26,47,117,183,70,118,108,166,190,22,97,153,147,19,183,17,29,134,142,167,138,30,26,75,97,49,37,108,79,63,123,121,108,63,10,184,33,184,43,118,166,179,36,134
198,73,177,135,16,132,78,176,180,99,161,182,187,21,62,112,91,86,124,173,128,66,196,28,13,35,64,60,151,194,93,9,137,34,90,120,128,125,74,174,178,85,65,99,144,93,77,192,24,61,196,1,68,62,16,41,60,5,74,25,175,16,132,68,74,163,28,68,54,124,91,156,65,66,104,178,197,54,95,54,62,64,86,128,24,13,165,159,2,62,128,85,80,80,103,85,192,101,13,61,51,51,191,107,115,55,116,63,130,183,23,87,33,121,158,6,191,84,11,76,32,131,130,181,69,63,37,18,83,36,84,179,193,17,18,188,107,167,113,0,51,29,108,126,181,31,116,138,181,152,148,6,188,33,32,15,47,84,186,107,87,7,158,168,111,59,37,33,107,116,127,107,184,181,141,52,43,113,123,179,158,193,17,199,23,118,63,23,26,142,18,143,127,70,168,168,11,131,42,4
68,21,68,3,159,174,187,5,135,182,92,119,77,41,176,13,90,77,72,80,174,13,160,112,133,176,175,95,54,174,66,154,133,172,60,14,144,132,91,3,156,25,145,112,40,177,165,34,91,160,65,34,187,195,101,68,88,64,65,25,54,21,93,161,34,187,128,133,122,112,104,194,103,9,160,68,120,119,44,140,57,132,177,154,21,61,145,86,58,57,149,90,150,182,151,91,160,21,74,163,42,106,191,152,138,179,118,168,81,121,186,10,183,183,33,130,30,48,19,87,75,127,33,12,48,71,81,32,167,39,153,31,181,76,121,190,147,15,146,42,15,69,131,23,148,169,190,102,179,188,167,199,42,134,164,23,181,146,4,141,55,29,167,166,19,193,48,36,164,29,130,83,23,186,89,191,190,47,6,138,59,75,12,17,147,190,33,18,166,188,76,142,43,168,42,190,7,48,12,185
61,92,105,57,144,125,88,132,44,128,21,93,103,58,62,198,103,178,2,24,171,160,74,119,172,73,101,5,172,53,66,58,16,16,103,77,82,124,196,5,128,155,135,122,66,163,95,175,172,140,101,61,173,145,57,78,170,50,13,80,64,172,150,170,132,176,197,150,149,197,144,101,88,172,192,119,72,175,170,145,150,88,72,145,8,60,187,133,198,144,196,156,135,157,45,35,136,41,95,112,110,199,36,146,100,22,108,30,127,191,188,29,10,107,143,63,0,71,153,29,32,71,116,70,167,158,75,142,168,4,168,118,164,185,96,42,71,63,164,19,193,23,11,46,71,0,110,75,30,37,130,52,17,108,75,123,46,20,11,12,190,70,179,87,15,10,83,116,158,94,169,108,129,110,138,37,188,47,38,87,33,185,181,181,32,111,189,199,193,167,56,15,141,11,23,117,166,59,115,148
88,44,133,112,77,140,112,182,77,91,91,104,105,192,156,77,61,21,3,144,27,157,170,175,133,132,165,177,85,119,67,171,157,77,128,105,67,92,90,73,173,195,137,90,35,128,156,16,133,180,150,154,149,28,41,25,45,53,3,53,192,170,103,92,93,90,45,45,135,65,44,92,176,91,150,85,112,173,99,34,135,112,133,13,9,135,132,61,128,44,99,120,173,62,125,1,187,61,156,57,0,89,190,6,31,109,109,110,97,87,83,76,107,96,123,113,147,22,110,84,81,87,147,190,141,7,97,181,123,12,33,186,183,181,102,126,121,36,186,186,169,83,17,190,94,129,63,55,141,181,47,108,31,110,146,6,141,10,153,22,186,114,127,48,166,52,26,11,109,113,131,49,167,81,186,79,75,38,55,126,116,189,102,69,108,129,48,143,37,26,141,126,59,191,81,29,4,48,181,167
24,78,140,195,78,98,74,157,165,66,182,44,159,176,2,58,104,57,149,140,57,98,155,174,58,5,41,197,156,175,13,28,170,93,155,25,105,74,180,45,149,154,24,60,13,58,156,3,99,16,119,176,68,139,178,175,2,197,41,170,119,40,34,5,165,137,9,27,8,135,80,45,66,67,125,35,73,180,44,170,95,196,136,157,176,149,145,72,133,119,156,82,44,154,44,112,172,103,128,68,46,10,152,166,183,84,15,113,56,84,167,71,148,26,47,76,49,121,37,84,181,69,109,188,152,29,108,183,84,185,129,37,179,191,11,158,130,79,114,117,52,94,70,164,127,17,127,29,94,33,100,71,70,123,113,186,71,37,7,17,109,7,55,123,123,114,142,115,191,118,43,49,113,147,166,38,130,148,166,31,181,12,146,184,30,184,106,116,12,134,32,184,130,166,152,39,113,130,179,84
34,50,88,150,24,187,72,35,176,103,194,173,85,157,135,98,65,80,34,196,175,150,180,161,44,195,88,172,149,80,16,68,192,35,25,95,65,173,180,150,34,2,170,14,40,44,92,192,135,24,156,72,24,176,53,88,65,172,101,40,105,68,91,155,1,157,73,68,128,67,91,74,105,135,163,103,178,103,101,86,140,135,45,187,122,66,13,62,136,65,14,157,50,172,64,90,160,92,145,192,166,37,81,83,76,70,43,75,32,29,31,113,30,63,32,94,79,191,130,46,169,76,51,59,94,164,48,111,121,10,75,33,188,117,43,51,158,147,37,76,32,142,100,30,113,6,162,121,153,51,30,94,22,70,127,49,109,83,183,147,48,37,199,107,43,111,109,51,169,143,23,43,183,131,184,0,69,114,18,131,184,59,7,131,37,121,55,141,130,97,6,23,166,100,69,36,29,142,11,162
68,73,60,9,128,197,161,50,80,16,154,54,16,40,2,65,8,192,66,44,150,44,93,66,93,151,149,196,122,163,61,135,50,139,13,120,44,62,16,91,67,128,35,105,174,174,122,65,112,150,154,137,34,161,155,77,50,61,195,72,40,112,187,53,151,161,122,160,132,155,80,103,86,16,61,171,119,125,124,95,174,34,54,133,194,13,154,187,194,95,194,145,135,1,145,105,88,98,160,82,32,15,18,107,81,63,108,84,84,183,26,22,108,113,69,121,32,191,162,141,164,39,109,94,146,36,181,38,168,102,153,87,110,19,71,116,59,123,129,59,143,184,36,185,37,7,7,83,153,129,63,42,42,7,47,158,153,152,20,46,152,81,59,107,111,138,29,51,48,59,115,131,38,134,188,63,84,42,152,116,71,167,109,118,191,121,87,22,43,141,113,15,138,129,11,19,152,111,143,0
144,67,80,91,57,24,5,72,62,21,45,74,198,24,86,150,60,132,93,24,135,92,151,135,72,53,159,160,3,53,60,24,194,101,28,160,161,34,88,175,119,112,125,128,197,161,74,132,1,103,35,9,54,45,151,3,93,187,77,35,85,44,5,128,139,27,24,119,53,149,54,78,14,150,99,174,177,171,54,196,128,98,72,197,13,136,104,192,196,66,161,2,44,5,159,125,173,149,28,187,138,129,164,111,169,83,188,47,118,193,63,181,4,183,109,12,158,22,116,113,147,116,184,127,51,117,38,188,48,32,63,32,29,147,117,162,179,70,51,131,107,138,23,111,49,141,55,29,71,167,96,38,169,42,48,97,71,152,116,185,126,63,29,166,7,167,138,158,147,107,106,129,107,26,190,168,191,166,199,18,126,49,185,43,30,70,46,102,114,148,106,114,26,127,52,76,199,18,51,106
192,98,5,136,161,196,13,9,66,122,187,77,60,95,9,86,74,45,86,172,95,112,34,178,72,13,67,128,60,98,92,133,170,78,53,180,45,57,60,124,198,24,27,57,171,105,27,105,139,105,53,98,133,24,154,67,172,86,54,177,165,98,91,41,104,144,175,122,35,180,85,61,85,128,67,98,92,178,77,133,91,73,41,196,135,177,171,92,128,27,80,172,157,122,9,58,82,180,195,124,141,23,76,69,131,83,52,51,84,79,18,107,127,69,71,36,123,186,81,76,115,6,142,179,6,15,190,55,110,199,123,190,29,131,51,83,76,43,7,153,49,17,184,10,30,51,181,12,51,29,87,123,148,15,152,168,189,84,118,30,108,189,52,89,22,32,152,115,11,76,183,47,199,113,162,118,199,89,113,110,48,146,115,169,30,29,36,186,84,181,141,143,43,126,36,113,100,11,36,146
120,93,74,176,104,180,72,53,3,174,104,175,88,175,67,133,95,16,180,53,98,88,1,40,137,151,103,124,92,95,151,170,3,27,77,155,156,105,34,54,90,78,170,57,120,120,72,104,128,144,14,171,149,86,132,198,60,119,67,40,65,161,9,24,154,58,13,74,125,159,2,194,99,156,62,173,50,98,66,103,27,68,24,5,104,161,92,196,172,91,103,40,133,151,98,156,104,98,160,194,33,11,168,123,102,107,189,185,148,94,48,18,11,152,52,43,33,70,38,20,89,106,158,127,12,109,55,141,179,179,190,55,22,143,193,59,113,141,96,55,113,141,114,94,167,181,153,63,129,153,127,118,15,56,96,76,69,31,87,71,46,42,193,22,19,190,4,141,96,7,32,51,94,12,117,141,117,79,188,127,31,63,111,138,46,199,42,152,167,36,117,69,121,188,106,75,79,130,17,12
176,21,112,1,132,173,175,163,178,103,128,73,61,16,8,149,160,182,13,66,174,72,157,34,16,177,8,2,172,159,149,198,176,98,68,95,67,187,125,150,13,149,178,54,140,80,73,93,112,24,155,198,196,65,9,93,85,135,44,104,187,174,195,86,44,136,103,41,1,85,9,145,13,122,88,196,65,163,175,73,13,132,157,40,125,5,155,2,176,154,82,66,67,60,175,35,178,62,128,157,89,83,51,48,146,107,4,130,23,184,22,89,29,142,15,193,47,129,97,17,39,83,118,107,181,118,162,166,191,75,94,107,38,121,100,190,96,199,113,38,108,76,26,168,118,39,55,94,4,164,83,11,71,126,59,190,96,6,10,23,141,97,127,106,42,17,116,111,96,37,43,22,33,100,162,110,51,46,179,22,185,26,46,181,46,59,87,127,106,46,70,15,148,148,87,131,167,63,129,81
128,112,65,194,154,8,57,196,137,144,16,64,21,85,197,145,44,151,99,175,112,99,151,25,92,139,197,78,159,195,77,160,104,174,35,50,45,41,156,2,53,82,80,172,103,157,124,86,156,132,196,119,120,140,149,136,132,53,136,25,196,125,53,8,5,68,5,198,64,77,124,90,21,61,2,120,137,136,41,28,77,27,120,174,159,57,53,128,173,165,124,174,182,133,133,101,8,154,85,156,39,199,153,106,193,89,185,17,42,51,10,79,168,10,12,199,183,130,110,134,97,131,7,191,30,4,169,63,97,169,43,42,186,55,97,116,49,143,79,164,106,12,0,181,79,17,130,148,185,70,26,17,184,185,126,121,51,152,189,121,29,63,152,129,87,126,52,143,106,7,7,26,129,121,75,127,87,134,55,97,52,89,181,42,81,127,127,129,23,126,59,55,166,108,118,186,107,63,42,43
172,57,171,170,93,132,25,88,62,41,85,13,139,128,149,104,175,154,13,180,34,192,103,136,187,144,104,145,133,174,128,120,157,144,5,8,151,140,8,145,92,132,139,198,91,173,132,135,92,196,80,151,14,99,163,5,177,196,53,67,196,177,137,44,2,13,2,13,9,21,99,128,92,159,124,25,176,62,160,1,165,73,95,58,195,170,98,145,57,61,151,54,182,133,34,128,82,105,53,60,134,109,6,141,123,100,191,148,84,20,79,116,127,29,32,36,113,109,146,23,111,96,169,126,36,153,141,69,118,199,87,30,130,162,199,51,15,23,81,76,69,81,188,55,37,12,0,39,141,147,31,190,43,110,115,84,168,63,52,123,181,30,168,134,127,33,121,181,12,79,184,84,185,22,126,42,115,142,166,126,147,43,152,10,43,106,108,89,48,59,167,70,43,153,153,97,141,141,10,56
24,27,163,80,187,2,41,165,67,2,155,175,34,93,165,157,82,54,151,135,98,16,197,28,192,13,198,99,155,137,157,161,103,98,173,24,60,173,86,93,112,187,85,91,62,176,14,50,177,45,58,8,40,198,163,58,128,133,1,61,91,170,67,77,45,34,149,161,66,34,24,91,16,14,13,24,112,133,27,40,72,41,95,165,86,132,5,150,192,40,45,53,177,155,3,149,9,21,9,93,100,164,108,130,186,167,79,123,184,168,162,106,6,59,56,7,69,30,169,107,168,190,100,142,56,36,102,31,127,6,42,11,131,152,143,162,129,96,190,20,94,87,23,102,89,47,185,183,193,108,167,87,0,134,51,146,153,19,12,146,127,51,147,31,142,179,76,32,48,181,167,6,12,6,96,36,19,109,89,70,69,81,118,152,186,30,18,94,110,52,76,17,47,166,23,94,79,118,23,102
72,175,174,155,105,163,98,67,149,80,14,157,197,53,159,196,139,44,103,132,137,68,120,45,14,139,82,74,62,187,112,122,137,163,145,74,159,125,133,64,122,154,27,92,92,21,137,9,44,192,170,150,165,34,74,72,61,74,161,98,160,133,156,16,192,139,64,150,64,175,45,132,25,197,78,88,133,25,34,90,93,155,159,53,74,57,104,54,72,2,21,58,93,139,64,78,161,25,154,172,189,19,15,183,29,116,181,33,130,189,18,109,127,123,37,4,0,110,141,70,162,51,42,56,84,188,11,121,96,118,181,188,18,56,111,114,39,83,6,193,147,162,167,131,71,189,152,37,22,47,191,81,84,89,129,39,97,4,141,123,181,110,4,106,188,22,81,123,102,148,11,189,146,79,169,118,199,84,193,39,153,199,89,143,11,17,127,89,31,47,109,185,107,20,20,115,46,114,69,190
16,16,45,45,2,62,171,95,73,98,105,180,40,67,53,53,144,45,140,58,99,57,182,58,194,68,74,172,64,3,99,57,159,160,61,82,105,80,40,120,187,85,155,119,176,3,137,145,9,122,65,197,93,68,196,24,187,78,73,58,90,44,175,35,3,173,67,68,124,1,93,124,151,41,173,64,132,103,82,27,124,150,136,135,41,8,139,25,27,58,139,86,16,104,8,137,13,91,9,124,109,19,142,111,130,113,52,81,83,169,113,110,141,4,152,183,49,38,185,70,0,38,59,47,22,89,164,107,193,71,169,179,179,141,183,123,46,48,138,127,7,87,106,199,0,84,109,158,106,106,110,42,181,26,117,97,15,184,32,94,158,81,46,36,138,109,130,181,121,130,20,48,48,129,121,48,33,129,47,118,22,56,107,169,153,110,148,190,19,142,69,51,130,188,115,76,138,113,113,123
173,157,85,128,177,44,151,174,119,16,93,173,68,178,101,88,93,91,21,92,67,80,9,105,119,68,172,54,174,72,175,77,194,160,192,104,174,57,98,182,98,124,159,173,171,28,57,173,98,88,91,173,35,195,25,16,5,151,91,35,155,73,41,180,98,159,41,198,140,2,66,77,3,144,95,119,62,192,40,14,93,139,68,58,50,16,178,120,140,34,192,103,177,78,28,16,144,78,172,154,126,147,12,81,138,32,47,94,121,115,193,4,29,121,164,71,108,29,147,123,46,184,169,115,127,143,158,169,108,190,30,116,17,169,36,130,17,106,22,32,59,0,123,110,32,15,109,127,75,83,0,49,76,148,113,199,32,166,129,42,193,0,152,188,143,167,76,129,184,121,36,162,131,15,22,143,118,39,47,164,10,179,23,148,106,117,183,138,89,191,106,191,162,0,10,131,17,148,186,138
170,44,98,28,67,132,103,171,58,73,104,157,67,3,92,136,61,28,82,180,132,177,192,198,65,173,34,24,66,41,24,170,198,139,8,170,9,57,170,90,62,65,128,62,14,68,44,60,144,91,5,194,53,150,88,68,132,34,112,137,92,86,151,175,197,67,104,80,171,154,66,35,137,155,135,77,62,50,171,101,92,1,132,78,78,194,171,194,92,44,176,150,156,24,98,128,157,150,58,136,17,134,138,183,102,59,20,193,127,6,42,189,111,10,118,84,134,22,102,117,18,94,186,15,152,37,51,113,106,29,188,81,185,33,191,15,46,138,117,189,10,129,123,167,117,55,107,162,185,109,147,4,131,143,52,83,148,191,199,123,129,146,129,143,126,110,12,168,129,141,169,43,114,184,76,188,130,106,70,111,19,17,89,11,185,26,42,115,31,97,147,70,55,179,158,55,69,23,184,114
122,13,45,120,16,154,149,5,150,187,53,161,74,78,196,198,195,62,173,53,165,28,68,156,92,93,128,28,171,58,50,122,77,149,66,135,149,156,57,122,132,50,99,21,149,177,40,150,16,149,73,177,137,35,177,104,13,14,136,139,68,92,133,72,135,88,2,135,34,13,197,45,171,5,197,85,161,119,24,34,64,16,3,8,57,133,64,66,73,28,140,90,85,50,140,93,133,5,68,128,193,181,89,108,37,83,63,46,166,190,138,94,55,47,26,143,33,11,38,30,127,158,94,131,7,188,17,51,185,59,167,181,89,148,94,167,38,141,118,10,22,189,109,29,108,147,131,134,32,129,113,162,110,4,87,76,118,162,148,102,199,184,143,83,56,110,191,30,47,38,193,117,11,126,134,117,10,129,18,55,126,141,94,83,107,106,17,126,179,179,69,11,106,199,59,167,56,55,46,31
44,122,53,156,93,195,145,61,92,195,53,177,196,91,27,64,62,180,82,195,137,88,24,198,65,77,174,67,177,67,80,57,163,150,171,137,125,135,65,5,41,62,92,192,180,122,98,88,28,172,160,40,159,68,139,145,173,44,98,25,41,9,54,90,85,67,192,92,195,21,57,139,93,16,57,88,104,40,194,98,57,136,170,178,66,72,95,149,120,135,25,1,74,177,105,196,57,27,180,68,129,134,114,116,55,123,10,10,36,179,29,190,6,121,169,83,148,106,30,141,79,107,48,121,22,42,70,107,191,106,115,142,126,18,162,117,39,94,199,189,32,121,55,134,179,17,69,116,118,79,100,115,12,166,71,22,56,18,147,121,113,146,52,169,52,106,109,39,37,30,26,17,185,17,59,100,63,6,20,30,94,51,134,56,63,96,38,191,184,106,189,169,89,117,76,18,121,43,56,164
82,161,50,170,112,194,178,198,197,194,91,133,156,156,177,177,154,25,45,198,194,24,104,151,54,73,50,64,174,151,175,24,140,160,86,57,192,73,45,8,197,160,163,41,149,151,2,180,124,161,132,92,90,13,120,187,25,176,101,78,78,16,21,44,159,99,177,13,68,60,65,195,195,9,120,155,54,160,28,197,187,197,120,139,178,132,154,120,54,176,45,140,1,88,105,77,175,60,85,67,146,193,33,97,147,188,158,56,46,111,6,55,31,49,75,169,59,42,96,15,22,166,184,94,142,166,42,84,56,20,81,138,190,138,26,181,193,6,186,164,76,117,22,18,162,158,46,123,111,121,20,158,148,81,36,43,153,107,193,37,39,29,181,48,188,169,109,188,38,75,81,31,138,56,81,109,148,179,51,109,12,184,22,20,148,30,148,108,36,94,97,81,143,152,189,59,189,23,75,6
122,93,150,125,120,171,175,58,171,44,65,65,105,62,172,154,41,133,88,27,104,172,163,151,28,64,80,156,195,159,44,195,135,35,74,57,82,85,27,177,165,57,195,53,82,74,159,8,45,60,98,177,99,151,21,72,45,88,163,16,57,61,192,9,73,40,180,2,105,176,1,101,120,82,144,133,174,92,74,198,119,57,66,101,135,151,80,88,157,5,145,14,105,196,161,119,119,198,60,95,97,183,146,11,158,106,19,130,152,108,19,131,184,89,152,6,164,87,87,142,6,166,116,46,79,46,113,109,115,169,129,4,138,52,36,147,51,166,108,46,130,26,94,87,146,37,143,123,56,70,189,108,70,94,26,113,84,164,19,123,55,17,36,39,75,108,131,184,33,114,11,190,106,110,19,26,59,39,63,193,108,183,30,167,37,63,75,38,184,29,51,30,179,143,0,106,69,167,19,51
136,82,133,65,192,93,41,132,54,25,196,80,103,196,133,105,50,124,139,90,120,171,149,80,172,34,139,14,44,170,178,119,65,1,40,67,124,82,50,98,154,175,80,41,176,144,156,16,95,119,149,105,45,62,132,28,175,41,155,65,124,27,159,151,176,154,177,62,178,128,57,177,2,194,16,53,28,124,78,112,45,170,163,64,154,45,160,105,151,8,122,165,104,28,53,98,92,161,103,163,10,190,33,184,121,30,23,143,30,190,142,48,39,146,12,37,15,141,7,63,48,148,199,56,87,186,184,59,97,7,56,38,89,26,158,142,138,49,96,46,113,89,141,190,191,117,96,47,83,96,17,79,47,52,181,123,84,31,115,118,117,131,127,79,116,102,109,32,100,190,39,46,121,19,193,70,117,29,20,169,46,79,6,142,20,193,87,158,33,55,79,118,106,109,19,186,10,118,113,87
72,64,170,78,40,41,112,125,156,194,61,177,163,66,132,144,177,105,90,196,61,85,160,78,50,194,180,86,170,78,120,2,160,5,101,68,86,99,133,13,88,163,35,195,77,92,62,95,187,136,5,73,9,86,16,133,155,172,112,60,140,176,112,132,86,58,135,157,1,151,92,125,24,175,132,157,54,176,86,165,105,62,192,103,74,192,177,124,86,28,92,197,61,177,88,98,1,135,161,161,30,188,30,186,19,188,43,107,37,46,32,33,111,20,193,168,76,52,81,121,107,11,55,193,46,48,189,166,33,168,33,32,193,23,146,96,43,186,142,191,152,114,100,179,10,47,55,188,47,129,56,10,143,75,96,30,138,109,142,127,37,141,183,185,48,96,6,107,89,115,37,153,108,70,113,110,142,63,31,29,183,126,32,131,10,188,166,83,117,116,111,97,141,186,55,138,142,191,162,48
177,27,172,139,154,161,53,53,139,93,170,178,9,73,88,13,9,156,163,67,197,140,58,144,34,174,194,72,159,95,120,57,171,177,140,64,80,170,25,154,54,27,103,165,14,187,13,91,5,135,178,122,196,67,101,176,14,98,161,98,125,155,9,180,82,65,144,176,90,62,156,175,177,77,172,198,40,28,187,133,133,155,61,2,161,27,194,132,2,98,139,99,198,144,103,140,182,149,44,120,190,0,129,106,143,22,4,114,146,147,83,26,116,7,83,191,29,37,134,134,127,46,186,29,164,32,110,138,106,15,37,169,116,81,12,56,51,42,127,96,48,168,186,22,126,193,181,100,130,84,42,36,84,118,199,31,181,42,127,55,33,107,96,116,36,190,37,11,81,109,181,183,97,102,109,42,169,83,126,32,89,4,166,117,71,56,191,51,55,47,158,183,81,129,123,31,70,118,127,185
112,140,177,119,40,74,103,112,86,80,64,45,133,5,187,74,72,161,195,103,24,156,28,163,150,177,140,124,13,174,172,172,99,45,14,151,132,28,41,78,187,144,135,159,120,187,25,124,73,124,136,157,77,197,112,174,34,14,28,74,82,50,171,198,68,60,24,64,80,196,155,157,137,35,135,157,196,112,85,28,136,5,157,60,150,139,53,151,68,135,125,120,85,195,62,112,154,136,99,9,19,38,148,20,39,123,106,31,152,193,102,56,199,162,94,130,59,190,11,43,158,10,158,79,56,117,130,83,56,23,11,184,123,142,94,152,76,185,19,17,141,10,130,189,106,153,118,185,188,0,83,117,166,109,29,153,43,121,185,23,49,87,46,84,18,138,169,129,75,108,63,116,129,127,107,79,97,102,84,123,30,12,126,96,75,152,43,168,167,118,147,4,130,0,146,37,23,179,19,183
85,58,88,86,64,178,91,3,25,122,139,177,3,82,54,8,128,161,119,135,178,35,61,178,150,34,24,180,198,80,140,24,60,198,50,85,57,41,149,90,61,25,154,45,174,21,180,88,154,173,155,176,88,54,128,21,1,101,119,95,61,103,192,195,90,90,13,178,8,5,165,119,62,175,177,159,1,196,187,151,74,25,192,161,144,90,161,16,73,128,82,78,165,192,178,60,160,176,124,66,19,191,38,199,166,148,96,43,0,55,55,123,11,148,97,32,186,83,46,39,189,189,15,184,71,46,15,113,126,102,158,183,29,15,146,42,69,18,39,107,148,51,108,143,69,148,189,153,130,153,111,169,31,123,168,36,55,22,108,111,47,117,129,184,148,126,26,59,51,59,114,51,84,63,49,52,143,188,47,37,84,121,75,42,47,129,12,51,100,147,142,89,10,47,121,129,147,59,38,166
182,159,98,177,13,125,53,105,140,180,74,8,170,149,198,78,8,195,92,124,74,196,136,73,13,150,90,98,25,192,182,137,88,91,9,139,122,68,91,150,25,160,90,195,35,93,34,85,135,88,173,21,82,192,62,73,176,119,61,177,28,119,133,60,66,40,135,149,139,133,44,40,197,40,149,85,157,65,82,178,13,41,104,16,58,66,25,67,85,175,173,40,187,154,14,195,132,73,198,174,75,148,190,167,15,121,141,152,129,117,52,22,37,39,48,42,111,4,100,84,22,190,158,52,19,17,94,7,152,126,189,152,38,167,107,71,97,186,152,141,185,153,76,22,138,29,146,32,167,199,31,106,11,33,191,109,146,162,51,102,7,138,36,190,107,46,38,188,71,138,158,81,38,115,70,117,87,118,123,184,190,19,153,109,0,94,81,168,143,12,117,117,179,114,113,10,94,26,0,143
35,132,53,182,72,5,77,25,65,161,54,151,112,80,136,2,103,60,170,171,197,103,61,74,24,61,139,150,25,85,150,74,149,92,53,159,40,133,27,67,125,196,119,173,25,92,25,101,34,27,95,103,2,60,44,82,175,41,27,125,40,78,165,154,2,174,57,157,25,173,176,137,61,80,174,137,163,58,21,62,99,149,195,140,82,103,34,159,58,120,95,86,16,120,140,176,34,122,1,74,131,56,114,32,29,116,116,94,134,114,23,129,109,4,115,121,89,32,39,18,63,123,19,188,4,148,129,48,111,20,71,199,169,36,162,134,121,84,32,102,188,32,190,186,106,12,188,152,190,38,33,110,49,141,52,115,106,148,52,6,18,76,138,17,7,7,55,71,36,138,193,81,22,141,76,185,169,106,115,191,87,84,142,63,138,11,166,109,89,79,190,22,184,167,43,166,55,7,143,153
1,60,145,3,41,174,132,74,119,25,180,90,176,177,24,13,62,24,103,175,24,120,119,99,5,120,54,154,120,136,65,194,5,54,61,3,90,103,160,112,104,125,192,197,177,155,34,60,150,67,161,105,9,86,91,16,112,172,82,21,120,27,2,178,72,120,136,50,88,68,133,88,149,72,151,135,150,88,104,104,50,67,34,161,176,139,60,27,54,68,53,28,156,124,68,159,66,64,101,122,147,152,143,69,129,55,71,94,164,17,18,134,106,17,20,181,141,183,38,32,69,100,29,15,37,146,191,94,89,164,134,127,83,168,55,115,131,36,20,181,17,76,96,153,89,6,47,0,37,7,96,107,43,33,32,87,118,79,184,17,152,158,162,100,83,164,37,191,115,15,87,190,7,114,127,108,29,49,131,4,55,38,141,134,134,189,15,131,109,31,52,186,32,81,127,109,31,184,146,18
1,161,54,77,21,132,58,41,196,136,136,50,44,86,5,54,160,65,125,155,171,34,112,58,165,172,44,88,9,125,170,105,182,91,35,105,14,73,14,175,132,174,195,194,180,68,80,124,120,182,157,136,157,66,14,67,1,86,64,150,139,132,137,128,91,28,150,28,151,101,182,16,61,8,64,176,105,163,73,62,50,101,119,62,125,124,44,66,132,194,149,132,66,160,93,90,9,182,137,92,107,147,193,141,52,15,4,48,106,146,111,32,42,46,0,158,7,47,108,108,117,142,23,20,127,11,96,75,84,0,190,121,23,36,17,47,89,131,69,70,113,11,168,4,97,10,143,123,10,167,39,96,36,23,184,168,102,52,166,20,71,18,183,4,148,46,39,17,188,102,17,168,12,32,108,56,11,30,18,189,38,164,106,48,118,15,147,188,117,6,158,131,75,179,107,83,15,87,131,71
9,77,197,154,80,157,93,182,34,132,9,62,161,16,192,88,171,74,14,72,177,180,2,14,16,54,66,78,192,154,182,27,180,93,61,54,119,72,57,182,16,128,157,176,120,149,54,150,60,172,73,85,171,175,182,35,122,54,160,195,78,40,65,85,82,112,171,13,132,124,27,180,27,170,92,105,41,175,88,1,170,58,128,180,163,35,174,13,66,112,172,119,54,150,58,92,67,132,78,149,162,186,23,107,81,42,29,31,107,168,167,117,42,100,81,138,190,118,115,102,49,158,26,96,116,121,152,158,15,113,7,134,121,100,181,70,4,97,59,15,189,47,17,134,70,89,38,32,106,190,23,31,183,26,146,69,81,114,79,55,18,30,97,121,22,183,131,166,23,63,183,190,189,117,55,76,129,123,26,26,115,183,29,23,134,36,199,19,107,134,69,121,43,193,188,26,117,15,102,113
160,27,25,91,57,119,5,40,122,14,119,144,125,132,103,177,135,105,82,58,154,2,53,103,135,78,66,149,139,104,64,174,160,64,161,187,195,74,128,196,182,103,62,197,92,91,139,1,165,139,137,61,86,197,66,65,61,93,198,165,120,2,136,14,159,197,92,5,187,74,195,2,156,151,28,159,28,73,103,16,78,160,67,150,50,85,104,137,93,92,133,78,104,45,178,112,157,195,177,73,23,148,89,114,38,191,121,0,199,168,126,33,126,31,130,142,63,76,48,76,100,130,164,199,118,51,84,83,51,148,134,75,38,87,47,123,70,84,22,71,115,69,39,116,100,39,15,87,17,29,96,63,181,199,199,97,59,117,191,76,118,17,38,22,183,130,70,162,26,52,71,185,94,102,100,179,18,31,183,117,188,123,138,79,7,131,116,127,26,11,29,118,81,55,70,55,32,158,114,166
122,196,8,197,174,99,78,150,145,82,161,27,78,5,187,195,67,122,139,90,154,98,8,120,133,28,80,170,72,13,50,5,173,151,124,182,122,80,72,77,139,3,98,28,149,132,93,21,196,145,155,16,78,53,178,88,77,163,161,95,112,62,125,21,157,175,170,151,2,41,135,180,104,53,58,41,66,140,99,66,171,157,2,175,104,105,86,157,13,125,28,155,2,196,119,2,178,62,5,151,131,12,127,47,11,190,87,19,184,7,169,152,46,114,134,191,129,79,17,109,22,130,164,19,20,190,134,169,191,131,126,89,7,111,37,33,118,96,12,55,191,185,100,17,115,69,29,12,152,4,146,38,181,96,52,116,193,33,97,185,46,118,148,39,183,7,111,22,76,31,69,55,26,51,181,75,147,190,113,199,138,143,43,71,199,69,126,10,142,131,32,152,102,169,0,38,84,184,127,32
180,21,101,77,3,178,21,140,161,80,54,72,67,54,61,163,57,187,57,27,41,140,192,165,28,104,140,154,57,120,176,65,144,156,173,3,57,64,9,177,180,120,136,171,61,78,105,54,90,178,3,73,128,101,135,45,73,122,50,64,119,41,139,137,172,8,163,124,176,112,34,150,112,65,90,91,86,50,180,88,112,172,53,88,40,44,177,144,41,82,53,90,91,41,135,196,5,103,161,90,118,31,18,193,7,100,166,76,117,26,142,70,148,7,106,129,169,17,113,75,76,184,30,6,81,148,107,118,131,48,37,81,148,100,7,127,87,59,138,102,7,123,31,46,148,22,166,162,152,191,102,169,129,118,0,115,148,48,46,141,70,56,84,108,37,115,190,46,12,106,141,4,185,109,121,199,130,126,43,146,55,118,113,10,167,186,71,22,110,185,84,102,127,106,121,143,138,107,193,190
172,149,5,112,171,3,104,27,187,187,13,80,62,27,182,68,112,45,91,194,101,88,165,90,40,160,154,187,28,1,86,135,28,77,197,93,135,161,195,2,178,122,40,21,161,192,172,156,9,187,151,154,9,198,195,172,73,86,125,175,145,85,14,112,5,157,16,5,174,194,95,77,172,139,165,14,180,173,157,57,40,119,139,171,14,41,159,105,68,99,125,125,139,86,104,24,99,85,1,61,153,109,141,26,148,141,47,184,107,43,111,15,100,81,116,189,76,158,15,147,15,6,116,52,70,87,33,10,55,134,47,118,71,55,47,147,42,167,70,0,134,63,111,114,89,179,43,146,167,89,127,114,141,76,87,100,146,6,55,49,36,108,100,191,121,114,106,81,131,97,52,52,129,18,148,10,75,166,188,117,70,118,152,38,11,96,20,162,142,199,17,179,108,168,48,185,4,89,158,84
41,13,182,197,68,1,135,120,92,176,172,77,61,92,82,160,1,105,50,174,136,64,135,137,82,170,154,170,35,187,77,150,88,90,145,136,122,95,24,67,74,155,53,139,44,95,77,145,155,122,78,182,176,88,144,64,177,174,8,173,192,136,128,16,124,136,125,8,91,91,112,77,90,151,25,135,156,144,91,25,139,182,27,68,149,73,136,149,98,120,90,154,157,50,160,90,92,41,86,3,63,46,107,20,70,55,11,43,97,141,102,32,114,12,138,169,96,79,190,12,116,84,0,69,190,76,127,42,146,42,121,183,153,126,96,56,48,52,186,15,39,10,23,46,116,106,130,59,70,32,19,148,84,111,152,20,148,114,84,118,111,37,42,185,131,43,123,56,96,87,115,134,32,56,193,63,38,84,199,37,75,193,121,69,130,71,153,94,19,116,79,134,134,190,146,188,126,113,89,29
9,155,160,62,25,92,172,177,64,57,120,27,3,120,157,136,197,105,93,195,137,45,44,124,5,5,128,77,112,140,105,16,157,2,68,133,62,74,122,154,14,195,61,44,160,40,103,165,139,85,101,151,139,105,77,85,173,73,135,41,176,40,54,92,160,103,140,13,145,155,173,85,196,90,99,16,159,132,95,151,154,192,119,120,91,62,77,178,151,194,73,68,74,82,78,1,44,25,136,57,114,152,190,84,190,146,89,123,142,79,146,59,189,142,22,168,130,42,0,143,113,75,31,76,36,109,63,131,79,130,69,111,6,131,4,31,89,110,193,152,29,56,181,7,168,179,4,11,0,100,164,190,22,141,166,12,84,134,19,49,31,42,130,76,168,71,97,18,113,89,79,131,129,111,116,109,189,43,162,181,129,114,108,141,109,199,123,106,46,22,141,181,31,113,38,169,191,162,106,107
101,61,196,66,145,172,41,13,95,27,154,35,187,25,25,101,159,80,14,139,72,61,65,16,90,2,159,13,73,62,180,135,44,1,1,178,156,124,34,16,104,58,74,163,14,64,82,66,58,27,74,159,93,57,119,170,67,163,145,77,45,98,144,119,137,145,122,170,41,64,53,150,174,13,165,159,155,182,92,192,91,132,161,98,122,120,25,157,34,172,195,175,1,99,125,163,98,103,195,125,43,109,100,164,193,87,152,107,20,23,0,89,189,32,167,114,146,6,185,19,97,152,18,191,36,146,191,7,81,81,168,121,109,107,15,189,87,102,81,29,134,22,121,117,11,56,189,30,11,117,189,121,51,113,46,148,81,164,20,118,114,185,179,96,181,15,131,114,79,11,87,51,167,43,191,36,47,183,147,106,69,188,134,37,127,52,147,126,7,116,42,49,131,113,108,31,193,108,71,22
41,78,194,177,128,8,61,72,65,90,57,14,140,45,1,101,67,60,137,104,178,194,91,5,93,3,151,50,105,104,92,112,90,163,159,119,90,72,137,104,170,149,160,65,13,5,5,192,176,21,178,27,3,133,72,105,16,21,54,196,5,93,195,150,133,73,65,34,172,135,133,72,161,172,45,77,128,61,154,91,187,99,155,91,21,44,65,155,50,45,172,73,9,92,35,21,137,77,151,125,114,115,193,100,46,81,146,102,107,164,42,10,164,166,94,107,148,69,49,162,111,22,19,48,100,184,96,6,84,147,38,23,109,113,84,166,43,17,169,42,107,168,96,134,96,158,148,113,169,17,26,89,51,183,129,87,130,29,46,191,56,100,134,142,100,193,129,11,32,114,167,51,114,47,94,121,127,148,15,71,81,199,164,55,87,12,147,26,4,191,30,153,158,141,106,141,100,32,106,55
112,197,68,197,144,44,180,154,58,135,61,103,157,160,125,25,13,150,25,8,61,66,5,98,77,133,161,187,77,192,21,40,165,45,35,67,171,27,192,156,133,77,24,135,3,136,157,170,21,85,74,73,90,176,170,151,149,58,54,85,171,187,101,61,174,92,101,165,149,196,67,3,90,27,82,192,128,128,58,8,5,150,85,78,98,124,101,14,82,170,21,77,1,175,66,136,73,53,50,78,100,107,130,143,117,115,118,107,189,181,131,126,167,138,162,30,94,184,81,147,12,76,26,18,97,17,19,142,38,29,188,22,106,18,148,142,47,102,141,129,19,115,142,115,17,190,193,6,115,76,116,181,42,37,107,76,193,164,126,181,29,26,0,94,138,134,113,0,116,108,110,193,100,184,48,184,51,100,162,117,7,71,106,106,142,19,17,153,141,56,168,106,30,15,179,148,115,36,107,6
170,139,173,73,88,124,132,41,68,25,98,197,3,78,140,137,196,196,151,67,40,34,175,53,101,156,72,28,180,150,198,125,135,198,101,151,172,16,174,137,9,14,140,74,150,194,145,1,28,67,67,67,77,78,57,124,105,175,92,161,14,171,192,161,95,62,136,61,176,5,196,125,194,132,99,85,72,144,13,159,74,61,128,64,73,35,66,198,120,195,54,173,144,135,40,14,16,62,137,198,138,81,46,17,46,191,26,184,111,48,131,107,33,49,169,29,96,107,166,113,117,33,167,29,22,89,63,153,115,110,130,26,10,189,89,20,191,131,116,97,123,146,138,113,106,37,55,46,36,127,30,10,152,111,193,22,142,46,59,70,188,69,17,20,19,185,0,185,32,164,23,100,129,141,55,142,138,56,51,30,33,4,164,115,84,141,142,127,46,46,75,193,183,127,75,48,190,47,188,42
60,119,135,27,27,13,74,45,99,68,122,124,67,27,64,140,182,54,82,187,170,40,74,173,195,66,82,104,119,198,5,80,9,163,86,197,149,178,35,125,73,2,180,41,160,195,163,192,91,24,1,64,98,192,159,173,198,136,61,8,176,180,90,24,90,182,54,50,178,24,195,53,77,66,88,72,61,24,139,93,171,120,187,65,66,149,182,21,65,119,99,64,62,154,62,2,93,195,125,187,6,138,118,49,37,31,169,7,84,181,29,185,102,168,131,184,186,113,31,51,84,94,164,102,83,106,199,186,70,79,106,39,113,22,75,7,109,39,193,49,117,162,59,106,18,111,39,89,138,22,31,23,126,131,141,39,70,168,131,6,6,81,138,48,199,183,141,181,134,4,131,117,20,15,63,49,18,108,185,110,97,129,47,186,38,199,111,166,26,89,190,4,43,127,30,153,127,71,89,185
159,196,2,198,165,50,28,197,88,139,8,160,80,72,151,34,1,175,28,53,174,44,44,8,54,66,150,180,68,1,77,5,159,105,64,92,161,5,95,136,187,122,165,28,60,99,178,85,104,155,95,176,88,5,170,86,99,14,195,135,77,161,3,8,57,95,187,176,1,99,24,54,25,139,145,8,27,72,77,50,163,34,172,28,112,128,91,154,13,170,24,160,99,21,99,103,104,160,161,34,32,188,152,199,188,121,89,143,70,70,23,152,185,138,18,59,138,79,11,162,30,71,42,153,94,76,83,39,147,97,164,113,94,79,37,22,12,113,113,84,108,106,89,87,143,6,123,96,193,116,87,184,126,31,29,185,38,168,129,185,146,185,190,113,138,169,130,184,36,167,17,4,42,11,189,115,190,75,109,83,84,123,138,37,39,89,127,110,10,87,15,49,179,162,18,167,89,32,76,7
44,34,68,173,196,128,88,5,174,53,99,90,41,24,62,133,86,93,8,187,156,145,178,41,13,16,92,133,120,135,104,177,74,150,195,8,177,34,178,128,27,105,40,88,160,163,145,27,86,99,103,149,14,112,77,173,124,16,86,196,68,5,41,73,93,53,140,145,150,145,25,163,195,85,174,182,41,27,91,72,54,160,159,137,197,35,67,66,73,125,45,21,103,149,163,73,198,99,66,161,186,193,100,134,142,22,71,107,83,12,162,32,43,23,20,153,199,63,106,183,138,127,51,83,79,158,106,37,147,153,19,109,32,12,181,51,106,111,110,42,31,6,111,114,71,6,108,102,126,146,146,31,181,110,10,17,121,43,46,49,143,42,22,96,26,76,94,147,33,10,38,116,89,199,184,164,71,42,179,130,188,127,37,63,51,118,181,115,127,126,76,26,186,31,81,43,10,114,70,121
165,197,178,182,160,163,35,180,85,60,14,44,194,16,125,82,174,44,35,101,171,119,25,175,122,103,194,80,2,16,21,163,44,27,105,173,65,170,149,172,156,172,182,60,91,120,13,103,68,145,78,34,90,194,44,14,24,77,101,65,112,85,175,66,172,3,3,95,196,133,139,175,9,144,160,135,101,77,161,66,67,34,150,21,77,112,149,85,159,82,74,104,25,14,73,86,140,90,194,174,190,107,185,97,79,115,108,51,89,108,129,188,191,142,184,10,76,114,69,130,142,10,59,179,131,18,46,114,113,70,89,199,141,97,167,158,63,141,188,6,123,167,22,189,147,199,158,146,130,4,22,168,138,55,186,123,76,108,23,162,193,59,29,97,113,49,23,134,47,0,26,153,129,186,138,117,32,51,188,33,22,49,37,63,75,134,138,158,76,130,71,121,115,147,185,142,181,37,7,97
68,178,101,192,91,45,128,35,160,176,77,140,62,192,137,61,93,14,21,133,101,16,64,66,41,174,160,66,132,61,132,178,77,95,119,160,5,137,161,195,149,80,24,172,58,5,149,54,144,175,182,139,178,124,86,3,195,54,25,161,174,161,133,54,195,25,151,136,44,82,187,136,171,90,198,155,178,194,145,64,28,159,124,73,67,66,150,3,24,99,160,151,66,124,9,161,92,175,154,149,147,38,158,130,87,134,96,46,109,89,47,130,127,162,19,70,188,20,102,166,43,71,113,123,33,52,113,18,129,148,188,32,168,185,7,109,167,84,96,183,179,38,109,70,7,49,47,118,97,162,162,0,18,179,37,75,109,108,15,83,79,113,38,69,146,83,12,96,4,32,51,96,37,106,43,30,188,97,189,166,38,115,94,18,32,15,87,6,18,56,11,109,79,158,20,17,123,30,23,167
198,95,78,159,136,60,105,198,88,41,85,144,160,28,90,98,92,125,150,44,165,132,5,136,60,120,178,27,154,149,104,68,122,194,1,122,16,133,78,14,124,124,187,155,66,82,133,85,132,41,57,139,145,86,119,125,104,40,180,92,178,120,80,172,187,124,82,58,163,72,132,8,159,53,58,25,28,98,91,25,187,82,44,67,135,53,154,195,14,112,99,149,125,187,78,139,67,16,178,77,100,0,26,76,130,11,49,46,166,20,102,121,37,146,75,117,110,168,70,164,42,111,186,153,102,123,181,152,83,127,188,83,146,81,185,84,129,32,19,100,153,116,113,15,37,115,10,107,31,31,10,38,179,12,116,55,123,188,148,79,84,102,142,15,23,183,96,26,162,179,126,19,43,114,118,56,38,129,6,116,130,134,36,143,168,100,123,83,167,141,167,59,138,116,146,38,84,127,81,113
161,124,61,77,120,91,140,171,98,124,156,170,90,122,1,91,161,88,73,73,149,57,28,78,92,66,53,132,125,175,68,139,195,64,3,103,93,44,68,149,160,104,35,136,119,5,177,21,61,133,88,159,77,62,140,5,132,197,175,136,50,104,132,112,145,25,149,66,9,135,44,160,128,80,157,144,82,27,45,170,44,170,128,67,174,62,182,41,61,57,150,40,182,139,13,65,61,172,90,66,79,199,55,46,38,4,193,31,59,148,188,81,111,56,23,123,19,158,70,190,141,11,166,81,181,22,181,116,71,109,31,70,146,153,147,43,6,39,158,147,23,84,190,96,37,147,142,70,87,189,87,11,26,23,69,56,183,166,55,55,123,107,116,127,84,162,117,123,191,109,164,130,48,43,48,18,108,76,75,96,147,10,38,169,97,22,108,142,18,87,126,113,168,107,7,179,31,167,158,42
92,58,2,8,74,198,13,177,165,66,125,135,27,28,60,67,192,92,44,150,95,160,137,192,78,161,119,73,35,182,160,95,25,144,133,195,135,196,151,98,80,104,170,155,192,150,132,157,57,154,98,34,105,25,174,85,85,86,196,53,35,163,178,35,1,132,85,196,85,28,50,41,13,192,8,28,140,61,112,58,91,27,86,145,41,98,82,99,25,122,85,65,66,41,82,182,58,66,133,197,141,117,183,129,87,83,71,181,138,17,100,26,15,20,31,15,126,185,97,108,186,19,6,164,75,59,129,100,83,164,167,37,48,89,143,12,75,114,106,158,186,123,37,29,52,131,51,63,164,184,18,141,115,49,69,19,83,56,169,109,148,42,100,70,143,127,181,102,111,134,47,107,190,143,20,131,29,127,168,39,100,168,162,36,183,141,129,115,70,38,169,106,189,110,191,26,49,76,179,130
78,54,174,136,88,172,73,34,196,172,132,28,2,60,45,90,86,3,187,73,182,105,149,82,136,137,82,45,178,77,13,187,125,1,161,41,34,1,72,61,24,85,13,27,128,101,61,170,93,197,132,103,196,103,91,163,139,77,45,85,157,159,82,198,157,60,112,80,103,149,165,74,101,140,40,9,136,8,198,58,16,74,74,151,28,180,8,120,50,120,177,173,93,125,192,93,82,104,28,62,189,39,167,22,143,108,186,164,39,147,152,81,26,38,42,37,167,97,42,48,97,49,55,190,108,146,26,76,7,20,184,11,166,162,148,10,100,186,166,134,184,141,43,110,188,96,199,117,89,69,81,121,117,75,30,131,56,19,121,42,199,31,147,70,71,162,184,131,127,4,7,22,46,168,191,52,83,134,102,164,190,138,49,7,108,83,188,0,147,109,109,115,118,83,43,113,63,169,189,109
196,68,82,8,192,132,194,187,182,98,140,180,133,99,119,139,137,135,35,9,85,28,40,92,170,82,197,93,2,177,177,144,135,120,90,67,194,2,165,151,78,21,35,66,160,85,133,28,197,163,13,27,119,57,182,98,137,139,91,103,124,174,5,149,2,92,65,119,74,9,195,95,44,28,151,139,86,165,57,53,133,137,1,154,9,195,170,73,125,150,86,196,135,132,2,98,44,196,2,9,121,48,191,49,4,0,130,168,185,42,15,184,185,42,190,162,83,30,146,26,130,123,36,199,36,19,193,113,138,23,10,83,143,47,84,152,127,11,71,4,18,76,109,167,179,126,15,110,31,20,134,43,115,162,42,51,138,81,153,106,108,83,0,23,71,63,127,97,190,153,32,7,116,33,147,186,116,38,100,164,118,94,191,76,191,29,29,126,108,179,19,118,32,94,142,71,142,115,127,117
21,195,9,35,68,154,34,196,197,156,160,177,62,151,157,165,90,74,1,35,72,74,173,178,74,155,25,44,101,124,175,104,98,73,67,86,104,91,35,64,135,28,182,82,85,125,80,90,124,135,140,103,8,120,78,93,136,195,165,195,73,13,40,112,25,90,160,99,194,124,45,2,28,151,175,177,34,27,195,124,1,149,65,198,122,53,78,124,8,161,151,41,74,133,187,65,198,85,27,151,26,46,184,164,48,0,70,49,94,158,18,189,166,141,79,167,110,76,52,164,11,49,10,31,134,181,76,69,193,96,31,70,87,130,116,141,0,143,0,116,100,84,114,76,11,59,52,56,7,183,130,113,46,39,38,148,4,126,186,108,19,32,83,143,79,121,75,167,26,97,96,79,110,15,15,10,71,20,162,39,181,109,96,4,166,118,185,29,15,169,115,56,59,107,189,56,188,199,11,190
194,163,57,172,175,187,41,93,178,177,122,145,9,57,124,173,140,40,28,187,41,182,60,45,136,187,182,139,93,195,187,178,150,54,157,119,196,2,9,9,28,136,122,194,112,198,72,139,176,112,50,91,149,34,136,196,65,3,86,54,67,67,197,182,27,101,82,175,112,125,86,74,137,124,45,182,140,73,24,144,2,27,44,72,104,60,145,85,161,88,68,140,140,5,133,1,137,65,198,16,113,134,153,166,97,108,23,33,69,179,152,71,18,190,162,76,190,70,108,130,189,102,69,199,186,107,134,26,121,186,70,162,23,97,152,46,138,167,20,138,110,169,6,59,142,84,118,184,26,29,183,47,36,127,100,7,115,141,11,113,30,59,118,111,49,134,110,102,20,102,115,79,162,153,43,94,129,123,47,46,37,94,146,49,188,12,131,49,162,20,147,164,102,46,37,26,107,30,118,130
112,68,194,159,35,125,68,149,50,172,125,53,58,90,157,125,74,44,53,128,8,125,16,58,85,195,132,173,178,154,67,64,160,62,151,196,122,61,171,124,198,27,54,156,197,45,120,194,192,95,151,197,93,74,171,93,149,62,25,161,21,139,154,34,122,160,133,112,180,58,165,171,197,177,27,73,194,194,137,50,150,187,157,77,92,135,182,125,3,14,103,101,122,137,40,150,44,192,90,155,6,55,134,166,23,49,47,83,6,152,76,126,47,79,116,69,11,143,162,4,188,42,51,37,147,117,148,51,69,52,142,97,26,116,38,129,153,42,51,193,29,115,87,29,48,191,7,113,11,17,22,79,6,0,75,48,142,110,116,22,43,166,79,158,87,184,114,131,185,26,143,188,47,130,131,179,31,127,100,131,87,22,10,184,49,94,152,59,6,0,19,189,33,12,189,7,89,26,186,76
173,170,149,27,27,112,137,132,119,125,172,137,41,137,21,122,40,61,41,35,174,173,159,14,176,178,124,101,176,173,77,160,171,60,92,176,82,67,2,128,196,177,101,57,132,91,62,14,95,90,72,66,25,78,44,132,104,95,77,86,161,66,16,66,103,92,154,132,137,135,68,125,28,40,91,104,80,196,125,197,85,85,157,173,58,149,44,65,192,40,86,67,171,40,192,155,1,175,78,163,199,18,0,134,52,116,109,87,37,10,6,102,81,141,106,199,10,190,33,148,6,102,70,115,51,6,96,153,75,188,191,141,115,39,114,23,109,107,123,33,168,138,89,185,17,130,169,168,12,30,12,126,115,23,84,123,42,17,43,168,0,18,76,188,148,22,43,11,118,121,148,23,106,96,26,18,116,12,181,107,106,12,0,162,94,59,18,168,100,63,84,47,97,158,10,193,130,138,69,102
41,78,155,2,41,194,34,34,125,16,177,98,99,72,104,41,187,145,172,137,85,128,95,91,77,50,68,170,119,44,182,60,53,122,151,99,128,112,197,101,133,40,175,1,137,27,2,104,3,60,177,174,170,177,120,149,196,120,67,50,176,24,54,176,132,104,65,176,155,105,2,21,66,64,2,182,154,176,156,90,133,112,174,194,77,128,72,124,151,170,45,132,67,120,44,174,34,62,57,2,181,188,158,83,51,169,127,59,167,191,36,102,148,22,79,32,167,193,59,0,59,26,142,18,179,55,70,142,152,185,49,94,106,193,0,10,0,167,11,0,17,167,23,109,118,37,76,71,15,39,89,26,63,142,113,97,18,69,38,102,31,142,126,48,7,31,20,52,127,7,75,18,32,141,20,87,12,169,117,33,107,184,79,100,52,4,12,142,76,129,191,111,179,23,158,37,37,113,116,179
60,101,157,95,157,112,177,119,25,28,144,178,137,112,150,161,178,62,73,194,161,41,195,198,150,151,173,9,60,72,156,172,41,44,41,177,197,16,9,67,157,88,53,85,85,82,16,157,160,151,172,197,198,50,3,125,57,196,88,128,21,105,2,132,68,160,145,77,124,86,68,44,99,197,196,16,54,24,182,161,44,92,128,156,34,149,16,161,68,41,44,8,119,177,5,155,74,157,93,178,39,84,162,76,42,102,134,123,47,166,30,127,0,37,48,138,167,146,55,37,39,56,113,71,32,49,39,6,46,129,52,107,138,0,30,56,70,113,147,186,184,12,19,23,19,146,164,186,81,49,109,81,4,199,38,153,199,127,185,81,134,12,0,12,109,20,71,33,179,189,138,162,141,4,22,109,33,37,23,20,94,110,56,189,181,107,189,48,30,31,59,181,158,81,49,166,147,129,15,179
88,135,105,161,196,137,28,35,21,178,62,194,9,177,88,136,21,64,159,194,163,119,54,140,175,40,151,171,50,8,95,194,124,161,176,90,72,72,144,92,3,62,68,136,27,178,99,128,156,91,101,178,132,137,150,58,150,101,194,77,28,133,133,82,58,170,80,91,163,92,74,171,58,98,125,91,198,74,74,65,136,45,62,170,180,28,24,112,65,194,197,16,103,172,86,124,2,144,45,174,181,36,11,19,181,113,42,102,146,193,38,75,134,148,131,108,121,193,146,81,63,20,113,23,142,12,70,110,47,131,185,38,19,29,111,42,87,10,31,43,138,116,20,141,167,181,32,106,42,51,193,63,20,115,30,81,134,96,162,75,37,148,186,32,33,190,184,19,33,97,181,191,38,39,59,100,115,141,47,52,108,186,116,100,123,164,102,23,83,152,87,46,96,193,31,166,55,11,190,31
78,25,119,67,132,161,86,194,99,95,66,177,1,136,155,170,163,68,128,101,5,90,160,173,99,21,9,77,172,136,80,112,120,151,64,40,194,73,21,194,140,28,144,132,195,197,21,44,98,8,103,173,99,103,178,132,1,1,34,27,120,9,78,66,156,157,171,163,27,50,196,54,73,120,72,53,122,60,24,157,91,24,1,172,159,170,151,103,86,122,67,67,151,136,160,171,161,173,14,24,83,84,121,169,84,152,131,164,113,185,115,31,113,31,113,70,126,143,184,47,42,31,29,142,7,18,167,162,142,71,97,121,63,115,38,158,38,130,15,36,32,97,126,102,142,6,193,10,10,7,4,131,181,142,4,169,199,18,71,11,0,164,181,134,184,130,52,181,12,43,46,7,134,141,26,115,84,167,109,70,100,56,114,81,48,143,100,31,168,59,162,189,130,181,59,76,32,39,51,143
156,103,157,132,99,1,194,60,99,90,77,73,122,140,90,105,154,62,171,88,194,13,156,156,198,151,72,137,25,86,45,34,74,177,78,120,35,128,174,119,61,41,78,40,170,161,124,192,156,172,105,133,61,195,133,92,157,154,197,92,174,137,14,62,67,155,13,197,178,2,171,93,65,72,187,60,154,159,173,13,74,150,197,16,60,61,101,103,60,72,88,155,149,154,156,61,165,92,194,112,126,42,153,143,109,147,126,39,108,129,70,184,130,183,84,56,96,6,43,22,29,96,96,31,181,193,189,33,106,193,12,123,84,117,76,76,193,33,52,6,117,129,164,63,190,23,141,29,4,37,121,114,138,147,118,29,33,115,143,191,4,59,19,76,11,153,134,168,33,148,199,190,102,186,108,138,186,162,134,147,188,20,51,181,118,81,36,114,142,143,71,153,69,143,32,36,96,117,29,31
78,62,194,182,150,54,3,54,120,35,170,61,40,145,112,44,139,133,93,66,66,73,41,99,62,195,175,161,24,161,16,139,165,66,154,156,133,80,86,57,140,135,198,25,67,85,54,154,159,161,119,24,180,34,112,28,133,194,187,54,125,197,198,159,139,50,197,95,139,93,3,174,128,86,77,28,160,176,74,104,80,182,74,16,119,85,149,35,149,21,136,173,91,73,132,91,149,124,182,151,115,118,131,76,0,169,127,6,131,63,100,191,143,87,30,130,130,169,48,181,56,7,15,169,51,116,166,96,147,109,169,153,63,162,123,29,191,26,199,143,63,55,47,143,7,153,109,26,148,29,116,179,76,94,106,31,63,22,141,56,96,116,109,110,183,179,70,110,100,33,96,63,106,191,185,31,141,11,143,32,168,127,97,141,52,126,4,79,142,42,118,33,179,123,109,55,179,127,100,23
88,103,198,174,197,92,98,16,163,165,139,178,165,53,27,57,91,170,65,53,25,194,197,124,13,187,45,160,105,44,8,177,27,60,140,8,9,68,74,175,124,21,44,8,122,40,171,103,3,159,133,133,124,65,175,157,86,136,25,58,61,57,187,133,194,140,198,124,101,54,196,165,175,67,35,66,24,14,176,124,58,128,60,170,150,178,136,93,25,128,1,120,68,88,175,122,124,72,58,35,49,148,102,118,59,130,75,39,179,52,152,111,49,188,166,17,110,126,142,179,183,100,55,84,147,142,12,127,55,193,143,152,51,152,59,7,33,164,69,185,121,11,152,29,118,148,141,107,116,186,31,113,71,22,0,29,146,4,168,168,142,164,81,121,188,123,106,121,152,26,30,113,15,166,30,4,69,30,179,79,117,7,117,17,19,190,4,179,37,183,138,6,0,51,148,79,186,118,55,102
155,132,57,25,155,119,174,98,195,159,86,67,174,35,16,99,67,2,128,95,58,163,44,13,132,77,35,90,8,24,165,145,105,173,44,40,105,40,135,14,60,133,159,64,171,154,2,45,80,44,45,78,155,160,194,154,151,16,78,93,25,174,62,197,45,187,90,88,156,1,73,192,86,27,178,14,72,125,124,14,155,178,9,65,25,173,64,197,95,120,194,78,128,57,156,174,53,61,99,5,59,56,17,20,168,4,138,39,33,168,84,33,190,107,199,181,11,89,69,89,46,100,49,71,123,71,22,49,188,17,18,0,113,138,84,56,33,107,22,111,15,158,12,43,48,55,36,11,189,4,169,89,22,97,23,19,169,148,131,164,102,69,121,102,158,84,39,75,37,184,7,123,113,52,89,69,29,143,181,46,147,15,102,130,162,97,51,184,110,23,181,109,184,56,108,184,146,126,143,143
66,3,57,50,61,133,171,5,171,172,72,125,5,2,155,112,1,128,62,194,82,41,28,172,176,163,80,60,157,174,144,5,161,41,13,140,25,73,180,182,27,136,16,160,95,58,157,35,187,150,103,145,150,25,35,137,149,175,1,72,198,197,178,195,21,124,95,8,161,180,192,35,73,91,151,27,28,28,5,8,90,61,144,16,157,60,73,93,64,140,77,65,187,16,13,145,14,86,176,24,126,168,131,111,10,114,184,162,108,185,69,146,30,43,153,56,75,97,146,43,31,26,166,141,186,146,76,0,118,164,87,38,138,84,97,115,31,167,169,186,110,110,59,20,33,164,141,148,59,113,102,6,59,52,109,33,76,79,4,56,181,117,123,111,89,76,179,59,31,37,181,26,39,29,152,162,75,30,96,10,116,162,118,148,51,63,102,184,20,127,158,38,89,15,183,138,18,138,75,108
16,2,172,196,64,161,125,74,27,5,64,112,64,77,91,132,34,99,125,150,171,90,177,132,170,172,197,14,41,82,150,50,161,154,66,57,64,177,90,128,196,73,154,174,196,163,178,53,91,92,95,74,112,99,25,85,159,157,98,119,80,91,73,65,78,154,24,180,72,145,27,44,182,86,58,14,140,163,77,150,172,74,140,192,34,2,196,180,80,196,3,125,54,196,9,195,62,60,187,24,146,143,185,179,148,166,188,56,108,83,17,76,42,63,184,189,147,97,20,42,116,185,48,79,69,83,152,116,97,100,70,63,185,117,189,121,179,51,188,183,56,31,87,49,108,38,7,184,30,23,32,102,29,127,179,37,127,29,47,12,69,12,181,183,168,39,152,75,111,109,126,31,36,94,19,79,142,37,87,107,59,189,29,18,106,87,199,142,138,118,70,148,84,87,127,129,164,49,33,7
27,151,27,40,122,119,40,53,21,128,155,120,144,176,99,53,140,161,172,66,73,77,77,98,28,161,77,78,122,40,177,95,139,95,174,125,175,3,119,80,137,53,196,112,177,192,103,67,25,93,171,73,170,35,160,160,91,16,86,170,2,64,170,62,28,45,78,174,163,54,144,67,174,64,174,159,41,198,16,175,61,78,61,74,61,2,136,177,57,139,144,35,101,103,175,16,157,1,60,62,26,17,42,71,79,18,179,29,0,162,179,15,179,71,29,81,39,193,141,94,6,191,26,48,183,75,69,184,33,97,43,18,47,118,36,110,96,114,179,18,70,130,94,111,76,166,30,179,191,42,168,76,96,51,142,185,131,10,55,6,69,10,169,143,70,143,89,22,184,190,36,36,70,51,129,17,158,153,37,162,186,48,107,146,102,117,36,107,115,4,75,71,4,121,43,167,47,17,63,63
132,90,88,122,105,35,86,187,93,133,25,5,176,8,5,95,133,132,165,2,124,60,145,67,67,92,80,65,21,1,99,2,66,154,25,157,174,90,13,177,80,8,194,171,27,163,77,95,136,21,170,157,124,35,194,73,50,133,13,157,44,58,172,99,133,85,160,180,139,91,161,77,2,125,159,165,99,54,67,99,139,133,14,85,95,178,122,155,101,74,78,45,86,132,41,104,41,140,53,44,162,114,31,42,153,168,29,190,20,10,143,114,162,181,79,110,108,51,114,15,6,131,31,19,189,94,168,111,49,189,107,18,107,38,55,81,19,59,186,39,48,12,38,22,167,106,38,131,30,96,11,168,33,12,89,184,147,113,162,87,6,70,109,130,162,97,107,100,152,32,191,147,76,153,127,31,56,19,107,33,107,141,134,84,167,22,189,107,115,84,17,114,181,10,31,189,127,55,94,94
165,163,60,178,25,196,178,198,104,159,151,145,170,139,125,173,128,122,112,104,72,95,180,35,149,21,145,140,5,124,159,2,24,172,156,163,3,172,65,62,128,41,194,13,137,133,105,101,178,86,82,157,50,171,161,159,197,101,40,173,35,182,5,112,145,149,173,82,40,197,137,8,140,170,93,161,78,149,98,85,128,187,182,21,196,160,64,93,133,195,133,82,53,103,128,160,58,194,128,154,52,70,56,110,115,184,23,106,147,181,152,32,113,38,138,115,87,69,168,147,56,181,102,94,31,148,84,108,123,169,26,110,110,15,111,114,184,83,63,39,70,184,131,185,193,100,127,97,0,100,30,158,100,10,81,46,142,6,20,29,181,166,56,168,83,33,30,179,129,0,38,96,83,32,193,146,143,38,130,32,18,43,143,70,49,167,123,123,52,46,22,79,19,10,81,96,130,109,153,76
65,67,104,132,54,122,160,171,88,85,105,182,57,171,172,72,93,149,50,24,72,45,192,82,44,91,74,170,137,50,72,144,145,2,82,112,192,120,99,195,151,60,195,74,80,192,161,171,5,194,73,182,139,58,65,197,88,34,157,125,101,195,128,112,91,128,98,192,80,157,128,35,145,92,155,173,177,182,157,180,64,177,119,160,90,62,104,64,195,101,165,2,80,124,78,157,58,5,45,1,30,83,142,129,18,11,20,4,142,188,15,162,71,143,193,39,158,49,164,59,43,167,138,94,113,69,26,18,33,184,76,81,100,116,31,26,153,186,59,6,59,52,179,0,193,0,31,18,143,89,169,142,30,11,75,142,56,52,17,138,56,116,186,152,184,79,79,110,39,183,22,186,31,20,39,134,199,17,153,167,69,146,130,42,121,148,131,7,129,121,42,152,59,94,33,69,29,55,15,146
85,74,163,61,2,21,173,86,177,132,120,124,41,21,14,157,93,73,24,172,45,13,159,16,128,57,93,149,50,155,34,165,28,140,34,78,133,91,178,25,149,172,103,187,21,160,41,194,170,40,195,91,88,67,165,61,95,182,170,80,25,60,9,86,95,182,149,91,24,95,92,128,80,74,80,198,50,57,187,67,165,64,132,24,2,13,62,154,135,62,160,78,120,174,77,124,112,82,156,172,118,96,108,29,142,188,48,94,59,87,146,113,131,7,179,79,146,106,146,42,39,63,89,18,84,168,15,184,147,126,167,134,71,51,39,39,168,42,181,12,83,183,36,184,110,102,189,59,10,123,117,0,11,109,183,39,69,166,59,26,22,69,63,188,20,10,121,22,115,106,97,118,4,106,4,89,37,63,100,19,76,70,126,37,115,186,42,51,0,43,32,186,138,26,48,142,11,43,189,89
9,171,196,8,53,99,120,8,132,112,92,78,195,16,73,122,139,151,139,192,195,82,125,172,149,61,50,27,173,24,159,25,120,174,98,93,90,159,150,171,156,135,78,149,119,159,157,105,125,180,144,61,40,192,149,14,137,160,137,64,154,85,25,157,165,77,77,2,140,133,163,122,122,178,120,50,196,178,86,124,27,35,197,93,65,196,175,139,93,86,2,99,24,40,61,68,132,13,163,103,83,141,188,166,52,84,114,118,36,69,121,11,37,107,167,26,191,69,12,169,190,111,59,23,102,19,130,193,168,117,79,143,123,39,71,59,114,116,153,186,126,17,83,36,110,184,31,138,94,89,55,142,31,96,43,167,123,20,107,43,162,71,188,167,12,19,111,96,148,131,43,162,52,166,26,153,6,49,84,190,12,126,190,18,19,47,162,179,167,10,107,189,55,148,109,0,162,111,164,26
61,54,57,165,35,128,128,132,197,160,194,3,132,74,124,122,88,103,133,144,3,176,176,149,73,177,3,154,124,92,150,140,177,175,125,27,161,173,54,180,101,14,163,196,8,124,105,156,133,128,99,196,74,3,177,88,77,50,132,154,122,177,99,21,62,67,139,90,98,25,119,120,139,119,125,173,28,120,99,120,62,182,44,60,14,27,154,65,171,60,172,155,65,5,27,171,77,74,68,171,166,113,29,146,43,79,130,102,7,96,138,0,42,110,166,69,169,179,134,127,51,109,4,148,190,183,142,22,193,141,148,43,63,23,94,184,47,110,162,129,38,123,4,47,193,18,96,70,38,97,167,114,185,31,94,153,20,111,143,59,166,94,143,39,167,59,185,15,89,199,168,56,106,190,167,30,168,126,184,23,123,83,148,15,199,36,147,19,183,36,32,181,30,114,110,191,36,43,106,42
177,45,171,196,133,34,82,104,170,133,86,25,8,175,140,182,50,2,128,85,25,136,150,170,98,64,1,176,91,161,45,195,135,155,139,144,137,53,194,53,198,192,198,176,103,3,66,64,74,85,34,2,180,156,5,57,177,182,53,144,125,198,2,93,2,92,132,178,187,98,57,54,73,93,27,132,172,136,27,24,137,125,5,120,60,103,137,41,57,176,187,50,145,165,80,78,14,135,125,88,19,15,181,33,193,167,52,153,164,186,36,97,94,47,141,129,142,39,115,83,129,30,126,12,71,183,87,162,76,131,7,142,6,75,42,184,113,130,111,134,33,43,19,147,7,18,20,199,127,18,42,142,37,79,59,109,131,30,89,164,59,186,47,102,127,115,108,146,121,168,46,186,70,52,30,107,108,123,146,106,42,30,43,179,131,131,129,39,0,12,193,127,48,7,15,97,102,188,32,48
67,133,9,176,57,53,25,103,58,3,82,125,5,172,155,74,137,25,197,104,58,120,9,35,35,65,1,50,41,192,28,125,92,28,72,180,14,119,197,73,64,45,77,120,1,88,125,68,1,74,5,25,101,128,136,135,150,57,58,8,197,53,91,72,159,8,119,40,132,157,85,103,72,72,157,135,195,150,104,175,34,197,72,73,67,154,103,67,86,95,119,170,159,124,57,180,54,44,21,95,123,199,169,0,7,116,168,17,117,108,114,108,142,87,11,107,141,134,181,118,111,130,29,46,18,23,113,116,118,81,0,123,183,49,181,153,20,69,181,76,179,18,147,109,183,26,96,59,30,75,158,48,33,94,153,166,37,79,63,114,134,134,4,186,185,6,29,190,10,0,76,26,12,63,48,26,55,75,199,0,142,84,37,115,38,116,48,115,4,181,199,148,166,113,20,147,158,33,0,179
144,170,156,155,45,103,8,3,145,86,44,140,103,155,64,13,149,104,40,122,86,178,197,60,187,174,53,139,66,66,1,73,103,80,72,156,136,60,60,92,91,14,154,192,144,119,5,27,182,67,16,194,99,86,60,135,195,14,40,53,125,67,45,86,132,157,98,145,172,145,175,3,74,132,24,172,180,1,122,85,73,137,125,74,44,98,171,149,177,161,27,155,61,91,144,93,124,194,139,99,138,22,108,46,118,183,55,84,81,38,87,55,18,189,142,49,148,121,15,121,7,47,162,43,96,186,71,29,12,152,26,33,190,126,146,142,168,29,148,75,18,79,87,52,166,63,134,190,31,69,115,26,183,71,167,199,69,48,190,153,83,17,84,186,56,30,162,143,23,110,89,142,100,84,52,33,79,96,39,190,181,158,127,96,138,147,146,48,55,142,75,23,22,6,102,83,108,113,4,141
124,35,165,156,58,24,62,86,120,58,196,13,53,101,65,140,137,187,44,82,122,53,54,128,1,28,90,73,45,175,122,95,133,172,173,137,16,65,145,171,50,195,41,25,13,139,95,41,165,60,198,161,198,154,197,82,136,14,136,93,73,144,165,73,64,5,21,178,137,195,172,85,50,1,195,13,60,67,160,78,98,144,9,5,58,2,67,13,136,3,8,74,73,165,66,161,175,90,35,50,183,110,76,94,51,46,164,75,33,19,31,20,39,108,36,123,107,117,81,185,4,114,148,94,79,29,108,147,147,26,168,193,134,118,33,123,20,142,37,38,11,52,111,166,55,79,138,4,111,153,84,31,49,130,138,87,63,185,56,0,18,179,96,107,39,32,36,7,146,115,181,70,117,11,142,81,134,147,118,47,42,36,17,15,48,18,110,42,152,191,6,19,70,89,22,188,38,30,166,52
157,178,99,99,34,112,66,74,93,62,2,105,156,74,103,133,73,86,196,58,27,21,64,128,140,35,2,173,8,155,103,103,112,140,170,171,157,120,120,73,62,135,177,1,197,103,92,103,137,41,44,53,85,173,194,65,93,99,45,165,3,176,137,101,112,58,54,98,182,68,180,80,149,28,50,40,180,157,192,171,53,68,34,163,95,160,2,60,132,8,45,178,3,155,58,149,112,103,170,104,87,84,199,22,189,23,23,33,158,100,20,181,148,51,20,84,55,183,168,113,12,193,162,81,94,111,43,37,138,49,81,42,10,23,115,115,19,30,12,79,121,20,142,146,121,107,121,117,113,38,22,141,107,167,69,29,113,107,94,23,134,162,15,185,96,186,11,42,48,0,7,115,79,100,84,0,12,23,183,126,111,7,113,193,47,11,130,96,143,96,166,59,115,42,33,6,158,153,79,69
3,172,27,2,99,178,124,67,72,13,178,14,140,78,197,197,170,198,21,40,57,16,105,128,28,137,160,173,180,78,159,90,135,99,163,45,132,119,64,58,119,132,3,90,78,161,99,57,61,67,160,187,53,159,64,45,178,157,149,41,28,77,171,40,112,91,73,187,125,73,145,68,8,101,95,175,160,122,3,182,9,174,165,45,14,28,197,54,137,85,72,66,68,91,197,133,165,178,120,1,129,10,106,94,76,39,11,81,116,23,130,6,107,37,147,143,75,102,127,94,188,42,89,184,87,162,0,164,184,113,76,76,89,17,29,164,108,166,190,111,31,10,11,185,193,83,107,199,131,43,146,167,97,131,6,108,162,36,22,47,83,190,131,42,117,11,70,166,69,12,30,111,48,142,7,59,4,7,94,108,0,141,162,127,166,143,138,106,83,183,152,30,191,117,26,0,106,47,79,143
35,101,50,8,177,132,194,82,194,165,195,90,137,101,144,140,13,196,160,90,155,21,28,155,25,5,74,135,192,5,57,176,176,93,128,95,198,103,160,198,150,60,34,1,144,95,194,136,195,149,149,74,161,160,90,90,72,78,135,149,124,150,156,92,136,156,98,159,112,5,2,44,41,171,27,88,45,157,88,140,60,172,180,21,105,132,105,192,2,57,154,132,8,65,61,99,5,14,5,8,188,108,6,33,15,183,114,168,7,42,42,6,83,83,179,94,106,108,83,42,147,183,189,191,56,19,129,39,107,166,168,59,75,148,83,11,52,184,142,185,114,26,37,46,107,131,186,127,164,102,30,75,190,17,147,116,42,131,47,20,38,69,17,42,121,184,167,31,167,134,121,152,123,39,39,31,121,123,109,42,26,55,114,19,49,56,37,146,116,43,47,107,32,141,12,142,183,162,84,123
165,41,157,154,145,192,128,180,27,66,195,137,132,25,68,178,187,5,132,155,171,172,35,132,62,112,135,161,187,128,99,95,45,178,93,125,103,21,104,133,67,1,67,145,50,156,82,5,34,196,80,77,161,177,194,34,132,133,88,66,91,5,24,194,159,50,8,173,45,27,112,165,105,25,85,133,66,163,41,24,170,8,85,54,125,159,8,112,176,173,45,24,86,93,175,78,57,139,68,145,189,4,179,48,96,191,47,75,158,32,193,109,109,71,42,164,115,118,199,94,146,42,83,134,168,52,191,188,17,96,84,146,48,126,12,117,109,126,26,96,118,126,87,56,31,111,102,107,127,131,185,110,33,118,70,33,167,49,20,115,168,185,107,113,49,152,87,116,59,30,108,185,42,6,147,141,23,83,179,11,199,188,131,30,147,191,108,168,70,121,11,102,42,38,166,96,188,107,38,168
27,180,40,128,91,177,91,192,54,40,161,112,8,155,98,120,57,14,86,67,80,90,195,175,40,103,187,176,25,104,66,144,136,194,5,139,182,27,155,67,40,64,119,195,67,139,176,170,173,8,88,119,180,13,137,58,170,104,161,176,95,80,171,54,119,95,172,62,177,156,182,28,41,187,144,82,61,28,175,139,195,119,53,171,105,27,35,74,145,86,60,28,64,128,67,150,137,16,45,90,30,121,181,107,164,188,15,152,15,26,23,47,106,96,190,121,55,191,11,129,84,185,51,63,127,4,83,100,39,17,114,184,70,48,39,36,153,181,51,87,114,56,179,15,36,106,23,102,79,111,39,87,15,109,131,117,100,15,17,123,131,143,11,83,22,141,15,127,121,100,33,181,23,69,100,167,52,39,189,138,127,191,48,199,168,118,32,33,83,181,81,56,116,138,138,185,84,71,47,130
105,182,65,85,35,175,41,57,171,91,21,178,170,154,119,67,9,62,161,60,28,122,135,176,40,182,174,120,192,149,58,119,82,80,25,78,65,60,159,155,104,105,122,163,27,41,103,157,140,174,74,170,45,172,173,192,77,137,149,173,80,21,78,40,196,88,80,182,91,125,174,92,40,165,172,132,93,95,65,172,85,66,53,195,72,80,40,25,85,149,3,192,161,172,72,198,78,175,41,62,166,63,134,37,184,23,126,130,113,147,4,142,190,186,169,141,164,63,116,47,22,146,188,15,152,117,130,30,153,96,46,11,63,193,31,167,168,43,94,142,106,166,18,47,190,199,109,131,48,148,29,46,0,26,158,114,23,107,0,70,129,199,114,179,94,76,116,96,158,185,117,87,0,190,114,26,7,94,23,127,131,6,142,148,167,109,147,147,146,97,188,190,10,183,107,193,147,117,147,121
95,24,132,66,54,58,53,122,80,53,192,92,182,40,172,154,2,67,128,9,145,91,66,41,155,77,161,119,136,135,1,195,64,149,180,170,53,66,112,103,98,98,41,13,78,88,45,90,149,35,35,175,124,163,161,137,54,180,194,24,112,145,161,74,171,98,25,80,101,122,3,157,165,60,27,165,182,156,9,13,120,154,34,187,119,82,149,66,41,151,60,177,175,44,163,156,35,155,78,91,113,48,96,190,164,87,146,51,123,116,81,30,7,126,147,79,162,123,10,158,33,115,199,47,15,22,111,10,166,18,126,55,71,23,33,47,51,63,185,39,185,148,42,199,29,193,148,75,169,117,83,6,152,33,107,107,189,162,162,43,31,63,18,114,199,153,158,102,97,129,75,37,114,108,55,121,142,33,131,184,131,71,189,158,33,106,81,184,49,55,42,48,89,102,79,31,110,142,193,55
174,144,161,24,156,40,65,62,8,182,98,68,80,92,132,77,124,182,74,177,182,180,163,92,197,74,40,66,124,72,132,27,119,25,9,14,192,151,73,40,90,196,132,198,178,133,14,151,99,67,58,133,65,177,60,2,182,5,195,14,192,16,14,21,156,172,180,150,135,103,159,175,66,62,1,40,170,92,172,172,182,161,139,172,163,34,145,34,24,154,24,40,161,104,3,177,61,78,122,34,15,22,17,179,152,184,83,79,46,42,75,38,148,38,43,20,153,30,69,129,32,83,6,97,76,118,181,94,134,141,19,17,81,43,185,6,179,141,191,188,111,186,49,121,185,37,75,26,148,36,63,22,142,118,38,130,33,22,70,199,30,59,48,46,130,76,116,114,100,147,23,38,94,106,142,0,23,7,18,108,69,7,55,33,181,46,79,97,87,168,55,84,167,30,19,126,69,15,169,89
120,196,74,21,198,161,72,120,163,132,73,177,67,195,180,88,72,170,197,150,40,112,91,192,73,85,25,61,14,104,187,41,27,3,177,112,155,139,93,25,98,41,8,151,133,45,171,14,58,178,13,3,66,41,163,177,93,175,197,35,177,177,77,72,165,128,85,61,182,40,119,21,74,144,156,54,112,25,135,159,57,91,159,133,34,85,112,88,88,194,132,24,177,171,155,82,187,159,13,174,166,75,42,96,181,20,55,164,36,118,36,37,19,84,47,47,97,181,23,52,48,127,113,118,75,81,69,4,32,11,10,166,188,30,75,189,152,96,20,81,69,184,191,47,127,153,186,75,199,114,71,52,168,188,22,26,52,49,129,183,189,4,179,130,36,63,152,193,22,118,110,19,113,76,113,97,123,162,39,31,36,79,26,169,32,168,169,11,185,115,20,46,56,96,30,126,183,186,32,166
150,57,149,150,132,177,103,53,137,65,174,14,194,103,58,195,174,90,150,80,119,196,170,93,80,119,8,65,174,3,124,98,60,25,170,195,144,99,3,80,58,92,112,177,21,90,88,122,149,196,144,194,44,92,98,133,50,174,40,14,151,132,172,5,135,196,80,93,119,74,66,128,93,133,137,161,112,196,8,195,151,180,27,104,60,65,24,170,41,24,40,112,145,3,133,144,178,67,124,74,97,71,193,148,121,193,39,130,129,36,79,36,127,17,96,75,134,84,188,75,142,146,164,110,89,126,0,6,32,20,179,26,71,153,11,37,100,47,162,79,117,191,168,49,87,70,56,102,96,42,81,199,89,36,29,7,106,185,43,189,117,191,76,33,75,37,71,167,0,36,117,12,111,71,138,20,37,153,162,127,10,52,114,108,193,146,147,56,123,115,71,6,193,148,83,118,138,0,164,190
98,174,175,53,194,136,64,176,60,93,34,136,58,91,112,198,125,178,165,16,77,61,68,177,104,154,139,160,128,194,5,8,65,105,154,119,67,62,5,154,172,41,73,90,151,82,124,28,187,151,24,156,174,41,171,198,99,3,58,35,154,78,122,151,155,74,124,140,95,73,98,50,101,9,125,82,180,101,178,66,1,178,78,92,66,104,13,140,3,68,174,101,77,13,72,171,21,21,133,132,179,126,6,79,63,30,17,127,109,0,167,71,118,63,118,199,79,79,31,11,33,47,83,59,113,179,108,87,147,47,59,191,84,186,63,116,152,189,29,126,4,36,116,191,30,23,15,141,190,70,71,118,134,87,43,116,46,36,37,51,191,18,130,18,39,83,59,79,96,146,36,63,152,87,48,191,179,134,94,102,52,153,108,56,189,110,131,51,130,166,75,191,79,46,185,130,142,186,148,6
82,161,86,90,144,73,165,178,68,45,132,13,135,25,28,98,136,61,125,40,101,161,160,103,104,16,160,58,176,16,3,2,45,165,1,77,61,132,101,139,119,140,197,16,68,104,66,35,172,182,182,195,82,24,88,73,99,44,133,124,44,93,65,120,194,145,21,157,8,192,156,5,159,154,44,156,98,85,160,82,196,159,92,174,175,103,136,2,192,171,136,122,67,104,182,73,154,112,50,21,84,167,114,4,184,36,56,31,4,106,32,49,152,169,115,26,190,84,79,153,6,55,191,96,147,123,75,12,100,129,76,167,100,81,108,37,49,63,20,52,126,89,111,111,181,186,6,17,32,6,148,153,4,79,55,109,84,127,4,107,23,188,111,148,39,193,11,97,32,29,147,51,115,31,146,179,109,115,189,6,96,164,108,0,110,181,141,79,83,152,129,79,83,115,141,138,152,190,186,71
54,177,77,67,180,156,8,125,105,41,35,161,172,125,145,91,101,154,157,85,53,160,139,137,8,68,182,57,86,82,8,35,67,53,77,187,140,93,165,61,195,161,195,85,140,124,57,99,9,154,24,3,53,45,160,180,41,73,145,161,112,161,194,80,95,105,16,2,34,53,172,9,161,175,176,60,21,187,145,60,14,145,149,159,99,99,122,27,3,125,44,78,103,140,93,80,176,198,35,28,83,20,100,141,31,31,29,31,115,183,20,129,59,49,109,153,69,59,18,87,185,87,127,36,185,71,49,138,69,32,7,121,71,190,107,22,123,63,184,107,84,188,19,102,121,42,169,181,94,87,33,7,29,33,37,48,131,76,123,188,142,29,162,71,188,141,123,76,110,26,110,184,152,169,83,63,107,158,26,38,56,126,20,31,130,162,138,19,121,127,130,113,70,4,146,193,108,96,181,17
57,101,119,68,151,82,136,9,90,99,140,24,136,14,175,95,80,174,197,13,54,125,174,195,104,144,62,41,58,74,198,61,82,151,65,50,1,58,187,176,57,21,24,45,165,165,145,85,44,86,50,78,66,156,157,172,34,140,85,132,173,172,105,137,195,104,139,139,50,72,45,14,150,139,73,187,61,122,156,105,122,156,165,16,98,61,144,180,64,91,98,21,192,65,98,53,178,54,133,98,96,55,116,84,15,33,47,115,89,102,43,164,75,20,117,108,47,52,18,181,71,179,12,7,168,6,114,113,127,142,179,183,183,6,153,152,94,97,147,113,70,38,167,115,33,106,84,183,55,123,79,106,146,107,146,184,126,127,38,127,11,63,107,52,123,97,189,10,52,100,123,164,108,63,121,181,18,36,146,131,168,126,47,15,193,49,114,12,130,32,63,31,142,191,141,56,110,47,69,12
119,35,122,144,27,198,182,24,144,2,160,5,66,62,160,50,64,1,57,150,34,50,86,155,139,77,28,95,67,139,177,66,54,16,125,157,173,60,66,195,178,85,65,125,171,53,35,45,85,196,101,67,24,160,13,132,72,157,68,74,40,60,92,3,99,61,99,112,104,176,161,35,171,145,40,88,77,139,74,77,16,101,44,24,27,175,133,58,27,85,45,119,198,66,41,178,13,173,198,195,168,32,181,121,83,100,114,59,94,23,71,199,4,113,183,131,109,167,181,39,189,23,0,23,106,6,189,46,114,71,49,162,109,29,109,116,115,107,71,111,26,179,6,17,47,69,94,106,38,39,70,23,116,11,83,81,84,38,87,168,51,191,152,142,38,142,19,188,94,59,127,147,33,191,70,190,108,84,89,108,146,52,23,123,106,114,181,111,20,89,147,199,7,131,152,111,23,130,89,42
128,120,128,112,135,120,132,180,133,112,8,28,178,122,72,8,1,150,66,172,54,124,77,137,145,101,173,174,66,101,161,66,16,16,120,161,171,135,9,175,122,177,53,99,103,177,45,8,92,78,3,173,101,196,60,161,14,65,150,35,5,125,175,182,80,92,140,21,98,98,103,136,104,154,120,157,13,53,137,65,196,145,173,137,21,139,28,50,119,104,135,180,159,170,82,78,173,140,13,72,6,47,42,76,37,6,100,97,89,79,186,190,81,134,11,83,185,70,12,26,37,69,83,56,48,49,199,134,188,184,147,117,38,168,115,49,15,131,55,169,102,4,111,143,100,48,29,169,193,87,6,181,56,183,23,126,83,107,109,106,87,115,153,31,121,166,30,23,118,18,33,6,22,84,32,51,37,190,184,63,52,33,102,146,51,199,18,19,153,87,107,29,75,188,31,38,143,100,11,117
65,178,21,173,44,95,88,105,77,170,14,171,3,120,170,24,45,135,157,73,124,119,157,135,128,60,196,192,72,187,136,40,53,165,170,28,14,82,133,5,3,104,13,80,27,192,135,196,82,62,98,145,165,41,85,172,93,77,13,160,9,35,161,93,157,163,1,85,170,198,104,91,74,13,170,198,155,136,24,14,174,91,124,73,61,196,54,144,197,133,88,74,157,27,86,91,195,132,77,165,179,107,110,115,118,168,97,114,186,6,186,158,164,146,97,142,43,158,102,109,48,43,46,111,111,162,47,51,127,36,114,193,19,193,76,31,158,123,47,147,189,26,115,48,107,109,106,15,110,4,22,143,56,142,75,10,56,94,55,126,117,179,75,134,164,166,20,31,29,0,23,138,188,166,31,20,168,191,96,148,87,39,181,4,81,36,116,32,22,188,83,152,42,185,11,162,109,59,146,7
198,154,182,91,98,16,120,177,9,119,57,9,128,165,160,140,154,21,128,132,72,77,16,136,196,173,3,74,57,177,144,64,151,93,16,44,105,112,157,150,171,93,103,24,58,124,197,139,53,139,93,21,192,192,125,128,68,124,120,67,65,101,124,68,198,163,1,151,74,104,171,16,24,174,14,34,54,139,124,198,133,155,21,174,3,101,78,144,34,145,174,182,78,35,68,9,45,105,93,60,43,186,10,46,19,76,59,189,55,164,59,129,138,191,36,113,63,114,19,111,185,96,19,11,121,12,36,70,106,179,189,7,146,138,6,75,193,185,37,184,12,134,110,152,46,190,32,146,4,111,168,19,26,94,32,87,168,114,141,106,55,115,39,6,131,71,94,131,79,84,183,199,11,138,141,69,106,96,113,0,181,30,116,185,71,69,109,142,89,181,168,111,162,49,123,107,169,11,37,79
177,187,27,95,128,154,57,176,21,187,120,50,154,124,160,165,1,192,172,160,72,45,178,61,78,144,73,78,182,50,44,25,196,95,151,40,21,72,170,176,170,92,65,35,104,45,197,157,178,57,103,98,198,41,165,61,105,95,40,197,196,112,172,40,16,139,173,195,161,1,176,80,197,91,98,57,25,1,139,174,154,124,145,120,85,90,192,122,34,161,28,9,93,140,3,157,35,95,86,57,169,164,7,23,126,33,10,96,79,51,23,168,131,19,48,191,117,32,69,115,79,0,186,96,89,131,114,114,55,51,142,117,167,100,87,134,107,130,38,106,169,142,36,191,100,186,193,121,116,0,94,71,107,48,30,164,31,111,23,158,117,36,12,63,118,46,167,81,138,164,109,116,179,185,147,134,158,56,129,181,79,169,48,43,96,118,184,76,81,168,75,26,31,129,46,185,166,106,126,49
73,145,65,173,13,103,178,178,197,187,174,82,173,132,133,124,62,171,101,155,132,155,93,44,197,88,45,54,9,88,124,159,157,160,135,160,180,195,21,93,128,172,170,174,28,125,1,13,72,66,128,137,44,45,80,197,1,1,13,194,34,78,182,62,28,80,160,144,25,119,178,178,54,135,180,160,2,91,99,62,14,192,156,112,194,197,78,92,82,95,165,35,61,174,65,95,197,104,57,44,12,94,123,164,4,158,185,168,100,166,179,143,106,23,114,30,183,19,148,32,75,71,19,186,59,191,158,31,76,199,69,33,162,193,70,81,185,129,164,111,143,114,22,89,117,81,17,32,33,191,51,193,32,115,0,193,37,76,184,75,47,10,56,134,11,59,47,142,193,89,69,37,59,29,117,22,87,33,168,141,59,42,30,179,55,108,193,110,130,0,102,183,29,7,162,185,152,49,118,191
144,105,196,93,192,5,119,120,133,105,98,150,35,144,172,136,120,62,92,44,128,8,171,132,3,139,85,44,177,88,54,57,82,68,27,45,98,73,101,157,155,192,144,21,101,159,136,132,13,128,165,90,157,82,2,57,122,34,165,128,27,13,154,9,57,149,78,175,128,2,103,144,159,27,74,170,93,35,62,161,54,77,77,139,88,61,57,139,98,128,197,64,137,119,139,163,198,176,149,104,199,146,193,52,118,106,164,11,81,0,70,83,146,20,146,52,33,43,184,107,36,12,89,152,143,36,47,113,42,29,83,22,147,118,164,7,106,7,59,71,118,193,46,47,55,158,36,188,6,153,52,189,10,10,12,167,20,153,37,46,32,11,29,131,39,48,138,183,39,108,39,181,116,153,168,143,29,59,75,39,164,38,76,76,79,141,127,89,191,70,47,97,131,188,26,113,113,183,55,115
67,92,180,172,172,173,25,198,3,74,170,133,139,78,122,157,28,161,174,50,41,163,187,104,178,137,98,77,13,122,67,192,145,57,82,72,173,161,150,45,61,67,62,195,144,24,65,60,61,155,154,156,92,73,112,34,77,149,176,133,160,172,120,98,41,98,74,92,27,14,140,77,160,182,156,54,165,78,99,58,14,119,174,86,85,132,163,68,140,156,139,103,61,122,172,151,192,133,119,91,193,162,129,179,4,33,130,152,33,71,55,48,164,0,115,113,158,12,142,15,148,162,30,22,117,48,141,23,39,148,55,39,108,83,106,102,179,118,46,134,113,17,158,23,30,37,123,117,71,39,127,191,97,189,75,81,166,4,42,59,134,131,117,19,56,81,6,162,191,43,96,47,130,37,39,38,116,96,183,42,4,183,7,147,152,42,106,42,147,47,31,10,164,84,143,31,75,76,49,10
90,136,140,66,163,192,112,34,151,150,105,174,149,95,198,2,82,21,21,5,21,53,144,196,5,21,132,157,170,50,194,61,62,61,154,34,68,64,128,172,91,177,149,135,149,133,157,25,8,93,78,157,61,136,73,101,80,77,122,86,74,93,172,58,85,175,54,160,122,67,165,140,74,78,160,125,112,187,195,14,103,155,177,174,174,139,192,62,92,24,34,85,119,180,80,119,160,140,9,195,55,121,76,106,10,166,169,181,114,43,83,19,52,20,110,31,38,185,147,30,113,147,42,108,48,0,179,79,134,131,141,110,49,190,189,52,22,7,33,6,6,0,116,26,184,183,51,79,17,110,97,47,121,191,118,87,87,29,102,107,113,55,79,166,191,188,193,33,55,134,70,39,114,51,114,0,169,141,71,79,131,130,108,18,47,4,97,76,123,0,111,7,116,94,108,37,130,115,183,19
5,178,1,159,99,172,160,93,2,44,98,77,78,135,2,13,67,80,195,91,145,177,45,24,198,177,174,1,165,112,60,149,160,101,182,180,137,187,72,24,82,178,8,194,64,50,45,13,139,3,161,144,161,178,92,54,2,135,156,101,57,137,105,2,67,125,174,50,151,124,112,45,85,133,25,25,92,125,92,45,28,2,160,165,60,105,44,90,135,157,161,99,177,173,135,99,5,120,187,145,152,188,29,188,142,19,79,37,123,164,26,70,121,55,114,79,143,107,55,153,17,186,158,167,116,193,142,71,109,130,43,23,23,12,18,20,96,113,100,15,11,190,185,52,121,113,79,189,83,146,81,10,56,96,142,49,153,10,127,0,130,127,166,152,126,184,23,162,199,84,26,48,97,94,48,18,184,110,102,63,138,12,179,33,36,189,71,109,183,84,116,76,87,75,121,6,118,83,30,126
68,149,61,125,174,58,165,44,178,24,27,53,187,85,171,157,180,120,99,149,41,120,151,53,178,120,156,14,144,161,9,176,34,53,98,122,125,9,90,132,182,187,78,67,91,180,140,53,82,66,165,2,103,2,161,125,120,170,136,177,5,78,187,64,67,128,156,155,161,159,175,139,16,177,80,53,13,120,182,62,178,145,53,150,16,64,1,172,77,139,88,68,195,176,24,128,160,178,133,173,181,70,87,4,7,89,55,26,102,48,189,129,89,12,69,22,33,19,12,100,169,164,190,169,148,30,97,12,42,152,188,134,37,22,7,181,108,179,152,185,106,10,51,76,167,181,146,71,70,87,94,0,138,189,59,83,179,47,146,6,23,127,75,22,0,115,89,75,33,127,116,83,31,190,130,191,129,15,129,109,146,117,100,134,39,113,189,116,153,51,106,106,84,111,152,87,158,97,19,183
139,124,151,125,98,119,1,120,196,95,16,16,9,122,157,82,101,90,151,137,82,139,16,182,135,139,187,65,173,3,120,155,171,159,151,61,182,61,77,182,34,64,172,196,77,145,3,104,54,195,161,85,86,154,119,5,104,9,66,65,140,90,124,72,173,58,139,145,73,50,34,159,35,171,136,157,74,149,13,196,34,198,60,53,57,92,8,187,136,91,78,165,150,62,198,60,28,85,93,154,42,166,43,49,184,167,106,22,183,199,26,84,148,70,115,76,11,106,12,138,147,52,84,69,184,110,191,63,138,113,117,114,131,97,153,169,47,4,186,188,110,130,37,32,48,75,20,118,18,97,168,43,127,43,6,63,107,109,168,37,49,29,189,71,37,26,126,166,118,56,32,18,130,29,190,51,17,138,4,115,111,126,7,184,110,10,55,7,181,164,42,17,153,26,164,48,181,114,15,83
57,175,88,13,120,86,160,103,5,2,175,122,27,44,180,58,154,150,133,82,77,144,128,40,145,50,72,90,93,149,120,120,132,135,151,198,65,125,172,197,103,98,86,122,28,3,58,128,150,157,180,53,171,120,73,34,122,73,133,137,137,67,24,90,174,1,125,57,149,150,136,157,53,28,35,174,196,90,155,187,112,103,45,161,182,66,60,40,90,53,21,14,91,95,28,156,53,95,163,198,36,199,52,166,47,46,113,48,184,115,113,127,15,83,141,100,158,63,32,186,146,164,129,22,70,15,111,190,142,131,190,49,48,106,47,169,191,17,129,190,121,138,22,189,186,188,167,111,69,49,18,115,100,118,70,81,116,185,20,166,126,142,118,84,142,31,4,23,32,7,166,179,49,37,11,191,123,48,33,148,39,111,36,7,33,106,116,190,118,11,79,11,116,166,185,162,152,15,114,114
173,8,44,172,103,8,5,195,9,170,88,98,133,58,137,5,187,155,155,151,14,132,2,154,91,195,124,197,182,178,62,112,175,95,93,44,101,175,66,27,99,35,82,136,1,1,149,144,5,27,103,14,174,73,198,90,154,128,170,3,136,61,160,176,77,104,45,194,159,144,163,21,192,92,180,24,44,50,149,176,157,3,35,145,156,161,122,40,77,24,28,16,82,135,68,101,14,77,174,135,138,56,107,134,143,96,166,166,114,71,37,181,83,199,30,70,31,36,52,148,127,46,4,143,52,47,179,47,191,23,42,118,127,129,147,76,147,22,55,126,115,193,20,146,17,126,147,10,32,43,69,113,55,12,115,134,15,38,106,130,158,59,43,10,193,126,56,126,193,56,84,191,32,30,11,123,153,118,188,147,75,141,167,10,152,46,109,193,30,111,31,7,190,32,141,11,143,114,168,102
85,156,124,161,136,67,149,104,128,119,73,34,173,170,77,105,105,64,173,93,65,99,103,178,28,82,175,175,104,78,160,120,73,139,34,182,139,177,125,161,119,171,3,1,144,149,149,44,44,139,174,57,67,85,105,88,125,2,98,85,73,88,34,78,67,187,64,156,159,195,85,58,61,13,150,125,195,68,149,62,14,16,67,101,175,88,99,44,195,34,170,41,170,155,13,21,54,34,105,154,102,30,12,33,115,141,59,32,114,199,166,102,116,32,47,152,19,36,29,134,96,153,6,186,52,31,96,108,4,181,114,148,37,33,48,169,48,48,106,152,49,134,100,100,185,129,138,23,109,146,75,30,188,131,116,75,129,129,168,131,190,81,32,7,115,43,4,36,191,37,168,169,111,123,162,36,71,52,15,6,193,11,143,71,37,107,121,97,30,76,179,113,69,143,30,191,26,148,169,19
77,180,54,173,86,120,133,73,44,1,192,86,172,122,195,34,68,98,54,133,88,67,61,13,68,177,157,5,154,40,40,57,25,74,73,77,170,60,157,197,34,14,88,66,177,60,136,140,144,24,2,5,16,53,103,90,103,8,101,90,178,67,139,66,101,133,28,128,198,60,40,78,8,40,128,125,25,105,77,128,151,86,68,187,159,35,25,45,93,3,187,2,159,57,160,2,5,145,172,41,22,46,167,51,97,46,117,33,48,89,118,6,169,146,138,110,37,30,121,188,153,56,52,46,169,108,29,26,20,199,152,183,110,158,143,121,191,59,55,20,22,181,63,84,0,11,106,166,131,116,100,46,7,193,37,123,83,81,4,185,63,115,191,134,15,114,179,110,167,70,48,108,102,94,52,32,147,142,127,0,6,111,127,18,12,141,199,43,134,114,142,39,166,51,10,100,199,43,79,158
58,163,41,150,62,182,14,57,151,187,50,157,172,44,78,44,156,182,41,176,172,77,172,61,99,45,85,101,151,35,66,137,93,177,62,187,45,165,92,160,95,28,197,176,161,3,98,174,66,157,88,112,77,68,65,194,151,24,154,64,133,61,136,156,8,73,132,62,8,58,120,145,14,64,119,157,173,65,53,132,1,99,40,35,150,175,145,176,104,157,140,82,174,155,103,82,13,197,112,195,59,148,36,126,109,69,168,184,87,12,147,89,118,164,51,111,51,39,84,181,147,102,87,79,168,36,33,94,94,49,38,110,52,167,55,79,143,184,117,168,102,199,164,108,167,107,30,162,0,129,100,131,19,127,87,56,0,143,183,42,169,23,146,148,7,158,84,22,55,158,134,17,166,167,36,83,10,11,89,0,116,121,33,191,186,20,94,181,127,94,89,143,63,118,141,18,97,47,15,100
24,171,157,180,72,1,66,61,122,145,124,177,85,9,139,50,157,34,27,122,82,67,174,88,155,198,150,182,170,41,77,171,1,50,140,125,198,159,124,137,104,44,2,65,195,174,139,86,182,103,58,60,197,16,57,192,132,73,9,150,163,41,2,128,78,41,187,9,132,150,192,54,170,196,62,40,140,58,140,95,90,74,177,14,128,137,192,61,128,149,174,187,86,174,178,105,92,137,53,139,108,23,188,153,30,94,111,31,69,167,199,168,126,141,23,116,184,31,116,63,84,108,30,186,109,51,12,164,76,113,32,30,162,167,97,52,183,37,97,185,184,49,56,126,191,71,113,121,110,56,106,131,121,39,147,164,116,158,188,134,59,153,179,158,107,167,71,130,130,51,7,100,126,193,55,12,19,42,89,126,83,32,89,117,143,63,79,18,141,38,26,11,118,37,189,83,42,186,143,39
133,53,176,170,1,128,178,157,182,178,35,139,91,140,9,119,124,140,99,155,8,85,41,139,99,27,62,119,124,155,105,197,14,65,98,99,180,105,122,182,174,25,8,128,34,182,54,27,149,82,156,120,154,120,150,132,192,92,35,98,13,163,104,64,67,151,86,57,85,77,104,120,54,163,85,171,140,177,154,44,133,8,136,50,136,155,45,80,160,151,2,1,122,86,99,182,194,3,60,159,31,7,7,15,87,131,153,83,129,111,116,108,109,193,75,70,130,7,191,70,100,48,29,193,158,76,152,148,153,164,141,29,76,26,152,19,59,168,127,126,52,162,47,148,19,116,190,20,17,48,48,56,29,83,18,10,0,181,96,191,89,115,199,102,19,47,183,19,152,199,20,111,26,100,42,179,75,188,167,0,71,81,116,126,0,39,162,4,0,0,109,39,43,46,107,26,146,96,108,121
66,145,13,73,13,98,149,44,112,198,50,8,77,57,85,187,16,72,40,95,14,192,78,72,196,9,155,128,35,149,35,178,140,156,9,172,24,58,27,182,125,165,88,73,92,194,154,13,197,88,119,2,187,187,58,140,21,194,119,28,150,144,16,157,136,82,150,80,132,149,44,177,53,194,99,28,196,9,196,187,90,156,67,68,171,122,3,139,72,14,187,28,90,182,198,197,194,78,178,165,23,126,12,141,183,11,141,51,168,123,147,0,71,10,15,100,55,147,47,148,117,33,117,115,130,134,129,109,39,32,19,148,138,179,142,111,116,75,83,46,89,76,109,184,71,30,164,96,158,193,47,109,185,83,164,143,43,33,106,131,185,42,169,147,47,123,193,138,12,31,148,130,47,63,75,39,190,81,188,114,22,89,116,183,94,23,199,69,46,121,108,126,129,190,114,186,193,51,47,191
139,61,122,140,41,77,1,177,27,67,103,13,93,54,95,98,13,120,176,103,67,165,77,44,14,132,45,135,170,82,58,21,154,187,163,149,165,45,187,25,5,91,95,50,125,192,132,93,103,24,86,125,160,103,144,80,61,171,133,74,8,78,1,144,171,149,105,67,82,5,3,124,44,192,196,5,173,27,194,68,139,13,95,157,35,125,137,93,173,132,160,171,145,132,66,136,1,139,53,173,31,79,19,59,169,181,20,158,47,0,75,193,97,20,0,55,51,199,84,17,76,118,23,141,52,51,162,193,127,19,129,79,32,111,199,47,46,134,184,142,19,162,106,22,46,83,94,158,87,188,79,164,52,142,146,167,126,20,37,96,142,0,56,188,143,84,146,15,55,4,113,37,46,89,148,114,193,123,0,106,115,7,191,106,114,108,11,148,123,84,38,76,48,168,38,89,191,117,116,114
198,139,78,93,13,14,112,144,101,16,9,92,160,73,135,192,74,35,112,170,112,125,119,156,74,73,24,140,99,16,144,50,120,150,24,198,150,44,122,145,54,132,85,136,154,177,139,41,68,78,178,58,1,5,50,27,155,14,40,44,91,182,132,101,161,122,194,177,77,192,88,85,198,68,157,9,161,88,54,124,196,91,149,125,122,61,67,198,92,53,192,155,159,124,99,195,98,170,93,135,10,30,179,4,131,47,12,188,18,46,164,12,20,71,115,158,123,23,11,6,107,123,113,168,4,147,97,11,188,168,142,43,46,32,59,100,117,164,39,190,79,71,15,131,7,190,63,39,183,127,48,146,158,47,130,38,117,147,81,52,36,32,193,39,19,121,12,32,81,12,30,129,191,146,183,30,115,162,169,143,153,10,183,20,169,142,17,0,166,71,185,123,188,70,143,32,26,11,123,190
44,40,196,65,171,151,16,77,2,98,91,14,139,50,35,180,154,194,61,136,24,196,62,92,45,192,128,78,137,198,53,159,67,159,137,21,73,78,61,25,101,178,73,88,13,60,187,77,120,27,157,80,28,173,173,68,180,165,165,54,144,27,182,197,44,25,176,172,135,91,62,160,156,21,8,159,136,173,86,119,91,45,65,175,196,174,178,159,8,155,198,67,137,163,67,73,66,8,82,176,31,181,47,10,117,109,39,46,164,158,147,23,48,0,96,94,118,148,39,94,38,184,43,38,100,10,76,4,102,141,184,129,12,26,190,115,191,97,189,31,129,130,33,158,7,131,107,52,55,107,49,47,126,47,89,126,167,89,129,147,63,33,20,127,22,143,79,184,23,81,126,138,83,109,43,142,127,6,36,79,109,46,130,158,39,148,26,131,199,147,141,138,48,20,31,114,167,63,111,130
61,2,156,45,78,85,172,21,170,67,135,95,60,187,133,72,195,58,67,144,120,98,105,178,14,198,154,197,53,1,159,67,101,16,137,150,34,50,41,68,120,44,21,14,95,120,66,171,95,165,156,154,182,124,14,133,41,68,34,135,25,177,104,149,105,58,198,120,58,145,192,137,13,74,45,180,187,64,149,3,67,93,3,136,35,13,28,195,192,5,5,177,28,187,40,73,27,77,62,78,97,166,47,153,7,17,162,29,42,108,129,109,162,12,71,47,22,38,193,96,123,89,143,59,123,199,111,38,127,186,184,117,168,100,19,190,37,81,84,113,166,96,188,111,22,22,129,134,46,11,69,107,70,97,181,69,100,84,199,47,111,108,48,6,59,121,109,143,10,129,100,131,189,126,63,7,190,158,100,186,33,190,138,19,142,102,29,76,152,127,48,48,47,166,51,164,46,76,116,111
159,35,41,16,197,74,14,44,41,60,90,170,122,66,40,25,54,27,172,197,192,178,163,98,132,35,9,171,104,45,194,9,132,73,178,58,150,92,178,68,65,99,175,77,171,98,54,122,44,64,27,93,128,58,27,66,175,136,177,78,90,128,144,13,178,73,73,145,105,65,132,40,133,175,194,150,124,61,157,198,160,180,28,57,192,8,82,50,80,163,178,172,62,135,73,133,34,68,133,58,190,158,89,0,7,188,10,75,84,148,7,42,181,29,81,100,162,70,42,167,186,164,134,193,94,102,84,46,49,185,188,127,89,26,126,148,184,76,33,69,106,153,83,189,37,23,29,114,115,134,43,94,39,75,162,17,36,43,39,97,12,20,186,7,48,111,39,36,185,143,89,17,169,127,148,130,83,36,162,108,109,162,29,39,48,29,96,94,56,129,96,158,96,49,179,164,70,87,79,131
154,13,1,161,156,151,136,66,93,112,90,21,172,133,101,182,156,136,101,137,155,93,103,194,122,122,149,161,194,16,28,174,74,95,88,163,40,82,77,3,159,72,72,173,9,187,154,88,156,149,176,160,198,61,173,82,150,54,198,65,14,24,178,91,92,1,105,112,3,25,8,86,174,112,58,180,58,174,175,197,165,58,156,182,74,5,24,178,151,57,124,60,86,124,139,156,92,95,144,88,164,169,10,123,153,167,49,102,179,107,152,148,20,107,76,181,108,71,164,116,49,146,84,37,158,79,148,23,127,94,166,7,179,46,63,56,29,114,97,12,17,84,100,4,84,123,102,117,59,186,110,79,10,126,114,158,118,116,89,188,193,46,6,56,164,191,129,118,18,19,52,188,102,81,97,109,81,48,0,38,11,130,63,181,143,152,42,52,17,33,100,166,117,87,114,185,141,75,129,199
58,125,122,128,65,66,77,160,1,16,95,85,180,177,62,144,187,8,196,125,65,195,135,105,50,112,85,149,101,128,135,27,136,92,93,195,92,41,163,64,73,21,144,77,182,124,57,16,72,13,125,124,157,25,58,195,136,74,27,119,177,64,192,25,173,135,159,149,80,61,149,104,195,159,173,154,80,85,172,197,139,77,159,101,124,2,86,40,125,159,105,124,137,125,9,155,92,85,159,54,30,47,43,18,0,23,169,32,193,56,30,166,7,37,153,19,118,37,76,10,127,52,22,142,56,167,167,84,148,6,6,10,33,143,20,179,0,126,29,113,127,164,76,0,186,38,6,29,71,107,148,100,153,63,100,26,121,30,15,6,188,96,29,190,94,107,12,166,49,87,108,114,10,162,115,47,110,97,181,38,56,166,152,113,17,47,199,190,38,79,96,190,83,189,19,51,43,113,18,166
120,67,78,91,156,104,103,99,66,196,99,125,197,112,125,99,72,57,173,34,149,174,93,34,154,93,157,25,88,136,82,82,178,14,1,57,77,137,54,157,44,80,156,172,154,1,1,41,61,95,85,104,53,78,125,139,60,140,65,133,74,154,174,197,187,165,198,140,88,192,177,44,163,175,165,24,58,53,28,187,128,135,125,125,105,101,175,178,8,174,93,154,105,73,175,194,173,61,104,171,109,7,20,186,188,129,110,42,37,113,113,10,7,11,31,32,111,127,127,43,18,164,111,7,147,148,181,181,185,32,121,94,69,131,164,102,19,127,11,10,89,43,10,118,186,97,46,31,56,97,186,63,102,147,75,46,89,47,52,96,146,190,4,51,10,76,23,109,31,63,189,168,75,193,84,158,38,51,166,141,113,30,30,83,18,23,81,17,0,81,102,43,29,51,169,131,7,75,46,75
85,103,74,171,80,8,160,13,9,122,41,197,132,45,154,180,61,34,136,173,124,140,21,119,136,50,101,135,25,175,132,119,62,140,14,88,78,66,2,105,171,140,27,194,195,3,154,92,62,172,34,66,163,175,73,182,187,136,53,5,145,73,198,27,25,98,53,28,50,28,165,144,154,1,178,150,135,14,58,136,149,104,88,105,85,154,112,86,140,101,122,5,77,180,58,144,54,171,60,194,188,191,39,69,63,191,83,39,12,69,52,30,126,26,116,190,94,121,142,75,185,20,4,47,181,189,31,152,39,30,100,56,158,38,36,142,181,55,55,52,158,10,162,96,162,183,20,43,158,30,138,31,109,188,166,110,33,26,18,107,39,168,127,33,108,164,162,129,17,167,130,22,75,126,22,0,89,158,10,114,12,185,69,181,76,49,114,123,164,121,127,59,142,42,183,29,11,81,52,199
159,128,50,1,119,173,50,45,172,120,99,77,140,64,122,99,160,105,136,194,16,136,53,16,34,104,137,135,3,72,3,128,192,128,34,163,67,177,2,122,119,157,160,95,86,176,120,150,62,174,25,196,77,198,139,93,122,85,50,170,174,74,27,103,198,78,58,82,58,171,60,98,159,66,136,77,112,28,151,178,40,53,5,119,82,137,137,16,105,156,154,136,160,74,3,155,66,28,154,67,59,102,19,31,167,38,70,63,17,32,107,188,51,199,116,29,55,29,37,143,131,46,42,71,20,168,49,18,52,18,33,84,134,70,121,185,69,147,42,158,115,69,38,19,188,63,15,10,42,191,110,181,37,116,83,7,39,186,29,169,46,71,94,46,19,10,97,115,46,15,10,115,22,31,168,84,152,114,42,69,100,6,130,117,11,185,148,102,51,22,110,94,131,167,33,183,55,127,43,22
67,173,140,104,54,62,192,101,28,54,92,98,175,16,57,80,86,60,128,128,85,139,161,174,24,157,112,173,176,136,9,135,65,175,170,99,82,125,161,105,120,163,150,155,58,140,145,45,140,165,82,67,103,105,165,120,125,182,85,122,172,54,57,194,104,159,88,159,1,140,99,86,150,85,194,139,133,45,175,139,13,144,5,14,180,182,44,41,128,8,105,182,154,132,125,124,154,54,82,125,75,29,115,109,126,43,147,46,63,148,167,126,186,138,115,189,79,162,167,32,52,115,37,142,116,23,193,134,96,141,186,162,114,183,109,29,18,158,143,148,36,121,19,113,33,46,191,115,75,138,108,29,143,30,191,153,71,7,46,134,188,37,81,33,162,114,110,100,114,19,117,52,127,109,116,29,29,84,19,126,152,29,38,183,113,179,48,22,56,46,118,49,147,87,49,127,193,29,106,100
44,101,9,64,187,155,86,62,67,125,125,72,95,136,156,99,40,77,13,176,57,125,74,157,27,95,132,50,14,27,45,124,119,72,178,178,198,25,104,160,58,64,112,99,155,60,156,88,105,3,66,105,150,135,62,151,88,44,16,144,90,177,9,194,139,68,136,157,28,150,196,58,140,53,72,176,95,92,176,16,40,80,124,173,60,27,139,27,197,3,45,192,60,104,64,72,192,155,86,151,26,17,19,38,56,89,158,142,47,117,126,52,181,23,129,164,46,94,0,81,199,51,26,18,97,199,89,142,76,23,81,89,184,7,19,169,158,76,49,184,10,141,123,106,63,18,141,15,32,167,126,130,69,42,51,29,146,108,183,142,118,166,7,102,11,56,193,87,22,18,106,55,179,186,47,4,127,117,168,130,15,87,191,55,117,10,146,188,147,167,22,84,33,83,55,31,168,188,131,55
140,144,74,160,159,95,157,27,98,77,28,90,21,195,133,187,44,174,64,77,133,28,53,165,159,21,120,21,58,120,104,44,58,122,99,139,90,45,197,45,60,44,140,119,157,176,2,62,64,65,163,197,171,125,160,3,9,2,192,176,61,66,119,133,60,178,66,170,92,119,170,172,73,159,66,85,8,5,198,41,174,155,24,139,77,80,159,173,170,34,159,160,90,57,125,176,21,74,112,145,87,108,32,127,179,134,162,193,83,166,26,179,43,199,43,17,15,111,146,189,162,33,115,51,114,193,32,15,22,169,166,83,29,117,22,39,71,121,15,107,169,39,81,23,39,146,179,147,153,142,59,148,87,158,18,75,115,17,39,10,152,22,89,38,4,37,15,110,79,106,49,184,162,117,79,11,10,30,138,168,79,158,19,30,42,26,153,129,167,118,181,129,0,31,6,56,32,153,191,129
192,176,172,182,90,151,133,105,2,159,176,92,137,101,44,92,65,50,128,62,65,82,160,112,92,1,74,196,180,25,139,120,93,62,192,124,66,2,14,144,8,80,54,57,21,82,93,60,173,50,86,99,139,144,103,145,13,1,61,135,103,197,160,124,60,124,192,128,53,27,161,3,93,82,151,198,16,128,133,182,112,58,66,2,105,175,159,92,119,3,35,172,67,196,161,144,93,1,150,180,183,46,33,190,10,7,114,69,190,51,7,184,199,89,152,10,31,123,83,129,183,12,31,39,29,47,83,20,118,146,185,33,100,117,121,131,47,107,48,36,186,19,153,143,12,0,190,190,148,164,190,102,100,84,7,193,49,100,169,143,148,118,158,94,11,118,158,188,69,79,114,141,147,63,179,123,111,17,31,186,190,147,113,142,121,108,94,22,63,59,167,100,121,109,146,116,138,134,7,15
98,119,27,99,173,156,198,187,67,8,88,135,53,136,50,112,132,149,8,40,196,57,177,135,27,5,24,13,92,175,132,176,150,74,198,8,128,122,161,62,125,99,9,98,149,85,182,137,104,124,155,77,41,175,163,77,180,139,125,90,192,66,171,88,178,41,53,155,21,91,95,139,64,103,196,67,196,128,122,137,135,120,78,128,137,163,145,105,91,144,82,173,194,105,150,194,64,176,159,195,0,185,0,46,22,138,75,115,184,169,106,19,138,19,191,141,12,87,118,49,169,4,23,0,26,134,23,96,19,26,158,36,129,179,129,111,102,33,143,106,162,199,23,179,4,115,110,36,63,141,79,167,19,47,63,56,7,30,22,181,63,117,31,0,114,76,11,43,89,110,94,186,20,193,111,89,142,70,131,118,102,42,52,31,87,39,31,167,32,183,29,109,30,19,49,47,63,189,117,168
159,2,157,125,159,174,60,25,40,122,145,14,85,122,82,50,78,171,24,8,66,2,197,99,187,66,174,44,157,16,95,53,154,156,197,101,133,40,72,25,112,187,145,195,176,172,160,128,103,41,122,120,54,54,122,2,54,124,27,180,104,91,156,35,170,155,104,24,187,112,88,77,101,174,24,157,90,92,172,133,99,197,163,8,93,54,90,61,92,135,105,182,125,139,177,45,92,182,137,80,97,59,146,146,102,191,100,59,84,87,33,56,76,102,69,162,42,126,181,6,148,158,179,20,169,188,184,107,143,164,20,26,23,79,59,134,84,42,113,89,56,59,48,167,42,167,20,42,190,152,102,110,29,118,134,71,75,0,6,12,71,148,79,48,48,32,184,134,168,100,70,29,43,51,130,126,193,42,70,36,152,146,52,188,189,185,97,199,46,185,76,17,109,138,100,162,169,4,10,123
62,171,145,77,61,173,105,112,145,41,53,91,74,122,140,120,173,140,165,53,88,67,180,182,178,192,85,197,176,161,182,159,182,62,140,80,155,99,187,27,54,28,24,192,98,66,196,119,163,160,124,122,182,198,112,172,198,64,54,196,99,171,155,28,196,196,24,93,133,163,133,120,171,105,160,119,144,9,64,50,66,178,88,5,68,161,105,93,144,35,34,120,67,14,2,155,136,95,104,40,33,168,118,29,76,131,110,111,141,63,100,22,121,71,141,30,189,188,56,141,167,96,191,127,167,97,107,181,164,191,71,84,33,55,121,117,46,20,26,47,71,84,12,59,43,37,138,191,153,130,167,117,184,76,152,109,127,141,116,6,17,23,190,100,185,4,59,158,138,123,42,17,100,6,164,181,109,183,148,31,83,184,84,37,38,6,55,29,134,143,94,36,117,115,162,79,123,32,51,189
8,99,78,1,90,135,86,77,74,45,88,159,34,103,192,74,101,198,103,27,133,101,68,180,68,156,150,5,163,93,44,74,182,112,27,197,198,154,173,14,124,60,54,44,156,78,66,154,50,136,139,77,144,65,144,77,1,128,197,120,151,40,53,41,99,163,119,99,170,180,178,16,2,174,99,187,198,53,91,91,125,182,156,66,14,99,150,133,177,60,132,157,72,124,149,125,161,16,3,159,148,184,117,168,19,142,158,188,185,179,130,153,129,30,36,36,11,186,115,108,143,191,71,186,15,127,46,116,36,168,134,83,113,118,143,0,81,26,18,87,20,43,38,76,30,83,23,46,129,109,38,106,22,36,100,55,190,76,108,79,181,167,56,12,113,84,134,108,168,186,166,49,94,63,52,141,75,97,10,0,31,107,36,167,10,199,116,126,37,26,188,147,20,184,179,118,32,143,129,190
90,194,196,132,160,155,104,74,155,28,171,150,90,99,93,25,197,137,128,170,50,68,53,24,80,67,25,161,192,119,198,14,93,80,1,41,99,50,171,120,54,174,88,163,125,58,198,60,14,137,105,154,149,95,9,154,124,171,156,165,45,88,112,61,124,140,40,21,14,140,135,57,194,45,45,74,119,173,105,68,105,112,128,28,65,150,25,172,132,125,65,67,74,64,177,82,64,92,136,64,141,0,26,19,10,102,158,190,127,116,49,36,184,39,6,123,131,71,75,22,116,107,179,184,134,116,69,87,115,30,4,94,199,106,127,107,169,56,166,18,107,96,143,143,55,106,102,79,30,193,47,4,42,179,71,107,108,138,114,97,4,169,109,29,121,83,110,19,38,20,0,199,89,47,162,123,10,181,84,127,89,49,33,181,129,37,141,147,193,184,81,52,188,113,23,126,129,56,31,152
91,65,85,180,80,57,149,35,139,68,65,178,95,13,161,165,88,92,135,101,137,85,85,149,124,122,165,93,44,194,157,105,150,9,173,64,145,85,53,60,151,61,178,125,3,77,174,50,99,53,151,62,150,9,175,95,160,24,57,160,1,13,64,58,80,1,67,80,161,99,120,1,67,154,174,177,132,140,80,104,140,61,8,139,137,45,16,1,53,122,173,93,82,155,95,119,35,196,13,176,69,181,123,33,116,56,190,129,184,131,188,169,162,116,19,108,110,7,153,162,164,123,193,26,141,0,59,190,188,20,134,81,134,23,76,199,36,130,52,181,69,79,183,12,75,190,188,11,46,114,83,100,0,83,87,188,42,131,81,39,130,17,113,117,22,148,142,15,55,76,107,4,108,38,17,127,189,185,138,188,129,83,37,131,110,189,30,30,33,84,37,55,143,131,96,115,158,29,116,106
157,65,165,91,154,9,1,172,67,112,35,178,171,1,25,3,67,157,159,14,112,170,144,92,196,99,85,14,65,174,5,25,44,1,98,35,170,85,174,77,45,2,67,154,66,192,35,103,5,187,58,25,150,122,101,171,182,54,196,155,187,112,156,173,88,156,104,177,128,161,174,174,178,177,44,120,64,93,151,192,77,65,119,140,172,53,156,196,112,85,13,198,61,165,154,3,172,95,155,176,183,23,167,146,43,142,185,29,158,10,97,190,10,129,148,166,26,116,164,117,97,19,184,102,51,189,164,188,199,146,70,153,79,18,42,183,110,189,164,12,33,33,89,11,17,43,96,36,84,87,184,79,52,38,111,51,127,59,138,7,6,33,4,39,153,18,30,22,32,63,6,184,51,108,131,0,51,116,114,38,36,191,83,17,118,162,0,162,134,147,146,102,121,18,107,152,69,52,49,31
88,119,13,93,177,105,24,150,195,103,145,2,54,73,99,88,103,196,125,150,3,132,124,35,139,35,27,77,173,88,65,155,40,64,99,145,13,67,112,150,135,159,72,64,195,104,144,195,93,198,144,154,160,104,170,154,151,165,175,24,65,41,132,173,175,88,192,73,171,8,58,77,88,132,178,40,27,171,92,73,86,145,104,178,64,91,27,66,173,136,174,173,163,101,62,45,112,61,16,120,46,51,181,186,52,183,142,199,147,12,153,46,31,102,55,166,181,106,79,191,134,110,117,18,96,142,143,117,79,162,26,143,48,185,32,11,100,81,189,7,12,70,17,118,17,19,42,169,36,23,59,118,20,193,188,32,131,31,115,63,22,183,106,164,48,39,89,76,184,32,52,121,38,191,96,97,63,31,0,127,12,63,115,121,52,7,71,114,11,7,37,83,6,30,110,130,127,118,100,190
157,90,120,104,64,41,68,82,136,132,82,105,68,112,165,149,2,132,163,98,82,65,41,41,77,172,140,68,105,40,139,174,125,119,139,194,159,112,137,95,154,77,44,161,156,35,132,61,104,82,187,2,180,44,64,5,28,140,198,150,176,5,198,80,124,64,40,101,155,34,98,90,58,194,80,133,163,93,72,125,137,156,112,64,112,44,119,28,137,101,156,119,137,93,86,68,60,35,149,25,114,186,4,63,4,186,75,19,158,23,48,59,129,52,79,123,59,10,48,189,158,185,126,69,26,33,107,17,23,148,143,17,109,43,146,49,96,113,118,97,152,189,102,193,138,134,18,10,106,111,121,114,179,69,22,12,47,110,113,30,11,116,123,127,59,113,49,116,110,100,59,81,29,185,153,179,123,169,168,7,152,69,199,190,48,129,152,181,142,142,131,162,56,10,146,15,126,126,116,110
2,3,64,25,177,34,41,119,103,182,178,160,124,58,64,122,128,157,197,67,182,159,61,44,92,145,58,122,139,112,27,171,159,40,77,149,125,187,78,40,192,133,177,14,170,27,95,173,61,125,125,187,170,176,176,9,144,101,154,173,172,72,194,159,177,194,159,197,86,194,172,58,5,58,77,105,133,50,74,14,99,155,182,27,99,14,172,90,86,175,27,99,112,197,9,25,163,154,196,68,188,152,59,190,126,23,81,121,37,146,87,6,186,89,55,167,169,121,186,70,130,168,114,111,106,94,52,111,59,100,18,17,147,63,189,18,30,26,75,4,29,56,32,38,18,111,141,32,142,94,47,181,127,184,169,123,185,129,113,20,39,0,39,167,166,97,169,181,118,126,189,89,129,115,167,118,79,19,46,167,84,130,127,87,142,23,29,117,108,106,123,110,181,169,113,55,39,114,127,79
170,62,21,62,161,5,156,172,82,93,133,192,73,160,194,35,88,80,3,136,95,95,61,174,14,178,98,159,170,3,60,2,85,196,155,172,13,178,198,124,16,157,85,161,78,119,170,120,195,145,86,62,174,122,98,187,136,72,180,178,103,14,180,198,165,5,99,99,40,132,60,128,5,172,140,1,145,98,128,177,178,66,124,101,182,16,177,103,180,74,14,174,21,50,74,175,159,5,182,151,79,117,0,89,36,126,188,6,10,115,153,37,147,43,106,181,43,47,75,81,185,22,33,183,191,43,186,7,39,115,110,63,193,164,29,146,48,48,94,113,153,26,70,48,123,42,47,49,138,18,51,31,20,63,148,33,0,0,96,168,39,179,134,81,47,15,6,37,131,79,69,29,19,29,42,142,87,142,0,127,100,184,18,118,131,142,193,29,23,131,96,110,183,114,75,43,110,11,168,183
175,182,27,13,140,119,196,27,50,62,98,40,120,1,44,82,25,35,85,165,88,24,65,78,27,13,62,14,74,50,5,60,27,98,5,137,57,135,101,103,182,178,180,8,101,119,13,61,58,196,163,157,149,40,196,192,175,16,180,177,58,99,2,58,92,198,16,135,28,95,124,35,2,119,136,93,53,8,197,178,133,132,177,151,24,145,68,154,74,124,197,34,140,120,160,2,93,3,195,40,142,158,76,152,123,166,162,15,0,33,131,94,183,0,17,87,109,70,12,83,76,46,181,126,23,152,83,183,22,179,69,84,110,181,109,38,38,76,17,46,146,166,191,83,121,31,29,126,169,118,191,49,26,79,12,38,4,184,87,30,55,147,164,83,6,188,127,116,126,37,115,106,10,6,75,106,38,168,49,11,69,184,18,102,183,89,108,26,121,186,129,193,111,63,42,18,32,18,100,97
163,28,175,149,176,80,160,50,120,119,145,136,45,8,136,50,1,174,88,60,125,91,62,95,122,182,13,61,150,151,95,120,85,157,74,120,40,99,101,74,156,80,1,50,60,145,174,3,60,125,27,40,172,136,78,66,93,61,194,3,145,187,119,161,91,77,136,194,34,78,93,140,61,88,182,195,1,45,53,132,180,192,73,105,128,154,88,35,112,44,77,165,180,74,21,136,91,136,137,66,32,31,164,71,164,30,108,71,15,7,168,153,184,184,23,36,49,69,0,42,127,96,185,190,193,37,19,100,162,130,117,168,37,7,70,113,47,190,164,134,69,146,94,7,191,166,23,188,10,71,55,94,123,38,10,147,94,63,71,36,138,23,113,188,113,20,148,11,190,148,143,110,84,39,114,142,138,134,113,11,96,51,162,134,29,23,17,42,116,70,130,81,126,59,116,142,6,7,97,39
104,180,34,120,5,155,171,125,112,155,182,74,112,173,119,34,24,50,101,133,165,160,192,133,9,176,65,151,175,160,198,161,195,104,195,13,16,40,150,160,122,72,140,54,170,196,104,1,105,198,128,176,58,161,112,192,77,163,99,197,155,105,198,156,178,137,98,101,28,157,67,91,9,155,14,35,28,128,62,3,14,95,101,154,35,135,171,177,104,178,197,195,155,139,160,78,74,119,27,194,138,167,190,87,110,167,20,55,0,130,131,55,33,134,141,110,89,36,31,107,123,146,146,116,52,43,75,63,10,118,32,113,75,22,142,49,199,55,166,89,11,20,63,63,51,89,146,20,7,162,169,39,17,4,69,134,169,17,148,123,193,189,113,48,127,142,166,46,48,51,152,4,22,89,97,81,79,52,6,168,31,126,148,87,153,147,126,168,111,37,186,164,46,166,56,141,147,108,108,168
82,8,145,194,61,67,170,67,61,77,77,95,150,159,93,133,82,119,132,154,133,64,178,145,50,157,25,25,140,1,145,135,41,44,160,13,125,140,120,174,66,150,128,72,139,40,155,112,178,95,105,62,159,197,151,163,80,194,171,125,170,64,196,35,128,78,27,160,172,104,3,50,92,163,90,74,133,175,139,103,3,25,28,194,65,34,104,68,41,151,176,77,21,64,105,182,104,90,178,122,107,134,56,79,56,186,166,37,89,114,12,118,186,39,0,17,42,116,97,114,117,69,15,39,142,37,153,59,37,118,33,185,22,162,116,48,83,33,29,29,84,12,143,193,94,121,127,193,38,6,106,110,29,81,158,81,39,69,147,23,111,17,76,23,87,143,69,20,108,164,110,26,108,191,97,169,118,158,116,29,152,31,38,123,111,183,79,0,110,31,169,127,186,107,199,191,19,89,186,115
177,196,25,91,145,80,160,160,128,194,73,187,85,182,140,156,34,16,103,64,60,64,93,112,28,90,88,41,151,140,2,182,159,28,82,77,101,150,192,124,64,99,72,41,140,14,64,28,175,2,90,198,192,13,175,195,182,155,21,163,192,34,163,50,77,196,9,16,61,82,171,60,177,120,92,41,161,58,101,135,40,155,53,197,163,57,101,45,28,62,155,177,174,86,8,194,16,194,40,88,23,107,59,43,22,130,69,26,169,134,26,23,31,30,147,158,79,143,87,143,37,63,108,142,129,158,116,30,0,179,141,39,84,96,117,131,43,199,83,191,7,76,15,23,117,179,55,94,37,12,75,43,18,22,143,189,164,29,48,97,110,184,115,179,69,188,75,75,76,69,107,118,63,23,185,48,153,141,4,113,138,143,142,69,84,22,146,186,189,108,115,23,12,148,71,55,158,131,37,18
61,198,133,144,155,21,122,40,159,1,60,112,60,90,112,16,173,125,92,172,154,170,1,157,86,170,50,119,5,155,105,64,160,195,157,101,156,104,35,90,145,88,67,101,136,120,27,132,187,25,66,88,68,145,144,112,86,160,187,176,85,78,172,101,44,92,149,95,27,155,154,103,177,14,58,173,198,62,177,154,137,171,35,54,34,73,155,159,136,103,136,88,90,3,135,196,66,45,176,53,158,129,115,108,109,4,63,118,7,69,186,127,83,30,31,69,94,186,100,89,46,179,183,30,36,123,168,141,111,147,148,81,0,116,100,181,69,168,89,47,134,26,32,123,179,96,167,59,153,152,22,190,126,26,81,6,107,111,146,18,63,15,184,102,183,169,19,81,138,179,10,123,181,19,100,32,134,169,46,4,49,37,18,10,26,127,129,141,189,75,179,30,46,36,12,30,12,33,130,126
150,82,144,137,21,163,163,66,174,85,57,155,135,74,176,86,28,192,156,136,161,3,34,92,122,3,159,137,35,170,50,170,194,149,57,2,13,128,2,66,104,58,21,91,163,21,16,140,156,139,155,104,170,104,112,92,159,9,62,133,91,80,171,136,182,64,198,196,160,60,66,105,57,90,160,137,80,57,68,156,57,161,139,57,195,14,41,180,78,163,170,9,68,64,180,95,98,95,67,137,123,186,32,46,71,193,87,32,20,59,169,107,19,102,89,46,12,184,115,164,10,113,7,19,94,107,130,47,146,63,188,199,179,75,6,118,33,48,83,59,20,131,63,47,109,129,70,15,31,121,123,19,12,106,109,49,20,181,48,18,146,184,126,109,11,97,113,152,79,46,134,84,129,10,59,126,56,183,31,127,113,23,181,127,4,131,49,83,43,17,114,129,84,152,38,109,46,167,164,52
61,161,101,2,103,27,88,101,163,128,161,27,57,174,77,99,91,21,105,28,176,95,8,101,132,195,176,101,95,44,66,2,139,128,25,95,195,28,27,73,125,62,104,144,54,82,92,120,160,85,68,133,78,173,176,25,57,122,16,154,28,120,156,99,150,45,120,77,86,144,77,61,54,198,3,175,28,157,196,175,165,176,24,44,40,34,163,99,132,176,24,58,2,88,132,125,44,196,124,194,79,6,189,37,17,0,30,199,109,183,15,186,167,46,148,89,0,123,33,116,51,51,75,55,152,169,100,46,38,63,148,126,142,143,126,43,146,6,12,97,169,19,69,138,18,56,109,71,94,143,76,71,48,152,188,89,18,18,7,127,166,89,4,52,183,51,19,164,87,96,20,167,110,26,11,179,113,152,189,97,131,191,130,70,7,131,26,162,51,152,164,4,10,7,87,183,18,52,17,87
154,154,187,16,198,1,74,27,150,132,95,174,44,105,154,144,103,80,157,145,101,149,90,54,161,157,125,53,27,133,72,163,195,35,112,62,34,67,187,91,120,74,196,178,112,86,64,61,163,5,82,112,177,173,62,9,78,82,34,120,122,78,195,1,2,176,176,170,24,187,176,149,13,139,28,182,5,78,53,160,139,86,103,139,103,194,119,65,101,64,173,35,177,40,119,155,174,95,149,54,29,130,87,183,23,84,100,12,189,123,191,162,111,0,162,142,131,162,15,0,148,164,148,30,189,184,6,56,69,4,70,109,185,109,190,75,71,109,131,32,69,138,146,118,81,48,184,49,75,153,138,31,84,17,11,22,83,33,20,199,42,117,94,113,79,179,17,141,51,184,162,115,96,100,26,109,42,134,26,113,186,191,118,130,76,26,52,76,37,118,42,19,108,17,26,37,181,55,110,108
192,45,67,175,58,128,77,157,122,160,24,86,132,67,105,50,112,9,58,53,58,93,196,124,125,57,177,120,177,88,80,182,88,61,165,95,72,151,98,160,86,145,74,99,21,72,99,125,176,157,151,16,64,93,67,144,124,112,45,1,35,14,172,25,3,44,44,159,125,173,60,98,53,198,50,124,175,187,35,57,192,136,125,72,62,197,57,177,73,198,194,85,192,40,160,171,54,133,2,105,146,48,84,83,186,79,146,59,108,84,123,113,167,107,148,46,131,38,70,129,32,97,96,143,102,84,79,152,48,153,131,33,113,190,29,162,33,168,117,146,123,189,164,20,106,148,11,69,75,97,189,191,46,167,39,143,179,43,107,118,179,23,127,15,158,199,121,126,168,56,56,147,153,10,96,33,107,143,115,152,113,186,81,83,184,115,20,100,39,169,11,81,36,138,167,115,4,15,130,94
73,14,165,92,14,86,165,120,60,72,155,5,78,41,58,135,41,176,54,74,149,21,163,178,140,34,67,92,44,182,64,53,174,74,21,62,120,91,8,194,35,195,8,2,187,68,98,99,165,91,53,103,3,5,139,101,25,177,104,155,13,44,161,124,195,163,53,64,21,24,27,125,62,73,41,124,151,105,74,80,86,151,99,174,65,124,103,101,132,133,101,187,103,50,105,14,132,54,170,57,152,141,107,97,142,29,36,59,31,30,71,18,190,56,59,23,184,153,79,11,100,158,138,148,179,123,185,26,22,59,75,19,18,87,51,96,115,49,148,37,130,47,71,126,33,143,19,6,121,47,126,106,138,29,117,15,30,142,29,188,31,138,107,162,46,96,43,11,89,11,94,181,23,7,22,185,108,70,29,32,70,23,19,110,23,37,22,158,143,111,111,111,190,12,10,4,106,153,193,142
140,62,172,157,124,28,78,91,197,137,195,198,157,3,60,50,25,28,174,9,74,14,25,187,171,61,85,171,155,14,112,73,197,145,9,88,16,177,78,104,175,124,80,67,135,180,163,61,5,74,105,156,13,68,54,86,3,13,85,72,8,163,3,73,197,174,57,91,150,150,124,78,172,101,149,197,95,77,172,136,187,5,122,133,150,74,172,112,150,124,196,196,119,62,136,170,170,150,182,145,69,106,26,38,148,30,55,152,143,167,164,199,169,84,130,69,75,20,126,96,193,146,121,118,113,138,117,56,158,164,23,123,148,10,38,4,31,89,38,134,185,48,123,185,6,32,22,70,141,141,30,107,96,183,158,185,79,127,39,30,184,19,51,100,4,4,70,51,186,141,115,138,130,42,131,30,108,83,169,55,6,47,4,49,87,94,142,94,18,33,42,0,116,143,189,47,181,168,113,169
62,99,140,78,103,197,86,128,73,99,195,74,35,82,103,25,104,173,67,149,170,170,73,137,136,154,149,160,163,155,34,178,95,119,82,45,150,155,41,157,57,41,91,112,95,92,154,187,194,161,159,3,172,60,1,93,135,44,157,150,175,73,180,154,92,86,173,67,5,91,40,171,88,14,198,3,73,24,2,72,176,133,74,95,137,124,16,34,132,5,157,99,197,124,176,135,3,120,8,165,134,134,138,121,131,23,59,43,114,188,141,116,193,55,126,69,142,46,146,169,59,116,0,94,4,115,158,96,96,169,129,108,199,55,168,42,179,75,193,26,23,107,179,83,108,168,110,89,55,152,37,146,108,100,186,49,42,111,38,142,142,153,131,56,147,71,6,138,6,46,22,59,134,37,70,89,43,69,84,37,59,84,38,113,186,117,113,117,22,49,52,107,199,49,102,37,43,183,183,6
178,2,8,170,3,27,91,145,74,24,13,149,85,194,163,44,90,122,187,92,149,192,73,98,174,67,150,149,178,171,122,44,173,99,122,105,149,139,28,135,66,41,60,8,155,103,86,13,197,35,28,192,34,60,14,170,99,150,119,151,90,160,165,176,163,135,172,45,57,77,5,98,144,160,198,101,14,195,68,93,119,160,41,24,178,28,104,160,14,178,182,187,68,196,163,155,68,1,157,86,55,189,89,146,52,147,7,115,130,37,189,39,129,147,129,184,123,36,76,100,100,30,142,51,63,59,76,100,75,111,169,146,48,111,49,126,100,15,87,146,46,190,96,118,23,52,134,81,168,107,193,96,189,162,18,115,117,102,107,114,158,19,18,113,193,52,130,56,123,79,146,52,70,179,56,168,111,107,190,185,84,17,26,83,55,191,89,55,87,94,37,22,48,111,102,32,102,127,29,26
9,137,54,3,41,90,44,124,176,145,54,82,157,187,72,34,25,105,13,16,60,124,159,64,136,8,53,122,88,192,187,198,155,105,187,112,82,122,34,157,13,196,93,14,86,104,53,174,172,99,187,44,57,50,177,178,3,120,54,132,95,34,67,145,99,14,16,155,58,1,144,58,21,165,92,78,171,45,77,196,124,163,135,73,195,198,86,125,133,176,57,177,173,128,180,50,27,50,1,67,76,126,83,83,81,51,29,76,179,114,181,46,83,138,38,97,181,129,158,100,10,33,191,130,167,107,69,183,15,37,20,39,146,153,110,108,100,188,63,164,147,42,94,141,22,142,46,183,30,131,143,22,199,17,49,147,110,158,48,12,37,36,191,42,169,189,29,129,188,84,142,126,30,56,110,181,148,15,184,117,12,23,81,47,18,110,30,30,190,114,127,117,51,32,20,146,76,94,51,33
173,150,137,144,177,25,16,95,14,178,151,160,72,58,182,25,175,192,65,85,91,91,77,124,180,82,62,173,154,161,53,192,41,165,144,98,9,53,93,44,77,50,21,98,156,177,101,24,159,175,104,178,5,92,124,195,112,170,155,155,104,68,163,170,88,161,64,122,160,77,61,101,8,40,74,27,159,35,58,136,125,120,144,54,133,35,136,54,174,160,175,5,82,21,101,91,149,194,180,72,75,146,59,138,81,166,123,29,143,191,94,109,71,81,52,183,189,46,55,189,89,116,199,87,15,84,70,141,183,89,47,49,49,4,148,76,167,55,19,116,46,17,37,83,89,148,146,102,152,15,113,186,179,146,12,71,79,191,47,38,131,69,83,18,186,111,121,189,167,189,106,109,106,70,59,191,37,188,166,138,138,12,10,42,191,30,22,36,51,129,142,84,184,4,179,121,94,20,117,169
27,149,195,155,149,195,103,119,95,90,195,24,125,44,160,104,165,82,103,93,77,78,77,45,196,50,24,86,5,163,197,50,140,77,156,86,176,122,35,163,120,174,2,175,34,187,90,16,8,125,132,41,88,73,119,66,176,1,137,60,105,139,133,178,145,163,65,99,170,8,9,98,92,149,14,34,156,112,53,74,176,41,172,103,73,5,8,74,176,154,154,74,54,14,150,132,82,28,93,92,169,23,20,51,0,131,46,115,31,186,114,89,185,129,6,143,0,114,143,153,166,113,59,79,118,6,183,191,12,191,110,4,121,23,117,38,22,131,38,179,89,96,26,152,96,22,100,15,12,70,116,186,59,126,56,51,4,148,147,20,33,32,126,199,191,20,63,48,186,199,179,17,100,106,167,56,111,42,52,164,130,185,199,148,126,186,37,55,184,127,83,162,169,29,26,70,147,46,6,75
124,9,182,86,35,77,165,24,150,128,95,174,112,170,125,91,86,78,72,2,157,66,136,101,66,99,180,93,41,159,58,91,34,135,160,9,192,5,163,54,40,88,65,60,140,88,9,25,160,173,112,171,34,145,139,132,3,128,145,174,145,156,78,93,58,144,195,3,197,80,101,57,34,9,91,197,60,144,173,73,77,53,28,160,145,72,80,77,144,54,5,13,90,104,150,34,16,104,64,120,18,31,143,23,130,81,113,183,12,107,116,183,166,141,183,193,56,69,18,32,110,11,138,181,37,51,167,127,75,190,111,129,186,47,141,152,46,76,148,109,115,0,138,126,148,131,83,15,63,123,134,127,84,121,42,71,71,116,37,114,97,59,30,142,179,146,38,15,43,29,0,55,121,109,38,199,70,75,143,164,4,12,168,10,22,102,10,71,116,147,152,118,97,32,31,184,18,19,76,108
86,175,103,159,95,13,187,14,145,74,196,175,171,2,73,60,27,173,157,125,139,74,101,160,99,192,74,44,112,74,103,137,40,67,3,156,119,101,53,119,67,170,171,66,132,8,61,194,195,151,176,92,112,73,85,60,180,155,139,78,78,136,50,172,8,80,92,28,74,53,145,150,124,137,172,60,60,24,8,112,124,45,64,86,13,91,82,98,180,34,197,145,40,144,150,54,157,27,136,13,97,130,181,12,51,79,38,18,15,46,106,55,11,63,169,32,22,193,162,0,15,109,188,106,191,43,131,191,69,188,23,108,47,48,152,26,109,106,138,107,162,190,42,51,142,167,191,31,146,51,110,87,4,153,6,94,102,167,142,111,117,31,4,116,109,36,31,168,31,10,19,153,39,94,30,148,7,70,10,143,111,12,26,20,131,199,69,181,118,6,123,102,141,115,18,29,190,0,193,59
45,157,13,90,139,28,157,53,27,64,44,103,73,82,187,27,57,137,88,93,175,197,13,172,159,176,92,14,124,40,149,105,192,72,177,151,44,90,95,104,78,125,139,73,149,195,8,54,156,103,112,101,27,54,195,165,101,161,194,157,165,120,35,14,13,192,196,53,192,2,45,62,8,35,104,13,57,68,34,119,78,35,175,145,124,155,64,57,198,104,119,53,45,182,9,163,34,178,161,177,146,96,152,106,183,152,110,52,38,183,162,17,110,134,18,39,164,12,148,162,142,19,4,191,110,33,116,20,22,164,179,83,96,59,52,141,114,32,190,96,36,52,191,22,152,117,39,38,148,106,87,164,164,84,126,94,0,33,107,164,184,130,141,134,59,84,32,130,89,106,190,114,30,71,19,110,33,118,20,109,17,59,138,118,169,141,36,189,143,199,46,56,30,183,130,106,115,52,75,23
50,173,93,74,195,14,105,57,180,132,16,35,122,150,95,136,150,104,174,137,44,2,150,105,194,72,178,161,135,149,98,112,112,180,9,82,176,101,120,34,93,74,68,16,54,120,104,151,120,82,41,40,149,9,24,54,45,104,80,195,67,8,180,21,125,182,1,95,25,157,44,135,72,172,156,72,192,165,151,119,187,80,90,128,90,124,182,163,198,151,67,105,128,78,159,172,68,171,88,156,84,142,79,32,30,108,138,76,111,184,29,131,63,76,29,17,158,147,42,70,29,152,96,79,22,183,37,7,199,23,109,23,30,79,117,47,138,46,109,121,59,20,107,185,181,32,89,152,0,10,83,100,23,141,12,152,12,79,113,186,116,52,126,4,87,143,79,17,113,188,38,42,96,191,148,166,32,43,52,131,6,191,189,38,147,114,79,17,116,10,20,123,186,114,106,100,184,168,29,43
194,170,98,144,88,122,137,91,173,119,133,25,3,195,172,35,61,192,198,173,198,21,155,91,86,122,77,132,172,176,60,92,145,8,53,53,64,101,28,156,170,192,50,80,175,177,61,58,175,197,60,64,156,77,194,50,5,3,74,195,53,132,25,65,159,74,150,82,8,72,170,140,136,196,88,144,174,105,68,65,163,68,80,180,101,68,3,156,57,124,14,174,67,34,120,66,58,64,3,133,17,123,147,106,168,147,37,147,113,169,162,148,168,83,38,11,32,164,138,37,199,115,100,115,59,97,48,97,84,69,89,69,113,117,37,188,79,183,4,111,141,143,31,69,4,56,185,22,164,129,70,63,89,164,142,100,84,75,51,185,123,26,116,138,55,106,185,43,94,15,15,148,168,147,37,199,84,30,148,188,55,47,89,148,108,4,97,39,76,130,69,7,69,33,84,55,15,48,43,167
105,25,54,155,3,3,160,139,122,103,192,68,60,85,165,24,53,45,170,157,140,187,58,44,157,45,67,174,62,78,160,35,122,161,172,27,73,98,65,187,85,192,85,21,27,40,66,171,60,174,65,80,5,21,103,128,157,176,180,77,180,128,88,171,104,157,54,155,140,93,90,62,16,161,177,128,88,151,180,8,74,176,137,149,122,60,165,136,171,149,92,80,72,54,150,88,120,155,27,82,114,75,18,31,134,114,15,81,113,153,134,116,190,83,169,113,134,179,37,186,37,167,138,32,134,142,127,131,59,190,96,36,141,153,114,47,17,22,71,117,134,169,46,26,51,29,114,116,17,168,89,33,43,130,19,110,39,147,109,18,167,0,36,114,142,184,23,47,186,191,7,179,143,97,190,70,89,123,100,111,110,22,33,166,184,102,81,32,142,138,106,47,143,118,32,131,42,189,127,33
171,21,16,122,156,197,80,112,137,16,45,73,90,187,28,82,5,172,157,16,5,74,85,86,21,170,99,68,82,62,25,77,54,91,175,2,50,41,28,197,77,178,91,140,64,57,92,170,40,88,64,1,120,88,66,98,160,198,2,137,40,8,86,16,86,101,68,61,101,67,170,34,40,145,77,187,58,67,139,64,78,119,151,68,5,172,122,98,128,144,144,175,165,177,196,41,160,132,128,198,148,29,70,186,6,17,189,23,0,186,84,38,11,141,84,183,18,56,167,38,12,190,0,75,7,152,111,31,162,51,108,15,52,11,4,134,116,29,107,29,56,131,84,117,75,38,106,38,51,89,106,97,138,51,118,108,181,166,123,190,106,4,100,63,32,11,10,83,129,183,179,143,33,12,127,164,129,181,97,20,87,71,107,0,69,152,189,117,32,127,51,48,111,199,142,148,138,39,33,20
54,86,119,16,174,9,77,160,180,161,154,197,85,150,120,198,16,21,99,82,99,25,5,122,125,13,53,122,194,145,175,154,150,57,65,44,180,61,72,119,150,90,192,171,194,194,61,88,60,194,105,119,197,101,137,135,128,177,93,157,58,176,145,95,101,61,16,27,57,180,177,103,98,53,154,187,90,28,171,155,92,154,195,24,112,170,60,45,151,86,34,82,25,65,86,105,165,196,150,77,118,7,30,193,51,152,30,15,102,199,47,33,11,46,96,55,131,142,37,51,43,126,164,166,191,19,108,152,30,46,118,83,94,127,168,11,42,111,71,71,89,108,12,164,17,147,71,23,199,121,106,189,31,115,153,189,22,108,185,87,83,164,164,6,134,153,42,164,46,83,49,7,7,89,30,127,158,146,142,110,152,169,185,87,56,7,158,131,47,18,129,123,123,52,116,166,108,42,162,167
82,157,145,144,90,119,90,24,157,139,91,170,34,197,159,139,62,50,128,60,60,78,72,174,145,21,119,149,73,125,98,174,165,154,140,8,128,24,124,170,53,86,28,160,61,98,145,135,137,139,154,92,155,1,64,95,86,14,65,35,194,53,104,198,99,28,86,125,156,192,95,171,66,192,64,136,159,85,54,145,62,8,88,182,86,27,25,72,85,195,170,35,73,44,13,61,99,195,176,66,20,116,38,71,12,116,138,20,81,23,75,70,109,134,84,51,22,4,166,188,141,153,12,6,4,179,129,18,158,42,7,17,185,117,18,97,188,56,48,87,111,4,188,126,59,188,46,100,116,126,110,87,81,110,191,131,166,108,42,102,18,33,39,43,84,37,69,146,17,32,12,148,130,179,168,147,108,71,84,167,111,52,19,6,17,138,123,10,32,76,12,111,107,71,164,43,141,162,48,69
78,165,35,136,187,163,145,58,58,187,45,139,82,159,103,151,5,145,99,86,93,101,8,137,170,44,174,77,99,195,173,192,133,95,157,5,82,78,161,9,120,9,173,41,105,145,155,64,9,8,53,173,67,3,77,60,175,99,28,45,25,85,149,25,161,128,64,136,171,124,8,62,128,13,65,62,172,68,144,122,198,136,122,54,170,74,151,120,120,112,159,155,161,140,170,161,41,192,72,157,116,75,193,39,115,59,17,59,22,199,19,111,36,83,18,48,4,169,123,185,69,130,162,191,22,126,143,111,164,138,7,18,22,33,100,147,75,6,33,18,121,143,89,20,47,189,39,110,96,158,96,26,96,126,0,114,109,38,52,183,186,111,111,111,164,111,130,29,167,19,167,29,79,116,142,69,147,183,113,130,26,166,109,113,110,152,26,147,6,7,169,131,32,148,164,106,70,117,116,97
61,5,8,105,157,73,86,174,196,54,112,103,178,135,160,125,137,175,197,21,122,53,44,27,90,182,175,90,154,195,93,65,170,124,101,160,144,137,140,174,66,155,140,133,103,196,119,176,194,171,21,149,172,77,139,195,64,73,120,28,182,125,86,144,163,119,180,24,139,62,60,90,178,99,95,80,175,195,21,3,82,13,90,161,16,85,104,125,57,128,13,60,198,16,195,14,61,13,174,101,162,129,185,188,138,49,79,184,97,33,113,181,69,107,38,52,134,22,153,42,131,12,117,141,113,166,130,83,42,38,39,37,79,152,55,106,49,116,39,115,55,106,126,129,36,12,0,20,116,123,11,162,70,87,108,29,179,186,83,111,76,0,19,138,18,20,87,43,115,162,111,148,117,167,10,167,46,32,142,146,179,131,39,48,114,51,100,134,31,52,185,23,97,109,19,19,179,134,109,37
8,177,98,159,139,170,9,50,14,54,86,170,136,105,9,177,24,155,67,25,122,27,2,198,60,132,198,182,1,139,28,3,151,176,92,151,172,157,104,13,120,3,80,104,133,165,74,119,3,125,187,68,182,68,104,86,5,120,182,195,171,91,175,145,34,14,194,112,105,68,24,5,178,172,160,85,156,135,1,21,120,65,82,128,173,2,1,172,50,25,57,174,112,128,95,122,68,74,53,72,116,153,51,189,100,33,81,70,17,96,56,189,33,76,36,169,121,30,102,183,106,84,131,152,166,47,108,75,18,108,134,22,19,183,130,55,87,4,141,29,81,123,20,46,19,143,166,193,4,117,71,36,106,37,123,199,129,94,87,130,87,4,23,109,42,115,108,47,113,102,11,87,15,23,33,56,168,184,79,168,168,69,162,113,152,36,129,51,185,186,6,32,6,141,55,141,15,94,191,81
27,14,54,144,177,150,194,95,88,65,82,72,35,82,35,77,80,197,65,58,86,85,194,95,103,133,34,161,165,53,149,78,73,195,99,122,161,103,57,40,192,103,155,61,34,86,41,21,112,8,50,68,157,145,13,132,155,128,93,99,68,80,173,80,28,140,2,9,57,176,105,172,67,120,16,8,128,61,8,180,103,62,159,120,178,67,140,93,125,194,21,161,144,103,25,136,157,99,140,45,63,148,181,147,126,107,97,138,110,166,79,115,190,110,7,69,75,193,189,23,36,36,69,69,114,199,4,114,146,55,29,114,130,143,102,126,18,123,118,56,169,199,48,162,152,56,162,186,81,6,56,22,184,126,169,94,102,121,52,36,184,199,83,30,84,83,118,121,146,96,63,110,7,15,76,52,70,109,6,48,55,134,10,4,43,6,123,11,29,48,107,7,111,184,199,23,32,97,115,115
165,40,24,103,135,74,99,192,9,177,54,151,77,85,1,172,157,198,177,173,178,155,86,105,154,91,176,35,175,122,156,178,88,163,85,9,194,144,194,50,66,177,58,151,104,182,125,173,68,92,28,8,163,182,73,112,35,103,170,54,57,137,1,78,197,66,137,137,151,40,61,25,192,145,77,112,2,177,34,136,9,159,13,150,170,174,177,34,128,194,105,65,54,24,154,104,124,150,149,54,31,76,141,123,199,37,97,56,107,143,94,117,7,131,184,48,116,47,37,20,33,188,23,83,115,134,108,36,20,38,0,15,81,22,166,94,29,52,118,10,20,108,38,0,111,6,23,89,70,118,20,167,109,130,153,118,118,17,15,36,33,11,130,183,106,26,89,111,143,42,48,52,121,26,153,191,138,115,19,22,166,70,32,26,59,48,47,158,87,0,33,115,138,118,114,49,117,114,20,11
58,21,172,66,103,82,64,95,187,13,198,80,60,68,137,144,104,50,124,40,67,176,67,45,154,78,58,198,45,21,124,195,78,132,174,128,86,125,171,192,14,5,34,156,40,194,178,72,35,1,154,139,16,14,68,21,178,165,176,78,180,182,104,92,34,82,135,13,174,124,180,161,197,128,61,58,99,149,16,196,156,50,99,57,104,66,78,14,137,3,50,105,195,95,128,1,105,122,58,154,179,115,20,11,162,130,31,126,4,110,110,75,81,199,164,42,158,79,181,166,84,126,184,153,111,148,179,4,83,129,37,81,181,42,94,43,63,199,81,48,84,189,17,167,37,18,33,7,83,164,83,168,31,38,142,167,6,108,147,23,39,126,121,0,23,164,17,30,32,56,51,76,134,129,126,42,6,4,33,116,18,107,111,109,30,23,190,189,118,63,108,89,179,111,183,19,106,131,48,75
3,73,65,25,176,53,1,27,95,99,145,163,67,77,68,14,187,104,54,104,196,35,78,163,64,80,195,53,98,40,174,176,132,157,101,35,133,80,155,58,21,125,57,82,105,62,125,14,176,195,174,65,195,151,104,5,195,171,1,67,8,125,194,58,9,62,128,86,103,57,95,80,145,24,174,13,122,187,91,53,98,172,21,176,73,101,78,159,195,160,178,67,50,85,178,62,25,145,68,95,11,199,87,23,115,59,158,153,147,141,146,188,15,89,147,109,52,166,106,26,183,147,43,31,109,10,94,83,131,29,111,10,146,164,23,32,111,39,114,189,17,188,107,0,76,29,134,23,75,166,147,7,193,184,47,39,179,84,193,76,30,76,158,130,23,100,0,0,18,179,121,84,20,164,164,30,169,111,15,52,11,79,38,188,146,43,191,117,84,185,168,20,30,138,17,152,0,168,19,162
28,34,14,161,90,21,133,198,171,50,187,21,160,136,155,21,90,5,53,139,73,104,98,144,35,98,160,25,112,161,35,5,171,77,137,61,60,187,61,28,151,104,172,64,66,156,177,161,45,99,145,124,34,172,182,187,196,40,35,64,136,95,161,197,65,45,98,120,194,119,68,60,132,136,65,14,25,182,40,161,149,197,13,171,195,174,177,2,119,135,133,173,187,140,137,13,196,194,88,8,129,59,6,79,162,96,71,181,89,166,111,147,11,109,87,121,158,97,56,75,70,181,102,113,184,107,181,29,12,142,76,51,164,108,20,20,55,47,118,100,188,185,146,31,179,33,186,47,188,96,186,76,76,96,138,75,23,22,190,152,42,15,63,130,115,15,166,26,81,147,47,107,89,186,146,107,75,107,179,46,188,76,191,42,39,43,109,31,131,59,184,193,31,71,94,18,39,49,19,164
58,50,163,195,67,128,119,85,2,16,21,136,182,161,27,5,5,136,88,25,172,101,21,61,154,195,159,137,139,80,3,112,45,9,65,172,86,62,145,133,92,40,173,60,155,133,155,120,85,95,66,78,176,195,173,24,119,61,176,196,16,91,128,197,165,139,196,28,174,41,57,41,74,66,24,61,67,5,78,198,133,85,178,27,172,128,125,104,14,34,9,13,40,136,68,72,160,77,98,80,47,121,108,102,20,126,89,186,107,143,31,191,141,146,107,29,189,69,59,19,30,167,11,94,17,26,87,23,79,110,51,153,63,191,52,123,69,18,185,26,87,0,36,189,191,169,162,138,162,10,110,143,97,38,43,23,114,147,30,121,46,76,89,6,19,114,193,23,115,81,102,167,117,81,84,167,23,185,83,56,134,138,110,179,146,84,179,47,199,20,117,190,184,131,30,70,102,36,111,76
8,78,95,174,93,161,85,16,1,197,139,178,104,13,16,150,14,64,3,192,74,99,124,133,145,151,45,66,92,8,67,50,74,195,24,155,132,53,16,112,72,53,144,177,27,14,192,156,144,45,9,72,174,133,73,163,175,65,160,1,144,66,192,8,125,68,92,122,157,62,61,68,137,53,77,44,95,161,86,105,8,61,195,21,151,170,159,105,78,65,72,68,65,157,99,170,14,60,57,14,47,51,81,43,49,166,79,130,158,106,94,70,96,107,20,43,83,127,42,20,94,115,116,19,4,109,118,38,148,4,130,130,29,11,167,48,143,94,167,130,167,4,52,169,121,129,29,189,18,167,169,18,20,94,31,121,59,146,69,191,123,109,190,71,142,19,126,191,7,79,94,49,134,164,6,47,107,69,164,42,131,153,126,141,6,129,126,109,183,89,111,110,96,59,46,49,118,146,71,169
171,160,156,80,35,80,53,122,178,27,35,44,54,128,128,3,62,192,80,128,40,194,66,1,35,82,145,2,95,62,137,197,160,78,173,78,28,105,91,95,74,173,64,132,61,86,119,145,104,124,34,136,95,156,176,124,98,145,159,194,128,93,82,160,45,132,16,180,156,45,60,74,174,5,175,25,1,90,120,105,98,174,3,13,65,28,174,24,196,136,128,35,80,77,68,105,78,64,14,122,191,18,191,123,110,141,31,76,109,69,47,190,164,143,138,164,118,141,22,75,118,115,12,190,148,146,81,115,10,52,6,143,100,108,47,181,111,71,110,191,134,134,138,188,108,12,94,167,56,181,164,42,130,191,69,116,189,167,121,193,81,147,117,108,102,63,49,162,46,36,188,127,130,84,109,11,48,51,191,19,94,69,15,116,38,11,167,87,152,55,168,131,100,70,71,116,32,56,152,126
149,82,34,98,159,67,72,24,90,92,2,157,80,24,25,173,77,64,178,53,180,112,65,27,176,92,61,72,60,120,104,27,160,67,144,194,197,176,86,78,194,151,66,149,77,195,62,161,122,9,139,28,198,139,34,197,77,197,101,64,93,13,41,77,86,35,135,119,60,159,28,119,128,34,9,66,122,99,140,58,80,197,40,112,1,177,16,197,98,178,198,151,62,149,195,25,125,151,197,92,36,26,114,108,71,188,46,39,102,142,131,39,70,146,63,109,81,4,55,12,142,56,191,143,114,56,129,166,51,55,81,114,69,59,131,134,146,97,121,146,193,76,164,107,12,118,4,193,26,32,115,94,22,12,183,11,121,189,138,126,181,127,118,94,48,111,113,75,39,52,153,52,131,12,23,12,110,0,141,114,32,181,30,123,183,188,0,47,49,123,43,193,168,147,37,96,127,49,87,109
95,137,92,53,13,105,82,66,135,175,171,194,124,144,178,9,45,178,133,72,34,160,177,192,24,161,21,86,182,135,9,122,25,178,187,62,104,2,45,197,195,60,57,122,21,198,3,61,172,16,144,45,173,28,103,195,92,3,182,74,25,62,80,34,54,163,119,174,95,77,25,24,25,163,150,137,9,104,24,72,80,8,61,104,92,174,112,24,68,163,53,174,58,178,124,150,133,133,103,173,146,164,87,129,117,185,6,168,59,123,127,127,168,48,130,116,148,89,69,184,100,108,83,83,121,7,193,70,63,148,32,39,81,134,123,26,70,33,191,169,81,38,143,179,29,169,185,115,0,183,115,147,141,127,102,114,108,179,121,87,33,141,189,138,89,113,179,36,113,181,152,179,188,118,147,79,23,164,47,29,138,158,164,4,94,100,26,129,96,193,56,75,89,158,117,69,111,52,183,7
136,40,150,13,99,62,192,137,58,14,145,172,64,21,137,58,95,72,92,58,139,61,156,82,154,93,54,44,21,174,119,58,24,149,45,82,77,105,74,156,112,58,144,156,149,5,125,86,72,34,67,67,14,9,105,136,187,74,99,177,125,101,65,103,72,157,61,149,77,101,105,192,64,178,145,88,78,24,150,165,174,25,77,171,159,78,157,86,54,105,98,41,140,187,173,122,24,192,77,45,186,83,97,18,79,100,0,113,87,185,152,114,115,18,38,38,94,114,148,70,115,39,129,181,69,130,10,31,39,69,143,39,43,51,100,142,127,89,10,190,141,152,19,164,147,131,0,17,31,29,114,89,148,142,26,168,162,183,181,114,97,10,126,15,23,138,148,71,109,63,106,75,142,49,142,131,193,179,29,83,146,189,102,167,23,39,26,167,142,168,32,107,183,49,158,108,184,188,108,106
196,157,103,1,124,124,86,65,124,21,161,103,145,60,170,2,196,137,133,154,157,25,41,124,105,128,80,194,80,196,34,95,13,180,135,144,78,125,161,54,90,187,103,132,88,99,57,95,154,86,3,68,13,99,177,176,99,34,165,88,74,157,149,5,62,73,88,13,174,35,192,157,124,145,154,196,187,50,171,196,154,27,57,57,78,24,175,65,98,78,135,95,171,124,105,57,177,86,160,182,51,0,29,46,75,166,81,134,51,69,134,59,37,153,126,52,142,96,97,116,115,0,126,42,87,6,63,38,108,7,153,47,188,143,30,166,127,167,22,152,183,18,183,26,141,115,147,20,49,134,106,18,94,22,188,81,81,191,168,183,96,79,33,179,42,191,37,71,94,42,113,142,52,117,191,109,102,49,108,142,146,19,129,48,19,189,6,59,47,166,15,123,179,134,51,55,71,147,123,18
155,195,160,34,198,187,90,24,16,155,65,45,98,57,149,194,197,163,57,91,28,61,136,64,44,14,99,120,180,90,156,65,170,177,170,180,150,176,159,34,9,151,101,178,68,66,156,161,176,40,173,101,82,154,44,177,60,120,151,160,128,177,58,24,135,135,176,64,196,27,124,53,103,74,125,119,195,182,151,2,92,144,64,58,65,3,140,35,27,157,9,99,137,157,73,40,58,90,198,67,147,4,188,189,107,43,31,18,141,18,111,190,70,179,6,18,129,71,59,146,30,97,147,71,47,49,30,117,20,84,17,89,152,55,0,4,26,142,127,81,70,31,0,30,141,11,153,169,51,32,15,179,47,31,47,83,158,55,51,100,49,184,56,179,115,134,10,118,83,7,146,56,184,164,111,193,36,169,31,181,75,141,109,47,59,179,102,109,109,121,49,23,36,102,26,118,166,84,100,143
173,128,135,61,92,65,145,35,133,178,122,177,60,128,57,197,120,88,62,132,66,34,74,95,78,187,187,64,112,3,93,150,61,192,160,159,136,151,28,112,67,133,176,82,73,151,136,139,88,161,173,159,64,64,180,176,194,13,161,182,99,61,50,25,104,187,45,98,67,72,92,62,86,159,173,104,149,50,91,128,125,92,73,64,120,180,159,58,165,91,65,150,88,128,192,58,5,40,80,24,126,130,19,69,7,111,0,12,10,30,55,162,189,167,164,71,96,110,63,123,158,111,106,141,22,130,6,83,7,152,183,42,114,0,11,107,46,19,7,183,116,87,22,123,7,30,79,111,31,48,131,191,32,106,188,193,51,141,22,11,81,97,84,81,138,36,116,59,158,168,143,84,94,138,56,190,199,167,127,32,116,43,55,49,15,188,38,31,56,63,36,19,123,20,134,148,6,118,193,76
40,144,67,5,8,104,53,120,9,14,16,156,16,149,196,9,28,125,45,60,154,88,174,137,66,149,133,1,197,16,62,40,90,91,177,182,149,24,53,99,91,173,132,60,5,128,57,135,155,198,160,182,13,139,156,132,95,62,24,175,182,175,175,177,119,41,68,187,2,57,112,171,156,144,137,41,67,40,133,64,50,90,144,44,35,132,14,60,159,149,14,66,44,2,128,182,133,72,173,103,7,76,56,11,191,185,185,84,121,94,75,199,148,6,70,17,84,186,190,11,36,70,6,138,17,191,106,193,185,37,20,166,19,23,37,96,183,193,116,117,166,10,181,162,39,138,109,30,190,100,131,142,117,190,19,4,32,6,114,94,51,164,147,143,142,107,168,183,183,17,22,181,43,69,96,87,42,38,117,23,184,47,164,33,11,70,130,121,10,84,96,59,146,26,143,162,108,153,102,190
150,155,195,104,57,35,77,128,196,65,41,53,104,176,178,145,77,119,124,137,120,82,3,155,154,86,150,95,178,187,44,175,72,180,101,86,72,53,160,104,78,156,159,2,177,195,86,92,144,160,92,128,25,144,90,149,28,99,64,187,99,78,139,176,41,101,62,74,120,198,60,156,93,73,149,145,196,150,105,135,140,80,24,2,25,198,5,53,85,8,68,5,177,192,60,112,119,171,124,119,107,30,102,10,6,12,111,118,46,168,153,184,164,190,84,108,4,186,123,185,30,153,186,18,107,134,96,183,4,141,11,126,142,7,84,7,59,10,166,111,83,69,23,46,138,107,153,184,96,152,148,31,42,167,17,146,32,38,142,29,183,26,87,153,79,169,167,81,121,131,183,32,129,69,141,153,84,158,169,96,6,131,43,51,102,18,114,17,79,70,111,184,110,37,52,46,83,123,55,117
2,163,128,60,119,28,92,150,91,13,145,137,27,177,65,171,82,13,182,135,154,104,173,174,125,13,195,98,41,176,178,27,58,122,34,196,58,2,112,198,25,163,1,68,194,149,187,119,21,174,180,93,27,173,187,132,171,65,91,145,192,16,78,104,122,132,163,177,175,25,92,9,44,139,197,150,160,103,53,137,149,64,72,16,99,145,3,82,80,120,14,93,44,62,157,2,9,171,192,90,152,131,83,110,48,31,199,87,83,11,126,111,84,71,23,29,49,169,110,146,146,19,130,12,148,168,81,110,87,96,185,55,118,179,56,117,142,19,75,84,87,121,134,102,26,131,11,184,63,32,76,100,23,63,42,33,52,97,51,114,186,26,26,113,11,55,18,47,12,22,146,162,76,30,97,49,76,37,37,89,29,59,30,81,26,6,146,199,4,181,169,188,31,115,168,121,26,18,96,100
140,159,144,68,135,67,103,128,160,60,3,44,176,136,86,93,197,24,72,195,41,170,50,196,151,195,196,77,192,161,40,157,9,82,13,90,155,57,165,157,180,74,73,41,91,156,163,1,28,90,160,91,14,45,198,151,104,65,192,74,145,180,3,103,35,136,88,104,154,62,172,154,173,80,178,157,125,58,149,180,74,135,53,133,73,1,80,161,93,136,155,195,34,90,103,120,105,154,86,88,59,189,134,19,48,30,89,39,43,30,38,10,76,100,148,19,114,130,17,141,81,31,184,143,69,193,20,63,153,113,107,49,146,26,75,37,47,143,63,36,111,18,143,20,47,30,181,189,4,43,184,38,96,10,63,164,56,38,52,100,37,152,107,83,71,70,22,15,179,100,193,167,184,100,30,7,116,10,134,75,115,26,26,83,0,162,168,51,10,126,146,129,130,4,167,142,23,138,138,43
58,137,132,165,195,57,85,173,128,66,144,9,154,25,85,187,122,13,78,92,5,40,62,172,21,8,5,41,34,145,157,66,119,3,178,98,149,99,124,182,174,170,122,82,133,3,172,165,62,82,45,157,173,65,155,112,16,159,41,165,132,103,66,92,61,73,175,21,172,145,95,45,132,178,170,35,60,53,133,2,65,14,64,93,174,195,122,171,122,125,27,98,1,77,136,137,61,103,149,163,117,43,97,143,141,131,110,83,59,185,129,115,29,147,52,107,7,97,33,33,184,39,126,51,4,169,81,142,113,84,116,117,43,193,158,109,131,71,20,69,15,146,52,143,169,48,32,102,191,19,15,134,167,110,193,190,186,30,153,184,123,17,102,121,189,186,169,121,167,184,108,46,18,191,37,113,49,126,10,134,46,189,164,100,81,49,4,43,168,121,138,10,162,69,20,31,46,56,12,108
1,24,170,178,88,155,195,182,133,57,25,50,93,163,35,137,159,180,120,122,194,99,194,65,5,53,25,161,67,176,136,136,160,175,86,13,95,192,2,163,105,14,197,192,175,98,27,62,61,170,101,86,2,41,60,1,62,67,98,124,197,174,90,159,192,50,128,91,68,187,24,178,50,197,195,91,27,132,98,78,13,155,180,136,53,82,174,155,61,119,1,171,25,133,93,128,91,140,86,180,142,75,117,115,146,33,148,83,153,129,106,76,75,110,10,76,162,190,0,168,75,190,15,113,114,107,96,20,110,20,10,169,130,126,31,179,168,191,193,32,164,102,134,59,131,100,32,32,193,18,12,94,138,0,147,69,168,115,31,115,126,169,94,36,42,83,102,4,52,42,70,76,111,97,83,168,121,162,185,79,117,127,84,188,138,107,76,138,37,126,29,71,169,48,153,48,113,71,83,126
175,68,150,80,80,61,165,72,139,197,34,144,77,2,60,187,101,104,5,194,159,150,44,25,150,53,21,24,150,125,187,68,197,77,136,91,85,178,9,170,34,80,120,124,119,120,176,53,88,73,95,45,93,40,64,78,13,8,174,34,65,156,90,122,145,151,136,16,82,145,82,25,9,133,174,85,98,120,124,145,16,101,144,172,34,159,78,133,180,103,112,85,194,178,16,161,196,145,137,120,113,19,113,131,63,110,43,87,107,4,55,127,89,118,7,43,162,30,146,102,131,19,56,129,7,23,164,162,185,89,4,46,191,168,110,148,113,109,108,96,158,123,127,126,11,111,11,110,55,146,15,11,48,22,114,6,100,131,193,164,55,48,118,17,127,55,83,39,29,186,190,47,26,111,179,10,52,59,118,186,148,42,142,126,17,158,22,52,193,153,108,47,131,184,169,30,49,193,148,191
24,92,171,34,182,24,60,149,133,93,57,92,173,105,67,132,156,149,13,78,77,60,165,170,40,98,80,99,86,66,157,27,132,151,172,171,8,133,132,21,98,16,93,14,103,88,60,125,105,64,161,132,8,156,140,40,50,145,44,67,68,72,25,173,122,105,1,88,194,88,122,172,103,140,120,2,170,196,24,135,161,149,9,68,125,165,159,62,2,145,14,135,196,156,67,194,86,175,13,119,153,97,36,75,107,169,189,29,23,142,59,96,49,97,188,169,96,52,147,108,109,48,108,20,97,167,191,134,32,48,152,48,11,107,100,123,83,97,168,30,17,52,186,31,51,87,69,52,191,36,49,189,43,79,6,110,76,55,108,167,32,69,37,143,46,181,185,102,113,15,63,56,70,107,199,153,69,81,191,189,83,102,79,97,116,84,36,113,131,121,6,118,30,168,20,138,134,134,56,51
172,112,24,171,139,14,28,101,64,178,161,58,104,165,137,86,120,172,9,24,144,66,135,103,194,170,3,194,34,93,154,28,178,103,198,159,64,104,105,77,180,77,9,61,119,5,90,92,128,14,145,122,53,62,16,78,91,178,133,172,41,172,104,171,27,35,13,180,163,135,62,159,91,157,172,156,137,16,154,3,14,86,120,156,85,54,65,28,182,65,60,187,165,174,198,140,16,9,67,137,20,106,51,111,47,168,183,193,168,134,110,111,26,138,29,39,47,38,17,30,169,199,147,186,4,168,33,49,10,30,188,36,179,147,153,29,131,89,30,162,146,129,36,117,10,18,19,158,11,123,79,134,87,134,12,164,17,79,51,7,123,193,185,6,190,162,55,108,109,100,70,108,17,23,141,129,12,30,169,146,26,168,162,38,0,38,107,164,6,181,0,42,108,121,89,121,29,107,158,23
14,140,66,16,174,64,125,136,25,73,98,86,99,24,122,198,133,86,91,176,103,92,91,34,161,80,144,112,132,78,144,50,1,88,101,74,196,196,45,86,66,154,155,60,140,45,124,34,172,8,44,125,14,163,24,139,144,174,53,172,88,24,140,137,95,57,180,177,57,187,197,88,5,160,198,103,104,8,137,157,103,173,171,139,174,177,192,196,160,125,98,34,175,82,120,1,88,16,104,14,36,110,18,118,169,113,169,183,106,108,179,166,87,189,106,127,169,18,164,114,117,130,37,39,168,96,30,191,143,184,114,75,186,52,146,148,189,123,129,147,138,97,183,19,189,76,118,51,186,185,49,87,55,141,15,131,7,193,19,100,184,83,115,83,114,37,126,48,190,23,184,23,186,37,162,56,118,89,146,38,123,190,87,153,19,147,22,162,141,167,70,116,162,15,48,94,114,49,148,199
54,157,187,101,1,62,58,25,40,58,99,45,176,197,182,14,133,34,103,163,77,86,105,21,68,65,160,165,198,54,194,125,92,35,91,197,82,1,77,45,45,16,139,34,9,14,66,58,133,135,24,61,40,54,154,174,95,65,3,139,180,195,161,161,98,151,35,72,157,60,54,120,3,41,112,171,54,140,173,195,120,68,3,133,170,99,196,82,34,90,44,41,62,198,41,140,197,160,133,62,76,97,181,158,49,7,164,29,191,15,179,141,49,83,97,12,19,51,148,168,51,7,6,185,114,69,142,7,109,186,158,47,169,168,71,115,22,63,143,158,126,84,158,23,115,96,38,43,71,116,18,143,59,76,113,109,46,46,75,118,111,189,6,134,116,109,23,84,153,69,147,71,142,94,97,42,162,148,31,32,47,146,143,191,47,19,147,49,184,96,31,134,15,42,115,38,162,56,23,189
35,66,93,170,73,165,25,61,192,145,99,187,128,104,5,93,155,64,44,122,53,173,105,195,165,137,92,34,58,5,165,3,92,151,196,182,54,136,128,187,44,180,13,174,16,150,145,9,34,104,58,44,54,91,78,198,182,8,16,88,45,3,176,44,93,80,172,64,196,77,58,180,155,197,105,9,66,85,156,68,177,1,57,24,25,170,180,90,91,98,66,104,174,139,160,174,34,156,125,132,146,31,167,184,111,76,158,36,94,37,84,33,110,17,10,123,51,188,106,117,96,110,189,117,190,142,152,71,32,185,76,118,97,18,89,42,100,179,20,51,190,117,118,134,76,33,184,100,32,51,118,23,51,107,100,146,102,43,189,113,191,18,146,89,47,76,55,147,148,115,6,147,36,147,127,179,138,138,37,17,42,193,169,164,97,134,38,46,52,6,11,106,123,134,52,142,166,43,38,146
194,41,78,124,149,151,98,62,16,136,160,66,192,82,57,57,16,58,66,74,133,5,101,57,41,72,175,136,95,165,34,28,194,174,2,194,128,86,60,101,80,21,61,192,151,34,124,82,67,135,157,175,156,178,154,73,28,171,25,192,44,25,139,77,104,149,91,104,125,53,9,177,139,16,195,66,155,136,99,165,159,16,60,41,194,101,8,156,95,60,1,175,173,53,112,61,64,136,105,120,69,15,199,181,186,114,81,168,188,36,167,107,121,43,96,199,71,94,138,106,167,185,129,46,123,146,75,46,129,70,134,52,83,129,37,97,0,97,147,32,181,26,115,115,37,186,0,83,168,83,111,23,169,113,179,89,49,30,148,84,6,141,152,152,121,32,17,51,89,12,113,94,190,23,89,152,109,102,84,76,46,38,79,83,47,84,52,47,152,168,37,138,76,190,71,96,96,69,89,153
40,172,91,180,50,104,172,120,58,155,144,112,150,8,82,1,101,61,174,178,170,187,194,156,21,16,119,44,8,145,112,2,25,98,144,57,25,35,197,176,178,177,41,120,41,137,74,125,13,172,27,180,174,156,66,124,172,78,92,104,139,27,9,163,178,68,197,180,2,159,95,1,122,61,66,174,80,21,175,66,197,85,103,74,60,2,1,104,174,149,157,135,34,172,145,72,155,155,86,170,115,89,121,12,167,107,111,87,153,130,188,131,97,10,117,52,11,47,108,143,102,118,39,134,23,185,141,152,167,83,193,79,81,76,30,29,183,19,164,26,106,47,153,47,185,134,113,55,20,81,152,127,81,76,106,138,134,131,36,89,100,12,81,152,42,153,123,0,0,134,193,97,51,26,17,108,15,22,47,152,15,166,117,39,43,115,123,111,81,12,121,134,20,52,142,108,96,114,147,184
159,88,85,90,28,176,192,187,112,99,124,155,80,144,140,195,62,122,41,64,197,170,44,163,157,187,104,5,137,124,174,177,172,8,173,198,194,40,24,182,99,58,176,86,9,195,62,155,170,64,160,93,194,65,5,165,176,132,40,172,85,13,88,61,28,60,136,157,196,24,195,77,95,72,74,173,27,16,80,34,34,173,8,78,101,45,86,53,128,98,176,25,21,28,187,194,105,140,182,155,181,87,94,96,7,186,81,130,29,158,63,168,49,184,75,48,71,96,117,184,185,76,4,168,143,199,130,131,109,131,55,42,96,52,123,84,42,167,7,96,190,127,143,117,169,46,191,123,33,38,4,141,51,130,102,97,153,185,186,142,49,134,76,84,39,113,37,38,185,188,81,162,12,110,184,46,169,23,129,131,100,49,79,168,43,75,39,70,153,12,19,4,143,30,37,141,106,167,141,76
58,139,98,85,2,175,9,92,170,53,173,86,28,41,93,149,125,112,25,58,140,132,72,176,28,86,45,105,41,60,34,21,159,182,165,73,155,132,90,174,77,13,104,154,35,28,156,14,77,198,194,176,194,104,44,44,65,68,54,157,163,161,122,174,92,182,150,74,133,1,151,140,178,5,88,157,57,182,2,136,80,27,156,165,80,3,182,1,85,174,144,5,86,45,174,78,104,139,135,112,0,43,189,33,29,89,114,15,193,39,167,29,19,166,164,167,169,23,117,179,39,141,12,130,56,23,43,26,36,46,47,37,37,148,141,106,55,7,189,143,38,38,184,106,153,191,10,20,46,127,168,168,19,190,179,108,71,153,191,18,36,70,52,147,189,38,110,10,22,4,188,37,142,147,46,81,102,153,108,130,26,59,87,30,15,30,141,111,147,152,75,129,102,52,164,131,166,12,110,47
95,1,82,197,122,24,157,160,93,140,174,151,74,198,66,122,13,125,44,45,145,104,156,80,45,28,151,78,8,156,139,192,90,155,159,95,124,65,139,44,133,156,61,2,34,154,90,64,163,145,72,86,66,24,182,25,103,3,128,2,192,62,14,77,77,194,180,25,27,156,2,86,80,91,50,196,44,187,180,144,171,170,91,161,74,24,192,77,150,5,137,67,122,176,105,122,45,27,8,139,106,141,126,37,49,184,191,134,102,59,46,51,10,141,114,138,15,89,152,110,6,146,51,127,191,96,113,10,138,89,147,4,179,6,96,191,30,114,59,31,29,130,17,33,138,4,94,167,191,75,110,127,147,130,22,168,108,36,188,4,11,15,18,117,32,47,184,83,183,108,70,51,184,84,191,184,164,4,15,147,100,75,0,168,22,43,181,169,127,39,39,191,59,183,121,110,71,89,55,51
137,66,178,73,157,58,50,157,24,60,34,73,50,172,154,27,41,103,16,99,172,93,149,58,163,9,92,196,91,93,149,187,159,9,13,172,178,5,150,24,34,95,5,78,170,137,62,151,135,151,5,177,194,66,14,3,85,174,67,62,175,53,21,92,45,64,180,41,66,5,91,145,125,99,53,132,34,159,196,119,125,144,93,140,45,40,170,103,198,54,170,58,40,125,165,62,120,137,77,172,143,23,70,7,185,148,69,142,108,56,42,12,96,43,15,18,11,189,162,47,33,20,141,189,0,56,113,17,36,185,131,169,84,179,70,118,17,183,20,100,37,152,191,142,143,22,123,23,94,59,31,48,130,108,15,37,181,142,183,190,158,108,162,32,193,146,179,199,70,164,70,115,126,63,10,131,30,185,181,181,20,49,19,39,39,179,76,130,141,10,42,7,30,84,56,55,158,162,49,49
45,149,197,137,156,197,171,57,61,16,122,171,128,41,196,170,120,175,197,92,133,95,60,65,125,194,136,161,92,44,53,176,62,73,151,25,28,151,187,171,40,95,74,77,92,175,174,150,133,155,128,13,5,163,21,133,40,122,150,27,3,144,95,192,77,125,163,144,101,173,98,177,139,171,150,45,25,170,62,68,92,3,163,144,156,150,99,122,124,85,28,173,14,132,91,41,128,74,119,187,7,100,30,189,114,118,141,39,29,109,46,38,70,147,116,123,17,121,199,126,179,141,59,15,15,110,169,134,168,52,131,63,184,138,123,146,43,114,166,46,0,167,134,118,190,153,107,7,20,109,107,17,189,55,190,190,100,167,42,42,117,22,81,183,20,102,152,189,52,166,189,162,121,83,46,114,190,146,191,30,118,10,42,31,191,113,126,20,18,189,123,89,143,39,29,10,146,94,55,114
90,139,80,122,67,67,149,57,120,9,145,119,24,2,77,8,74,24,137,160,27,53,92,120,98,132,41,149,91,60,24,172,112,112,8,161,151,157,198,125,174,177,1,151,16,177,92,194,35,72,103,58,178,95,192,95,175,137,88,165,99,155,180,180,174,160,171,54,101,73,187,14,136,173,90,74,122,177,25,128,105,61,65,14,58,99,85,140,159,101,176,175,178,57,95,101,77,197,98,66,89,121,100,199,89,186,115,81,11,70,126,158,167,162,186,79,179,10,114,131,33,84,10,15,164,97,32,185,89,36,183,162,168,191,110,107,11,49,189,164,167,4,71,29,107,118,6,134,153,6,94,114,63,167,100,75,49,143,164,143,116,123,131,189,162,19,199,87,46,184,70,46,46,121,130,117,126,169,79,6,23,22,127,108,39,52,184,63,84,52,19,115,43,130,46,10,179,83,117,199
124,35,104,174,157,50,54,90,154,104,28,14,119,25,27,5,136,154,64,196,176,98,62,44,173,175,77,35,62,82,88,133,3,9,74,170,175,5,35,174,50,68,144,180,150,132,125,137,195,161,112,85,68,34,35,21,61,82,14,137,88,66,149,90,124,119,78,180,28,62,140,5,13,124,5,187,157,58,91,120,72,112,50,90,195,91,35,72,125,53,3,165,98,176,170,72,159,72,137,155,69,115,70,71,113,106,141,59,52,12,84,102,115,20,193,52,162,43,127,100,18,142,158,17,166,70,102,107,75,7,110,111,118,110,184,4,84,181,38,0,188,56,127,126,33,71,42,49,32,33,47,164,152,130,97,108,166,49,167,49,185,43,162,22,102,39,59,183,127,189,84,56,0,113,148,148,32,94,138,167,19,100,106,76,7,188,158,131,118,191,7,162,29,15,87,108,71,148,76,49
50,105,171,149,187,136,91,105,16,44,104,101,16,177,5,101,58,135,128,82,196,91,85,68,54,101,151,67,128,124,195,24,128,61,170,99,182,8,154,16,93,105,68,90,145,154,45,156,151,194,128,170,41,170,180,86,132,14,105,132,180,176,13,77,137,140,13,78,125,136,65,104,133,2,128,195,171,86,165,132,34,144,54,92,67,3,2,86,136,125,80,90,125,57,27,41,122,58,86,91,186,126,106,29,89,115,43,26,109,71,179,142,10,108,87,142,189,191,59,38,126,121,96,152,32,23,189,89,43,83,32,108,48,22,75,89,96,4,190,130,84,19,70,63,185,56,46,162,42,76,69,189,106,126,189,43,87,143,4,36,108,115,166,146,71,109,49,33,15,29,179,29,121,42,118,19,126,193,116,121,142,4,75,179,167,19,30,167,148,29,179,81,22,30,107,118,185,56,110,106
192,1,34,21,135,66,65,198,14,61,73,151,139,64,150,137,50,163,58,192,101,104,85,92,149,159,53,44,92,92,145,101,91,159,93,64,170,163,9,154,194,88,198,194,149,57,66,198,180,1,175,197,86,163,155,161,170,182,161,65,103,122,194,178,80,120,57,163,151,57,1,44,154,132,101,182,144,85,5,28,150,61,64,34,173,103,53,150,128,182,93,86,122,85,104,58,64,90,170,139,181,71,181,129,126,166,12,148,115,79,55,10,183,37,97,37,114,141,152,10,6,117,23,167,199,42,167,185,167,6,168,18,169,12,26,102,169,49,186,164,134,146,146,118,51,106,17,183,63,113,22,102,49,117,84,22,108,129,168,48,23,111,107,43,26,22,31,141,141,146,22,29,76,184,138,102,47,189,36,109,199,76,51,81,113,164,153,37,153,71,126,185,148,168,63,134,107,189,146,46
136,175,14,40,13,50,122,187,61,66,136,99,1,77,112,66,82,119,53,13,3,66,137,99,128,124,180,103,50,180,149,177,194,192,125,119,54,54,53,93,151,170,125,28,135,172,144,34,170,171,88,154,175,92,128,40,159,154,170,135,41,101,93,67,150,174,192,176,5,95,92,27,60,163,133,136,159,65,25,78,57,157,92,72,150,8,14,140,137,124,14,24,104,62,173,80,103,124,197,3,108,94,199,89,179,127,158,127,96,134,164,141,102,193,37,15,184,167,108,81,193,71,32,153,146,152,19,84,199,168,121,4,47,184,48,126,97,109,188,179,83,17,169,19,117,117,130,6,199,148,29,169,52,17,116,29,39,127,164,110,31,26,167,100,79,121,142,141,17,56,142,143,4,130,181,0,147,76,186,97,46,18,69,146,75,153,118,111,11,127,191,17,143,69,7,115,79,169,169,184
155,40,101,28,41,34,57,66,160,104,24,156,45,41,82,171,120,172,3,57,180,187,150,2,41,180,156,174,41,68,140,77,21,178,73,41,161,174,57,24,104,122,95,35,3,44,155,73,150,13,187,171,119,177,98,60,67,112,34,98,40,45,128,1,5,195,82,95,144,165,160,171,60,9,27,92,104,35,28,16,78,67,21,128,14,57,66,41,112,101,151,92,128,194,57,105,194,53,182,62,188,18,26,131,138,118,188,30,185,48,49,63,33,100,143,84,63,33,48,96,89,31,181,146,31,107,113,89,36,142,162,4,32,179,63,4,32,158,70,162,20,107,33,75,189,127,33,42,138,114,115,10,189,31,49,179,126,185,18,143,23,169,131,79,15,184,166,23,109,83,166,59,115,96,108,181,148,79,131,152,168,81,33,87,121,42,148,94,167,51,83,169,179,47,107,46,51,146,179,188
3,77,60,77,24,160,182,195,180,140,41,45,182,25,99,177,145,61,86,80,44,5,171,74,25,132,104,155,72,27,93,90,161,144,151,66,24,180,13,78,197,99,90,44,78,135,45,60,13,88,132,159,73,105,88,124,21,67,150,176,85,187,151,91,65,86,95,197,68,13,122,2,133,101,119,105,80,93,159,73,156,124,68,177,53,57,161,65,57,68,40,62,64,145,119,178,122,61,165,128,20,17,116,84,70,110,152,6,123,4,146,127,31,46,134,63,70,89,100,129,184,193,4,55,26,148,113,167,69,152,190,184,12,116,7,168,164,179,121,32,189,7,146,63,100,158,12,115,106,89,111,17,97,169,48,102,121,107,141,115,71,75,127,55,76,18,131,51,189,10,63,152,31,17,7,52,89,94,199,147,32,18,4,17,153,134,126,134,100,97,63,153,48,183,158,142,108,168,190,107
180,198,92,105,62,65,170,144,60,34,21,198,192,198,21,14,160,137,99,197,54,45,99,144,74,92,192,196,103,90,151,62,82,2,182,53,14,128,160,154,90,151,128,60,16,44,163,82,58,140,58,27,140,135,144,180,60,119,28,137,101,174,140,95,172,180,99,124,176,112,98,197,140,136,196,144,103,187,157,154,139,72,150,68,3,34,177,68,159,62,8,149,119,178,133,112,73,82,124,178,130,33,143,188,36,179,97,168,152,63,134,49,29,100,191,4,106,158,4,30,83,20,33,169,126,118,23,29,30,71,6,111,43,190,183,17,199,183,190,6,121,115,23,89,49,186,31,81,193,89,106,75,110,4,193,102,147,11,162,193,39,49,100,69,36,184,4,79,42,11,134,188,69,116,10,162,130,152,167,18,147,84,22,69,129,190,31,129,113,18,43,114,199,116,20,115,51,138,107,18
74,99,82,78,98,62,58,85,99,104,82,132,174,28,105,151,128,92,128,105,155,125,82,9,54,65,82,60,150,133,159,72,1,163,44,119,170,65,132,99,60,80,160,176,133,57,176,122,101,137,54,101,5,9,105,27,149,124,187,139,62,35,192,195,73,119,159,151,151,120,13,105,173,198,40,178,133,65,103,35,44,178,62,132,50,160,98,139,163,177,140,112,119,155,25,73,157,13,3,82,185,179,146,84,89,42,39,168,114,69,118,4,76,81,19,26,56,0,117,6,190,115,184,191,0,48,162,153,55,167,76,142,97,47,113,12,30,134,179,42,131,32,146,100,81,111,4,51,7,107,186,179,110,148,56,190,107,52,142,23,168,158,97,71,94,70,32,106,6,113,43,19,117,158,11,87,123,7,17,141,29,0,179,18,33,43,166,117,166,4,141,164,146,134,102,83,11,127,63,59
65,54,196,44,57,41,93,50,172,112,120,3,53,192,151,149,133,35,65,57,40,112,92,105,2,41,5,16,45,60,28,86,73,3,57,40,195,35,192,74,133,180,16,85,64,53,150,192,196,163,73,140,66,44,172,144,14,124,124,82,197,187,165,5,58,54,104,98,120,172,122,135,150,28,99,176,163,155,154,67,27,119,182,178,27,41,195,2,196,176,161,182,54,171,40,156,14,165,85,28,181,158,12,84,81,12,15,32,29,183,153,107,97,84,37,52,76,51,26,189,48,106,19,123,38,129,52,191,147,158,169,46,38,15,117,100,81,169,47,193,47,179,17,108,106,19,123,36,39,83,83,185,69,164,79,190,59,184,75,168,81,141,111,23,97,106,134,96,18,94,84,36,6,94,46,158,115,116,185,83,129,83,75,199,97,185,38,38,37,7,117,29,166,43,107,47,138,12,26,185
137,180,72,62,159,180,156,45,45,180,93,24,82,92,27,197,60,54,182,101,57,136,44,194,170,172,73,122,165,73,101,178,95,136,93,103,160,64,137,45,16,176,149,122,156,180,156,198,95,122,154,21,28,196,61,28,174,194,35,155,151,77,58,88,93,72,165,175,98,25,88,154,64,170,105,24,157,58,24,61,101,122,40,99,60,165,99,91,57,163,196,57,128,132,180,27,140,2,91,140,20,158,168,179,169,110,19,169,36,158,199,168,79,56,110,107,130,71,87,116,30,39,152,181,96,108,190,188,38,109,19,4,143,131,189,94,94,126,134,49,0,7,109,17,97,26,143,56,71,87,43,186,46,33,0,81,37,143,190,69,199,131,87,63,20,164,48,186,118,18,6,56,126,109,81,23,164,18,6,18,141,49,69,114,18,114,109,188,127,185,186,189,18,15,96,81,166,51,169,18
177,60,80,27,78,150,72,133,195,2,92,182,171,34,73,156,128,74,104,60,66,72,161,195,139,54,28,74,50,35,66,125,50,182,161,194,21,54,85,82,72,62,112,120,61,92,21,196,14,125,16,3,151,58,160,198,58,137,5,174,24,34,187,101,136,137,119,86,73,198,28,124,99,72,93,180,136,72,14,194,60,14,58,173,149,35,74,85,177,172,77,133,160,85,82,85,151,176,27,27,97,121,11,59,46,59,18,129,116,15,6,127,127,79,141,69,33,186,48,59,158,185,11,96,189,186,147,116,167,188,11,17,191,42,134,84,32,52,11,12,183,84,47,188,18,167,84,59,22,167,19,127,110,102,108,39,79,51,185,166,189,183,118,87,51,89,79,6,153,51,114,158,63,142,79,75,87,115,69,69,36,143,26,134,115,23,97,106,70,117,130,36,79,33,147,188,7,76,167,147
187,180,154,125,28,5,101,112,105,2,101,65,80,62,40,156,90,182,187,157,137,41,161,8,198,105,182,149,187,21,196,50,172,45,171,60,24,67,198,137,95,122,119,92,80,8,103,53,2,66,198,41,28,149,54,5,67,65,182,99,57,78,132,156,151,187,45,182,150,34,104,80,150,65,40,156,80,68,119,53,77,157,144,88,3,157,144,68,68,1,154,57,171,40,90,72,78,2,58,24,108,97,7,36,118,46,162,127,32,162,188,4,186,106,7,127,48,87,49,181,4,131,47,43,153,108,81,49,4,142,81,11,75,55,63,100,11,113,169,118,10,148,76,36,141,71,22,31,153,129,106,69,4,6,70,11,113,102,115,127,75,38,97,42,63,69,115,79,123,146,97,179,107,63,89,181,191,69,121,168,109,102,31,81,131,186,63,30,96,129,36,26,48,193,193,110,193,33,183,46
105,171,180,120,73,101,176,93,160,64,139,92,156,196,175,88,35,53,1,136,128,88,195,163,40,174,86,156,187,54,150,67,1,133,149,95,165,171,98,58,151,171,177,128,50,105,172,140,92,176,149,151,74,88,160,119,25,28,24,154,64,178,139,24,41,135,88,170,174,91,187,40,112,144,44,60,88,171,144,173,176,136,13,175,120,154,140,161,98,58,65,14,16,182,77,50,88,151,68,80,115,131,75,83,51,0,138,81,108,75,30,43,183,199,107,191,186,126,166,184,89,115,48,138,191,71,97,186,108,55,186,70,22,148,75,43,113,152,4,81,70,107,56,123,146,190,126,152,116,29,22,126,83,106,115,7,109,0,123,147,70,117,0,52,183,147,23,153,117,38,188,183,6,189,117,4,94,59,181,106,131,185,37,84,152,181,89,26,114,141,48,110,79,117,36,56,166,147,52,100
139,112,16,151,1,198,90,136,61,85,25,173,3,66,120,57,165,50,21,175,157,159,53,72,137,60,132,124,28,95,3,176,125,3,3,90,172,151,73,2,140,137,175,165,103,197,13,85,66,160,34,16,50,197,180,139,159,8,68,104,57,2,66,139,3,160,95,124,88,99,74,174,149,66,64,180,145,73,5,194,160,66,124,73,140,180,145,40,155,182,154,13,27,195,182,44,140,62,161,198,102,129,10,188,6,113,37,115,191,71,127,0,153,115,26,46,114,12,46,20,56,43,36,148,141,141,19,48,102,134,146,123,94,131,48,129,184,71,116,199,123,94,31,168,89,107,20,39,106,10,33,147,22,17,12,11,129,158,79,191,18,75,134,10,193,118,127,48,191,22,26,79,138,56,87,49,7,37,131,48,20,69,114,115,142,49,6,7,29,164,76,15,114,169,33,158,23,102,30,96
133,165,73,156,41,45,5,101,57,61,137,58,91,151,78,112,66,103,65,165,44,80,196,182,1,177,24,58,67,176,104,180,145,1,180,177,112,182,135,24,122,137,80,68,182,65,80,34,91,3,60,8,27,77,176,90,21,182,67,136,73,21,72,150,74,177,195,27,9,65,68,170,88,136,80,135,151,124,176,104,9,98,53,139,21,9,28,35,61,105,160,165,137,53,187,125,105,93,68,41,59,22,114,131,100,6,23,199,42,146,189,97,37,76,75,118,114,15,147,109,129,23,15,76,152,97,110,18,138,102,71,42,33,153,148,4,190,76,129,134,52,71,130,109,118,59,10,11,37,107,167,143,46,89,118,107,193,4,113,20,7,94,6,23,81,138,123,179,107,169,185,142,108,102,84,138,56,87,23,51,109,46,76,26,167,184,71,17,190,167,167,89,75,87,12,89,113,102,121,141
82,156,159,9,21,112,80,195,72,172,91,58,101,192,77,154,50,125,133,98,136,103,176,101,128,198,177,66,198,50,159,91,8,197,86,192,44,101,86,187,67,177,68,61,27,95,98,156,45,80,27,77,182,149,53,72,68,194,135,182,50,160,65,160,34,154,24,157,21,72,45,9,21,125,92,62,178,195,95,172,61,173,122,145,194,155,180,178,82,139,34,3,68,77,78,73,41,174,85,88,37,188,76,179,18,81,138,199,59,143,188,111,87,158,39,15,115,193,70,49,141,169,18,167,11,59,29,42,164,188,110,19,19,0,63,29,37,188,130,113,167,115,42,193,108,6,114,32,51,23,179,7,108,191,30,100,114,118,39,23,168,96,55,121,96,38,147,114,12,0,94,29,26,75,30,48,190,199,153,69,181,18,22,48,94,51,188,134,167,96,158,108,47,166,146,193,96,56,166,147
95,173,104,192,120,8,9,122,154,93,90,149,88,21,198,78,67,90,3,137,120,86,66,95,145,77,105,163,157,149,45,195,161,90,132,165,180,180,53,137,54,28,78,150,137,50,154,34,159,5,160,157,24,61,196,155,40,21,72,24,80,156,163,178,182,40,140,136,60,86,92,68,27,24,192,74,144,101,25,80,28,132,187,112,91,54,88,163,120,53,82,139,104,187,95,61,177,187,72,122,69,84,126,42,181,56,129,22,129,130,94,31,186,186,84,15,43,84,114,115,69,15,23,59,191,114,51,17,63,29,43,162,100,71,46,166,162,106,184,108,183,23,84,81,75,55,71,184,102,153,166,46,183,81,32,56,100,48,153,87,134,33,46,11,111,118,127,63,59,32,131,36,183,4,4,31,47,138,188,69,130,185,76,37,47,102,123,7,38,96,117,0,51,138,138,97,191,129,42,199
157,80,120,92,136,3,187,177,93,21,101,95,124,27,58,72,77,62,128,88,165,88,27,170,149,72,160,90,58,198,8,90,104,133,176,137,14,54,128,5,159,24,41,170,9,67,154,2,187,101,133,93,124,119,88,58,1,154,28,1,25,132,2,151,112,196,159,165,77,13,62,140,35,161,74,98,132,187,73,139,74,171,93,103,28,128,157,171,2,128,132,154,178,53,150,194,159,176,66,163,116,181,11,152,52,47,121,79,190,110,189,39,11,39,115,143,23,116,143,167,169,56,31,70,49,181,147,193,111,189,31,59,184,116,121,32,23,89,116,76,42,12,47,188,162,167,134,118,43,121,113,121,51,117,126,19,26,179,127,38,37,107,47,55,51,87,148,121,138,183,17,152,83,186,100,18,179,185,23,81,70,106,143,181,142,153,43,107,158,126,110,131,39,109,20,148,49,167,102,17
112,172,182,16,104,93,72,196,16,34,176,135,91,187,8,104,57,98,150,27,77,45,5,198,163,27,119,144,161,65,28,95,119,9,58,120,78,154,93,8,73,78,163,124,80,61,172,73,50,136,85,3,137,197,182,137,120,24,122,103,98,78,73,86,45,171,176,103,178,145,104,80,95,99,54,44,135,78,16,74,149,145,125,196,151,140,13,74,80,60,144,73,80,161,14,28,34,24,5,66,114,123,36,37,6,168,129,33,17,138,7,143,141,17,31,141,52,32,6,76,127,11,22,186,100,69,158,36,167,96,162,38,30,146,127,152,121,47,109,42,148,76,18,38,106,38,100,38,186,108,37,29,71,83,36,113,169,10,12,56,52,36,143,191,83,102,39,158,100,107,39,17,56,106,188,69,116,97,148,102,183,0,79,48,96,100,30,117,33,130,191,79,48,39,190,118,127,31,84,48
77,160,45,112,157,85,98,77,197,66,21,192,74,187,8,91,122,136,198,92,40,157,197,34,170,136,54,140,9,133,187,73,78,5,159,170,5,105,24,112,182,45,58,159,195,86,24,157,85,2,88,155,182,161,61,45,40,124,157,74,68,187,156,80,50,57,182,61,159,72,8,57,182,64,157,171,27,21,170,198,135,198,177,16,68,156,173,144,154,61,133,57,99,40,187,58,128,159,125,34,130,166,164,129,127,193,147,148,76,141,168,6,152,191,75,108,166,6,179,193,96,97,94,189,51,84,69,190,15,148,199,167,118,23,152,109,37,23,69,19,32,121,148,81,110,48,52,142,158,121,30,188,166,30,94,116,127,18,59,134,75,152,184,153,152,189,42,162,167,164,183,189,162,63,143,11,162,111,142,42,106,6,183,167,26,63,84,94,118,129,129,191,19,55,15,36,22,153,59,167
101,66,105,133,54,3,40,27,13,194,171,61,159,154,101,62,140,53,150,14,82,150,103,192,122,14,194,171,65,78,161,72,197,139,65,156,124,196,178,175,173,192,187,78,125,24,172,161,82,27,104,40,25,103,54,65,66,133,21,24,58,178,50,165,112,64,173,53,125,24,28,104,90,64,139,149,180,58,103,67,24,174,154,103,73,24,173,3,128,53,60,171,62,60,133,163,195,159,136,104,59,123,51,43,38,71,75,102,37,71,118,142,79,117,37,147,185,79,108,134,116,59,89,43,79,84,97,89,94,81,32,15,185,42,11,10,123,117,131,167,108,199,179,127,143,56,11,143,48,162,6,141,169,114,152,19,97,26,127,143,52,147,46,75,38,46,39,30,23,59,169,59,17,127,199,81,83,188,146,71,191,129,18,115,164,96,37,142,94,56,12,193,71,12,7,185,147,76,100,127
53,8,176,92,132,2,86,149,150,150,124,192,145,3,85,187,1,99,178,165,154,68,178,77,65,92,128,90,198,174,40,95,16,120,139,175,61,180,91,101,165,145,8,60,196,176,145,66,104,44,1,24,128,139,112,135,174,135,165,120,80,154,172,2,2,21,173,86,101,80,136,132,35,21,1,161,180,90,41,165,159,88,105,24,104,60,1,74,50,161,198,50,103,170,3,196,91,5,132,104,143,12,127,109,199,46,70,15,12,96,134,17,100,63,127,33,4,48,31,162,33,142,130,199,123,164,131,162,17,10,17,11,59,115,26,147,96,134,70,164,48,46,131,181,15,6,81,33,183,19,79,131,113,47,199,22,42,17,146,100,162,63,102,48,130,76,63,143,199,100,51,7,43,84,79,69,37,23,15,100,110,111,169,12,70,52,168,49,23,31,102,52,111,131,179,129,193,76,26,148
136,40,95,68,176,177,88,120,14,25,67,14,149,104,160,27,125,101,195,175,159,61,150,187,132,80,120,176,8,16,86,195,64,144,2,67,60,137,24,25,66,135,104,163,58,99,135,177,3,151,172,180,174,35,82,57,136,50,14,182,5,157,151,112,88,180,77,21,103,151,27,44,88,198,137,177,124,61,174,2,95,172,122,98,145,105,197,174,91,62,161,180,21,85,9,88,5,3,92,67,51,186,70,131,56,10,162,12,94,152,190,49,89,63,110,42,18,71,89,51,166,115,131,84,191,181,111,106,102,183,70,164,188,87,129,83,113,134,115,179,118,97,7,38,97,22,32,37,96,18,75,17,107,51,141,22,181,114,107,126,18,117,51,49,63,188,148,26,190,113,138,179,96,158,190,81,69,59,146,111,12,127,59,38,89,113,69,79,179,158,48,20,97,81,138,18,87,38,106,152
40,2,90,163,157,14,54,128,72,53,90,171,41,112,34,24,165,194,14,65,151,95,144,173,73,3,80,95,155,133,176,175,45,136,132,34,159,174,136,160,150,160,98,16,119,163,68,140,187,128,178,175,101,105,128,178,8,66,150,112,177,40,68,45,159,1,67,120,85,125,101,1,82,13,177,151,178,53,163,171,8,65,139,156,66,67,112,197,135,160,61,68,196,145,34,122,182,187,60,61,100,109,111,47,15,167,118,115,126,63,70,186,30,33,100,129,89,148,37,107,39,36,87,147,17,109,166,121,19,185,81,26,56,102,152,153,48,123,20,43,23,121,147,33,106,121,12,42,152,184,183,94,164,113,186,76,37,87,179,169,42,43,59,102,191,186,164,52,166,169,76,146,0,188,179,164,75,146,115,109,71,107,113,126,169,188,87,63,189,69,18,42,96,11,100,49,18,199,184,109
124,137,163,72,198,24,182,132,21,173,101,34,5,133,66,103,35,78,170,132,57,25,5,13,72,151,53,78,91,27,136,64,82,27,154,85,57,177,68,165,124,196,13,78,95,124,178,120,194,161,198,98,40,154,140,105,77,64,145,35,73,150,173,133,66,91,24,28,45,173,64,16,150,119,99,67,61,187,174,187,144,173,105,151,122,122,196,53,145,192,78,144,28,155,1,88,53,187,28,64,121,59,184,11,191,87,70,75,185,87,18,11,111,153,168,47,193,15,121,141,23,189,36,31,32,147,117,117,121,141,138,12,47,11,146,164,189,84,37,190,19,127,114,106,6,20,46,23,32,111,69,116,79,167,83,189,42,199,146,118,168,111,138,47,29,167,111,89,146,184,142,181,117,116,121,52,179,100,94,158,4,167,141,181,22,47,37,42,46,11,51,166,148,153,106,52,51,39,10,49
137,192,182,78,198,139,175,124,88,101,124,171,82,40,124,112,112,86,125,145,24,105,67,173,194,60,194,159,64,5,25,91,196,44,35,171,77,156,170,175,54,194,67,174,77,194,173,91,60,174,149,54,8,163,86,128,77,90,62,1,88,40,8,105,88,149,173,57,53,140,28,155,176,180,50,62,40,177,192,122,176,90,27,170,86,105,9,95,133,61,27,98,156,180,9,85,155,165,176,62,84,18,97,131,10,152,183,183,10,127,52,189,134,141,12,87,168,55,102,19,107,115,96,117,147,142,4,20,12,143,12,191,190,84,51,0,63,38,32,130,10,12,129,42,130,39,52,23,22,147,81,185,87,39,75,20,0,32,146,164,29,49,22,36,199,75,106,164,117,30,109,199,121,19,183,38,189,55,26,15,169,118,134,183,116,199,121,18,129,83,111,167,33,130,94,114,100,22,63,186
128,173,196,194,112,35,104,34,78,182,50,57,95,163,92,173,140,145,170,77,175,53,157,5,119,182,73,119,156,64,77,150,34,139,119,34,72,151,67,175,170,172,77,175,187,60,112,198,62,182,136,53,3,16,57,77,170,145,197,156,161,66,64,173,21,25,68,40,92,105,159,98,90,73,50,160,105,92,88,5,62,8,88,58,45,16,139,149,3,44,150,120,144,119,174,34,65,90,98,99,26,158,102,116,166,114,138,89,10,123,10,49,116,46,33,37,10,109,189,48,0,109,181,56,143,11,162,76,130,141,147,108,56,184,158,107,49,168,183,121,31,181,115,115,31,108,59,143,38,18,52,76,102,87,188,43,43,190,4,110,116,123,117,188,166,110,6,49,183,22,106,181,138,130,94,126,181,131,48,193,190,38,141,107,56,18,164,17,106,113,20,69,164,84,185,49,94,49,30,147
66,80,173,182,98,9,78,157,182,140,88,92,78,77,151,8,170,61,62,8,103,139,82,197,122,132,93,137,161,60,80,140,196,161,160,163,74,135,99,64,93,173,145,85,91,3,170,24,1,140,198,172,62,135,198,178,128,155,198,82,124,150,175,195,25,62,28,78,165,192,88,80,3,128,80,187,133,28,62,137,67,192,105,144,25,24,91,173,77,88,93,90,160,68,73,144,61,194,198,27,39,17,43,30,15,11,55,116,12,191,193,94,188,76,186,4,56,43,19,11,10,100,26,63,127,49,121,63,83,18,167,115,186,168,106,138,114,69,75,158,167,29,56,26,162,89,12,59,121,130,121,164,152,126,113,70,38,48,193,39,84,130,47,81,107,36,193,96,142,158,83,52,143,39,20,113,162,162,153,83,22,162,153,111,84,76,30,22,52,131,169,148,164,110,147,18,29,107,102,130
65,157,192,8,182,197,90,80,112,34,182,155,34,91,9,177,61,192,135,174,171,173,21,122,16,53,155,135,125,5,144,92,151,170,125,135,197,66,67,53,45,9,66,132,151,58,177,157,85,173,132,65,171,145,135,160,105,13,54,172,182,154,171,175,104,99,65,68,161,135,80,57,137,1,194,172,80,88,91,40,178,172,177,9,85,95,57,194,103,66,103,194,53,139,86,95,192,77,150,62,97,59,29,186,127,184,117,51,4,127,42,59,167,26,109,70,43,184,59,19,167,114,55,63,146,162,142,142,129,109,81,96,190,20,38,10,6,199,129,117,22,52,183,129,76,4,26,189,183,15,117,0,6,32,148,110,94,167,51,46,138,22,121,23,30,184,89,138,129,18,69,185,148,153,185,190,113,19,15,147,100,147,20,7,29,168,7,141,111,75,42,147,22,69,7,47,189,32,36,148
40,163,112,27,101,35,172,91,192,5,150,198,57,175,99,53,57,154,157,78,78,58,133,62,178,90,93,180,125,99,156,8,50,176,9,173,173,40,2,103,28,64,122,92,14,57,86,112,99,41,85,62,150,196,159,98,58,128,174,8,192,62,8,24,182,182,128,41,1,78,132,93,2,119,124,177,93,2,67,54,35,149,93,13,175,175,198,156,92,53,175,54,44,112,156,24,92,45,1,140,22,19,162,115,141,6,110,83,143,55,148,47,26,33,30,148,29,89,69,70,141,179,71,37,108,189,148,189,22,0,89,158,142,148,102,55,108,100,118,108,42,115,141,115,55,49,4,97,97,79,147,97,18,153,188,162,111,190,94,190,100,110,10,33,186,83,75,0,81,109,106,184,89,188,69,146,123,87,162,48,48,107,121,181,109,131,17,142,100,179,43,185,181,81,152,7,96,76,183,167
151,16,2,192,101,175,1,8,1,180,178,159,44,5,149,62,73,61,139,78,14,14,1,151,86,150,78,159,44,91,192,104,172,61,2,99,136,93,16,170,16,155,124,194,172,86,165,171,41,60,175,195,8,77,57,58,68,128,165,27,82,170,170,132,173,112,103,120,80,88,62,98,180,174,149,68,45,92,82,187,192,82,72,175,104,160,40,128,136,57,60,187,176,21,98,144,91,57,28,91,33,134,20,114,81,181,184,121,63,199,111,26,96,84,117,83,148,84,56,75,71,158,59,96,43,148,33,158,15,147,59,199,56,102,26,39,111,130,4,6,33,22,70,71,147,4,183,110,166,37,130,4,100,169,18,109,7,106,106,7,38,111,55,42,121,56,39,83,186,48,113,114,37,46,110,100,84,33,22,126,193,52,81,108,138,83,47,10,166,142,89,118,141,87,183,134,10,142,94,191
124,28,165,95,170,194,25,85,78,159,194,5,122,176,157,34,160,154,53,173,178,67,50,8,194,92,133,72,88,165,139,105,14,58,101,112,62,92,40,173,66,16,155,137,161,14,170,101,58,45,90,172,171,144,175,34,173,165,120,151,170,90,28,151,132,163,34,58,57,150,173,50,173,91,104,133,140,50,159,98,5,60,122,45,151,2,132,66,104,91,90,140,67,66,196,34,136,40,198,35,123,130,12,46,83,130,76,117,116,100,81,49,55,146,47,129,96,52,18,146,83,189,114,185,142,19,23,168,130,47,6,110,185,75,12,106,116,114,30,158,76,129,15,7,12,152,10,94,56,4,55,114,46,30,38,63,76,148,131,47,96,115,89,199,114,76,83,70,193,162,114,38,59,38,17,166,141,181,116,153,110,6,83,36,46,167,164,102,26,126,107,106,114,97,20,130,164,181,15,97
124,172,99,119,171,3,177,112,196,171,104,175,195,99,53,156,28,54,92,155,88,25,119,177,124,82,120,159,128,171,98,54,16,135,13,90,1,182,95,161,25,163,198,171,9,24,180,92,53,165,194,86,28,172,161,77,173,14,53,3,170,194,176,145,61,112,68,145,119,139,160,27,44,66,174,122,54,161,54,40,5,16,120,80,124,132,145,2,34,178,161,95,182,161,28,9,174,194,73,128,118,142,114,127,189,15,190,83,199,26,111,81,19,89,127,97,115,164,147,100,127,153,116,158,55,183,153,30,109,113,193,39,4,43,115,49,30,115,167,76,148,181,183,33,127,199,6,97,118,162,46,10,188,111,29,142,108,146,42,118,96,143,84,31,75,189,199,109,75,81,79,94,168,43,117,23,134,31,69,42,51,100,113,96,181,143,186,181,39,94,36,76,47,127,76,81,199,142,186,18
93,35,57,196,50,161,120,93,196,68,192,149,61,53,35,150,2,128,194,178,64,67,128,41,74,139,78,5,195,157,5,187,58,40,160,85,5,54,24,8,13,173,157,177,9,82,73,136,197,136,198,194,178,62,1,119,35,175,180,3,44,80,196,135,151,178,45,157,165,198,21,72,57,195,24,80,34,90,198,9,68,88,3,99,85,135,68,155,95,163,180,139,16,21,120,105,163,135,24,16,96,75,127,106,96,179,36,110,83,109,0,31,106,199,184,43,109,179,158,148,191,15,153,147,97,33,38,89,166,116,100,183,19,102,36,42,143,19,22,59,100,147,143,106,142,100,146,76,185,199,43,167,152,39,164,69,152,118,186,109,183,126,108,76,185,188,36,102,146,143,87,69,96,188,10,11,51,89,30,183,89,131,169,109,106,19,123,184,43,184,63,126,36,191,37,37,12,188,42,110
194,86,174,21,95,196,5,101,133,170,192,182,74,2,163,180,135,93,34,101,3,35,27,27,140,135,159,104,74,178,177,21,93,86,155,40,9,125,82,24,156,74,163,155,25,14,91,1,145,5,137,156,93,67,98,163,151,178,72,196,149,170,44,175,92,170,140,175,98,176,98,93,41,187,137,119,2,65,88,95,5,133,92,124,21,150,112,125,155,171,34,8,139,176,99,124,68,132,182,128,143,184,167,89,46,94,114,158,141,121,121,109,153,10,169,38,158,79,146,31,19,89,167,4,22,63,108,193,141,79,42,131,23,142,69,36,31,6,11,22,69,4,162,0,129,55,96,79,56,59,96,81,134,126,0,30,94,153,130,30,147,30,84,110,183,12,106,117,152,186,31,164,181,0,102,158,181,183,123,193,164,129,126,84,22,70,108,38,31,106,143,37,96,109,167,76,10,107,169,19
77,54,133,135,66,195,82,195,24,16,50,178,160,16,140,25,133,156,132,99,119,95,170,35,140,137,67,112,196,74,54,155,86,65,72,62,64,3,101,60,41,34,155,80,157,34,120,67,74,80,160,86,198,157,133,122,163,65,171,124,172,41,197,24,53,101,144,90,119,60,151,99,24,157,72,53,149,101,25,65,61,8,58,125,144,132,95,101,21,137,187,92,62,77,58,144,124,88,92,40,36,121,0,26,153,164,188,11,10,84,130,193,167,89,142,17,143,31,143,100,181,52,22,142,158,143,48,167,84,4,11,20,7,183,31,109,193,166,12,46,107,153,30,97,164,7,184,4,4,158,26,0,121,131,184,29,96,181,6,129,191,33,167,96,30,97,43,49,189,147,184,108,118,17,153,31,130,164,69,186,193,56,143,71,146,26,11,138,37,46,158,164,100,184,39,142,15,42,42,63
16,1,34,90,119,125,156,90,65,45,175,192,165,1,135,1,72,3,88,61,82,161,73,177,197,78,165,175,53,170,135,160,27,122,99,104,165,45,54,154,67,28,176,54,34,73,180,68,135,150,119,156,91,78,86,119,62,60,163,155,150,58,60,27,137,73,34,156,149,122,140,65,161,35,72,95,8,77,45,24,67,88,82,178,98,125,65,98,50,180,74,68,172,163,175,65,64,5,2,182,31,169,71,106,51,89,39,152,37,39,111,87,12,0,166,129,148,38,76,114,110,7,48,20,138,193,23,138,79,84,56,10,199,113,76,87,113,39,20,110,184,11,75,18,17,185,114,56,94,113,164,199,142,89,113,147,56,7,32,183,36,10,109,131,56,10,83,162,0,129,46,164,47,0,143,71,116,199,51,89,189,69,169,47,32,162,184,87,0,179,19,63,39,20,130,121,36,29,110,113
195,27,124,135,149,182,128,45,155,2,92,149,192,66,95,198,172,5,1,27,95,82,173,1,154,151,88,140,177,2,173,112,93,105,112,64,133,120,72,16,74,150,165,171,13,73,28,8,25,85,65,144,25,192,16,86,41,192,21,174,159,137,54,161,105,80,196,105,64,192,120,128,144,104,67,174,136,44,119,194,136,35,192,64,5,95,135,50,58,122,165,177,88,197,165,67,73,173,60,101,114,97,166,96,75,100,83,70,0,153,190,0,63,33,129,185,107,51,70,23,158,36,142,184,148,51,199,94,130,189,148,83,188,179,191,42,127,48,185,190,71,31,43,59,129,152,109,48,37,152,109,117,111,0,181,36,127,183,10,96,0,47,181,37,81,169,185,164,121,189,51,109,118,46,70,4,76,114,29,111,143,126,97,185,116,37,39,118,113,51,32,191,118,158,75,32,110,52,184,89
90,133,174,195,77,35,156,176,65,135,171,13,137,28,161,91,135,24,103,2,61,122,73,53,135,192,128,182,61,144,172,155,154,50,66,24,154,53,16,8,21,175,90,50,8,8,78,88,50,140,90,21,135,178,65,150,68,119,120,177,50,91,196,194,104,170,73,122,104,72,77,61,161,136,125,125,103,14,145,77,173,14,68,61,90,144,95,198,99,98,173,21,8,45,119,192,128,175,160,44,134,70,42,56,55,116,49,185,121,18,31,143,38,37,97,75,4,134,84,30,166,162,199,121,193,152,147,43,96,22,117,186,109,191,113,51,33,70,186,0,70,18,169,56,97,111,52,184,108,49,129,10,71,152,29,191,111,69,51,130,142,43,0,134,36,49,191,189,123,113,110,123,32,55,97,138,38,111,18,26,123,191,118,111,71,117,190,43,152,190,83,37,126,181,184,6,143,84,19,113
149,72,104,44,21,34,101,68,68,98,85,65,41,187,65,77,177,170,77,3,192,72,9,74,82,5,45,159,157,171,82,112,119,1,80,61,137,58,82,194,90,137,103,1,177,170,182,145,5,57,62,198,82,101,90,177,57,80,82,101,54,174,103,149,159,60,144,67,68,78,165,2,112,85,57,136,135,172,80,78,187,172,61,175,103,53,155,133,93,54,177,16,133,24,173,135,119,57,58,50,106,76,10,0,49,189,87,169,148,130,143,179,185,6,169,109,148,7,110,116,106,189,11,113,0,51,109,11,20,106,71,108,148,189,6,87,76,108,59,76,49,23,89,37,114,191,162,138,191,33,6,10,153,48,179,4,166,143,199,43,26,0,181,185,51,116,47,76,30,147,51,42,49,153,22,32,87,106,146,162,183,52,143,18,39,167,169,158,96,166,51,83,111,191,63,89,152,56,102,127
177,136,50,132,174,125,93,34,133,67,64,8,73,135,139,66,182,135,66,90,161,101,112,173,3,72,103,90,2,98,16,65,88,104,74,132,171,74,132,136,68,144,103,105,65,58,64,192,66,173,34,124,28,25,72,101,177,25,5,85,65,195,175,155,119,58,182,159,144,122,197,128,192,66,165,133,180,77,120,34,60,50,77,150,35,176,151,25,112,163,125,155,74,67,159,156,53,99,103,182,89,87,117,36,123,162,69,115,97,152,11,51,30,75,37,29,129,52,75,42,84,167,81,106,17,116,121,114,96,115,20,158,108,39,39,84,106,6,83,134,162,189,31,152,185,123,131,81,186,168,116,56,63,142,37,146,107,43,51,29,107,71,143,29,107,42,94,22,115,166,46,56,6,43,188,123,107,71,142,129,142,12,123,20,114,38,70,84,26,29,129,189,81,37,142,108,179,55,152,166
78,180,119,74,180,41,72,174,80,175,93,62,98,120,119,93,174,192,182,175,92,9,67,104,119,44,175,53,3,78,2,165,74,67,104,27,45,133,16,128,57,61,132,101,1,72,45,92,67,50,187,1,159,14,60,77,91,65,80,44,53,66,92,62,170,132,62,78,25,27,104,65,139,2,77,80,103,173,34,135,137,1,78,177,27,195,137,72,128,99,170,91,77,128,24,80,192,73,159,60,15,49,191,87,87,148,63,55,115,33,36,29,47,23,126,115,26,46,121,121,17,52,43,55,111,142,43,47,102,179,191,138,114,130,48,179,52,126,69,46,49,113,96,106,7,29,148,71,116,188,22,114,106,147,30,102,148,191,70,141,37,162,148,110,131,83,18,20,118,15,166,142,123,116,108,189,6,51,84,4,189,115,84,69,166,75,127,118,32,52,12,36,114,158,32,51,97,179,158,107
1,140,132,86,98,28,176,124,60,104,64,128,1,86,58,196,104,60,154,119,195,53,2,160,170,135,180,78,133,21,133,159,195,174,128,165,136,58,28,172,16,161,62,45,144,66,192,67,67,34,172,187,163,159,195,125,80,61,99,137,150,157,50,151,182,144,154,159,151,86,177,78,35,104,28,44,160,103,136,175,8,68,125,13,144,140,90,16,125,157,99,50,28,120,73,149,14,66,105,172,131,7,4,12,107,108,51,152,189,168,51,152,43,158,116,79,36,59,94,199,102,83,97,12,76,59,32,189,179,152,97,166,142,184,36,38,48,130,83,76,186,23,0,130,18,84,146,10,121,0,108,127,7,102,107,84,79,111,162,152,185,193,141,114,83,127,12,76,188,109,108,179,162,142,33,0,107,141,142,15,118,84,143,189,49,96,191,37,29,17,89,17,184,33,109,84,6,6,97,152
95,178,182,163,104,82,91,44,62,160,192,197,93,135,132,197,58,74,160,68,156,77,64,103,135,16,99,91,165,165,54,8,124,61,85,150,154,62,163,80,159,182,72,1,119,176,170,61,150,187,175,8,161,182,50,132,160,180,44,137,112,77,80,54,132,198,150,68,161,135,197,34,45,53,54,65,65,86,77,3,194,57,175,139,156,156,99,66,72,66,40,112,139,95,98,16,9,95,99,92,116,113,46,179,166,141,142,166,46,47,97,147,185,7,117,109,26,30,6,4,56,166,126,17,110,49,94,113,71,48,153,164,106,32,17,186,89,89,166,48,26,94,70,23,0,6,56,4,189,26,29,113,190,42,33,39,52,185,102,42,123,114,32,184,179,59,75,181,102,47,102,94,0,33,111,11,26,127,0,0,49,166,126,43,114,22,32,11,168,84,183,59,6,126,17,147,59,115,183,51
61,160,82,60,124,151,139,74,156,9,133,172,155,78,175,77,21,192,128,101,122,197,73,54,194,92,192,54,45,125,139,50,45,25,50,35,151,68,60,155,151,171,28,86,133,74,73,159,112,34,24,157,85,160,90,98,67,58,128,196,176,122,177,101,156,133,35,175,173,44,122,132,64,156,139,9,78,68,112,16,90,54,50,173,8,170,3,125,28,95,21,40,66,170,2,178,45,182,192,180,36,46,55,84,115,69,36,102,70,32,0,75,26,110,32,130,148,51,26,30,193,153,52,37,168,33,152,114,147,63,4,7,48,102,100,130,12,185,147,166,115,147,31,146,130,117,114,36,147,183,106,76,71,96,94,190,15,158,199,19,46,106,76,96,123,108,130,189,75,131,30,183,126,127,7,184,115,0,127,127,143,4,84,48,107,130,47,126,29,153,31,15,110,146,158,87,169,121,89,129
98,50,161,157,172,112,3,165,67,78,28,41,14,155,88,90,175,195,120,90,88,16,163,92,98,58,95,27,154,170,62,92,72,28,61,62,34,145,194,14,105,180,144,58,85,149,177,53,103,159,77,1,150,195,194,92,98,45,192,112,65,14,74,5,21,78,62,119,151,160,122,149,34,2,160,65,8,187,182,149,122,91,161,154,1,149,54,160,122,99,180,119,192,101,77,78,41,180,13,103,153,31,130,32,162,15,168,0,69,181,153,71,153,164,18,183,52,31,42,32,162,189,110,84,189,12,183,51,142,147,164,71,184,94,11,129,4,94,164,191,0,111,17,7,6,169,184,0,169,29,15,134,52,141,109,38,71,191,63,32,141,186,79,127,193,52,96,42,190,147,106,107,51,87,96,189,71,146,184,94,39,26,148,94,49,108,166,81,17,143,186,109,33,141,114,17,33,148,69,87
99,54,54,150,86,45,159,145,170,62,133,88,16,163,86,160,57,103,44,21,62,25,13,62,25,98,2,5,61,176,171,140,67,67,14,50,119,157,144,119,104,170,57,132,112,198,161,86,150,86,60,187,150,119,93,173,197,120,161,173,40,62,16,104,103,28,77,119,8,91,137,95,144,72,196,35,104,156,9,78,151,187,178,195,73,182,65,5,137,91,151,125,8,77,150,149,160,66,86,154,6,190,94,79,30,20,84,126,10,49,121,7,11,152,79,10,162,131,6,127,109,168,115,110,142,83,97,142,71,84,23,63,29,191,199,167,43,117,138,142,30,199,141,87,55,51,147,164,111,110,56,96,185,96,118,31,71,47,113,115,83,43,153,108,10,83,36,108,96,188,7,71,153,121,181,81,111,11,39,162,186,48,59,55,6,183,113,102,31,33,71,193,193,49,4,106,121,148,49,63
72,72,66,66,45,119,3,156,93,125,174,85,192,159,180,178,1,198,45,155,13,91,57,14,125,21,161,34,72,92,159,101,139,139,177,16,66,163,150,28,58,154,124,105,92,119,177,144,198,170,139,155,198,125,112,133,16,62,119,2,192,163,187,85,78,24,105,180,145,34,104,90,145,171,78,77,73,80,165,120,177,3,140,74,125,172,91,154,135,2,5,159,93,182,150,194,91,64,53,120,94,55,152,148,18,96,18,158,108,97,113,141,75,131,193,26,186,102,7,123,75,142,185,142,87,117,129,126,43,146,129,49,148,51,52,116,48,152,48,113,18,121,121,113,109,79,51,190,22,15,56,12,185,4,26,52,19,152,152,51,48,23,179,106,183,100,142,70,179,152,97,63,6,186,22,127,89,48,100,179,7,141,117,179,107,33,114,152,193,52,186,102,31,20,130,186,56,153,89,69
65,170,95,196,57,140,120,144,171,182,177,74,24,74,133,135,119,139,64,136,195,187,104,24,8,95,132,135,82,24,28,104,98,21,13,170,160,154,64,105,161,80,120,172,78,45,1,198,44,2,77,175,103,120,119,104,157,73,145,124,64,187,151,182,61,192,159,54,178,182,13,137,124,85,2,24,103,74,103,170,128,112,85,85,72,44,65,150,160,72,72,92,61,119,180,163,177,91,156,187,193,186,94,199,131,148,42,106,20,39,70,199,181,55,37,108,23,49,169,115,81,142,183,179,115,29,33,148,146,97,15,97,81,130,188,127,38,19,23,129,59,158,142,46,11,17,70,59,130,63,115,167,32,33,134,51,83,142,123,87,87,138,46,108,37,179,19,115,191,184,113,138,185,11,26,191,59,191,191,4,75,4,109,69,147,75,17,167,71,51,83,12,63,47,18,26,12,18,147,141
44,161,95,119,34,53,160,45,150,192,192,120,149,44,91,92,132,163,66,175,197,2,173,161,68,44,57,145,159,78,50,67,177,124,195,175,119,103,135,139,112,171,54,8,173,78,139,163,175,128,198,144,192,177,73,165,77,145,140,187,90,198,163,35,160,92,25,133,8,128,9,78,90,99,73,171,161,161,24,64,119,5,145,88,160,16,122,137,40,112,170,177,165,159,16,74,57,133,1,112,168,199,123,47,100,129,121,189,43,126,7,134,7,4,109,32,179,63,113,49,143,33,126,168,183,158,84,55,59,100,29,79,116,113,23,183,52,191,96,33,184,31,59,22,146,84,148,70,0,100,30,69,87,168,102,118,0,63,10,127,102,51,186,111,179,81,38,84,152,48,22,107,185,183,166,97,87,38,30,15,49,89,32,143,147,17,12,47,100,71,4,30,106,39,189,81,193,185,12,185
172,64,170,175,133,25,170,161,120,9,180,103,50,136,27,171,54,68,122,161,160,172,99,145,27,72,144,165,122,194,150,180,60,197,136,14,176,65,198,171,73,60,173,28,14,197,92,65,112,57,9,177,8,122,73,27,40,132,135,66,91,99,88,177,161,24,160,88,44,174,25,144,135,172,135,40,187,66,66,163,180,3,93,74,98,103,5,122,192,174,128,41,24,16,160,175,72,60,139,196,49,123,4,168,18,129,51,152,97,22,15,199,117,181,39,22,7,138,106,199,31,48,18,17,113,111,100,179,4,83,185,116,113,70,87,107,20,167,7,43,17,147,75,193,191,43,76,47,190,49,114,108,29,179,130,188,142,114,115,189,143,148,181,31,179,143,189,33,130,38,189,26,169,191,168,48,38,199,75,111,69,184,111,59,94,181,23,83,188,131,152,188,84,152,63,75,56,56,114,97
101,78,91,44,124,53,163,196,194,86,195,159,120,58,177,163,8,172,99,149,58,34,14,98,53,196,151,58,41,41,154,157,161,14,176,14,62,40,122,50,151,3,1,172,21,60,24,156,64,112,88,78,1,156,105,9,5,95,135,5,151,92,67,73,149,2,136,95,98,176,62,175,66,196,170,149,86,197,21,90,95,157,1,74,139,95,120,98,40,16,73,77,73,122,120,53,99,60,105,133,185,138,4,158,126,0,115,158,107,129,51,26,153,108,18,199,147,141,146,116,127,11,185,191,107,52,26,29,123,47,141,107,190,15,108,43,59,79,52,162,36,110,39,84,59,42,59,141,71,138,184,69,188,130,15,75,190,143,158,109,94,143,7,190,63,36,179,43,102,47,111,134,51,19,106,18,107,32,123,43,188,36,81,89,153,167,81,46,94,42,55,52,142,43,129,84,15,113,186,75
35,132,53,13,74,104,2,150,171,57,57,145,105,139,112,177,120,5,171,2,3,40,159,170,136,156,172,21,80,34,54,192,128,54,175,44,57,176,62,74,161,40,21,197,133,72,99,82,24,82,78,72,120,133,61,197,28,65,145,125,74,91,16,124,5,136,1,50,101,119,172,163,82,171,68,165,82,54,173,50,160,8,40,165,93,24,66,101,155,99,67,90,173,174,161,35,149,78,34,174,46,110,110,31,113,147,179,30,79,126,19,84,147,15,181,76,18,106,102,142,164,17,146,84,97,164,189,18,181,138,116,87,166,113,10,109,153,116,84,76,10,167,83,36,32,43,152,76,113,102,130,69,97,47,29,111,52,87,18,26,18,123,36,36,142,4,189,106,29,26,26,162,162,100,113,79,146,18,115,18,158,6,70,121,81,134,46,29,81,97,188,129,108,166,185,114,51,147,100,113
82,136,54,155,133,35,174,122,165,173,194,54,50,28,1,101,74,173,149,98,101,25,16,61,173,175,155,194,172,93,24,53,2,80,156,139,135,85,34,98,45,77,35,90,92,54,112,1,78,154,128,155,128,61,194,139,93,85,66,170,3,64,14,135,170,74,151,175,14,66,197,120,196,68,197,3,28,34,161,156,128,5,124,65,135,34,28,196,139,132,54,50,3,160,62,182,41,77,171,90,69,7,56,18,18,108,184,111,6,113,164,48,111,70,111,36,114,11,184,19,111,141,164,189,114,7,107,0,0,199,146,148,51,75,130,52,130,115,75,183,26,11,22,52,127,56,52,15,181,193,115,131,142,71,15,81,51,168,158,19,100,179,186,117,184,26,83,111,193,185,121,7,71,87,10,17,0,76,94,26,22,109,17,146,130,185,127,152,31,89,147,56,116,63,55,59,199,147,141,108
13,73,149,105,68,195,9,95,67,128,175,112,178,85,77,187,159,53,40,174,159,72,165,165,155,82,178,68,24,60,14,137,85,86,155,80,91,125,65,21,151,155,67,150,91,125,67,8,44,171,156,27,58,25,28,41,86,99,195,73,119,5,27,72,27,128,65,197,74,60,163,187,62,155,125,13,80,122,85,68,196,1,85,27,21,151,44,73,122,85,8,112,88,91,68,171,5,80,41,45,37,129,15,181,38,116,158,179,96,126,102,31,81,166,107,113,116,37,190,109,118,17,114,46,193,18,31,89,181,113,59,59,18,121,47,4,52,167,87,152,107,190,162,193,100,97,30,51,142,31,48,142,37,79,10,126,63,31,75,184,184,36,37,23,49,118,127,33,79,63,46,191,158,127,43,118,189,152,186,191,20,42,138,134,185,51,15,116,106,190,47,38,38,164,179,138,158,94,84,22
192,86,135,8,2,163,195,27,151,137,8,132,157,28,140,3,92,90,65,78,163,163,139,68,8,24,14,133,198,178,178,170,82,182,93,34,156,187,25,25,9,120,155,155,99,72,24,150,13,157,35,91,176,60,196,99,61,161,150,105,139,176,157,61,180,1,125,122,151,98,88,177,5,40,150,163,101,198,159,173,1,182,132,194,41,57,14,95,58,104,187,145,182,78,34,66,137,65,62,91,84,84,143,111,199,52,83,96,20,169,56,38,162,79,51,117,63,81,38,109,190,116,188,110,123,110,32,129,43,153,167,134,143,71,181,22,167,30,131,138,152,189,183,152,100,117,70,22,17,188,51,37,12,19,96,191,129,123,167,29,33,186,152,12,106,143,166,20,181,118,130,117,94,130,75,32,37,167,153,181,0,83,18,47,81,70,181,48,12,114,181,75,121,70,181,110,83,167,47,87
165,21,104,122,62,78,192,41,154,174,163,124,78,60,44,57,74,196,44,64,16,1,73,177,73,50,64,195,68,155,21,159,171,112,72,74,13,132,50,151,149,13,27,24,182,112,157,154,45,137,41,103,72,82,1,136,196,80,177,27,5,27,165,172,65,64,171,98,58,171,53,119,195,44,61,44,78,14,133,151,41,82,8,128,173,14,144,13,112,173,132,197,151,172,160,137,125,182,159,154,100,134,146,190,33,83,118,116,97,130,94,114,146,127,181,31,32,121,107,189,37,56,130,42,169,152,168,49,190,48,79,179,134,113,4,152,186,127,71,190,179,142,181,43,183,96,30,15,23,110,190,39,141,20,32,107,108,191,97,167,52,19,76,116,143,181,113,131,114,39,185,37,190,69,12,87,26,22,167,131,83,94,166,189,146,199,118,10,59,121,59,102,183,121,26,15,83,47,109,147
60,155,45,98,125,176,77,67,67,120,93,151,195,161,163,163,105,78,60,9,90,91,196,2,64,14,140,154,157,132,92,198,24,149,61,112,95,139,151,154,50,62,156,128,13,140,88,28,172,125,61,41,61,58,139,151,16,125,133,82,112,197,122,95,174,27,163,182,99,80,125,196,160,198,125,135,195,65,194,68,90,175,104,182,124,64,154,139,66,74,9,93,170,44,125,50,62,133,53,50,83,169,29,70,123,123,76,100,169,107,19,63,12,55,55,96,181,110,10,168,100,22,146,100,153,22,166,89,115,168,75,126,183,129,126,30,129,97,71,71,71,84,70,83,32,87,118,131,15,169,49,39,84,148,134,38,96,32,48,110,129,19,56,142,69,33,143,147,76,52,26,51,48,39,89,138,102,36,185,111,94,116,70,110,49,89,17,75,89,22,166,118,190,7,89,56,131,69,118,15
172,67,45,78,124,132,157,174,187,16,145,99,25,159,3,120,124,45,120,66,151,192,139,86,163,61,72,112,62,128,119,2,174,187,180,86,104,13,160,13,5,197,50,173,161,192,1,8,196,98,44,60,103,155,44,125,133,140,175,145,156,35,50,187,175,25,90,175,132,5,53,187,101,85,61,58,82,95,133,99,62,62,80,133,72,95,72,64,90,74,157,25,139,145,2,124,1,170,136,98,199,39,81,109,76,100,12,32,148,48,116,134,38,184,19,87,18,12,4,52,164,38,138,108,26,108,38,69,185,199,116,169,6,75,87,47,52,11,106,126,46,79,15,39,87,162,153,0,179,33,109,33,191,89,37,6,193,47,37,23,75,97,12,94,75,141,0,107,164,106,141,162,164,143,83,126,32,158,106,59,193,10,113,102,51,143,168,114,84,42,59,153,167,190,59,56,166,18,183,152
44,88,120,177,135,3,74,163,86,67,105,194,136,82,86,62,197,161,177,61,8,133,174,125,104,86,128,77,187,74,156,61,136,92,66,112,140,61,137,112,105,44,9,150,99,9,198,3,198,82,50,24,77,145,182,159,50,80,171,198,170,170,194,28,177,80,145,119,16,125,16,149,170,155,45,98,58,112,125,67,67,45,67,144,68,192,165,40,105,41,99,139,72,172,165,182,27,187,99,67,87,106,22,22,52,126,141,146,114,89,76,188,43,47,26,30,49,97,36,184,22,63,49,47,123,81,32,158,127,22,17,127,106,147,138,158,146,0,142,52,107,39,39,147,71,39,108,113,100,70,15,0,32,84,10,37,102,10,115,188,117,26,106,37,52,96,146,4,29,147,11,71,29,48,191,0,31,18,181,69,29,69,164,130,115,147,141,11,108,188,96,184,19,102,76,138,83,89,141,12
196,25,67,173,192,82,1,95,21,119,72,137,8,177,64,157,159,180,173,149,196,132,180,74,74,27,14,93,1,119,177,88,1,3,13,104,61,165,187,90,173,119,53,2,58,145,2,122,173,16,91,64,101,86,72,80,104,2,182,21,159,68,35,197,155,3,194,133,5,90,73,62,95,60,61,120,197,50,176,3,27,128,61,149,57,125,182,93,170,21,155,45,16,95,3,2,180,176,159,57,168,43,184,107,184,131,0,83,4,97,146,29,7,37,185,96,115,48,100,87,153,162,59,22,147,69,110,6,179,23,117,4,11,146,138,148,138,70,76,116,4,97,11,121,84,169,146,186,84,116,39,188,94,37,186,106,84,129,26,23,118,7,22,83,84,146,184,70,184,189,10,48,109,118,100,113,42,134,199,36,185,108,117,76,129,158,107,6,96,164,75,39,11,69,23,30,83,83,70,94
197,99,145,176,154,61,103,155,27,112,24,91,16,91,14,1,44,1,175,150,5,137,34,95,170,99,86,60,136,194,67,78,44,85,99,175,136,92,34,58,103,145,95,24,171,144,177,95,112,24,197,41,8,133,68,99,88,139,149,139,57,128,159,172,157,151,151,159,68,175,151,150,14,3,192,170,128,170,174,128,101,176,155,91,58,1,161,90,175,34,192,40,85,178,104,16,105,86,173,119,109,39,22,69,186,96,118,111,59,97,49,102,134,131,191,17,76,94,146,106,33,43,33,36,96,111,32,162,138,166,55,131,108,168,141,75,89,10,94,96,188,81,48,18,39,23,76,164,69,116,39,179,69,32,113,186,71,32,143,12,158,11,158,11,23,11,36,107,71,46,69,186,148,12,111,39,143,97,33,11,114,83,4,152,131,32,116,18,22,4,81,18,20,36,63,169,146,33,71,143
57,125,73,86,27,122,27,122,53,21,171,128,88,95,73,187,120,154,187,105,103,3,175,13,150,95,74,44,53,3,13,104,104,119,90,192,80,132,27,173,88,101,80,112,80,54,34,136,177,93,72,88,157,198,120,98,104,66,88,74,73,154,21,85,175,174,80,120,165,154,62,41,171,41,86,112,136,136,161,157,198,90,88,151,132,92,50,150,103,176,64,61,197,132,128,197,137,27,95,177,184,6,152,81,111,115,84,70,130,37,47,147,89,143,127,0,142,0,6,63,81,190,164,32,12,52,126,109,94,63,46,56,114,0,55,143,75,184,117,134,162,39,143,142,117,97,142,48,32,166,146,193,147,38,30,37,6,87,190,81,127,12,189,164,164,134,107,0,49,158,30,166,55,48,127,118,30,52,42,43,143,70,142,129,81,199,20,43,18,118,59,97,17,71,146,17,84,75,4,46
137,50,160,151,150,101,1,125,13,13,1,35,93,41,28,132,72,176,68,122,133,135,91,163,135,16,16,3,178,41,173,93,8,171,27,178,151,58,180,98,140,82,105,2,173,58,88,128,175,173,119,53,161,1,144,140,137,91,73,40,159,57,196,163,125,194,45,44,132,176,165,194,35,67,170,93,66,90,25,150,155,67,28,105,66,112,180,28,8,177,77,172,58,182,133,156,88,112,60,159,11,148,63,141,113,15,138,10,108,110,131,188,18,46,166,59,199,181,17,71,37,116,109,52,38,0,138,111,148,130,102,33,59,32,52,83,81,7,71,114,43,70,191,49,97,26,7,102,118,179,29,116,63,143,164,52,127,102,56,17,148,169,164,33,158,31,26,30,142,83,55,22,52,46,55,186,143,83,168,158,110,47,162,15,32,70,107,94,148,4,6,168,39,130,107,89,186,193,20,109
145,136,178,149,14,198,8,150,174,170,67,154,14,192,95,156,2,177,74,85,125,61,171,137,90,13,180,44,54,133,5,34,101,198,98,136,90,174,25,173,161,8,28,5,50,161,175,176,176,176,85,72,50,88,197,155,78,24,53,13,150,192,21,58,65,74,120,198,157,92,140,35,88,187,157,103,99,180,154,61,74,60,13,1,172,161,145,14,28,187,24,180,170,50,27,72,78,25,2,14,94,129,38,189,130,166,37,129,19,191,114,10,69,131,87,30,94,191,193,185,49,107,123,147,106,143,4,115,148,121,18,39,12,134,94,166,153,36,63,81,38,19,108,20,10,17,4,52,97,39,19,134,164,167,10,10,162,32,179,52,141,38,147,199,114,55,148,169,181,123,100,185,31,33,84,59,46,15,121,75,102,81,48,81,168,15,148,38,83,96,79,126,113,191,183,37,17,87,107,141
34,174,61,175,5,133,177,34,16,25,25,124,72,8,144,119,135,177,85,136,88,24,171,41,65,161,136,125,78,178,145,175,149,177,163,13,78,14,5,92,62,53,187,90,77,157,16,61,192,68,195,8,86,101,155,192,16,77,72,62,91,27,145,99,40,45,14,44,50,28,198,151,58,133,88,80,174,34,99,3,80,68,66,104,73,165,41,86,1,155,67,82,53,140,86,93,88,21,176,174,83,48,117,37,46,121,43,127,116,138,147,56,189,22,106,166,69,32,126,134,19,142,183,162,70,43,4,84,75,56,115,183,4,127,186,152,43,10,107,158,19,138,31,199,55,31,48,138,43,43,188,75,37,153,114,138,76,87,33,110,18,129,179,94,94,126,87,38,167,71,70,129,193,189,33,59,36,84,51,59,32,142,39,23,199,179,164,59,81,96,94,56,49,191,167,153,115,69,114,26
57,104,91,132,151,139,78,120,124,173,120,157,77,86,14,173,25,25,139,137,45,149,163,67,176,173,157,154,170,161,105,172,21,50,197,155,72,74,74,66,95,91,35,5,25,196,21,40,157,180,85,180,145,197,86,88,73,3,61,80,124,154,65,41,54,28,182,41,159,150,139,82,5,67,156,163,198,58,53,88,122,192,65,175,151,93,187,105,176,25,64,161,160,92,125,27,74,2,139,104,126,109,11,123,75,38,152,126,189,36,81,184,107,37,153,23,113,4,189,37,12,38,111,138,199,87,56,56,96,56,12,87,131,183,30,76,153,117,166,12,143,52,100,96,152,37,75,47,168,26,100,87,181,129,167,127,168,169,162,168,185,162,97,191,111,164,12,96,185,130,109,71,48,186,39,169,15,97,30,48,42,84,106,188,81,84,6,183,47,183,70,131,7,167,97,76,6,15,18,183
5,88,133,132,136,163,16,157,197,124,24,8,91,21,149,119,170,27,65,135,28,16,73,187,156,54,196,91,182,104,128,171,24,195,157,68,25,120,154,25,128,182,145,105,67,174,88,135,88,9,62,21,187,28,182,195,74,27,187,170,175,171,62,88,124,104,92,160,78,24,8,192,160,187,112,101,173,122,187,60,93,155,28,196,85,161,103,159,64,125,3,157,139,128,133,57,194,101,136,103,153,36,188,49,107,113,19,169,23,84,52,102,32,118,79,48,32,63,31,0,141,181,138,169,193,117,49,75,29,83,29,126,106,141,130,11,46,10,167,118,84,10,56,130,17,108,183,185,49,146,193,20,43,142,63,96,186,89,69,12,179,37,113,108,29,116,87,87,89,167,106,100,15,184,131,188,48,84,63,181,121,131,162,115,81,43,115,164,38,52,114,43,146,114,147,75,32,56,63,96
165,155,182,120,64,187,68,150,65,8,104,171,41,91,93,144,175,1,9,35,3,65,34,95,91,50,5,3,98,133,58,101,78,3,8,140,28,41,61,136,140,133,82,21,133,92,174,80,91,170,67,140,192,133,159,90,68,9,8,85,41,177,28,122,28,159,91,175,1,101,5,133,120,104,156,9,58,34,197,90,136,68,77,67,160,122,177,27,155,91,1,194,68,1,195,173,182,16,139,25,47,79,87,52,75,164,36,75,0,191,22,19,94,23,166,81,118,59,109,181,11,179,31,168,46,199,107,111,94,59,141,106,75,79,168,52,191,20,106,138,7,33,26,116,19,142,56,116,31,189,148,59,129,111,33,186,129,46,51,26,181,37,169,167,49,143,69,121,185,183,143,164,116,55,152,114,102,179,191,190,193,69,168,42,47,158,30,23,166,75,11,184,146,26,96,20,12,168,111,168
41,67,72,5,150,93,67,66,194,165,34,93,45,64,197,159,157,149,64,45,35,44,177,16,178,150,91,154,21,154,122,85,176,86,154,163,159,161,195,24,61,74,66,150,128,44,170,3,151,88,45,65,157,82,21,170,2,64,95,68,154,61,105,150,103,67,40,120,27,21,54,150,74,154,136,65,88,101,54,67,77,105,3,136,86,154,53,25,180,14,145,160,73,41,86,182,57,149,171,25,17,123,107,56,100,181,47,164,37,106,19,109,181,39,19,96,121,89,184,138,47,107,164,146,106,117,4,184,42,96,89,153,116,138,168,107,166,127,111,12,121,31,114,70,199,63,32,123,47,69,23,23,186,185,130,52,102,76,48,36,22,189,111,47,84,146,129,87,185,71,75,32,7,186,19,56,142,169,106,107,19,183,167,18,15,169,146,63,179,121,56,123,117,179,141,162,148,183,4,121
54,170,72,192,101,77,95,176,120,128,41,196,85,21,66,170,85,182,9,40,14,154,91,64,170,150,90,54,165,187,24,165,137,62,50,159,13,77,124,88,5,90,88,86,178,35,156,86,98,1,124,140,74,195,80,44,34,60,175,44,68,151,128,171,135,159,197,177,92,41,78,172,68,54,149,137,2,135,132,67,80,99,90,156,175,161,149,16,80,14,144,103,156,74,160,2,80,104,9,86,127,199,87,75,36,191,71,189,152,186,147,181,131,117,63,22,22,188,100,52,190,186,89,87,113,190,134,12,181,148,71,107,42,168,20,19,22,183,69,183,97,56,43,191,32,63,186,164,15,12,179,117,81,107,0,97,56,81,4,69,20,138,22,123,118,29,106,164,96,183,30,123,51,190,30,49,89,121,96,184,167,166,131,167,36,147,134,39,190,113,32,70,51,17,130,199,167,31,199,55
163,178,173,9,40,99,95,60,16,24,80,44,60,99,64,61,194,82,177,132,98,172,67,8,44,173,64,182,53,8,99,145,44,72,170,73,156,74,62,45,197,14,86,45,27,60,180,90,180,93,187,120,112,25,60,151,120,120,175,177,61,90,77,180,122,145,13,40,156,60,50,163,195,9,95,14,171,14,99,34,149,98,62,40,45,64,98,105,154,124,2,171,45,163,95,174,170,91,57,58,162,37,75,191,109,39,94,94,47,49,199,51,33,164,76,130,138,81,76,11,42,29,49,23,188,51,10,167,148,117,47,193,134,189,167,142,43,32,43,117,75,49,38,167,29,26,6,115,189,184,59,69,181,113,49,81,12,15,96,134,89,115,188,113,130,46,48,138,32,30,71,131,59,75,148,183,87,32,108,17,100,10,55,32,51,79,79,148,36,22,12,191,55,51,141,37,12,84,39,130
195,45,8,34,40,103,25,195,103,137,57,61,25,173,92,74,78,112,78,198,88,61,57,172,62,156,198,104,112,40,60,65,176,173,68,13,154,198,132,41,132,154,178,1,150,98,124,65,187,3,77,187,187,155,57,132,91,160,86,165,132,104,74,72,137,128,58,177,58,5,125,132,16,77,2,177,5,160,45,82,34,53,54,135,99,9,194,28,157,105,173,3,187,40,61,155,61,3,99,159,56,134,121,87,153,94,181,111,167,107,199,51,4,199,141,147,71,113,29,18,47,19,183,199,15,89,23,79,117,18,7,36,181,184,108,31,79,134,153,87,48,191,143,70,123,185,190,111,20,153,12,111,7,109,4,179,87,100,142,23,107,52,31,17,115,47,190,75,142,36,158,148,37,20,179,33,153,30,116,100,152,75,146,6,36,158,38,114,59,38,84,169,56,83,20,51,185,115,114,29
156,9,1,154,58,140,154,173,77,182,160,85,24,139,135,40,160,88,145,67,195,50,157,86,5,194,34,187,161,66,112,145,157,103,135,128,122,80,172,3,155,58,54,170,161,72,82,44,163,150,58,68,93,105,1,53,173,139,170,154,54,194,77,88,3,170,122,67,198,35,104,66,45,132,82,104,165,77,34,93,120,132,67,173,40,98,14,105,101,67,176,177,176,172,172,198,174,57,196,28,31,115,43,110,130,143,146,22,19,189,138,33,0,75,130,36,191,110,18,152,11,131,158,11,84,153,84,127,79,10,26,70,97,29,162,138,142,11,117,20,142,37,51,116,127,20,117,147,38,26,18,183,147,167,123,107,186,63,131,52,29,70,191,29,49,127,143,6,26,63,143,166,23,116,158,108,76,152,143,94,127,117,38,71,22,152,164,7,48,38,81,141,0,87,79,63,141,37,130,110
198,27,80,3,90,44,8,165,182,80,53,27,119,122,28,149,105,90,192,73,196,34,9,1,104,86,13,13,145,86,161,65,73,119,196,171,198,78,13,122,175,92,74,1,174,78,5,90,45,177,161,177,159,80,58,88,155,99,64,157,64,159,159,73,154,68,175,40,173,171,27,61,195,165,44,176,170,187,34,172,93,132,28,160,155,80,86,50,2,120,105,105,9,41,86,136,68,156,151,177,100,46,117,158,59,87,12,141,147,127,100,75,48,129,87,127,22,15,188,126,102,84,32,181,48,6,130,191,114,23,146,166,52,193,113,38,20,141,76,6,4,191,141,39,6,109,110,81,49,76,18,129,55,199,147,12,167,102,134,4,108,107,69,79,7,83,130,190,4,37,51,12,55,131,75,0,17,52,42,12,97,118,36,22,106,117,12,47,184,148,33,11,126,158,7,29,6,12,169,33
178,192,160,159,82,133,91,85,99,78,140,92,161,74,155,136,41,124,135,64,74,27,68,25,195,172,98,41,92,170,8,67,161,91,2,155,161,128,5,175,173,156,5,21,85,171,150,1,144,61,25,60,5,178,1,170,104,139,13,105,165,88,3,171,120,73,125,73,90,58,160,91,9,98,61,95,67,101,154,92,34,195,61,24,165,180,90,170,92,93,40,5,176,50,66,173,60,187,194,60,33,193,158,26,106,188,48,189,181,121,38,123,100,22,164,17,126,4,166,188,115,79,153,17,186,96,10,46,110,51,87,4,113,185,84,130,43,89,18,183,147,12,84,189,47,47,100,96,121,18,108,48,162,29,167,111,199,141,110,94,36,143,191,183,153,130,126,33,114,19,169,100,52,185,108,29,127,134,69,114,46,7,111,49,118,15,94,29,70,10,42,0,29,186,131,107,147,110,113,189
173,57,2,157,182,34,194,151,5,68,72,159,124,98,119,60,72,104,154,45,157,136,72,1,132,151,45,62,165,62,196,176,80,65,163,44,140,122,177,120,34,192,24,25,195,136,62,178,165,21,157,133,53,170,65,77,125,124,140,25,195,24,91,182,177,122,155,95,161,95,171,98,98,165,3,13,95,68,73,159,40,105,195,139,16,67,195,85,66,198,3,64,67,120,80,135,2,67,80,64,121,47,123,81,42,153,36,117,76,190,79,184,199,183,39,42,22,191,15,31,29,83,15,43,158,76,148,81,79,83,181,89,43,179,110,181,127,94,146,129,43,114,111,38,87,109,107,116,153,84,193,117,81,152,193,113,109,94,7,55,52,117,69,167,29,63,185,164,49,108,184,94,168,76,191,29,11,0,168,33,55,12,147,109,123,118,51,190,37,188,59,4,75,179,131,129,19,56,26,147
187,1,5,13,90,28,93,65,120,73,78,133,5,159,170,78,197,157,178,198,2,144,54,120,104,132,13,174,135,98,98,161,78,34,173,66,170,144,133,163,65,132,27,35,27,178,198,66,104,74,163,61,28,1,95,174,67,105,175,197,112,78,135,1,144,133,8,105,101,195,45,119,5,139,120,144,82,196,132,198,61,157,34,178,3,172,101,74,13,124,62,172,82,45,112,80,2,171,58,60,84,110,109,59,42,11,179,141,29,199,116,193,146,30,115,143,141,110,87,190,4,109,199,6,89,83,107,48,193,23,33,142,51,17,126,20,148,23,22,107,15,131,26,146,121,19,164,12,75,6,131,87,11,47,162,116,7,117,193,130,191,121,100,109,17,29,83,129,162,18,36,63,87,55,116,162,153,26,51,49,106,4,17,147,42,17,47,116,134,152,43,185,109,189,130,188,52,48,153,79
105,104,170,137,105,2,41,195,133,92,35,58,28,128,196,145,21,182,122,196,45,192,64,24,178,157,197,44,187,172,3,98,175,161,35,104,165,122,40,16,45,156,34,128,156,170,90,85,77,73,40,195,154,137,103,137,101,1,73,194,82,176,53,45,160,50,44,151,77,50,98,24,122,177,125,25,45,77,122,157,156,192,139,104,154,174,21,80,119,50,103,78,197,128,80,5,144,88,57,125,49,102,18,4,158,147,181,184,31,70,69,11,114,110,118,186,4,89,111,189,18,30,111,116,43,110,162,42,10,69,46,81,29,48,121,106,143,12,186,46,199,188,162,138,12,23,106,190,127,168,142,114,134,94,89,23,111,148,127,126,17,36,191,153,51,49,38,109,31,185,115,179,185,30,70,129,63,138,97,52,100,71,0,76,109,166,167,20,37,115,191,181,52,96,186,188,179,169,38,181
35,98,176,50,73,120,192,136,140,41,95,2,74,57,53,178,155,85,197,180,61,182,101,57,196,45,149,86,27,177,154,82,104,156,72,172,45,150,25,170,119,172,68,85,5,139,44,35,8,85,54,92,66,9,88,165,28,155,67,192,27,60,101,54,174,196,85,62,182,60,25,91,3,159,198,40,58,180,120,92,173,21,144,165,101,24,154,136,198,171,170,92,180,150,40,135,103,74,16,194,79,26,153,12,116,39,130,126,83,19,51,22,56,63,84,188,143,111,100,131,100,26,153,109,143,81,19,46,118,184,191,81,168,184,106,110,166,164,71,102,47,7,23,184,127,115,146,0,186,162,114,75,117,186,166,113,10,129,143,12,26,190,121,181,70,100,83,52,55,168,33,106,48,100,49,190,29,181,147,191,55,97,147,97,36,12,89,87,189,49,48,43,97,146,184,152,48,76,59,181
5,159,78,54,14,187,197,62,103,180,161,9,64,27,86,137,54,25,151,16,9,61,180,122,163,98,93,101,161,135,45,103,57,16,170,135,198,144,82,122,66,95,104,159,88,195,105,187,163,163,163,54,53,187,176,3,119,5,175,82,157,124,171,27,14,174,35,13,161,180,92,160,41,99,80,91,128,145,73,1,95,93,9,85,14,125,132,194,150,5,24,182,28,112,50,125,35,182,44,180,55,71,164,36,39,189,184,193,142,167,179,87,115,148,70,153,6,69,70,83,42,59,114,118,158,33,87,114,96,96,109,31,107,30,181,138,46,116,26,106,108,19,130,114,168,162,75,11,0,7,188,32,114,15,43,162,189,71,138,184,7,179,70,164,121,52,147,107,158,190,7,56,71,146,117,186,36,49,46,142,6,134,123,42,152,168,117,52,169,190,193,12,89,117,109,141,56,37,130,158
45,74,161,198,60,67,137,35,35,74,65,99,159,137,125,40,125,68,112,171,103,34,1,27,5,88,160,150,170,60,196,173,28,125,98,150,120,137,78,175,54,14,161,27,197,178,194,50,92,122,74,21,80,150,133,103,50,180,128,98,103,165,8,2,50,192,27,45,21,173,85,178,120,145,21,72,180,197,132,50,156,174,9,61,176,170,172,132,135,78,163,62,160,149,175,8,40,154,198,93,84,42,59,186,186,18,109,129,191,123,26,89,63,26,71,199,191,79,166,167,191,152,97,75,108,193,17,15,102,108,30,43,23,59,76,23,97,39,117,4,106,129,26,89,76,114,63,141,63,84,191,138,79,83,106,63,162,141,12,96,189,123,49,188,83,32,181,51,148,33,84,39,134,51,181,141,59,83,43,23,114,115,158,166,183,51,70,167,83,114,69,188,39,181,181,108,48,18,141,79
3,88,13,101,67,170,60,135,34,9,92,144,132,197,112,197,165,103,135,101,25,78,2,175,136,86,103,159,103,175,175,135,156,93,128,144,65,175,196,41,128,119,72,35,92,92,196,45,156,187,180,66,155,198,133,180,88,154,60,82,192,90,155,8,194,72,154,177,171,5,103,77,157,1,176,62,74,160,160,64,136,163,119,151,53,198,3,86,135,125,151,104,25,173,136,197,155,92,197,174,123,15,185,164,52,33,36,127,76,123,52,162,94,108,84,110,166,48,69,11,184,183,33,56,32,179,131,142,12,63,6,179,189,193,162,7,39,20,191,6,46,37,20,102,55,185,114,32,188,10,138,115,109,12,138,100,42,56,191,179,115,52,199,10,153,116,121,102,199,29,193,96,47,117,166,143,56,51,59,107,146,167,143,4,96,106,153,183,76,31,123,193,191,39,110,191,12,106,52,18
160,2,91,74,104,155,62,21,160,66,50,135,175,145,194,41,82,187,54,187,93,98,35,41,165,73,98,3,156,173,104,95,154,45,58,137,136,132,160,172,9,82,28,58,177,34,132,54,156,161,144,103,176,165,65,175,93,173,99,103,119,196,45,195,45,136,44,99,44,176,187,161,104,88,88,13,135,178,150,160,61,85,140,170,9,151,128,53,64,77,145,64,2,157,194,157,105,122,198,103,97,48,162,4,89,110,15,7,47,97,108,63,97,146,162,181,168,87,36,152,186,23,179,48,141,6,97,59,130,141,70,79,162,17,193,158,183,97,147,131,188,127,142,116,10,193,11,12,70,23,184,162,113,23,121,22,51,152,19,10,146,49,97,96,141,33,52,33,7,70,116,169,84,126,71,94,33,39,109,115,56,169,166,43,81,11,109,15,38,70,4,181,81,116,52,118,39,191,42,7
9,140,104,61,105,90,64,103,5,174,182,14,101,194,157,72,78,177,45,1,139,176,65,119,27,140,173,125,112,92,50,125,65,24,73,136,154,2,64,13,124,86,27,57,157,171,139,85,119,73,156,176,21,180,156,132,67,171,172,93,80,139,92,57,5,151,24,78,104,149,2,171,198,60,104,101,99,132,98,54,170,197,165,99,5,140,95,5,57,78,80,156,140,133,194,192,88,60,145,171,130,102,4,168,169,76,30,138,107,22,126,89,100,12,96,108,102,6,188,102,71,189,164,0,38,100,147,188,20,70,83,70,69,190,191,129,127,153,186,75,193,102,81,51,49,186,146,87,129,17,32,55,15,32,6,10,179,38,84,181,116,131,48,184,4,52,189,191,166,33,123,106,138,23,100,52,12,63,114,110,184,123,70,12,131,48,18,4,49,11,114,183,46,32,130,18,118,181,26,18
68,180,8,105,34,195,112,68,196,41,139,124,35,65,66,103,9,78,174,104,175,78,194,3,180,50,198,160,24,65,35,197,61,170,88,103,157,64,44,174,136,150,35,80,120,45,160,58,182,180,95,171,187,8,73,180,151,161,125,74,151,64,73,177,92,145,160,197,157,24,150,103,41,176,172,27,101,67,73,54,1,165,45,145,25,171,144,68,91,5,176,180,85,45,137,72,104,140,98,196,109,79,102,11,123,130,189,113,33,83,23,106,37,142,167,179,100,83,199,18,71,169,23,162,37,126,63,32,94,47,43,12,166,141,56,6,46,191,129,20,130,193,141,79,20,30,33,193,110,20,110,18,46,123,43,148,22,147,42,70,108,118,188,31,30,113,116,75,117,83,81,12,167,138,10,6,76,166,26,43,23,89,164,186,94,17,148,75,18,46,190,36,199,20,153,71,169,83,33,55
72,137,155,140,161,95,172,144,104,103,35,128,2,78,86,174,159,196,176,58,67,66,28,161,104,68,2,13,13,128,24,16,122,88,27,80,112,5,140,136,165,176,25,135,133,139,160,145,40,156,91,82,125,161,41,93,77,112,157,150,61,50,149,67,171,104,194,28,67,128,58,57,93,13,78,25,3,58,86,155,177,28,57,21,85,136,28,61,95,175,67,82,78,74,132,154,61,66,157,112,18,84,189,148,148,109,79,126,33,84,18,153,118,69,4,79,31,29,31,100,115,127,111,51,43,168,89,168,108,109,126,0,12,189,87,49,111,17,22,100,167,169,162,63,15,46,127,51,100,129,113,131,29,138,118,148,51,138,81,71,6,29,158,186,188,102,138,26,183,59,84,167,117,108,36,193,152,115,102,115,148,179,191,116,55,138,181,138,71,147,188,107,18,6,81,46,83,130,164,17
99,175,194,72,77,74,160,27,140,182,77,91,86,5,2,1,57,160,101,101,85,140,95,24,13,35,68,78,16,177,149,77,14,177,125,2,178,85,171,57,149,45,165,80,62,5,112,74,171,82,25,61,16,3,77,64,163,176,14,93,74,61,170,92,34,41,68,150,66,2,68,2,61,156,163,192,3,171,197,66,53,13,86,160,150,159,73,132,180,27,82,73,192,140,155,159,135,112,156,9,63,10,22,46,39,115,39,29,56,117,79,153,69,114,33,107,20,179,181,23,188,79,118,117,147,46,32,162,97,19,55,152,134,126,199,146,42,17,107,20,38,168,47,153,109,107,30,111,43,152,70,190,0,148,118,81,106,17,18,17,89,121,96,23,59,4,49,19,63,96,143,29,48,106,146,102,81,29,47,7,18,89,153,129,166,81,6,162,148,191,152,97,168,0,76,31,138,109,121,179
104,72,25,155,86,173,35,197,112,174,3,157,112,95,104,28,196,85,173,104,64,66,5,5,182,151,128,35,180,171,80,128,195,197,160,44,34,8,98,171,45,62,161,176,78,27,197,171,66,27,13,173,27,124,175,64,80,170,60,171,104,136,5,68,175,3,151,163,135,53,173,1,68,136,8,28,175,95,175,122,173,139,135,92,170,68,53,28,72,137,13,132,93,5,67,60,149,28,132,163,158,108,190,30,81,96,111,71,33,142,116,96,113,116,52,87,109,59,19,7,87,0,190,31,188,71,49,29,10,36,168,33,185,164,23,166,141,83,55,110,94,193,188,168,20,106,126,117,188,7,102,199,164,89,89,96,89,169,148,102,109,164,42,186,31,115,81,167,6,126,46,131,183,30,199,37,47,134,113,47,167,167,4,11,48,138,109,42,147,37,43,184,51,39,47,115,193,51,191,52
176,163,62,196,135,112,35,140,180,180,175,182,65,161,187,99,112,170,156,155,103,95,112,136,195,99,122,80,105,128,160,58,80,65,3,137,120,93,125,124,73,68,77,99,60,151,95,40,178,159,34,64,60,28,99,197,98,34,57,91,163,92,45,160,45,194,72,120,176,171,14,135,85,8,27,95,125,197,2,122,132,196,78,105,192,68,133,54,88,73,112,197,53,8,159,73,50,21,180,175,127,83,148,15,131,79,167,181,193,15,55,84,51,70,189,94,87,43,87,11,199,166,23,46,153,17,108,22,179,96,169,152,18,169,31,190,6,188,29,167,188,19,56,193,131,37,189,84,51,123,148,76,130,19,31,22,134,143,49,26,7,166,4,32,121,131,70,10,189,147,110,166,79,75,108,193,115,11,22,31,97,123,185,84,70,70,162,38,118,189,153,152,193,19,79,79,59,138,106,147
14,132,54,24,57,53,137,132,101,101,88,135,192,78,35,2,98,154,58,98,192,155,195,175,44,187,128,13,5,67,2,145,67,145,28,64,174,5,196,90,40,5,67,73,60,156,44,197,45,72,67,72,41,3,112,140,122,40,92,197,124,93,149,197,128,124,172,80,198,135,135,144,173,177,145,88,13,105,78,60,67,90,67,151,54,73,119,172,155,151,176,21,103,112,145,25,176,139,170,139,10,69,108,89,0,127,56,81,38,142,191,106,26,134,106,191,15,181,31,146,107,56,110,49,59,97,29,113,189,29,97,32,116,184,43,63,81,130,143,107,69,100,48,87,4,29,48,114,127,110,0,55,47,87,52,15,117,183,106,11,51,118,6,31,47,22,153,49,38,70,76,131,7,141,138,100,55,37,56,39,20,185,81,142,190,55,32,126,110,46,20,19,47,89,108,102,152,71,102,126
68,2,16,124,14,68,157,128,103,101,40,8,104,73,16,156,24,120,85,8,165,57,54,61,182,13,145,136,41,132,90,155,137,27,40,163,5,156,149,170,16,34,132,2,144,64,163,157,122,86,159,85,3,34,86,132,64,139,154,93,112,67,25,161,99,177,149,180,176,24,112,58,104,128,124,103,78,24,9,27,197,91,150,197,120,187,1,25,140,92,74,151,65,86,41,53,93,54,14,165,51,102,166,32,49,199,126,26,46,199,164,110,127,109,158,83,59,36,167,131,168,48,199,22,129,183,111,129,30,48,96,142,32,118,36,31,47,30,164,17,127,47,121,164,114,63,138,97,179,42,185,89,134,83,30,164,19,70,117,17,102,10,32,146,43,46,46,48,97,183,193,152,76,76,158,42,17,76,36,186,38,4,181,38,29,193,123,138,148,10,49,96,129,87,153,106,22,36,199,162
178,67,122,163,90,159,60,65,8,77,112,91,104,160,66,178,135,16,140,77,173,68,104,160,133,104,1,98,196,101,34,24,159,14,8,137,122,86,195,85,192,125,174,150,125,144,180,172,155,74,61,25,150,41,16,8,67,196,101,64,65,145,165,28,25,182,24,8,40,1,1,124,67,140,165,176,154,53,95,174,136,171,195,85,172,50,61,119,93,171,21,35,88,101,90,2,53,9,82,177,169,59,114,20,15,47,31,126,30,121,102,63,118,56,126,158,168,42,142,26,102,20,116,69,0,162,75,179,185,6,147,131,19,181,153,94,94,11,18,69,49,19,55,89,199,15,131,184,39,148,42,26,110,116,79,79,131,166,76,190,121,39,115,162,83,29,4,169,75,116,181,0,87,100,7,46,51,127,147,110,47,126,116,83,166,193,43,118,164,167,36,79,33,118,87,158,38,138,109,11
170,175,86,177,160,40,14,57,154,194,99,174,68,163,187,194,25,160,77,34,88,182,45,44,132,150,136,45,1,124,93,64,192,64,86,136,45,172,80,159,91,151,98,2,101,60,132,177,93,65,101,62,74,177,159,125,44,176,72,173,80,40,182,44,67,136,99,125,163,88,92,54,140,175,25,16,161,145,14,44,154,154,80,13,2,34,35,92,82,161,161,95,1,197,74,159,65,103,145,103,111,191,43,11,75,55,49,75,29,188,143,168,185,121,15,59,167,63,115,97,191,110,134,0,199,188,127,63,79,131,114,15,162,138,55,22,189,75,63,100,38,138,30,116,115,153,75,143,189,130,148,118,111,199,134,17,37,31,23,121,114,146,158,32,193,111,94,130,33,43,181,107,84,83,179,179,38,143,20,10,115,186,26,117,148,186,59,199,199,79,190,75,71,102,15,63,126,185,52,130
9,137,78,194,54,105,34,197,72,2,151,61,99,182,92,161,95,58,2,149,74,35,174,174,105,150,90,57,25,53,163,173,8,103,28,144,165,35,61,21,68,35,74,120,124,194,144,160,175,27,45,171,61,195,2,28,85,9,64,80,25,133,156,90,120,196,187,125,182,132,5,161,135,50,25,66,92,128,122,45,8,150,155,139,136,98,174,137,25,9,136,101,45,21,173,88,41,35,62,28,148,153,168,17,191,167,32,181,169,20,118,55,183,143,111,63,153,190,7,33,6,38,43,23,190,18,83,102,70,183,186,186,143,108,51,113,75,193,97,37,121,81,42,193,183,146,179,20,32,37,129,63,15,162,146,147,153,29,75,38,143,33,26,131,107,166,39,126,190,134,63,167,0,31,10,87,6,107,31,153,143,131,193,181,152,129,59,193,141,12,108,138,193,43,69,121,167,102,76,129
176,171,194,140,50,124,24,50,80,68,57,194,35,91,60,171,72,66,34,171,178,73,24,192,60,124,196,171,192,9,149,155,80,77,80,175,3,82,53,99,98,58,173,8,198,120,133,105,3,157,35,74,155,25,24,1,119,24,161,3,45,72,24,80,91,173,67,77,88,66,165,90,72,65,139,163,50,187,145,8,105,40,154,80,132,155,173,82,50,78,135,67,161,86,91,98,101,73,176,40,12,33,121,84,181,4,168,138,100,126,15,179,69,31,185,4,70,191,164,130,87,71,20,19,162,43,114,142,59,51,48,189,142,6,17,30,116,111,31,46,96,131,36,143,117,169,167,111,189,0,169,37,47,141,70,76,148,76,89,94,71,108,123,29,48,36,39,26,30,23,96,75,0,106,146,118,84,169,169,115,71,185,33,97,107,59,46,30,143,100,38,29,185,184,30,10,113,167,181,26
180,85,60,5,68,99,40,180,58,149,74,9,128,112,61,85,197,54,144,159,175,99,157,154,103,27,65,144,35,154,124,177,41,67,67,173,61,8,74,82,139,54,192,133,21,119,40,105,163,5,8,25,163,122,58,135,90,78,112,187,182,175,112,77,21,90,64,170,54,104,14,73,187,50,150,176,65,61,149,74,99,122,144,163,120,85,13,104,182,27,66,145,64,41,160,9,67,172,27,128,63,19,107,4,81,63,55,152,168,94,153,10,11,158,130,166,107,33,83,59,114,15,166,52,108,39,69,181,152,56,164,131,148,42,37,102,79,148,7,81,76,189,23,83,37,121,188,38,107,71,115,110,48,153,48,71,29,33,179,97,127,138,56,116,0,166,96,29,71,190,113,121,191,147,55,167,15,49,81,71,75,193,102,191,191,107,193,29,52,97,81,126,52,20,36,181,0,138,162,143
195,41,172,137,122,177,64,120,150,77,124,176,92,91,170,139,9,139,91,54,27,192,149,86,180,35,64,5,136,192,104,156,73,135,149,35,44,180,95,171,92,92,45,95,140,103,9,77,155,180,85,44,132,187,40,156,98,159,165,64,194,93,72,65,35,151,5,21,28,194,86,99,98,5,3,92,41,132,196,67,120,103,157,44,180,198,25,197,137,98,13,45,1,90,41,156,178,66,93,101,38,191,130,190,49,127,116,191,46,10,100,46,146,97,193,142,167,55,29,52,69,79,89,158,6,63,118,189,131,51,11,143,26,106,84,117,117,114,83,33,6,43,167,11,152,147,111,167,79,127,20,23,152,33,143,47,4,130,126,0,11,52,146,102,162,142,113,0,186,39,83,166,123,89,20,114,166,127,116,100,6,48,11,52,162,22,199,94,188,10,106,38,169,158,127,29,153,167,107,148
95,98,2,88,196,57,90,24,40,21,194,35,74,61,40,45,194,66,90,45,41,34,171,151,161,2,45,137,85,66,163,101,140,144,156,53,176,27,90,50,14,104,103,159,128,105,151,50,92,154,133,2,91,105,136,163,174,197,177,67,8,1,159,25,8,144,140,161,27,160,154,133,132,128,150,54,165,124,72,165,25,8,64,41,120,13,165,5,98,57,34,72,160,192,187,136,21,50,35,182,142,142,51,56,37,49,12,96,114,113,18,138,10,108,184,70,84,152,15,48,158,131,169,37,181,130,43,158,20,169,30,81,181,20,89,48,153,32,96,179,134,71,142,42,121,22,107,199,20,56,36,111,189,148,110,31,38,191,131,189,111,183,102,51,23,97,199,188,114,113,12,186,181,115,55,22,143,87,87,185,63,19,114,20,109,51,51,184,131,52,100,185,181,108,43,48,141,116,108,97
165,27,197,8,1,194,66,90,9,91,99,57,104,149,163,161,57,125,57,165,180,80,176,27,120,86,73,53,112,187,14,137,136,65,65,13,103,50,93,93,105,151,104,160,8,85,161,98,66,155,119,85,45,93,175,136,1,65,137,58,174,35,91,77,176,154,172,139,163,170,137,173,119,58,90,60,67,24,187,66,67,64,171,93,176,5,187,57,85,78,16,13,137,133,128,132,50,35,176,154,186,121,6,184,138,63,63,47,111,42,12,188,48,113,47,162,49,30,117,0,26,33,89,169,36,113,36,121,109,121,123,30,39,89,130,97,71,100,111,113,18,4,89,167,96,189,48,56,100,114,51,107,123,70,121,75,184,184,83,166,11,179,113,126,109,76,22,110,169,30,109,52,131,148,31,138,75,123,179,121,190,47,10,75,39,94,100,108,15,37,84,143,49,33,114,115,71,47,181,6
105,68,14,88,175,119,45,2,196,196,64,160,120,53,165,45,74,177,112,67,95,125,170,40,61,156,28,122,67,95,80,139,144,161,65,161,16,99,35,149,45,72,124,21,72,161,125,112,119,145,161,53,105,93,67,50,101,187,171,61,120,150,128,172,53,40,44,80,85,86,34,151,140,161,182,128,154,40,155,35,182,8,120,93,175,140,144,28,180,149,24,161,133,178,50,163,27,171,64,101,11,127,36,100,123,121,141,193,199,131,7,43,184,12,36,69,158,51,141,15,20,148,7,51,193,32,147,0,199,94,22,56,138,110,38,6,96,52,43,87,183,94,43,129,153,15,59,37,193,193,42,130,147,131,169,63,114,96,31,22,143,126,153,167,15,138,52,147,10,111,130,83,143,87,6,199,10,166,166,116,193,75,199,146,17,115,186,153,162,114,188,96,190,84,33,49,22,117,31,26
171,50,68,140,34,154,151,99,61,44,40,132,156,157,88,44,9,177,177,57,65,170,13,91,194,170,27,160,45,182,90,155,61,57,74,155,13,171,171,16,65,99,140,151,195,187,194,160,120,61,93,85,1,157,72,60,170,57,61,88,27,119,50,159,50,73,45,144,161,157,88,57,50,61,101,72,171,157,68,159,40,133,149,144,182,64,95,145,91,132,122,196,50,72,124,35,155,133,196,2,116,188,55,185,97,43,20,186,30,164,69,162,153,131,126,84,166,47,6,7,69,79,31,117,75,158,107,111,55,15,89,12,84,131,84,51,46,63,158,183,142,10,52,114,36,147,190,12,63,102,63,96,15,18,96,48,118,164,10,97,52,141,118,51,106,141,148,164,143,123,29,107,117,43,17,164,117,100,117,52,106,89,142,38,148,42,52,97,11,42,47,43,63,81,47,141,166,147,123,51
58,170,176,105,98,5,64,85,149,176,133,174,197,58,5,140,21,178,40,195,133,172,24,172,140,119,177,73,50,136,170,50,178,92,50,159,54,65,112,41,128,1,128,174,13,82,105,85,54,137,144,104,133,24,16,122,119,28,149,124,151,54,159,57,2,35,105,194,170,80,163,92,93,105,2,135,119,132,91,62,92,194,21,139,91,98,58,196,182,72,68,44,173,165,35,13,197,40,139,145,129,46,96,164,84,17,188,115,33,69,118,106,113,26,37,183,6,22,130,26,131,152,70,59,71,96,129,11,153,199,158,134,51,81,183,11,59,123,148,12,89,179,79,181,46,116,162,162,108,131,107,6,184,48,33,36,56,181,83,115,69,17,199,84,162,12,12,191,131,111,111,89,127,22,17,148,181,142,12,111,166,108,111,115,116,76,146,46,164,168,38,185,185,186,56,32,185,96,111,15
163,136,174,24,60,80,198,2,16,13,198,176,182,135,101,122,172,135,103,159,24,24,137,150,171,187,136,86,180,119,145,78,178,154,24,53,119,64,163,112,2,101,119,150,61,180,132,150,50,78,136,57,180,156,80,60,95,74,86,195,53,40,93,78,13,128,65,176,159,45,151,196,57,91,154,101,145,2,78,132,78,171,95,125,45,60,136,91,5,77,91,163,66,62,61,132,196,154,95,180,169,69,189,46,43,113,22,6,115,59,19,42,51,166,148,199,113,146,167,42,87,123,59,142,56,19,107,191,134,12,126,183,116,115,11,33,183,26,30,87,96,89,42,55,38,129,32,102,127,186,193,23,55,134,147,111,116,17,111,102,184,33,110,39,11,59,75,87,117,138,121,59,134,23,17,183,56,31,134,7,30,31,130,147,131,4,130,48,184,126,51,100,19,193,110,6,184,20,129,36
124,50,101,150,35,93,137,139,196,34,155,60,44,62,91,45,9,66,196,178,155,120,144,171,194,78,3,95,157,170,128,180,86,41,198,74,160,82,16,140,161,144,144,197,41,35,150,2,140,86,160,172,133,161,73,91,25,198,91,13,21,1,57,124,177,16,14,13,74,78,64,119,88,73,133,57,112,82,53,178,8,95,197,196,172,159,161,187,165,124,172,119,139,61,105,135,62,105,172,194,107,167,189,76,39,43,134,81,162,7,106,190,70,17,100,100,109,123,76,18,147,193,76,134,83,22,102,75,0,0,193,11,188,36,33,32,48,94,168,109,121,111,129,4,94,184,20,121,33,131,121,190,75,130,39,183,46,116,23,147,49,107,183,186,164,190,18,106,37,22,31,152,164,30,30,75,0,131,186,83,81,48,15,48,15,126,131,76,59,22,49,115,107,185,190,162,115,168,193,169
5,44,58,21,133,3,80,85,28,161,65,62,122,57,25,24,150,60,88,182,16,195,53,53,197,64,13,95,44,192,174,66,44,61,177,124,149,120,139,24,1,99,98,27,128,125,198,41,90,62,178,196,40,173,66,180,177,99,151,187,9,149,93,145,159,68,165,132,82,85,160,119,57,80,128,170,78,61,137,133,192,173,172,45,176,82,105,128,120,192,104,91,1,155,1,41,105,53,174,140,100,153,7,94,109,107,23,39,89,84,23,20,186,89,148,107,56,7,183,168,36,48,69,118,29,83,110,114,56,167,107,47,22,199,131,199,42,42,52,38,185,81,63,169,106,169,87,185,169,89,100,134,75,29,89,100,96,52,23,97,81,56,81,23,29,94,59,89,102,4,59,116,130,22,52,18,146,87,79,106,11,89,97,59,38,22,146,181,56,23,118,84,190,48,81,38,186,138,38,123
175,8,150,140,128,54,95,122,196,40,171,194,73,77,197,90,112,160,182,154,91,128,53,154,66,139,119,176,125,137,151,155,34,62,68,40,85,150,172,178,149,135,124,92,176,13,159,16,171,198,77,13,144,2,92,27,66,82,88,61,53,90,98,174,65,65,196,176,65,103,77,34,104,120,73,95,77,149,170,8,150,176,24,88,73,68,41,58,34,197,61,177,124,174,122,161,135,85,122,40,36,84,106,118,96,59,115,12,42,96,147,162,32,12,84,63,96,185,55,188,56,15,79,15,199,18,162,146,169,184,30,186,15,36,20,184,148,117,168,69,179,114,179,37,158,142,169,71,32,113,79,36,100,63,115,123,56,32,47,152,75,183,59,153,146,129,26,52,96,20,126,108,89,113,130,153,158,147,109,152,20,109,7,164,169,131,186,20,142,168,31,110,186,117,117,49,148,199,6,12
35,195,171,124,157,161,196,27,176,174,67,41,176,133,170,122,156,54,72,27,61,2,62,3,175,9,2,149,133,120,128,136,67,68,9,173,24,62,93,128,112,163,122,171,163,136,156,8,195,66,80,68,44,53,44,149,161,160,80,157,124,73,53,137,28,82,2,192,8,178,1,82,68,45,149,80,74,150,3,16,177,128,99,122,61,133,93,197,150,178,64,62,103,62,149,194,27,173,112,195,113,42,199,51,48,148,33,19,6,56,39,46,127,84,111,164,32,42,181,48,32,83,117,109,100,147,81,22,75,121,152,152,158,63,47,19,22,43,169,190,185,116,20,183,37,138,111,127,89,81,146,116,96,26,4,167,185,118,4,42,179,114,42,20,141,10,20,75,126,23,193,37,164,75,193,71,189,102,162,38,199,47,70,179,188,158,107,81,110,102,71,138,102,117,29,113,147,121,188,69
93,197,54,174,182,54,198,28,3,98,160,196,62,90,73,187,92,156,145,172,9,41,73,176,5,192,61,105,58,64,165,5,133,192,112,85,145,154,133,128,53,58,72,16,159,136,35,195,197,53,135,82,90,196,122,165,119,178,93,16,58,92,165,196,28,60,145,151,149,14,60,45,93,103,105,1,133,124,172,154,150,53,40,182,161,3,192,175,140,182,98,1,98,177,67,53,35,60,125,172,138,37,168,29,51,11,179,94,146,109,110,52,12,32,43,186,30,167,31,69,87,39,102,158,75,167,185,32,114,29,189,89,143,22,186,87,15,131,71,79,110,51,107,181,110,152,20,134,46,10,184,134,55,141,17,94,102,11,76,141,181,191,30,118,107,22,7,69,96,184,123,37,76,79,48,19,84,15,81,29,6,20,126,190,108,29,181,102,167,134,181,152,46,130,117,94,115,167,83,169
53,24,151,28,198,137,64,112,198,156,140,2,135,170,72,133,176,122,187,85,124,73,151,21,62,192,92,165,136,28,62,58,92,145,54,13,132,61,9,54,58,155,105,170,151,82,2,128,192,175,82,62,44,197,161,160,155,9,192,198,66,154,154,101,80,151,173,151,68,93,91,151,78,133,171,3,195,154,180,180,159,155,34,62,194,74,165,88,120,41,119,137,64,132,2,99,178,21,194,105,129,169,153,191,118,113,38,152,184,51,118,11,96,123,69,106,20,129,186,71,70,189,56,181,22,23,191,47,111,186,186,102,113,153,6,30,76,15,193,49,19,79,46,190,100,127,30,147,141,164,48,102,129,10,142,152,51,141,107,143,189,111,162,179,162,52,33,29,10,51,102,164,167,59,100,51,158,166,94,131,47,111,11,48,75,17,48,15,166,39,70,117,11,36,189,12,115,100,89,49
187,198,1,192,151,182,124,104,156,92,173,161,16,34,2,24,64,8,34,151,85,103,3,128,85,60,2,14,101,140,90,139,132,88,145,105,28,136,62,197,41,156,174,21,170,9,40,21,95,124,135,16,151,132,163,5,175,125,24,171,92,137,182,72,78,135,140,122,187,196,125,99,16,163,157,178,3,92,41,101,161,139,136,176,175,3,124,8,173,196,91,41,139,8,25,54,155,90,176,137,114,138,31,79,162,143,76,113,141,59,71,89,31,76,152,106,143,146,138,102,11,199,75,158,188,38,168,96,38,56,183,199,107,31,36,55,52,126,191,7,113,110,17,138,30,179,48,121,181,18,26,12,52,143,199,47,116,113,7,158,193,20,39,4,55,36,84,130,70,29,23,114,102,52,115,81,70,190,108,70,168,168,146,84,153,94,142,181,129,108,129,97,129,129,18,84,56,117,184,52
86,99,180,163,64,34,90,125,93,2,92,82,25,104,92,35,8,74,68,187,27,60,57,163,135,170,177,13,187,182,104,157,135,178,82,50,149,95,163,165,124,25,187,80,170,24,165,137,45,196,136,68,13,65,194,133,13,74,192,95,2,112,9,68,35,13,112,93,60,3,13,40,137,180,174,98,35,21,80,80,57,151,62,151,45,154,58,35,72,24,40,44,176,21,8,14,41,197,88,45,32,36,186,199,130,17,83,189,36,11,138,184,153,111,48,94,97,46,130,33,158,193,169,81,153,123,36,164,166,109,193,79,33,23,102,12,26,138,48,63,138,114,26,130,70,193,19,0,117,152,191,69,189,94,110,116,55,121,168,46,191,0,70,153,148,46,114,118,117,107,11,127,26,164,47,147,29,142,46,126,183,42,153,123,4,130,129,191,183,12,169,123,138,36,162,116,30,7,84,117
5,122,195,170,195,85,28,145,165,28,159,196,68,176,145,157,103,120,165,124,150,173,74,99,135,151,120,124,64,24,24,86,21,5,105,68,144,98,74,2,58,80,41,80,175,178,133,57,21,53,140,67,136,77,8,192,27,180,41,125,173,180,98,35,105,61,65,78,99,101,101,1,60,133,144,151,156,85,154,172,172,151,5,165,28,62,58,2,195,170,175,34,150,174,1,35,150,8,155,74,167,52,107,147,184,46,130,102,32,38,143,43,56,100,109,56,51,59,158,26,107,153,106,46,69,118,131,43,131,134,199,0,0,10,19,49,63,89,94,46,32,59,110,168,4,47,110,49,185,131,4,38,52,42,111,71,10,33,146,116,181,153,134,23,134,129,142,11,185,111,17,52,87,70,131,102,22,107,121,36,87,47,189,89,146,43,56,19,148,87,96,20,19,32,107,23,89,158,121,55
125,155,66,35,95,139,145,99,61,172,133,122,160,136,58,120,58,41,91,61,112,60,132,27,85,67,101,9,195,25,144,66,197,194,62,174,45,136,178,155,98,1,198,3,135,73,67,120,124,58,95,80,58,187,196,28,124,122,1,64,175,145,104,58,105,165,3,174,88,171,112,25,68,165,93,154,16,8,72,177,16,54,28,101,1,95,13,65,163,61,28,140,40,176,112,16,53,159,122,41,32,38,63,162,51,15,134,4,130,59,181,109,23,22,97,148,29,100,23,114,71,121,146,39,168,0,116,42,191,55,147,36,191,12,11,158,69,10,55,22,111,30,23,12,23,18,185,185,81,32,94,153,146,49,79,18,23,32,26,142,106,42,69,11,38,164,22,186,111,11,166,109,4,33,118,30,42,147,43,190,183,148,169,118,185,19,43,42,134,83,108,141,189,26,142,38,22,100,19,10
198,174,25,139,54,140,91,105,73,85,72,99,101,1,99,128,99,161,155,103,198,92,88,154,196,98,24,124,68,180,50,91,182,95,82,105,149,103,25,135,61,61,171,78,80,154,41,14,122,58,92,74,125,154,8,196,136,149,27,132,34,125,145,128,161,177,196,160,124,119,170,128,182,161,3,67,91,112,66,135,90,125,74,161,177,27,21,64,140,161,95,133,25,98,73,90,41,54,90,25,30,11,162,113,94,153,48,189,47,166,169,43,15,55,152,31,48,75,127,123,191,23,0,168,59,108,47,12,162,6,123,36,59,7,15,179,127,36,141,191,19,142,39,49,169,87,193,189,113,142,69,59,79,143,56,89,59,29,49,107,96,110,153,179,188,123,185,43,169,181,107,185,18,183,55,7,100,153,131,113,167,108,121,4,15,97,89,148,23,33,12,51,20,162,126,94,89,20,32,52
82,112,88,156,60,180,82,145,77,24,73,159,160,165,122,53,14,163,77,157,50,3,105,27,67,175,105,175,13,80,192,174,44,124,80,104,196,137,67,133,88,65,144,65,175,72,144,50,50,197,194,53,86,53,175,98,176,194,178,25,60,103,176,88,80,174,156,72,67,149,176,54,21,77,9,95,144,64,103,176,125,72,133,140,57,149,40,73,197,85,53,67,144,135,66,85,66,9,99,3,20,42,130,96,39,39,100,36,118,108,130,106,199,191,113,131,52,79,76,71,190,22,141,131,51,186,70,70,23,118,117,46,123,146,130,48,94,36,31,71,111,147,123,30,138,121,191,102,12,162,199,23,38,147,12,33,52,69,19,70,43,7,6,47,123,168,59,10,106,33,179,106,87,186,106,4,29,83,87,10,199,38,55,22,38,79,199,84,29,138,51,4,39,56,70,168,89,167,193,89
45,88,92,73,92,44,1,144,132,175,163,171,196,180,92,145,13,128,182,64,93,73,34,122,171,86,66,122,73,68,28,21,65,155,57,144,133,124,119,103,88,68,136,133,85,91,9,124,14,197,139,173,105,78,124,155,25,133,156,80,170,1,170,58,197,156,92,182,98,180,175,8,24,159,14,57,163,90,58,68,103,72,21,144,16,132,197,77,92,197,78,155,74,156,3,161,62,163,112,67,15,15,183,18,0,131,146,49,121,117,46,123,96,15,10,111,123,146,147,169,191,164,185,141,108,52,179,6,117,6,75,169,11,30,48,81,84,102,148,181,79,87,17,0,6,51,108,20,17,39,166,127,96,164,0,36,17,42,148,106,168,147,29,162,129,142,164,18,26,158,38,15,113,55,52,183,63,167,117,189,199,70,38,4,130,26,167,0,142,22,71,189,115,59,127,109,11,56,185,188
137,198,27,78,145,178,25,173,176,14,65,165,73,122,140,145,137,104,120,144,171,144,45,105,95,53,78,35,14,177,171,154,119,57,137,2,8,172,14,8,136,182,128,16,72,64,95,196,135,137,73,161,21,132,68,159,61,128,112,124,78,77,90,85,112,128,137,57,61,165,64,45,149,176,132,73,156,99,122,124,35,161,85,65,135,41,34,104,54,178,58,157,161,73,159,99,92,135,140,60,6,23,118,191,191,6,148,111,31,130,59,143,193,186,11,162,193,6,147,186,30,79,31,100,81,37,169,18,102,31,193,49,47,4,199,183,189,22,36,113,102,12,143,89,69,114,118,32,114,189,39,191,179,107,47,15,138,143,43,127,152,12,87,126,4,131,22,117,181,46,12,166,79,111,84,48,81,42,87,141,100,48,141,97,23,184,164,47,59,148,46,89,39,6,152,141,4,127,38,199
132,21,155,93,137,104,112,82,41,99,144,124,80,178,103,139,145,103,157,103,78,165,53,128,50,58,28,156,135,182,122,120,136,1,80,194,112,91,120,155,41,5,27,149,103,195,151,119,98,13,170,172,119,197,180,125,25,86,157,133,98,178,35,163,1,93,194,151,177,195,178,178,74,105,192,105,91,35,160,28,58,21,50,68,8,3,64,99,35,140,90,91,163,64,151,160,88,62,92,40,123,47,71,94,199,87,75,131,188,130,168,11,153,108,52,43,146,81,126,6,117,23,129,94,146,107,109,19,94,52,115,190,15,158,96,36,76,84,185,46,138,191,33,6,87,193,89,96,158,23,70,146,189,109,39,0,46,42,199,17,43,11,183,186,181,116,75,131,56,12,43,117,148,188,166,11,22,33,148,71,17,152,162,30,188,22,138,87,143,59,117,97,81,129,146,121,26,106,89,142
14,140,66,92,50,65,3,9,157,176,136,173,170,35,9,187,151,161,68,187,163,187,135,192,136,157,80,122,53,128,145,104,177,151,133,145,101,112,171,57,82,92,67,78,16,103,58,5,57,35,187,65,135,16,92,77,154,34,1,62,198,133,99,171,135,80,154,82,95,120,104,178,135,104,105,85,93,101,35,125,77,73,21,28,192,74,194,197,196,151,125,95,93,25,198,157,137,151,78,40,29,23,199,162,36,108,48,152,4,188,186,19,100,76,121,20,113,107,36,49,81,49,71,199,123,117,191,153,147,6,108,153,15,31,10,48,42,106,141,19,87,102,37,110,20,164,110,19,39,181,6,87,51,36,81,84,79,130,36,0,76,147,185,118,29,142,111,81,117,152,126,148,152,168,183,141,52,185,37,19,84,127,116,167,123,37,18,107,107,167,43,183,111,33,81,114,11,134,37,76
101,122,91,120,27,161,2,85,120,125,174,177,61,54,180,175,119,157,132,178,155,50,98,91,159,8,58,34,5,159,177,95,103,35,136,178,132,172,25,136,35,72,5,124,74,35,82,91,27,156,98,58,172,159,120,112,177,133,95,54,93,161,95,74,80,187,45,82,68,150,119,104,175,112,173,175,54,133,122,16,57,93,91,151,180,73,35,74,105,13,104,44,90,177,68,41,28,196,5,90,19,100,12,70,116,22,100,143,75,115,32,153,123,108,12,19,10,84,111,94,184,143,15,49,52,17,111,146,0,126,117,42,148,162,48,164,100,96,153,22,191,193,79,166,146,153,75,94,109,48,143,94,18,138,134,11,89,30,167,7,142,63,181,79,96,153,186,164,43,4,76,23,43,111,143,63,115,138,107,79,39,146,47,116,113,148,70,127,26,123,167,153,87,6,37,141,166,83,33,96
50,72,160,154,21,187,9,13,103,65,53,78,175,65,14,122,149,9,72,99,61,132,151,159,66,187,132,194,154,86,80,53,77,135,62,195,128,93,119,41,27,136,174,3,16,154,58,104,139,85,120,25,54,58,198,67,182,145,27,177,80,68,156,124,173,50,50,62,88,57,40,86,112,175,176,72,5,160,16,73,44,120,140,170,176,91,45,196,124,163,140,14,125,28,16,150,34,62,137,93,141,168,162,29,141,158,17,29,7,4,7,168,100,32,48,17,26,10,117,22,55,30,6,188,117,118,48,134,18,38,71,114,117,100,33,11,179,118,39,59,110,199,107,47,15,52,59,20,52,179,97,121,11,46,118,20,141,188,189,55,142,18,189,147,6,188,36,146,118,4,70,51,152,162,148,113,75,184,102,69,7,121,117,142,188,56,141,22,191,199,10,199,102,114,183,188,199,143,32,94
86,197,2,150,62,53,8,160,139,50,144,50,68,120,156,104,67,50,66,139,78,165,50,60,194,163,66,64,80,5,99,78,159,105,16,93,144,156,104,88,157,187,119,61,91,178,101,90,58,82,58,154,137,144,67,88,171,156,197,178,163,196,103,68,65,80,112,9,66,91,151,192,135,160,144,44,25,8,120,112,140,85,139,159,154,40,91,91,160,137,139,61,187,182,180,155,28,156,74,145,7,118,10,102,190,168,134,75,29,46,47,117,4,199,183,126,59,56,184,110,37,152,158,148,152,188,164,126,83,168,0,138,59,123,130,11,59,102,12,114,148,114,4,75,18,70,59,102,81,115,55,107,96,38,110,126,102,114,94,52,185,30,10,75,0,113,131,130,94,153,147,55,168,75,30,169,190,76,110,121,26,10,75,164,19,100,183,162,11,147,15,31,134,26,76,143,169,121,31,51
156,192,91,77,177,154,182,8,9,85,159,86,58,119,128,195,194,54,86,180,137,140,197,163,149,67,135,66,68,5,187,65,13,2,44,54,28,155,68,1,149,171,160,9,124,163,24,65,197,27,82,112,157,150,176,40,154,58,120,128,86,35,74,58,157,67,122,145,133,21,90,2,139,5,163,151,187,40,88,80,176,65,68,25,45,160,60,40,149,78,41,137,50,154,24,128,8,139,16,90,33,129,56,114,12,46,152,107,7,109,147,81,118,138,46,83,6,42,123,48,191,108,46,36,56,48,108,32,127,7,186,0,0,130,17,130,126,129,183,109,106,79,38,183,190,47,168,183,179,19,184,110,186,110,46,94,153,96,118,185,130,59,166,147,46,146,69,184,10,126,51,121,26,121,10,83,22,32,146,94,188,169,186,166,129,143,131,107,179,193,107,11,152,184,130,26,12,148,32,148
9,157,5,28,92,103,149,137,180,61,171,170,150,175,5,8,101,54,178,180,54,176,25,25,101,40,150,53,88,144,154,163,35,170,197,174,133,195,176,119,104,175,67,8,16,163,35,101,58,82,14,85,3,9,122,68,101,64,157,135,68,57,3,98,1,28,64,171,67,182,65,125,154,194,1,68,139,34,176,54,34,9,156,132,67,57,125,154,25,73,155,192,173,1,82,45,144,174,177,150,22,142,70,146,42,87,26,169,83,191,69,167,153,79,143,107,118,146,113,19,71,71,7,113,121,130,55,188,18,70,186,22,97,121,29,183,188,116,39,147,7,108,33,15,110,12,38,169,167,46,126,190,153,185,111,167,26,18,97,168,131,56,143,83,43,113,183,186,26,148,183,6,81,26,121,190,102,0,114,29,146,31,113,117,191,186,75,48,102,162,113,23,33,146,70,147,113,29,79,97
119,154,175,176,176,72,180,132,101,125,77,136,160,99,68,91,120,136,128,60,53,86,139,62,156,187,41,124,13,194,21,133,1,93,73,27,85,1,133,172,149,195,93,122,53,27,85,105,9,157,5,175,44,173,150,132,125,65,28,180,112,196,174,175,93,91,105,144,93,62,187,1,177,159,119,64,80,104,157,174,58,90,122,163,8,150,173,68,154,14,136,80,105,92,92,9,103,144,197,136,83,183,146,183,97,166,71,17,48,94,111,183,199,51,75,168,184,49,31,89,59,87,199,106,118,32,38,6,142,83,147,131,81,76,32,126,142,17,129,191,164,106,116,115,89,19,127,115,186,148,143,109,118,6,184,183,4,111,12,43,4,102,146,130,4,113,108,76,107,141,191,126,19,12,111,59,118,76,46,96,87,7,46,69,147,36,106,32,56,138,100,48,81,38,49,147,37,153,146,127
65,35,91,120,95,85,98,98,170,80,194,60,155,14,82,50,92,66,65,112,195,174,112,157,175,73,92,98,8,132,28,21,165,124,101,171,151,34,197,1,172,163,124,85,27,35,135,99,41,40,163,68,128,151,73,45,154,104,67,73,174,151,192,154,178,173,2,40,187,92,67,103,40,50,135,136,61,2,105,16,174,149,112,145,65,136,35,68,57,196,174,35,57,163,57,13,156,176,64,85,52,97,11,37,52,81,109,146,81,152,153,31,199,51,26,51,181,131,63,127,71,131,69,186,76,169,17,97,19,59,153,107,162,162,51,100,184,116,7,17,169,52,191,84,114,126,169,55,31,69,19,142,138,75,116,20,0,141,11,11,10,167,121,109,106,32,185,48,111,31,87,17,36,111,106,158,114,94,115,123,117,153,48,32,179,29,130,126,141,38,102,129,75,183,30,97,31,59,55,71
73,101,25,90,41,139,14,58,3,60,144,155,68,88,77,50,124,35,8,165,74,159,104,174,119,125,91,105,157,178,178,172,163,25,60,77,21,57,195,9,171,105,155,154,73,61,62,101,27,93,195,78,151,177,163,103,198,165,140,13,172,35,135,50,91,91,198,80,80,9,163,64,60,128,99,174,85,151,124,124,119,171,159,78,171,196,58,54,82,196,5,34,194,197,54,137,135,8,120,163,83,33,191,129,69,26,38,59,26,147,32,6,51,199,114,123,97,48,55,153,87,11,37,152,113,188,33,22,20,169,116,17,123,49,158,162,97,37,153,20,143,20,63,107,96,169,75,121,39,126,152,131,94,31,102,19,131,169,84,69,33,70,115,79,29,87,38,97,18,29,18,87,0,69,147,115,169,189,186,48,168,52,59,79,29,110,162,142,4,30,7,79,109,75,189,51,158,131,126,199
159,165,93,3,50,5,135,165,14,172,124,101,161,5,155,178,154,133,91,176,178,24,9,3,35,64,21,27,172,101,98,58,122,99,16,50,176,92,78,182,195,144,5,25,174,78,62,171,74,27,160,78,45,44,196,196,144,120,78,45,1,120,82,3,91,174,28,137,144,120,24,60,91,25,92,182,13,197,173,91,66,104,149,58,67,140,99,128,2,93,92,192,21,159,2,16,125,104,165,14,94,30,118,138,17,110,63,109,107,147,191,30,37,6,89,183,167,15,113,96,94,116,190,117,143,18,69,89,22,97,148,17,190,89,76,20,55,118,31,114,7,42,148,69,31,126,193,59,20,71,141,102,36,186,12,117,108,38,23,18,32,87,49,130,110,147,97,10,199,190,114,87,102,33,55,141,138,146,43,191,36,188,153,30,184,102,116,84,94,141,111,179,113,123,141,71,186,113,108,138
133,64,25,8,34,77,171,53,66,171,67,8,105,196,159,74,187,64,192,151,24,1,28,80,101,62,178,60,41,98,195,120,78,85,150,34,82,78,157,195,150,80,57,25,53,101,78,45,195,65,160,198,28,2,2,2,13,124,8,133,125,137,105,198,151,54,24,14,192,160,44,60,1,50,163,45,24,161,72,135,28,174,159,41,85,120,196,2,140,8,53,140,194,112,195,196,16,57,93,57,183,38,29,30,4,30,7,138,191,147,191,76,0,7,116,110,94,30,188,116,94,51,52,18,71,138,166,190,63,107,15,116,36,29,179,185,147,184,32,69,87,75,188,127,39,84,55,70,106,113,153,123,179,169,37,146,138,71,164,26,55,87,164,0,199,17,81,113,4,118,84,131,4,113,87,126,184,183,129,46,96,11,81,75,127,55,113,164,100,51,199,42,169,15,147,4,97,4,56,123
85,65,128,122,24,74,1,137,16,65,61,34,195,103,64,60,163,172,34,64,132,101,65,192,159,99,180,53,105,156,25,128,137,140,2,132,1,98,161,192,161,67,178,85,72,27,144,68,88,136,155,155,8,73,13,1,53,161,72,197,154,91,68,3,119,156,155,77,40,50,74,104,54,45,77,91,136,57,78,73,182,14,85,128,62,161,120,78,128,137,13,60,9,198,68,28,157,103,140,64,186,63,186,7,42,51,6,6,75,46,143,184,110,18,181,79,114,4,168,167,143,89,33,169,12,0,37,81,23,146,0,23,55,11,186,108,26,111,106,189,114,17,107,29,37,152,114,186,169,117,20,76,142,168,123,115,146,158,146,7,164,100,10,33,100,116,134,153,12,46,33,118,193,87,33,189,146,69,189,181,191,147,100,51,84,7,179,130,97,37,32,48,47,162,76,15,19,97,47,7
176,112,80,157,68,35,90,136,112,91,120,140,112,68,40,21,86,66,28,61,122,125,137,101,150,60,145,90,28,119,140,187,28,197,105,2,93,27,159,105,82,72,137,132,196,41,73,187,35,157,128,171,2,194,187,198,135,159,172,104,80,144,16,27,175,139,2,157,27,27,5,177,101,195,25,194,163,198,25,196,150,182,28,174,105,28,128,177,172,173,80,125,195,45,91,172,8,154,180,125,114,23,75,108,30,19,51,100,33,11,52,106,111,108,51,185,87,30,169,162,22,189,31,181,153,143,52,131,169,110,116,94,143,148,96,12,148,129,148,0,33,31,22,121,70,188,191,191,116,130,190,181,184,189,97,134,153,43,107,166,18,186,129,107,10,32,189,70,130,33,51,100,118,76,113,79,185,148,162,107,83,12,46,51,179,118,164,152,89,59,193,31,113,55,69,127,0,39,23,134
192,161,124,41,172,66,68,149,21,44,149,65,139,175,149,54,9,195,24,14,161,165,177,197,178,122,178,139,34,80,24,9,73,136,174,24,160,85,165,133,67,90,195,40,155,151,78,124,65,192,170,99,50,2,57,35,41,95,74,86,198,88,156,28,144,73,78,103,24,50,180,27,177,16,2,85,14,40,165,60,57,90,61,2,13,149,170,64,182,178,139,65,99,125,50,86,165,172,24,165,55,29,115,6,110,183,183,126,138,42,29,147,76,129,148,143,117,17,37,52,46,4,129,188,100,6,107,52,11,30,11,185,75,46,147,30,102,130,20,167,43,19,169,76,94,81,52,146,84,129,129,138,108,129,191,102,56,143,131,162,46,111,33,56,184,164,48,121,43,148,129,199,0,18,153,141,46,69,56,121,87,22,129,107,94,81,36,190,121,168,79,168,33,23,190,6,126,46,109,143
92,90,40,74,160,68,35,8,194,155,112,160,151,9,103,68,160,82,78,95,163,93,157,27,174,34,27,198,150,14,53,122,104,163,125,187,112,105,160,163,9,187,105,67,176,80,25,98,192,60,82,192,135,2,105,67,160,175,155,88,34,177,34,104,61,145,14,74,9,145,16,125,85,53,160,149,120,65,80,57,122,119,95,73,144,172,35,105,91,27,80,105,173,174,120,74,149,176,1,64,143,12,87,164,37,75,94,30,55,10,84,129,169,130,117,79,55,94,29,142,109,51,117,15,138,152,193,15,169,146,79,56,179,32,106,94,109,96,130,116,39,75,96,42,166,75,30,148,190,184,179,190,185,129,131,15,89,17,188,75,148,87,158,17,63,181,55,179,142,97,141,15,48,7,29,115,29,108,168,84,166,134,162,111,102,76,83,7,15,148,46,193,164,110,10,179,168,199,147,131
182,161,25,90,194,151,159,92,122,136,132,144,160,82,182,27,180,82,78,174,57,137,65,78,25,194,34,66,3,53,165,124,197,149,104,99,175,8,124,170,139,140,82,154,78,154,54,161,95,195,122,72,122,67,58,177,45,40,195,104,197,82,14,124,40,85,73,171,176,101,177,128,175,91,78,8,180,3,98,57,8,176,178,124,159,24,85,58,187,8,119,53,35,60,82,136,35,122,120,178,84,109,84,131,116,49,17,15,79,168,113,179,191,131,38,130,32,188,131,20,147,189,107,126,94,188,83,26,148,188,109,199,147,6,18,36,75,115,143,181,134,97,59,191,29,146,10,12,0,181,31,168,38,116,113,48,121,96,114,33,89,37,167,111,116,89,152,94,186,20,81,20,130,148,186,29,79,115,20,183,191,76,94,33,39,55,39,71,127,19,108,30,168,169,69,158,167,11,83,168
58,161,57,173,161,195,133,139,187,8,180,65,45,53,34,99,137,61,154,1,16,163,133,92,16,8,172,196,144,150,21,68,195,196,144,194,85,62,13,157,77,45,82,171,155,85,62,78,145,180,53,27,53,103,173,124,73,172,14,88,24,24,61,24,91,14,45,136,85,171,99,180,194,139,13,161,170,101,73,88,64,90,25,91,173,165,159,92,9,137,135,197,90,74,86,198,175,27,161,155,51,166,117,129,116,108,79,22,184,193,75,138,47,46,52,48,109,79,189,20,152,89,7,146,107,96,107,89,79,193,17,148,181,15,148,47,148,76,75,152,129,199,191,153,153,17,19,79,94,32,89,115,129,52,152,6,56,63,184,111,42,169,59,130,106,130,32,46,189,63,179,42,185,147,87,18,193,169,147,134,94,23,37,47,183,115,83,185,15,193,11,110,129,6,33,123,116,63,164,108
60,154,85,155,156,27,9,68,150,21,72,175,13,80,99,192,103,5,195,92,13,78,140,133,34,57,150,137,64,99,44,101,176,92,135,1,80,41,90,125,95,98,197,159,44,159,149,137,195,176,8,40,119,137,172,165,28,104,159,149,73,86,64,93,174,173,57,101,136,65,171,35,136,105,122,68,62,187,66,45,150,144,187,160,66,91,82,86,163,13,14,25,157,13,155,128,16,178,156,140,190,59,97,152,127,102,7,191,158,138,33,12,168,111,117,22,152,22,162,42,158,158,113,166,117,6,106,56,130,114,117,33,29,193,18,142,115,143,89,169,185,167,83,26,37,188,117,96,106,162,141,18,29,33,121,37,55,4,167,181,15,186,186,118,102,18,164,94,185,17,42,143,162,183,166,70,84,118,188,147,36,81,141,79,4,130,179,183,69,134,142,130,108,185,51,76,97,20,167,76
103,62,145,92,165,124,99,92,154,1,180,1,77,139,195,182,73,192,173,99,95,3,101,68,157,77,136,175,28,132,9,151,149,154,72,68,112,78,120,105,180,196,195,160,137,78,5,195,44,197,68,137,124,67,50,14,157,54,175,136,151,195,41,145,8,92,182,28,174,132,65,61,99,182,125,50,66,133,112,80,80,35,74,145,177,80,86,132,93,119,140,192,192,124,44,90,174,1,24,140,193,79,141,185,39,114,84,31,37,126,39,47,131,71,79,46,49,134,70,19,30,17,115,39,118,48,183,138,148,114,30,115,0,0,71,23,49,10,108,191,55,152,76,143,146,110,49,152,108,147,31,31,114,30,22,109,188,111,46,146,12,129,0,111,141,121,166,152,121,166,83,4,83,169,199,168,130,152,109,46,199,87,11,43,4,20,162,146,134,102,15,193,51,106,17,52,134,162,43,121
25,74,16,137,136,72,145,65,195,73,135,177,5,24,161,120,16,9,45,40,178,155,9,182,9,150,82,177,1,44,92,16,65,150,171,98,85,35,196,54,99,92,58,21,120,155,21,137,195,160,65,58,105,124,95,104,144,101,62,159,92,132,58,24,99,64,14,133,182,3,139,192,104,62,101,68,192,16,34,28,122,159,35,66,65,172,21,44,68,85,67,105,74,50,78,77,78,140,58,159,48,89,169,167,143,32,51,164,123,127,162,110,123,19,117,185,146,12,42,111,188,148,117,164,47,7,37,166,126,43,117,109,102,38,22,106,31,113,131,147,114,189,94,81,169,168,185,71,48,84,51,141,115,39,134,46,107,116,76,55,148,114,100,52,4,18,158,48,36,51,183,152,100,48,111,167,22,46,33,199,199,102,89,89,39,19,118,43,102,141,29,110,109,70,70,141,152,142,29,114
3,90,137,156,77,45,27,41,74,91,154,72,196,151,93,195,24,72,160,194,177,60,88,72,154,105,195,139,194,77,165,28,21,140,174,66,125,80,128,128,157,144,64,104,72,54,57,154,150,170,173,2,99,62,91,95,40,86,80,66,80,161,178,14,99,3,174,9,160,45,57,1,156,93,86,53,44,125,176,45,172,124,105,34,53,66,154,145,182,140,133,41,122,156,195,157,149,53,176,68,30,43,153,116,148,152,193,181,186,22,37,166,166,193,188,126,63,56,69,71,141,153,146,134,59,108,131,184,114,37,48,131,142,179,179,70,31,190,193,162,15,15,127,17,47,56,108,110,38,114,42,38,55,96,4,188,33,102,96,189,94,48,76,126,75,189,29,96,114,179,100,108,11,32,83,184,185,169,76,48,69,153,59,162,71,11,52,134,110,152,109,69,46,52,94,108,31,138,56,51
119,197,140,182,14,197,163,119,140,161,197,24,174,156,101,104,1,139,128,95,161,13,8,173,14,124,161,145,136,119,195,50,160,194,13,82,99,112,98,60,2,14,139,27,50,132,3,182,159,160,85,144,9,73,105,154,105,86,2,13,3,54,25,27,25,86,174,35,61,68,160,72,122,176,27,172,45,95,98,58,125,8,90,133,160,125,44,41,155,35,176,2,13,176,170,155,151,135,34,2,188,158,183,188,32,148,79,143,81,188,141,127,63,18,42,106,42,7,167,11,166,184,26,100,123,59,83,116,130,100,31,51,56,76,123,10,152,26,100,191,183,79,33,6,123,153,11,55,107,87,134,37,15,42,110,39,189,108,102,37,110,15,49,47,138,33,29,134,111,33,47,46,79,49,23,94,30,76,71,127,126,0,118,32,152,51,56,4,186,162,158,29,141,59,191,142,179,56,38,114
101,73,45,139,60,44,24,95,139,53,78,92,98,145,14,154,92,28,154,120,67,161,34,176,99,1,119,165,197,25,151,174,61,170,16,41,180,196,67,182,64,78,27,173,24,197,136,61,85,197,85,165,74,99,41,40,14,8,3,119,104,124,187,45,180,195,98,156,24,68,155,14,40,28,160,73,62,154,173,67,60,67,133,61,27,28,24,128,139,68,103,66,128,132,198,176,5,65,25,198,143,107,191,30,111,109,11,110,76,162,100,110,183,75,114,117,94,29,114,23,0,129,152,111,47,115,130,4,97,186,179,52,118,49,87,55,63,70,126,15,56,123,188,121,113,49,48,146,49,76,107,184,22,83,148,4,167,181,81,70,189,147,43,111,143,51,153,0,185,23,0,47,166,127,32,116,108,15,186,147,102,47,130,138,15,71,114,48,113,189,181,6,117,51,162,158,153,15,186,129
139,61,175,182,68,151,68,74,120,103,128,112,66,195,177,182,122,151,101,149,177,174,192,35,25,178,67,74,34,77,88,1,194,187,78,182,172,95,136,41,62,197,64,165,65,157,176,176,159,196,139,101,5,40,105,195,73,198,3,72,90,172,60,105,119,77,44,195,159,154,187,170,161,67,21,196,172,45,28,78,27,144,66,105,137,103,135,54,16,24,182,165,9,99,136,178,21,50,90,8,42,55,118,43,114,87,116,87,83,147,126,190,49,186,118,29,70,158,158,29,164,52,37,0,31,185,168,189,42,20,4,164,51,153,109,169,116,179,190,55,51,56,84,142,111,108,42,32,130,18,143,29,69,19,123,117,75,38,36,26,143,185,183,46,193,10,142,33,118,97,115,164,102,134,102,76,71,39,19,70,123,56,100,110,36,31,42,186,186,37,59,0,100,118,56,134,29,134,22,114
132,1,137,3,195,175,61,157,67,53,53,132,194,85,112,187,27,3,103,195,90,177,175,161,74,122,85,137,170,68,21,14,104,98,156,85,3,74,144,145,112,74,80,98,92,58,120,92,57,24,103,135,119,135,99,2,160,187,73,5,197,133,175,77,174,98,104,77,165,177,172,27,120,72,88,128,124,95,2,105,65,151,9,174,34,85,85,144,77,195,175,136,125,73,104,14,34,194,104,149,158,110,32,47,118,169,26,11,142,56,83,190,100,59,84,96,142,87,127,123,94,32,69,168,79,49,89,152,15,158,33,123,126,199,153,46,75,106,134,15,147,184,153,81,108,6,63,49,121,116,166,164,127,184,39,33,47,83,26,183,183,69,107,193,169,0,193,51,164,94,152,169,138,20,181,94,30,108,148,123,168,164,199,30,71,111,46,47,185,115,38,199,193,169,0,168,190,107,186,51
80,66,60,78,119,145,50,136,90,53,93,28,35,92,132,61,80,60,77,35,192,5,177,150,154,41,24,58,172,140,24,85,41,73,150,163,8,72,82,120,85,74,124,34,178,74,120,44,198,154,160,120,104,73,124,34,144,132,159,175,135,194,124,195,149,61,93,53,124,98,35,149,73,105,13,73,180,156,197,101,176,27,85,9,24,53,151,25,65,66,120,133,74,1,85,122,160,176,74,16,102,20,46,114,56,38,111,20,134,31,17,141,116,42,100,191,134,181,7,167,12,134,79,94,186,7,48,0,47,118,81,10,186,17,146,63,43,11,167,118,110,4,10,184,113,20,153,113,81,69,129,56,166,181,87,63,188,89,169,10,56,75,55,100,42,48,43,36,81,179,84,94,167,48,166,36,186,52,69,71,102,138,89,70,51,113,76,69,164,4,138,0,55,56,113,11,12,43,167,121
9,174,173,3,159,50,119,105,73,125,8,50,172,13,54,60,145,198,119,198,101,13,192,137,77,105,175,150,195,74,187,27,159,92,57,27,195,154,24,163,144,135,90,34,133,98,80,151,171,82,125,34,128,104,187,170,105,151,34,60,132,194,65,151,72,66,160,77,67,174,45,16,8,54,172,86,149,136,105,9,41,124,98,95,24,180,157,171,93,172,27,72,104,3,132,82,103,163,73,65,186,7,108,111,142,158,36,89,71,190,97,130,26,47,108,146,19,184,63,76,184,109,127,131,96,162,134,184,6,49,59,108,31,106,71,191,4,141,193,152,12,123,46,188,183,22,38,130,102,32,0,15,166,11,164,179,191,20,126,94,56,70,38,39,138,168,33,131,191,51,59,10,63,20,146,142,43,83,47,166,17,76,15,51,148,102,113,19,75,30,87,114,63,153,42,51,108,199,138,89
165,28,80,150,82,80,98,65,177,54,86,34,60,150,104,159,13,156,198,5,128,86,93,112,99,95,40,67,165,101,50,137,172,137,139,58,21,194,61,98,198,24,149,132,44,128,176,182,95,103,125,174,93,92,137,85,74,9,21,198,125,132,180,8,194,177,151,3,66,124,124,8,41,44,61,99,3,2,149,154,144,41,157,77,57,140,54,72,13,41,40,16,182,177,150,88,91,27,156,139,167,169,109,52,37,89,97,83,43,189,33,47,126,116,164,152,17,181,22,110,26,106,191,106,6,83,52,49,6,20,108,181,167,20,113,11,169,181,12,59,129,108,116,97,56,48,42,15,81,166,43,7,75,94,38,55,138,118,31,48,89,141,83,199,129,118,55,71,164,126,87,115,10,142,18,32,51,97,121,115,146,153,48,118,0,167,63,100,188,193,123,48,193,63,141,59,43,47,46,51
82,86,104,176,90,62,40,128,125,58,161,176,124,9,91,62,45,144,64,62,41,145,41,145,187,40,73,173,92,177,80,5,101,194,105,78,58,145,91,66,24,136,174,178,178,65,95,66,13,5,8,136,5,35,139,93,60,145,1,90,88,9,9,1,101,149,90,196,198,60,73,125,150,93,176,24,88,198,54,103,154,14,175,137,103,50,44,172,163,136,50,140,98,5,57,104,144,25,112,80,37,47,191,168,131,69,129,109,47,17,111,52,23,55,76,76,83,59,108,51,121,43,191,181,39,0,126,17,70,17,143,190,189,113,36,193,169,109,167,118,166,118,71,63,126,23,47,15,109,107,109,183,19,0,129,42,48,4,94,143,168,75,52,183,169,12,7,79,169,31,118,114,181,185,199,190,81,51,76,29,11,152,59,26,23,20,143,69,43,148,114,15,183,107,117,29,12,84,113,181
50,21,165,91,182,24,122,124,135,91,27,16,171,53,9,92,151,60,57,54,45,135,54,73,21,136,150,122,98,2,145,135,53,125,93,88,120,133,5,104,25,86,91,16,156,24,137,95,155,91,16,80,21,28,90,136,125,122,159,157,27,74,187,1,86,25,45,3,86,157,125,65,62,195,144,137,135,78,78,9,151,68,13,3,16,150,122,135,44,53,124,180,154,78,194,187,41,72,175,150,20,162,153,81,87,38,147,121,30,188,55,114,87,181,7,189,153,129,29,39,56,190,49,100,51,108,189,37,126,199,0,153,52,32,51,70,83,84,131,110,39,118,199,55,96,134,71,4,107,75,51,89,48,143,106,109,79,117,97,188,142,7,183,147,131,100,116,190,81,183,23,146,75,11,38,39,11,19,118,30,127,23,185,168,127,193,115,102,185,118,111,138,96,75,42,63,96,108,55,71
91,92,198,67,124,77,135,98,5,196,145,112,60,175,44,161,50,187,140,58,92,182,35,44,64,192,194,27,160,53,64,128,198,8,95,77,197,173,135,157,85,34,160,156,171,62,62,61,77,34,2,88,149,197,99,44,177,149,182,124,139,65,64,45,95,13,5,58,27,88,163,72,85,157,145,95,156,9,64,54,140,58,124,197,165,125,58,25,144,64,176,165,68,176,68,165,171,112,58,90,184,143,185,113,181,83,143,63,52,11,87,39,17,87,47,158,39,48,108,184,118,81,143,107,59,130,189,10,56,23,123,79,152,18,19,199,131,6,79,143,18,164,188,164,141,10,188,39,131,6,11,22,184,47,106,76,193,153,26,7,118,131,6,153,55,130,30,42,199,32,69,147,116,30,52,56,46,84,123,30,115,6,31,126,184,63,169,6,158,158,153,81,0,12,148,146,147,183,12,169
25,60,173,180,85,77,139,91,197,44,61,124,165,62,171,62,112,196,13,25,98,91,177,93,174,25,103,78,101,122,154,176,187,140,101,24,16,66,67,16,105,57,137,195,133,40,61,16,98,101,66,93,139,112,80,64,99,1,53,57,144,173,66,60,90,196,120,182,163,82,163,140,25,176,85,151,178,170,40,133,160,170,40,194,149,154,13,92,174,170,44,27,192,170,125,14,128,68,62,128,42,26,20,186,22,81,4,76,43,36,29,87,46,199,12,48,18,168,59,129,17,63,0,142,89,79,117,79,79,199,109,117,20,4,142,138,127,116,97,89,29,189,158,100,26,114,191,94,89,42,134,190,109,153,87,121,6,59,183,18,7,106,141,12,11,166,121,121,33,20,143,87,138,189,186,18,11,75,43,32,39,162,123,162,117,121,109,63,153,97,75,153,114,118,33,130,38,97,6,191
172,182,2,2,151,140,77,54,125,66,125,144,60,98,155,77,161,194,98,3,40,171,28,60,3,9,192,92,150,144,125,101,40,82,101,163,73,124,45,125,92,176,128,119,58,41,170,57,105,172,171,8,133,88,151,73,86,95,24,98,53,99,73,95,66,53,66,35,145,74,170,155,53,93,140,151,163,98,157,157,170,133,178,139,54,50,80,119,16,128,85,155,57,182,86,112,21,99,5,177,30,110,79,83,190,51,42,193,189,56,153,134,11,26,20,23,141,71,189,114,52,26,199,168,15,115,84,52,56,199,36,193,0,89,164,129,26,79,141,158,148,48,23,164,111,51,46,147,164,127,123,31,19,43,143,183,181,109,89,166,59,97,10,181,15,152,193,46,32,129,190,6,87,188,84,89,164,189,118,52,6,55,118,116,6,7,148,164,7,118,130,56,100,166,153,7,115,15,20,23
91,132,197,57,35,54,144,101,86,154,178,9,60,41,105,60,90,195,50,92,174,103,92,73,139,99,40,68,13,67,53,54,66,112,68,197,1,175,182,101,194,34,40,53,178,145,25,103,180,103,16,119,60,133,85,1,8,173,54,128,157,149,85,91,8,88,175,72,65,16,40,144,27,60,101,9,3,41,161,170,60,61,60,198,45,65,173,105,40,34,105,171,65,88,95,45,68,62,25,104,134,121,6,118,143,20,70,134,70,46,26,179,36,158,121,71,87,46,153,107,15,191,131,164,63,52,107,46,29,94,59,106,63,79,10,69,102,166,0,111,12,81,79,121,102,36,84,199,70,164,79,51,164,123,20,89,115,190,59,22,167,164,36,20,38,75,37,153,138,48,48,87,138,111,12,134,47,127,15,10,30,189,109,52,183,51,117,17,79,79,123,46,141,42,10,138,59,115,55,117
93,104,40,88,174,57,171,21,2,140,16,140,99,3,64,157,50,88,9,67,24,86,35,25,99,24,2,171,101,72,53,95,5,159,86,66,27,163,13,68,196,150,3,74,160,13,125,101,14,137,21,8,154,5,8,144,136,1,105,120,67,151,112,74,73,177,139,124,45,40,156,66,90,98,24,64,5,99,21,177,139,24,161,67,86,16,104,54,135,64,128,187,122,90,85,13,198,68,105,5,158,29,48,148,11,56,111,83,97,19,158,39,84,111,142,117,33,166,117,56,168,184,107,69,186,32,121,111,162,181,38,179,84,18,48,89,76,102,69,83,188,81,164,179,43,71,97,79,111,185,89,123,117,49,30,81,109,107,111,47,185,181,114,7,69,117,123,189,158,56,164,190,71,56,17,0,48,23,186,148,148,97,17,56,63,39,32,97,164,0,75,110,10,189,116,87,37,38,106,169
172,62,163,1,95,74,165,66,177,90,128,156,25,88,54,72,165,122,163,5,105,173,35,61,122,178,14,66,2,159,54,91,80,66,25,140,120,124,50,77,74,64,88,24,61,58,53,3,80,133,24,57,78,187,155,140,161,182,72,128,125,60,45,154,144,128,74,65,174,88,178,192,150,90,112,122,1,66,78,194,112,60,140,60,137,21,161,34,101,163,90,92,99,60,194,155,40,77,9,156,39,121,36,83,179,153,87,126,38,107,143,116,191,166,189,30,152,23,17,106,189,190,110,117,4,186,84,39,38,52,102,36,96,185,141,4,0,22,7,43,75,189,12,84,81,70,152,100,96,162,31,162,18,22,131,143,76,71,20,100,46,75,126,29,84,108,49,129,185,100,117,138,162,17,6,138,130,81,141,110,30,37,76,96,146,193,158,55,129,51,69,4,87,109,23,179,131,179,106,199
35,72,35,35,98,9,2,192,58,98,41,103,34,176,44,61,187,154,154,170,88,156,14,90,137,112,156,177,161,5,122,192,62,53,88,54,187,174,3,157,119,57,1,157,93,78,112,175,144,104,73,182,135,112,74,140,182,174,145,182,88,103,177,192,90,90,50,90,177,53,14,136,72,112,85,91,122,95,40,62,85,176,54,104,95,112,136,170,120,1,196,163,14,157,80,5,125,9,154,136,106,20,33,36,89,113,11,152,110,70,148,47,142,4,48,189,79,114,116,134,114,94,11,190,70,110,17,142,179,142,184,51,110,193,113,181,22,190,47,114,37,96,189,181,26,183,89,11,7,87,20,79,199,15,185,134,116,46,129,43,153,118,32,83,146,59,49,121,43,32,59,32,114,81,56,20,39,188,107,106,79,106,26,138,22,46,168,36,166,108,102,83,118,97,184,79,70,146,87,185
163,151,151,74,154,119,173,1,105,62,82,73,192,68,98,105,25,133,93,90,128,82,176,155,156,170,44,99,28,34,27,72,128,119,91,86,174,150,140,78,144,132,145,174,112,21,156,82,154,54,180,136,8,80,160,165,165,133,92,64,2,192,27,160,197,135,140,74,78,137,151,58,171,163,66,44,1,119,85,66,95,80,54,104,60,90,137,34,44,197,21,27,3,180,78,99,125,187,163,178,4,147,87,10,19,63,193,51,49,22,193,130,126,71,185,166,199,89,110,15,179,191,84,167,96,18,148,179,131,38,37,168,115,190,20,123,47,114,109,71,184,11,153,4,17,179,141,164,142,123,43,185,38,75,52,81,138,4,131,20,108,162,39,30,141,130,123,17,116,59,36,12,127,76,183,117,164,49,76,141,199,47,127,22,188,42,189,84,100,129,107,116,83,11,167,26,185,97,143,18
54,45,2,60,41,14,145,159,178,61,135,139,68,58,35,144,174,177,57,93,40,154,9,93,160,25,122,163,77,155,104,173,44,135,124,45,2,137,95,60,13,73,50,72,88,174,67,93,40,192,174,119,155,92,1,180,72,175,21,170,178,62,78,149,135,156,72,120,72,135,124,101,41,99,170,24,124,16,145,24,9,82,14,173,28,155,182,174,172,172,159,133,61,90,157,16,21,64,151,140,83,17,30,12,129,131,26,162,168,168,75,32,152,56,81,36,199,166,141,169,0,186,188,127,71,162,42,18,131,23,152,190,96,142,59,43,71,143,19,32,39,89,181,193,96,168,110,97,32,110,52,48,102,37,167,39,169,75,87,190,39,188,148,102,185,97,42,20,71,138,107,142,114,36,10,11,167,23,123,23,143,33,114,118,108,10,33,168,134,179,37,70,107,106,108,52,102,143,81,118
133,8,151,72,163,40,112,24,88,86,80,112,64,151,98,104,112,86,82,192,171,65,120,99,24,53,66,65,125,170,45,68,159,41,44,40,128,120,14,24,65,66,85,45,54,95,54,196,1,60,61,67,125,50,154,151,60,80,73,137,25,173,27,101,35,180,156,176,175,125,80,149,120,120,151,175,154,50,58,53,5,25,9,82,73,90,53,163,88,72,154,171,196,120,182,60,137,25,3,103,29,186,51,63,84,181,146,117,46,186,153,110,199,48,168,168,166,33,97,130,142,30,6,108,134,111,70,113,17,76,56,146,23,49,134,129,141,26,164,134,117,12,63,97,158,56,76,107,12,131,113,152,123,130,123,126,115,134,169,11,70,37,130,117,20,42,126,63,168,110,107,84,123,15,167,188,111,100,18,102,51,32,107,153,164,7,164,102,143,115,97,11,42,97,121,110,83,46,10,184
3,54,5,40,103,98,178,105,154,78,35,177,136,161,156,28,91,174,99,170,112,88,5,41,74,112,154,25,160,194,173,198,74,24,67,151,196,182,92,128,120,156,163,77,13,68,66,50,61,64,95,140,137,78,3,44,103,104,34,136,195,85,133,149,72,104,137,98,180,149,41,91,2,13,124,160,161,27,171,27,145,98,2,64,161,161,88,44,101,135,197,197,90,73,27,144,180,101,137,103,184,147,7,109,191,107,42,48,49,75,29,138,138,158,46,127,33,191,100,143,6,7,97,7,42,168,55,59,114,185,164,148,12,107,188,153,84,20,115,190,100,11,11,152,143,0,121,22,116,49,94,56,138,179,199,12,199,188,42,55,184,115,129,47,83,111,117,6,184,181,108,49,49,79,87,83,188,185,37,12,97,107,134,31,51,94,184,29,152,30,134,17,71,148,75,130,0,23,110,37
53,77,41,44,85,195,1,21,139,58,74,192,67,128,125,21,125,65,1,14,144,154,14,150,125,171,125,50,149,196,64,132,88,66,53,82,182,154,192,86,25,105,21,135,44,99,173,1,155,171,65,159,187,119,112,172,151,92,65,62,90,120,137,137,172,182,144,60,198,93,137,8,155,91,171,64,74,80,41,80,122,60,21,170,27,157,5,77,58,73,180,44,60,105,195,74,177,78,125,72,81,126,189,166,109,126,186,188,46,121,183,123,81,46,126,75,169,181,167,0,106,87,113,111,110,158,12,106,138,49,193,29,6,7,42,129,127,106,56,189,7,148,118,110,186,131,33,55,79,15,148,146,183,0,142,134,23,84,186,130,179,117,81,186,143,83,70,49,6,146,22,189,19,186,189,83,69,75,113,189,51,83,0,167,107,143,126,48,179,71,94,10,6,152,6,186,134,33,162,153
53,120,14,156,99,72,140,139,161,77,40,86,14,140,58,182,105,125,173,5,45,27,133,112,135,50,73,160,149,98,160,35,139,78,74,77,140,72,44,155,73,90,136,136,177,161,139,16,196,159,122,35,155,91,25,13,154,91,125,120,136,16,9,14,25,90,27,128,140,88,66,92,163,172,119,1,45,182,13,195,61,54,25,173,101,176,170,178,92,24,82,172,74,64,156,80,104,159,159,194,158,12,81,37,75,4,69,69,94,94,199,96,147,43,183,110,111,123,84,12,55,146,199,75,169,37,4,169,106,32,26,22,100,191,126,87,75,183,11,127,89,48,134,100,11,49,169,169,23,183,164,146,43,191,147,148,115,111,126,126,189,108,75,106,193,181,148,146,191,46,48,109,131,169,7,113,42,148,56,89,19,81,0,79,22,49,18,30,146,168,20,42,113,79,97,169,100,59,48,23
194,9,150,5,196,192,57,104,91,8,165,21,119,2,192,13,154,136,16,172,105,180,187,177,25,144,155,13,82,95,128,64,149,124,174,99,9,8,192,57,161,180,21,54,176,72,57,133,104,78,8,182,9,2,172,44,144,67,163,139,135,140,156,99,155,45,173,91,101,196,86,61,44,13,177,57,86,77,72,1,159,133,67,101,78,64,187,156,174,154,21,145,135,2,175,103,67,105,122,61,84,79,10,51,184,186,47,17,115,29,100,184,51,0,142,147,153,17,81,59,69,33,152,193,121,152,20,183,142,26,127,138,109,191,143,33,6,39,97,193,116,15,123,51,127,193,121,111,15,23,129,147,11,108,127,158,183,189,118,121,7,153,69,56,33,181,188,164,167,190,96,48,109,129,162,19,183,10,75,22,56,118,7,184,46,179,76,152,83,193,63,127,70,129,31,29,158,20,179,55
145,53,77,161,194,1,14,54,101,125,24,40,171,9,197,157,90,140,16,173,140,92,175,50,165,178,62,1,8,135,78,194,24,105,98,194,65,73,105,178,159,62,133,135,67,3,40,171,54,14,136,180,157,105,170,50,98,57,77,16,34,58,192,173,150,92,156,136,27,34,140,174,88,77,182,133,140,91,140,136,144,149,105,154,93,177,99,50,119,3,171,182,165,2,34,77,120,3,176,159,143,189,10,39,31,148,89,153,97,52,199,4,89,148,146,55,111,7,117,168,188,69,114,126,30,79,76,4,18,181,110,121,113,22,33,37,97,118,87,123,189,147,83,49,184,18,71,76,167,12,143,38,83,79,15,7,0,199,134,49,167,37,56,142,181,126,184,158,166,143,184,69,110,26,26,51,48,42,146,191,48,134,30,199,107,183,48,127,118,26,129,84,17,17,46,146,7,153,129,111
182,154,170,120,92,77,90,154,93,9,122,27,122,125,173,74,41,161,53,58,93,104,139,180,73,14,35,8,66,14,28,85,72,77,133,172,128,25,157,154,145,196,24,182,57,176,165,180,128,2,178,174,101,57,120,34,90,133,61,144,73,176,80,180,196,91,122,62,99,103,171,151,119,133,165,93,90,99,65,151,122,137,165,145,61,139,95,61,53,24,182,154,35,173,173,41,82,159,128,13,26,153,48,48,147,148,199,100,162,48,84,71,6,17,148,146,97,193,199,189,26,138,75,81,127,158,87,148,22,26,108,147,186,22,32,42,18,130,6,63,152,113,17,97,97,152,39,19,181,7,147,12,47,166,63,10,111,39,48,83,42,138,38,186,167,47,146,96,97,6,4,141,121,69,134,115,158,55,123,20,130,106,11,183,188,153,11,169,39,79,42,17,94,114,6,181,94,131,138,52
41,2,104,86,194,82,72,120,68,14,57,156,154,128,159,105,82,67,182,151,176,196,157,80,60,67,133,125,195,174,187,195,90,125,144,85,25,137,124,13,85,98,64,88,101,68,136,68,78,154,62,156,154,62,133,180,99,68,155,98,135,35,192,177,197,140,82,105,175,180,57,40,182,40,25,132,198,85,101,194,124,80,60,144,98,35,14,174,9,196,73,161,194,13,132,58,124,67,144,187,169,111,11,131,148,76,7,79,189,126,15,111,113,190,26,179,109,83,6,162,109,76,115,184,100,129,116,43,7,75,81,55,179,52,193,148,126,111,6,113,188,138,71,38,142,143,147,153,130,32,169,183,36,55,63,48,185,18,184,167,141,131,143,117,12,183,106,162,152,126,185,118,52,96,181,89,51,70,116,7,134,63,183,146,134,71,189,129,76,52,168,191,117,39,142,63,162,59,11,84
112,35,165,34,196,128,192,187,8,16,192,65,27,25,50,163,66,45,173,198,57,21,14,144,122,98,72,194,135,175,195,2,103,103,133,137,133,21,128,173,120,2,151,145,92,88,145,74,182,132,120,60,77,176,45,85,125,93,1,119,119,44,132,98,44,187,175,74,157,171,99,35,120,154,68,144,140,74,125,65,14,155,91,174,88,150,150,73,140,180,27,119,85,72,149,35,86,40,192,21,37,181,4,100,51,52,59,158,48,109,153,49,17,167,138,48,191,109,46,87,148,69,148,6,26,164,114,143,47,188,17,126,10,71,147,59,55,179,186,188,162,168,36,20,106,153,29,108,47,12,37,63,32,183,59,18,183,141,179,117,168,186,38,118,75,109,76,84,33,114,134,113,70,188,109,100,7,12,29,70,193,186,106,146,127,6,30,56,181,79,29,184,143,96,47,47,169,199,18,20
57,194,1,174,137,2,133,170,27,24,176,98,44,165,60,175,180,198,45,88,174,177,144,125,64,82,61,64,74,72,173,99,40,27,104,28,27,8,135,40,45,154,61,14,34,27,105,175,41,1,67,159,93,78,180,21,151,34,192,124,80,61,125,187,77,44,195,177,119,187,54,194,93,57,72,173,45,192,62,88,120,135,151,86,196,60,80,155,28,125,136,170,45,82,68,64,93,95,173,95,164,52,107,167,117,70,69,129,39,32,39,12,153,36,121,36,18,164,15,142,106,193,94,33,121,167,100,63,191,19,59,55,183,153,127,143,20,190,166,162,42,107,23,190,117,183,107,126,134,29,31,111,110,26,33,39,12,121,130,146,188,186,30,55,118,55,108,18,100,18,168,7,43,89,22,113,96,0,141,56,123,184,167,168,127,115,110,188,4,31,108,87,117,63,162,121,152,169,113,30
50,161,124,159,128,120,72,67,174,135,136,155,62,61,103,92,53,66,128,54,104,24,65,88,14,90,133,165,132,68,90,90,58,122,182,196,66,175,135,53,105,72,145,122,45,45,9,136,9,125,157,82,14,57,35,35,34,85,64,145,177,160,132,150,58,105,88,73,66,93,62,27,45,86,2,187,175,104,192,150,5,64,196,135,58,154,62,16,60,65,136,27,62,45,93,180,180,145,25,119,193,22,46,143,38,31,12,33,185,143,193,0,179,131,199,36,107,32,166,38,42,94,183,167,15,114,89,143,110,142,111,185,89,153,83,166,110,83,181,164,69,113,26,84,87,96,186,108,148,71,146,55,39,48,152,142,107,168,153,32,89,107,97,10,55,19,142,26,94,79,184,110,141,94,134,71,109,11,81,113,126,19,142,46,0,181,75,15,185,141,7,168,49,87,20,49,142,71,126,70
112,98,2,150,178,144,140,128,180,91,161,122,196,93,174,157,155,172,154,150,60,137,28,165,182,171,150,159,163,178,154,77,98,198,180,77,161,154,155,25,196,159,8,120,187,68,28,160,34,161,128,144,28,91,98,8,68,54,105,95,176,160,58,5,77,50,135,177,8,120,80,73,34,14,155,85,66,73,125,177,21,198,77,197,163,2,125,165,149,157,151,98,156,65,161,198,88,160,151,91,102,186,89,147,114,75,30,87,84,10,4,141,131,190,32,102,166,10,23,190,79,138,167,46,29,56,36,169,89,127,7,168,199,23,100,116,83,37,191,22,56,31,70,63,117,162,52,26,183,100,189,152,81,47,126,117,97,121,43,52,179,84,18,100,153,158,199,69,17,169,0,18,169,167,190,115,37,59,0,48,36,29,141,89,79,167,130,94,7,123,10,22,33,94,6,134,189,87,36,142
2,41,72,128,66,119,160,177,144,171,74,197,159,85,27,64,93,50,35,1,171,151,62,90,67,62,91,64,150,139,145,149,61,180,174,171,133,98,180,187,132,99,161,195,120,196,44,93,62,180,57,133,90,67,74,54,137,21,53,180,78,144,132,155,1,9,21,195,91,154,101,128,34,101,68,119,91,196,99,1,2,80,103,112,45,150,90,171,150,125,1,124,72,82,73,145,198,195,60,98,75,96,38,147,30,20,76,189,152,123,129,127,11,59,113,26,146,143,70,188,131,153,190,76,117,83,43,81,81,97,0,69,110,108,43,118,17,55,111,33,134,188,158,166,115,152,11,123,191,32,129,190,138,89,71,97,26,109,130,56,141,0,31,102,143,6,115,71,43,111,102,127,42,32,10,49,43,111,169,6,39,143,169,126,179,6,153,12,36,49,116,76,55,47,26,121,110,29,75,0
16,98,91,187,165,159,135,128,27,61,104,150,67,150,53,44,9,9,145,172,28,93,144,192,28,140,9,21,145,27,132,135,82,34,124,140,122,3,151,101,77,64,27,197,135,180,135,40,74,24,137,187,170,170,178,128,41,125,156,45,103,133,154,65,5,122,165,173,68,101,192,73,128,95,161,159,122,198,35,178,112,62,80,197,85,105,140,13,80,139,45,62,82,74,9,132,35,65,65,99,126,43,117,166,47,39,153,38,22,167,4,129,164,81,129,4,18,12,48,148,185,46,146,0,148,141,7,7,102,22,131,186,30,22,12,36,114,89,47,6,134,46,36,169,181,121,47,32,63,166,56,39,6,110,84,63,33,26,121,127,143,142,87,147,43,75,179,190,63,131,51,89,94,126,19,0,127,42,79,110,79,116,29,188,127,184,146,55,181,164,168,166,96,17,146,11,183,89,199,143
68,67,139,176,161,101,133,92,150,92,90,105,44,140,195,133,85,44,93,58,154,182,5,50,174,61,2,72,112,66,68,78,149,67,124,124,182,182,135,28,101,101,3,182,60,78,178,53,3,103,74,27,35,34,58,140,1,14,74,28,173,78,82,105,3,66,197,175,92,68,77,176,2,82,160,154,95,25,24,35,125,192,91,40,86,41,41,133,53,61,154,101,176,68,178,160,182,194,44,154,79,126,63,143,100,110,38,143,148,52,43,141,108,121,148,186,42,186,109,191,83,191,116,131,164,113,59,113,46,130,100,17,168,142,102,184,138,31,102,141,100,79,81,108,55,199,186,184,59,167,108,96,42,152,48,134,0,6,75,38,56,33,18,56,108,20,189,69,89,39,11,110,183,100,18,142,18,10,83,4,31,48,29,108,126,193,30,19,113,56,168,147,7,48,94,84,168,49,10,116
177,154,25,172,178,65,5,163,85,198,90,64,92,176,105,21,139,93,194,35,34,3,73,159,119,101,24,60,157,145,124,16,13,98,58,35,178,137,137,8,9,155,66,82,151,45,150,103,41,163,53,124,50,50,171,178,112,35,53,124,77,77,124,122,67,95,54,44,120,35,35,82,145,66,16,98,58,149,104,54,128,156,180,57,14,92,67,124,50,120,88,92,196,53,92,180,45,112,145,145,106,164,123,32,12,102,143,108,152,17,166,94,191,69,87,108,131,30,166,42,116,111,142,127,7,164,193,17,167,169,26,183,47,32,114,127,4,116,69,127,10,106,43,185,123,188,138,51,102,56,56,113,56,109,114,141,37,97,117,167,83,12,142,29,102,109,26,31,118,108,69,121,87,63,193,23,107,29,30,22,81,70,48,89,11,7,30,4,186,107,81,0,143,181,51,49,191,129,146,52
174,187,28,78,175,14,124,175,124,145,112,41,16,157,80,155,196,13,198,72,67,9,50,145,57,165,72,66,64,5,149,144,82,57,73,64,137,154,65,99,57,78,58,65,66,136,92,171,61,98,149,25,156,77,175,16,40,9,65,64,180,145,91,85,112,194,139,124,151,16,128,2,195,8,172,74,198,13,93,61,82,132,149,27,187,180,28,133,197,91,40,67,5,170,68,140,120,77,68,61,146,179,56,49,17,147,147,89,185,19,4,18,126,193,183,87,141,181,130,55,76,59,17,138,183,100,49,193,185,108,0,146,186,167,118,153,107,79,169,143,29,181,56,46,32,147,146,47,193,131,131,164,166,158,116,113,127,102,4,51,130,18,181,142,71,126,184,147,76,148,138,164,81,6,12,191,48,142,141,19,162,168,46,48,15,83,191,83,49,63,48,56,127,164,107,152,138,179,38,183
197,58,77,154,149,122,140,150,80,65,54,124,82,93,24,34,85,73,28,103,101,40,150,173,101,192,150,157,160,160,120,41,77,140,5,99,145,14,24,24,45,5,172,28,9,137,187,161,101,57,77,64,187,157,120,105,137,175,65,125,74,77,1,195,3,150,125,159,98,91,174,119,21,40,156,13,197,105,21,90,82,68,8,144,41,58,155,135,34,80,171,177,176,161,25,1,135,170,77,170,11,84,129,83,42,116,55,108,37,114,141,110,185,109,15,59,33,130,162,100,10,87,7,143,12,49,147,148,184,107,127,26,193,46,37,183,114,63,76,87,75,51,121,38,49,181,55,12,87,188,126,30,0,17,71,38,56,118,189,46,18,63,69,193,113,116,113,81,102,31,114,47,184,152,97,181,126,188,63,102,183,83,31,6,184,162,51,37,33,148,134,107,36,127,0,115,96,63,117,63
9,58,173,176,163,8,13,198,80,60,95,13,187,82,72,53,170,112,173,140,98,1,136,28,95,180,91,103,78,41,194,74,155,132,13,173,192,53,61,197,66,198,132,154,182,14,124,178,53,16,72,92,80,159,41,21,187,67,24,45,53,173,198,73,139,93,41,173,14,2,119,9,104,92,14,155,175,99,14,195,145,120,178,159,161,171,93,187,90,156,133,3,175,122,104,90,13,175,72,44,129,181,30,18,84,23,190,117,146,106,20,96,11,18,126,143,70,23,107,141,10,42,6,29,63,81,87,97,158,97,39,189,189,188,23,115,111,81,6,169,79,110,47,179,191,70,106,109,11,113,107,106,110,106,71,19,4,168,191,152,110,69,129,188,116,12,59,111,186,185,188,109,12,29,152,59,26,153,76,55,184,37,37,97,188,199,111,148,102,19,107,186,179,118,148,70,116,17,18,152
91,187,2,163,78,105,8,28,24,119,144,124,136,93,177,64,194,9,61,125,177,170,62,25,78,170,122,80,85,82,101,165,150,197,197,77,60,187,24,54,41,77,155,74,136,78,74,25,133,105,58,14,144,41,176,171,86,175,122,105,161,178,98,161,90,135,16,82,172,72,101,177,165,194,161,112,21,21,78,64,16,99,72,161,196,9,155,170,5,195,105,73,133,78,62,90,80,187,159,9,17,186,38,29,129,4,146,47,193,126,167,153,117,79,31,96,59,56,186,130,110,39,166,81,30,20,191,117,56,129,20,166,121,52,146,146,168,146,167,6,71,115,184,138,118,113,179,115,183,55,36,168,32,111,56,106,47,71,63,46,131,71,188,36,70,188,30,81,84,49,30,134,20,117,110,56,102,15,33,190,11,10,148,15,81,71,102,71,30,30,7,193,146,118,127,81,43,164,191,162
77,165,77,176,68,28,182,45,104,5,35,50,150,85,105,140,64,144,119,104,173,3,53,98,53,175,98,165,41,61,122,34,154,172,124,27,195,178,58,86,25,135,178,68,173,85,73,103,139,1,78,45,178,122,105,157,177,27,165,105,192,176,197,9,53,128,157,98,95,139,74,77,149,34,194,68,66,120,182,156,95,172,25,144,64,50,44,8,149,150,45,50,165,34,156,72,57,198,68,182,179,23,4,26,39,31,51,141,166,109,51,11,15,89,158,0,96,143,15,191,162,184,113,47,181,69,134,123,49,129,143,117,167,162,7,186,30,22,162,19,109,134,147,130,134,23,4,143,146,100,0,79,158,36,18,109,59,38,111,113,183,81,17,49,185,15,153,134,188,111,0,70,167,55,46,89,167,33,43,127,47,168,190,158,123,32,46,30,138,184,152,4,43,22,102,36,152,97,183,89
192,34,1,151,54,128,154,198,78,165,1,125,82,144,62,14,54,157,174,77,124,192,72,16,182,9,40,112,101,177,128,175,195,27,175,21,41,104,28,44,74,62,156,177,132,66,77,34,92,197,86,60,34,28,44,192,13,8,149,91,198,136,64,2,21,171,13,174,28,28,125,137,66,78,165,62,182,50,2,151,28,101,177,133,172,133,1,91,99,98,174,9,74,176,170,163,180,156,35,128,142,11,185,107,179,185,152,29,81,56,102,79,97,38,97,89,20,4,31,75,169,75,111,37,18,186,55,7,0,71,107,106,79,49,100,153,0,31,79,83,75,52,89,146,0,190,141,186,12,188,166,55,152,186,23,186,30,148,113,183,29,81,49,47,141,169,117,63,118,4,152,23,169,134,42,56,12,181,148,102,18,184,4,47,6,141,71,76,181,59,15,7,29,17,26,115,51,31,19,55
132,176,61,57,77,170,132,173,149,65,187,54,161,103,137,178,64,159,133,14,50,98,2,8,176,78,34,98,92,104,77,144,172,177,119,65,64,176,45,50,128,54,192,73,95,74,72,175,5,13,112,155,14,135,8,93,137,104,25,124,60,91,92,5,21,28,120,173,35,187,197,67,1,175,3,187,160,133,198,67,72,198,5,24,78,78,187,173,92,104,93,24,182,182,171,104,74,195,112,2,19,11,87,69,153,162,19,22,69,89,116,100,10,87,138,167,123,83,49,107,79,59,168,106,22,76,168,152,190,143,29,129,94,114,126,127,158,48,38,116,186,189,118,115,193,123,49,43,188,142,49,190,31,110,190,43,71,117,179,4,6,129,121,102,63,19,107,84,10,0,199,114,110,70,6,114,188,107,33,193,102,71,162,162,162,164,96,42,11,52,96,166,10,49,126,12,131,142,29,116
58,136,64,149,28,14,28,88,27,173,196,194,5,198,8,135,13,154,104,80,8,60,125,65,95,139,137,98,112,157,144,165,28,25,136,165,8,163,196,171,40,98,101,195,154,64,119,67,137,194,178,61,133,68,103,5,174,157,112,5,122,40,64,192,14,5,95,177,103,73,73,50,66,156,54,112,21,88,119,165,180,66,60,195,132,157,145,62,80,98,86,175,139,119,182,21,3,128,34,21,49,94,179,43,126,6,118,191,113,141,31,102,123,169,130,19,51,33,129,181,89,17,118,39,83,63,7,129,114,134,141,30,158,51,116,143,47,167,49,121,79,146,129,12,83,30,97,162,147,83,26,114,107,121,38,75,47,153,131,147,188,123,158,169,94,49,131,193,115,147,29,117,38,146,83,179,143,12,181,102,146,186,59,96,199,123,71,6,188,121,117,199,146,110,51,51,69,167,147,111
34,5,61,163,165,150,198,58,170,133,50,156,195,65,159,149,128,160,124,103,151,65,66,2,5,25,128,170,34,165,95,62,34,170,82,28,173,194,159,44,53,93,140,173,132,139,90,98,128,34,174,163,73,85,28,137,14,125,125,85,170,86,62,175,136,149,119,73,64,1,133,163,177,95,66,86,14,72,187,161,67,58,41,176,90,128,93,103,176,25,195,170,197,9,44,154,67,194,82,161,147,26,22,188,63,20,166,168,143,138,113,183,55,20,184,114,123,183,6,15,33,146,18,63,63,164,4,52,19,71,130,109,138,15,63,146,76,108,107,79,107,131,43,46,94,168,129,188,75,87,146,142,56,164,42,89,81,59,108,134,33,84,55,55,186,83,166,59,38,167,48,59,0,118,127,4,109,110,143,110,146,121,49,47,190,84,81,71,51,146,47,111,84,49,52,17,116,126,147,106
150,13,112,172,103,88,35,13,144,154,65,82,157,125,101,159,198,176,124,3,156,171,67,60,40,91,101,157,120,198,140,160,67,139,165,119,197,80,35,34,72,176,2,125,124,24,160,92,132,136,1,103,86,159,24,45,72,93,3,25,88,170,182,137,101,85,105,172,135,53,41,21,78,101,133,192,165,2,95,60,139,98,157,40,150,35,2,151,90,161,93,85,198,25,151,77,5,67,5,57,81,76,55,52,127,153,126,37,109,158,39,186,181,193,63,126,167,87,147,10,81,102,19,42,63,36,23,199,42,117,11,138,147,146,168,15,70,179,189,70,55,142,26,15,189,26,107,69,100,89,158,30,185,147,127,166,17,186,167,181,17,189,20,113,19,168,114,184,23,152,142,81,134,94,181,4,30,123,179,56,83,164,17,30,59,79,33,46,81,126,59,76,22,148,47,4,12,181,116,12
170,159,53,182,165,198,41,187,67,91,80,103,86,187,170,163,27,27,105,104,159,198,61,80,3,137,9,13,119,25,120,149,105,144,24,172,160,50,124,54,122,82,14,170,9,66,50,73,124,2,25,156,44,156,88,62,145,45,25,192,50,93,99,124,93,124,13,150,161,54,91,85,105,21,78,60,78,91,171,98,187,155,65,5,173,196,195,13,2,72,92,198,34,73,180,122,45,197,132,196,97,81,184,168,55,115,123,26,152,130,55,63,10,193,79,142,147,23,138,4,162,152,153,70,33,184,153,22,100,193,123,18,167,97,121,81,158,115,10,11,83,26,32,168,121,79,118,146,166,138,190,79,39,129,70,94,7,71,131,153,184,141,76,75,20,191,152,6,75,76,110,166,168,129,183,97,158,168,52,47,31,185,143,141,7,107,75,89,42,167,52,76,30,193,89,15,168,0,84,168
155,90,104,54,163,40,120,80,74,8,150,2,137,163,151,24,72,172,133,165,145,157,150,175,66,98,177,137,135,34,72,34,35,124,174,13,133,103,34,101,5,155,13,98,35,45,171,57,72,45,65,67,194,101,8,159,61,21,50,67,62,13,192,140,133,5,136,135,198,175,67,125,198,92,2,145,176,50,2,194,35,173,44,91,85,61,74,125,174,149,64,170,140,80,159,44,28,176,101,172,153,108,181,18,111,30,152,32,10,38,75,109,113,123,26,96,7,108,148,39,127,183,38,83,164,94,134,12,179,121,169,166,188,169,69,10,42,185,191,51,7,55,117,167,6,52,79,70,126,70,107,164,63,110,181,96,29,39,38,83,79,134,6,49,12,31,51,102,63,113,26,116,71,186,83,18,129,118,18,116,42,7,31,4,152,76,59,102,143,129,190,117,56,130,117,79,0,134,23,59
99,92,14,77,187,149,197,112,171,140,103,132,3,3,25,165,156,139,5,21,99,187,133,105,125,5,124,151,50,180,177,61,50,53,53,86,40,137,192,44,24,2,90,27,122,68,125,62,13,74,13,157,68,187,144,62,3,86,1,157,91,161,73,173,99,93,139,16,144,196,139,77,65,8,172,5,27,57,86,175,98,124,68,161,173,44,74,28,151,194,99,64,50,25,173,67,44,174,85,182,116,26,42,191,15,48,20,47,100,38,30,113,23,141,31,20,70,158,56,100,96,20,115,123,89,7,83,168,32,83,134,83,0,110,55,131,94,100,111,47,49,71,18,71,55,131,26,19,17,76,162,11,49,36,87,59,69,111,169,164,26,168,152,75,33,42,52,29,121,75,166,191,96,49,71,118,107,168,118,110,168,46,109,134,113,146,106,39,189,15,108,17,109,186,42,167,179,87,69,141
136,73,194,3,27,140,53,92,53,91,119,68,139,28,128,27,122,62,192,91,58,13,136,57,41,95,2,64,27,2,86,68,175,196,35,1,180,165,105,25,72,3,28,82,54,172,3,5,44,40,103,194,65,144,124,151,180,145,28,180,144,99,41,150,170,132,53,41,13,60,85,41,177,182,172,99,105,78,151,28,3,135,25,101,124,135,40,60,57,68,90,3,112,182,103,198,176,58,103,2,108,143,32,169,109,158,79,107,123,12,10,23,191,79,48,97,185,153,117,114,33,116,76,70,141,130,56,167,47,110,191,63,191,47,117,36,76,96,106,55,102,94,69,100,129,127,31,42,20,117,106,94,164,15,47,43,191,126,17,94,147,81,179,76,49,23,153,49,146,126,167,100,106,111,143,184,52,81,186,164,96,96,46,130,166,102,134,134,146,116,43,46,32,142,199,38,162,52,113,118
112,16,112,161,124,176,62,90,67,176,54,99,90,44,149,192,151,194,128,67,66,177,173,2,9,122,41,176,160,44,72,16,34,182,145,104,61,64,161,66,2,65,151,175,171,9,53,78,24,40,27,95,125,187,25,124,120,104,98,95,149,151,28,93,68,86,140,125,54,45,95,13,139,61,182,25,8,159,35,99,41,176,53,90,90,90,157,80,5,163,180,25,195,175,112,154,157,1,1,165,158,31,106,20,39,185,126,118,167,138,106,118,179,179,179,75,43,193,30,11,142,7,116,17,15,153,158,38,167,190,189,43,18,75,183,46,76,134,126,33,33,84,113,89,7,81,94,47,152,22,51,83,121,102,127,20,96,75,37,162,130,49,26,117,11,33,148,43,169,59,148,190,111,33,11,142,134,79,127,181,19,106,147,55,138,56,0,70,118,4,30,130,7,31,142,167,38,6,96,18
135,93,120,50,197,92,101,149,24,58,21,156,161,68,16,161,40,101,35,1,197,125,195,28,99,137,182,34,67,136,136,28,194,53,3,156,93,1,145,58,34,125,192,1,93,128,14,53,21,137,149,198,62,5,35,112,16,21,90,93,136,1,104,9,132,195,104,140,21,163,95,136,122,198,197,57,103,144,44,21,192,8,41,157,124,64,13,177,25,78,149,27,99,54,165,40,163,174,133,61,31,169,15,6,189,22,4,134,116,49,188,32,0,158,12,111,153,153,38,94,109,109,162,158,84,96,94,38,30,141,142,69,30,129,49,39,100,127,126,130,37,130,71,107,106,131,129,110,113,193,147,167,148,15,191,31,114,55,96,96,87,169,29,47,22,43,191,96,32,48,127,19,83,46,138,96,84,19,23,106,49,46,129,158,184,143,169,79,148,4,131,153,116,129,181,141,110,42,158,185
44,28,156,61,34,176,172,14,177,176,74,67,125,180,28,149,122,14,157,13,133,34,149,73,9,151,157,170,14,150,53,62,157,155,145,45,2,150,178,28,163,65,57,99,86,154,66,194,178,14,133,103,125,178,53,73,64,133,53,92,133,85,135,175,160,103,105,88,171,154,176,44,137,1,58,3,98,50,28,61,27,128,182,180,54,28,156,145,80,3,155,50,119,125,67,60,67,78,163,62,29,127,0,164,169,126,118,17,7,127,121,12,153,84,158,15,153,20,0,81,75,43,37,106,107,113,4,18,30,12,20,4,42,20,138,38,166,117,42,123,17,134,97,59,184,121,39,108,26,69,110,189,190,193,186,193,96,168,110,83,166,19,49,164,0,29,123,97,94,29,183,118,138,116,123,189,117,11,69,113,38,169,96,46,76,84,166,193,48,100,38,47,184,4,167,130,20,43,11,189
105,137,119,178,159,62,1,54,156,66,137,68,45,196,16,34,101,66,101,124,95,60,197,101,16,120,194,82,198,136,67,85,5,54,91,64,176,172,149,45,99,98,90,62,82,99,125,176,99,149,45,160,178,177,125,155,88,2,178,178,86,196,198,74,85,197,170,50,44,14,157,67,60,25,92,173,57,5,82,104,101,112,2,58,144,73,180,82,112,74,8,90,175,157,165,86,125,25,196,2,7,116,141,189,184,89,48,185,183,143,6,141,56,118,138,89,147,141,127,89,179,185,100,166,107,59,84,189,138,188,30,20,102,71,48,56,100,166,19,96,26,81,146,199,118,130,7,12,117,153,106,51,42,153,114,179,52,36,114,52,108,4,109,117,131,38,152,12,186,189,117,30,141,108,22,164,148,76,32,114,87,19,118,33,184,83,48,30,4,147,184,37,191,116,29,81,148,141,4,39
78,128,192,173,53,13,139,25,165,198,5,145,174,16,198,64,68,91,65,82,112,9,54,133,180,135,35,95,136,178,197,175,27,98,54,54,198,24,173,41,135,170,91,80,65,74,149,58,28,135,88,122,151,35,99,174,40,105,9,154,159,67,27,1,133,124,66,98,197,62,2,45,197,140,92,54,122,65,60,78,119,62,170,77,50,136,119,13,61,132,137,196,86,25,54,151,93,53,92,173,164,43,22,47,102,164,32,199,111,127,134,76,52,76,19,113,188,121,109,188,55,47,42,162,42,169,106,96,148,42,114,158,116,131,31,158,169,141,138,118,131,188,190,179,142,70,138,158,4,114,130,38,108,30,152,36,89,0,30,76,183,39,46,131,153,75,10,70,126,26,23,63,51,81,109,142,123,185,166,17,134,184,126,146,52,26,6,75,166,49,23,130,183,52,153,162,15,146,56,84
124,3,82,35,62,192,99,136,124,53,72,170,139,35,151,144,2,192,196,155,159,24,35,172,27,150,67,198,73,180,133,144,125,159,155,35,170,40,170,180,136,80,133,44,68,13,8,182,9,5,40,35,57,95,14,74,28,92,194,61,16,101,88,8,28,40,68,13,91,176,25,194,58,86,136,144,91,140,139,1,177,197,24,92,154,173,176,8,66,150,174,151,128,34,45,88,140,133,41,61,107,107,162,6,20,97,153,123,147,0,23,117,111,162,96,152,96,22,183,191,143,26,186,107,0,75,118,102,184,20,138,46,166,138,108,130,102,30,169,138,32,26,83,19,38,37,109,81,75,48,51,70,69,46,188,19,75,106,49,0,63,70,46,127,179,31,71,199,169,130,184,109,188,18,37,47,126,184,186,19,79,23,186,79,63,76,18,59,87,168,130,148,141,141,188,4,46,29,75,10
149,44,66,172,140,91,101,9,170,176,67,67,157,151,197,28,173,198,99,192,91,133,35,139,50,86,140,24,41,14,101,178,66,98,77,73,98,92,88,44,9,53,67,157,187,122,128,35,74,180,192,180,9,145,105,28,171,24,73,1,105,155,198,180,145,139,103,155,194,91,177,154,44,125,40,135,65,14,1,105,25,104,149,14,28,156,197,67,175,88,144,165,58,174,173,160,72,65,82,136,169,141,46,11,47,191,126,76,79,42,107,69,75,152,188,185,162,152,164,76,142,108,126,179,188,4,46,97,114,142,162,118,116,46,114,113,185,108,123,115,114,89,4,168,143,146,190,29,189,158,189,71,52,11,71,168,126,109,15,22,87,17,199,59,121,147,191,33,42,46,153,39,47,118,179,6,32,181,36,79,106,169,166,113,110,123,12,0,11,190,33,12,43,121,189,115,94,17,75,7
73,151,154,66,194,25,58,159,61,90,170,68,144,62,161,86,28,92,68,80,150,93,172,150,8,3,112,135,2,135,21,24,35,171,73,5,80,120,34,80,68,122,14,149,119,175,159,40,119,80,170,13,161,173,61,57,98,61,159,145,61,74,99,25,64,80,77,112,91,40,136,45,21,170,136,149,132,120,165,101,92,73,90,27,40,50,163,132,128,135,91,85,197,74,67,125,132,125,101,128,127,142,87,186,23,84,113,11,141,185,10,153,162,47,118,71,147,94,186,118,185,76,146,130,63,148,129,126,79,129,84,79,121,89,121,76,164,115,6,100,10,59,97,130,37,147,130,109,59,183,30,30,76,141,70,22,7,39,183,130,131,143,107,52,52,84,36,184,42,89,106,113,76,186,79,96,179,32,162,190,107,152,166,193,164,141,189,129,168,167,49,168,189,111,199,46,166,183,167,48
119,178,88,170,5,85,182,90,24,66,149,125,170,150,175,93,177,163,139,88,86,197,165,112,34,3,67,178,132,8,78,40,66,85,54,74,8,45,172,93,135,25,160,196,137,154,54,27,154,176,57,61,45,151,145,85,132,119,173,93,25,101,119,45,154,82,112,196,187,93,175,157,58,54,137,175,16,163,99,125,192,160,151,104,120,58,124,157,77,57,156,182,173,155,112,65,64,197,72,187,7,143,186,12,109,47,141,46,183,169,142,55,76,59,130,15,110,6,96,6,106,185,114,49,113,148,81,55,69,106,138,141,116,107,81,138,186,138,185,116,46,43,148,121,162,49,18,29,30,52,100,59,76,56,181,190,199,109,147,138,46,168,162,189,17,63,166,110,109,115,113,168,102,29,4,184,130,117,108,38,49,19,81,55,152,18,109,113,26,162,69,158,46,89,23,183,96,109,167,111
68,135,198,1,54,90,136,155,170,35,77,35,95,157,151,9,50,5,196,112,60,98,41,180,161,178,144,35,151,196,8,119,27,60,176,112,112,196,119,44,125,58,198,170,151,182,64,21,173,57,82,44,95,125,154,149,140,72,61,95,144,195,103,85,44,60,194,25,174,90,82,57,196,103,172,155,112,192,88,163,103,88,149,128,122,1,5,175,149,154,95,64,3,196,157,128,98,41,67,92,30,11,146,69,167,17,107,141,38,102,181,158,30,189,186,109,37,102,32,183,183,131,31,169,79,47,36,152,19,109,59,10,47,56,189,106,126,147,110,83,89,117,131,84,32,31,51,26,106,94,158,113,18,164,191,42,83,184,106,37,46,152,162,17,130,167,83,76,148,18,83,186,7,79,127,83,181,42,32,29,107,107,37,193,0,29,83,48,166,141,42,164,188,106,56,39,32,113,131,107
170,139,27,176,170,149,198,78,68,60,95,92,105,41,8,77,182,195,34,5,140,154,128,1,159,165,80,90,53,92,13,67,5,28,140,92,192,34,85,170,34,149,72,176,187,174,62,145,187,82,61,93,68,62,90,98,172,16,60,196,44,197,65,137,88,21,151,95,41,196,139,173,177,128,160,57,124,27,72,54,60,99,93,156,80,180,62,91,198,133,28,173,35,104,103,150,90,44,133,60,4,162,87,186,52,111,199,49,148,183,75,84,189,0,115,89,121,121,89,63,70,130,56,38,158,114,18,116,148,7,56,10,123,20,70,181,111,143,87,42,166,148,108,189,102,127,117,118,162,23,36,70,117,4,83,126,6,130,129,109,4,96,102,81,191,138,52,84,33,116,131,121,43,102,134,181,199,39,83,168,147,12,94,107,22,114,109,110,75,4,146,185,52,63,143,162,39,190,56,188
9,21,135,13,98,34,194,93,125,73,101,149,2,45,35,95,157,25,62,124,62,150,50,156,85,57,3,58,65,140,66,53,45,2,122,173,197,172,182,14,192,101,161,77,45,78,195,163,67,198,194,62,120,171,180,92,112,120,150,112,170,95,175,95,8,45,119,57,92,140,80,198,2,1,145,41,53,151,176,105,112,24,128,156,58,151,88,128,112,159,9,34,132,74,28,5,24,93,9,173,63,10,183,193,102,117,89,0,162,108,167,118,30,47,188,126,52,111,55,89,76,115,127,12,75,49,158,79,47,15,70,189,94,76,143,158,76,89,141,113,118,43,10,43,185,49,46,4,199,71,191,69,190,76,6,193,152,0,20,32,10,181,96,11,141,48,183,146,36,129,52,79,185,106,10,134,89,152,162,55,183,127,46,138,193,190,109,179,166,109,39,38,94,148,4,168,46,59,130,70
57,151,154,78,174,93,57,128,72,73,9,50,120,93,95,27,60,172,67,192,187,187,88,198,91,57,80,145,3,171,176,64,172,27,61,65,53,88,16,175,14,13,14,2,45,132,197,67,150,61,197,91,77,139,136,165,53,171,41,171,91,101,92,54,156,137,150,13,136,140,122,78,90,40,82,77,175,58,95,72,136,145,197,150,14,161,41,125,171,78,60,66,16,161,157,95,173,137,88,125,83,130,107,185,123,111,31,116,48,121,184,131,87,143,152,12,33,108,186,153,168,76,43,38,94,4,102,79,106,193,121,29,162,162,106,109,20,38,130,113,70,48,55,37,56,166,109,76,38,158,32,4,106,114,106,55,49,12,179,97,55,179,183,17,148,184,113,199,0,134,134,185,43,26,43,18,134,118,110,183,31,20,110,96,30,70,129,46,46,147,56,79,36,36,59,134,59,114,97,47
64,74,132,73,101,187,98,122,58,68,151,90,53,65,21,53,177,67,144,155,187,132,3,85,99,95,93,45,35,135,105,156,105,34,80,21,194,119,180,163,82,105,54,150,160,21,197,163,133,72,2,64,175,163,165,68,101,192,88,145,3,64,90,170,91,73,2,177,16,93,160,21,35,104,78,174,73,92,99,165,170,35,195,145,5,82,120,170,77,85,82,25,119,72,140,14,157,161,145,24,167,18,56,188,107,111,48,169,81,49,123,70,30,70,102,10,15,43,6,11,109,142,181,49,89,116,168,107,84,166,190,69,190,12,69,141,188,115,134,164,142,56,189,48,138,164,114,191,153,32,47,48,56,4,36,114,97,29,63,179,179,43,100,49,116,117,6,146,142,87,38,168,148,147,70,186,63,39,30,55,148,83,30,48,117,100,109,158,110,69,102,126,141,55,199,33,43,115,29,51
192,119,98,187,28,170,74,78,132,194,57,139,195,1,172,91,112,175,174,53,105,187,160,74,135,65,73,35,25,144,173,145,65,177,21,61,171,91,28,149,53,41,137,13,132,21,149,165,93,34,60,86,171,137,24,72,9,104,178,85,173,95,132,178,137,67,182,157,90,101,160,60,149,16,57,163,150,40,112,44,149,160,192,28,13,104,145,82,173,198,61,45,91,25,165,122,86,99,156,90,134,134,26,130,69,193,142,113,129,18,87,167,36,55,39,129,18,134,75,47,134,185,113,15,19,79,184,116,11,191,76,56,131,20,123,17,38,114,113,84,108,87,76,20,19,49,143,51,164,100,107,7,190,47,110,191,23,184,76,114,191,138,36,51,75,126,130,179,191,70,138,181,51,100,26,47,55,188,70,69,48,48,111,166,127,15,7,115,186,32,191,19,106,106,193,130,20,17,191,22
176,122,133,133,24,149,196,161,50,144,5,50,112,173,124,192,53,25,128,136,103,68,5,195,104,165,13,58,195,65,119,60,180,3,44,194,88,86,66,173,165,28,91,57,74,98,90,140,149,28,120,157,1,103,28,165,34,159,192,34,156,105,124,175,104,66,172,58,165,177,150,154,156,192,16,62,45,157,177,98,105,21,173,154,2,145,82,173,27,5,170,54,34,159,112,21,88,77,160,187,167,6,113,20,127,146,141,121,189,52,121,118,36,189,7,26,113,17,6,184,130,83,152,183,168,146,100,43,108,97,51,6,123,121,30,4,22,37,70,33,148,79,131,37,12,59,22,158,59,71,191,17,179,19,116,84,189,152,18,43,186,42,51,121,52,147,166,49,7,102,46,71,127,181,191,188,185,143,39,76,121,69,147,0,97,55,37,167,71,0,152,56,190,42,164,15,199,49,97,69
172,198,78,170,136,90,160,90,41,137,27,68,197,151,64,132,122,171,175,139,120,5,139,50,137,163,150,101,124,60,99,93,1,144,41,171,125,66,74,176,9,157,160,16,161,135,124,58,16,135,151,21,85,165,74,160,74,1,24,78,136,170,160,21,105,73,86,86,78,177,24,170,160,105,124,2,194,145,16,182,155,105,104,155,149,14,157,112,128,25,77,128,92,93,95,92,176,139,80,27,94,100,37,96,11,10,188,118,48,158,42,143,146,130,69,39,84,184,188,188,38,51,100,100,81,121,69,48,43,36,109,33,138,84,199,26,186,36,118,17,19,138,87,107,115,143,131,89,108,130,147,168,94,79,191,17,46,108,81,46,158,52,168,33,39,117,23,166,89,26,4,186,59,19,33,118,152,76,22,49,138,26,190,190,185,164,168,183,75,20,59,15,79,75,169,89,190,147,4,81
170,182,73,99,149,66,3,101,128,67,176,82,25,62,57,176,120,1,198,192,136,65,156,3,93,21,2,93,98,195,78,198,174,194,157,103,80,92,172,98,192,93,182,180,195,58,34,128,154,196,13,53,66,50,66,53,86,21,105,13,172,119,122,105,149,171,165,34,57,187,45,177,62,99,85,13,150,1,132,171,171,151,154,86,8,196,95,198,187,65,72,172,53,136,35,78,150,128,149,66,121,147,18,81,138,117,148,116,83,199,20,148,142,130,153,143,162,162,185,10,109,191,22,20,48,118,118,71,184,29,42,12,134,158,115,75,121,63,186,37,153,51,10,183,189,36,108,29,23,42,4,97,70,69,181,148,10,142,47,36,75,199,115,37,169,123,123,55,123,29,11,51,63,15,81,52,46,52,97,59,167,179,102,131,42,179,84,36,56,38,17,100,15,141,32,33,70,0,11,193
156,54,182,2,171,91,163,9,65,21,8,145,128,105,21,128,40,139,154,67,91,9,35,13,150,140,62,78,61,61,172,73,187,156,24,112,159,163,85,112,95,112,159,173,174,27,172,155,44,40,13,101,170,160,125,163,145,61,197,159,21,187,150,72,28,122,155,136,9,82,161,9,8,21,112,54,132,137,171,13,41,182,187,172,40,104,160,128,192,2,66,68,160,195,67,82,122,172,122,187,106,51,96,6,109,31,111,96,59,185,20,17,42,190,130,89,142,169,189,32,48,43,43,47,110,18,147,29,6,89,189,36,42,17,190,23,81,23,10,7,47,107,118,63,84,76,84,23,81,4,183,7,69,71,84,46,94,75,47,131,31,158,10,37,52,130,109,166,169,123,121,26,147,127,188,81,83,26,146,115,71,11,193,43,36,106,113,193,23,7,109,97,142,63,87,102,169,47,20,127
177,180,119,66,2,95,80,53,44,103,145,85,16,157,139,50,77,156,124,67,92,92,25,144,182,103,157,144,25,171,73,62,86,77,156,53,149,139,67,172,182,172,74,177,151,122,112,35,137,67,155,67,155,34,145,122,124,44,163,192,125,157,104,176,68,174,149,144,61,157,157,77,57,41,171,82,159,104,64,120,21,9,45,156,21,103,145,88,187,194,196,58,149,21,73,177,135,8,3,93,114,84,162,129,134,12,117,129,84,126,110,20,131,63,189,51,48,127,113,142,110,138,76,169,11,22,118,48,127,15,36,118,168,123,26,162,7,23,55,185,87,11,22,168,100,123,22,97,42,81,36,4,47,71,179,106,164,15,30,75,184,12,36,191,109,47,29,113,162,127,188,166,141,15,138,129,129,129,0,56,117,114,7,164,123,15,84,146,96,15,18,184,36,184,56,31,181,169,32,158
104,21,8,68,159,125,88,104,40,120,98,65,9,5,2,67,136,41,74,135,80,9,99,136,57,13,176,192,119,54,104,163,159,77,53,105,194,137,16,132,25,172,2,174,157,28,61,144,91,91,85,61,125,9,172,50,101,119,196,101,140,86,3,195,195,82,93,176,78,88,197,144,13,82,157,120,195,144,170,41,16,62,150,80,3,95,21,105,156,80,54,137,27,90,112,57,3,8,132,13,89,20,193,19,49,56,190,130,152,49,190,193,148,19,158,79,0,59,189,87,31,146,199,38,81,117,184,158,191,109,116,189,33,162,131,6,19,59,143,107,191,69,11,18,169,75,19,141,47,126,117,37,71,38,188,169,10,49,56,10,12,83,97,52,116,118,55,11,110,141,107,109,117,46,30,18,81,190,184,113,22,153,96,17,79,199,158,113,138,48,199,148,38,107,48,181,152,179,75,32
157,135,53,61,98,170,60,180,173,27,68,173,98,61,103,14,172,78,80,91,2,155,24,1,112,98,132,82,99,3,72,61,5,101,182,78,80,90,35,101,163,140,149,178,57,144,13,175,13,65,104,192,3,122,86,41,50,173,112,72,120,8,159,192,149,8,176,24,58,154,62,165,13,66,86,128,82,136,34,40,73,68,5,150,57,151,160,24,171,139,196,196,135,178,41,67,65,13,122,92,33,39,185,96,18,36,169,76,115,59,162,141,158,138,191,70,7,51,185,10,115,87,11,71,153,46,167,15,39,166,179,59,164,179,152,146,22,152,84,158,55,113,188,30,167,39,71,63,147,181,107,29,107,81,87,148,7,148,29,117,189,56,141,168,83,55,114,134,129,10,42,20,188,29,33,6,108,184,185,109,100,56,10,110,185,138,33,130,117,167,97,148,96,193,115,164,162,0,69,189
35,16,175,197,24,125,24,174,174,2,112,3,88,197,124,133,178,2,104,82,2,90,139,175,78,132,25,197,41,8,197,28,61,122,124,163,80,98,86,62,139,122,24,95,125,74,149,156,172,154,124,112,50,182,104,174,159,136,65,61,61,170,77,165,73,172,176,175,176,82,95,150,54,132,77,88,176,132,155,103,156,67,198,8,95,1,173,125,1,149,104,85,149,119,187,150,62,54,165,161,89,10,32,10,83,46,38,79,167,118,56,4,185,108,52,167,22,12,26,185,181,63,32,111,109,118,56,102,199,106,186,185,110,147,193,59,166,37,87,179,7,127,184,167,142,38,29,169,130,107,71,12,113,134,121,158,46,15,23,17,47,189,4,30,143,31,100,158,131,70,56,111,43,109,110,138,143,18,118,19,11,147,87,71,148,48,123,183,4,87,153,17,33,113,162,138,111,129,19,75
9,135,159,173,195,125,197,105,25,58,144,178,45,150,195,65,172,67,35,28,132,44,103,160,105,154,177,140,16,125,80,61,50,132,132,197,93,53,196,125,99,80,21,128,78,73,198,101,165,57,144,195,8,93,173,156,133,194,95,99,160,101,85,135,192,198,161,119,149,16,44,78,140,154,62,135,45,101,65,112,173,176,78,187,165,150,149,5,155,85,154,58,155,171,194,198,16,24,8,112,179,186,102,12,37,17,83,158,166,113,26,127,121,43,87,185,168,164,81,43,42,52,114,142,193,116,97,29,46,143,84,52,29,20,162,108,134,117,110,7,152,0,29,37,117,168,75,38,55,117,31,158,152,43,23,20,17,147,190,96,113,36,51,121,70,36,166,129,191,30,69,184,0,127,63,188,193,190,26,83,109,87,108,22,142,134,75,43,26,142,117,102,181,116,130,43,71,87,79,114
92,27,16,44,50,128,21,66,34,198,149,91,133,25,65,40,95,44,151,161,154,150,35,99,145,34,68,8,173,8,67,50,92,77,99,93,172,137,98,101,54,40,136,25,137,74,171,92,8,85,64,57,161,35,137,160,177,72,5,88,28,119,14,68,91,144,77,101,13,67,132,198,72,90,21,35,157,24,119,85,195,78,156,35,159,99,65,154,144,170,132,149,171,159,78,173,67,105,9,91,31,19,164,152,94,30,111,70,152,158,100,142,47,6,102,191,185,185,19,63,7,4,26,7,107,20,107,108,56,100,7,146,114,7,7,52,126,89,42,134,131,0,70,12,96,15,186,138,141,0,52,138,12,19,188,126,152,141,168,55,37,52,81,111,38,183,106,131,188,89,167,84,184,179,0,193,152,4,184,17,0,4,129,166,46,22,114,47,69,129,107,189,186,188,113,38,7,186,30,186
182,194,197,163,64,77,172,157,197,151,125,45,120,105,182,132,62,77,66,74,155,85,173,198,122,3,161,65,132,159,177,163,21,65,67,85,125,159,125,105,103,80,161,74,60,72,136,178,53,140,128,2,9,135,149,112,170,154,82,16,150,174,178,149,80,34,93,27,192,150,176,195,156,91,57,1,67,86,50,160,122,78,67,77,28,44,195,28,194,78,58,95,53,151,137,25,196,13,156,45,39,12,48,81,183,190,158,63,111,83,89,117,71,147,76,20,11,126,48,117,168,6,129,179,188,22,47,12,153,6,48,59,142,12,186,83,38,146,15,89,11,19,127,47,190,111,75,26,123,75,59,33,134,118,153,59,81,148,10,89,0,199,22,190,110,114,109,15,130,17,153,11,96,168,138,49,81,168,10,31,12,129,89,116,108,37,111,190,113,97,111,185,37,33,129,63,96,199,126,184
103,35,105,198,132,8,24,1,187,120,160,151,139,132,77,61,9,80,24,159,175,140,194,170,161,98,165,58,3,68,128,88,25,119,13,86,27,86,34,197,135,3,99,98,92,60,99,172,137,119,103,136,195,27,154,140,140,101,119,144,62,24,175,177,99,13,80,98,50,82,24,74,45,180,136,149,14,196,50,173,16,180,120,133,50,105,105,187,57,45,177,5,197,73,13,72,104,140,124,95,146,32,100,55,39,158,38,166,129,115,142,39,70,181,6,4,186,181,158,186,162,147,138,81,183,84,70,22,152,169,142,188,15,7,23,38,33,47,168,49,162,22,81,51,100,76,15,70,6,134,26,4,56,106,49,152,114,71,126,169,141,189,189,107,193,179,37,111,59,115,10,158,22,83,153,181,36,146,4,6,134,20,138,118,138,181,0,141,81,97,29,126,158,185,143,190,106,47,26,33
62,160,132,159,73,16,174,45,27,149,58,137,187,78,112,197,165,16,73,171,122,73,125,132,125,64,192,62,85,165,25,172,2,132,27,173,91,173,157,104,144,13,160,34,195,165,24,160,98,198,163,197,50,16,16,27,40,21,172,91,139,104,16,8,149,120,145,50,154,140,53,105,101,66,101,54,93,95,5,149,171,172,155,77,57,50,92,60,151,105,177,156,171,140,157,105,82,149,112,197,199,164,70,127,63,96,49,193,191,22,130,69,143,127,23,111,118,94,109,162,30,52,162,4,23,162,179,162,76,19,183,164,33,7,75,69,131,108,22,141,147,199,49,12,59,167,158,117,117,30,19,107,38,46,43,49,127,127,94,15,48,142,138,146,22,106,121,12,193,6,185,110,87,188,109,10,51,127,106,190,33,96,113,46,31,43,48,131,84,153,130,75,49,32,15,191,164,48,38,138
21,133,133,58,194,57,62,104,34,182,112,77,60,67,50,67,74,154,14,187,85,68,144,77,78,176,99,57,77,90,112,192,132,90,155,5,14,93,45,122,196,104,73,57,34,73,124,124,178,182,159,53,171,120,182,176,35,180,196,103,174,62,73,58,145,197,86,176,91,133,73,9,53,174,174,144,128,93,133,171,159,82,182,154,92,172,64,139,104,74,137,139,135,105,180,112,103,61,86,28,97,39,162,26,111,75,84,117,26,190,52,146,123,94,18,97,39,114,191,84,4,59,147,143,169,4,70,100,181,75,162,185,48,138,32,123,89,100,121,184,179,71,186,63,167,36,158,164,96,18,100,49,169,42,20,118,114,143,0,131,117,83,97,84,43,56,18,188,69,30,143,22,167,87,189,191,23,94,36,148,107,52,153,6,12,138,106,42,97,10,134,0,183,89,22,39,15,89,31,141
91,53,160,99,139,54,136,74,73,21,173,172,137,60,61,40,60,92,60,80,28,137,135,150,14,95,60,163,174,159,157,24,72,74,27,8,5,133,154,172,128,157,119,136,112,122,93,40,78,13,133,64,175,176,112,163,174,125,192,80,170,177,136,60,104,5,45,171,103,13,44,136,155,1,27,92,82,119,198,140,35,120,99,92,149,77,180,182,173,135,177,140,66,35,78,159,9,182,125,112,129,191,109,33,114,71,94,199,109,142,94,23,20,33,113,162,22,79,89,43,70,47,106,100,106,15,79,169,37,79,181,37,12,56,26,130,117,97,126,6,183,186,111,107,84,39,84,113,0,148,168,164,4,127,193,33,89,42,71,123,108,191,83,191,37,146,169,38,117,46,0,123,81,141,190,107,134,43,129,37,26,181,52,158,181,15,193,56,79,142,96,184,46,131,63,186,38,37,15,153
112,149,98,119,160,125,176,174,144,78,57,155,101,68,104,40,8,88,68,182,57,192,44,67,176,161,180,180,86,41,187,78,85,58,68,133,98,177,195,24,45,120,13,28,14,73,85,150,91,98,50,137,144,5,122,160,25,24,103,60,41,182,155,44,53,155,27,182,149,91,161,177,157,182,133,16,61,135,119,5,57,28,163,192,154,155,124,41,93,157,195,80,72,175,14,74,198,54,124,61,17,19,181,152,97,146,75,37,186,52,96,30,185,42,26,29,146,183,11,39,111,110,183,29,115,10,39,184,69,19,19,162,190,184,81,115,189,96,148,186,162,4,76,109,138,181,52,29,191,116,127,166,31,147,71,97,121,179,75,111,70,158,114,107,114,59,162,118,17,153,19,142,100,185,123,118,94,164,83,143,6,59,153,10,131,84,168,59,75,79,52,146,70,59,42,23,142,97,181,168
135,104,175,173,90,159,5,155,8,99,95,60,149,145,155,119,198,92,170,163,173,182,196,159,197,174,3,119,40,170,95,28,74,2,9,34,78,119,176,182,140,27,95,150,58,44,163,103,61,160,150,74,62,73,21,136,45,95,198,86,145,1,21,197,104,21,5,154,173,61,171,119,85,136,54,9,172,145,156,172,136,85,73,101,88,122,151,177,95,112,124,24,40,58,65,163,74,196,176,14,94,143,142,147,109,11,20,184,75,179,107,179,43,17,26,83,106,147,141,83,51,181,56,114,49,134,4,129,169,107,20,179,191,114,97,76,153,168,189,114,51,19,191,32,17,158,111,146,39,6,7,79,141,89,188,118,76,81,126,186,118,4,113,131,134,121,123,83,147,162,48,83,115,121,167,89,97,47,79,20,30,76,147,96,97,79,110,31,183,123,110,108,94,116,141,126,17,130,7,179
78,68,62,151,74,177,192,136,91,40,122,24,155,163,187,125,53,192,195,174,54,137,135,161,3,78,28,41,78,139,34,198,171,62,103,62,77,50,120,132,67,173,25,161,105,65,154,161,34,60,161,9,140,61,72,187,178,68,194,2,54,45,3,54,136,196,101,80,133,60,85,24,150,150,82,128,163,34,93,80,62,44,45,50,163,64,125,13,16,171,74,16,58,165,157,128,5,57,74,197,141,110,100,96,193,123,106,191,51,11,52,109,63,97,42,31,138,189,167,59,109,142,19,168,193,55,84,30,97,162,56,11,56,33,111,183,37,108,23,37,26,131,26,168,190,31,179,130,190,29,100,48,164,76,146,55,138,32,87,46,109,22,59,89,167,6,102,39,199,183,162,42,7,46,102,106,10,70,166,87,188,118,193,23,23,19,183,15,71,37,168,121,19,59,6,102,42,6,79,30
155,149,13,3,194,105,176,103,34,72,159,88,58,136,157,197,139,9,95,66,170,58,61,98,151,177,124,77,198,90,196,178,77,60,174,154,165,90,60,120,54,139,144,187,41,86,53,95,197,197,149,67,90,170,98,61,88,178,25,16,85,195,2,54,35,40,170,92,132,45,161,82,73,101,196,192,161,174,149,182,182,65,172,54,45,151,187,150,175,133,112,98,120,86,196,176,124,54,133,137,189,81,75,153,191,106,138,108,48,152,146,158,76,63,169,131,143,162,59,26,190,12,26,131,164,134,33,108,36,51,96,38,43,126,179,12,4,48,7,127,89,17,20,129,18,190,63,26,71,181,114,12,167,114,49,7,47,134,18,100,81,87,184,83,199,168,0,130,123,30,38,199,89,23,84,100,166,81,7,55,100,167,48,129,114,190,71,110,115,158,168,29,76,116,63,46,43,141,134,162
35,174,61,149,78,194,178,132,34,77,99,66,40,13,155,170,1,139,177,57,34,95,182,104,80,101,195,91,173,8,28,103,132,93,171,196,78,177,120,177,149,192,135,105,98,161,139,172,132,136,24,145,58,35,124,159,14,53,93,40,91,165,149,58,90,198,5,91,101,27,125,1,92,66,88,58,144,5,156,40,192,99,156,139,45,197,40,172,61,98,54,171,124,112,3,34,91,50,156,171,190,181,20,83,164,130,188,147,46,129,69,164,123,49,106,17,148,127,129,109,83,117,56,116,52,185,166,79,75,12,148,116,191,109,23,127,126,179,142,191,59,109,193,117,189,166,69,147,111,37,169,12,42,158,52,169,115,29,10,29,56,12,29,117,11,75,143,52,102,96,189,169,184,18,29,22,183,81,94,130,108,71,138,179,138,84,143,190,193,30,186,59,143,31,79,106,71,114,100,49
74,60,170,105,68,28,176,90,98,88,86,154,86,195,61,64,145,132,5,74,99,172,137,144,119,144,92,178,54,57,187,3,144,144,120,135,198,58,99,170,45,150,65,60,172,144,92,25,124,150,67,13,198,80,24,149,196,157,74,14,156,112,21,132,135,173,172,135,120,3,174,144,177,171,160,182,72,124,196,156,173,151,2,192,156,44,197,67,54,175,3,54,25,21,124,34,14,50,122,54,188,130,118,158,142,106,190,179,166,100,162,31,168,115,4,49,153,36,12,94,185,189,26,70,111,83,114,56,23,102,168,20,42,164,83,193,153,107,130,22,107,113,121,23,39,185,106,184,131,51,37,37,33,164,168,185,110,76,169,19,94,30,107,199,19,138,37,117,32,97,138,141,181,166,179,186,191,134,39,186,114,33,143,96,89,49,116,42,141,185,81,166,43,10,6,102,12,12,48,11
54,9,21,93,144,104,156,103,85,72,165,41,93,41,78,25,105,24,178,35,198,177,137,139,16,80,187,101,77,67,90,176,44,8,137,150,41,61,82,73,171,61,27,5,88,125,120,163,180,13,157,92,150,176,44,9,176,155,9,139,95,92,74,187,21,133,120,137,53,35,3,95,136,194,124,104,154,65,82,58,92,13,60,58,85,95,104,145,21,91,1,92,105,77,92,64,54,90,177,24,63,102,43,138,129,49,42,81,38,76,113,162,15,146,189,70,15,69,47,63,11,158,52,189,32,17,118,181,164,109,169,130,94,127,190,37,117,79,121,47,130,38,146,162,199,49,146,169,26,184,43,117,146,38,81,102,43,79,36,94,143,79,29,83,10,12,33,166,15,114,6,70,109,94,7,127,51,42,22,69,97,52,181,127,188,48,12,70,153,97,63,134,126,113,11,56,123,117,46,7
194,139,125,144,175,112,65,144,150,145,136,101,173,95,62,180,112,67,44,165,135,192,90,101,60,145,140,133,172,13,150,145,14,60,68,2,149,175,155,21,98,3,92,50,140,93,171,99,177,13,62,171,172,174,192,187,13,57,80,73,77,41,41,80,67,45,68,73,91,95,16,66,105,104,159,34,21,40,173,1,60,73,88,50,172,58,182,122,104,24,122,82,65,40,58,50,182,98,128,149,17,87,130,94,4,31,37,56,129,39,199,26,15,107,169,185,49,131,147,188,199,6,32,42,84,70,189,115,31,48,190,29,19,109,184,23,183,38,146,51,127,71,129,146,17,141,79,116,6,83,63,38,10,96,0,143,118,84,127,100,108,102,52,48,113,110,96,102,18,48,148,0,167,162,43,179,22,131,46,162,109,189,131,115,147,179,100,87,127,87,146,114,129,164,49,162,33,169,153,188
40,2,21,80,151,1,45,133,165,45,136,28,28,60,77,165,150,156,41,156,125,1,72,27,67,13,34,44,57,154,34,68,133,161,160,182,192,154,124,54,157,78,195,149,192,91,144,105,28,73,45,9,25,54,21,66,98,198,144,27,80,28,174,50,196,174,170,125,120,101,53,112,103,85,41,45,195,197,124,34,5,5,145,101,120,99,194,159,103,90,13,5,171,156,99,86,174,61,8,165,30,55,33,97,166,63,7,46,169,121,6,158,111,15,39,42,183,7,183,142,55,107,42,184,113,70,69,76,7,76,148,134,18,48,166,70,102,43,15,121,48,199,111,113,47,75,185,12,130,46,22,96,183,153,55,36,114,4,130,164,26,23,111,179,43,110,6,12,94,107,10,70,22,43,152,49,127,102,148,20,102,56,11,97,19,181,142,110,71,56,186,55,110,191,6,193,108,79,189,115
196,105,90,133,99,174,77,124,149,157,65,50,21,137,62,9,174,112,172,34,78,40,132,95,187,154,64,40,24,132,98,54,173,161,194,40,67,122,25,170,198,65,154,35,92,170,163,45,159,187,125,73,159,137,78,45,67,140,90,194,67,196,149,2,155,155,58,135,65,58,92,192,64,74,133,92,198,135,132,35,133,133,132,25,163,5,65,196,156,101,151,122,124,68,74,125,35,54,74,74,179,158,32,36,181,166,126,47,15,167,184,4,15,191,167,38,116,164,55,109,97,127,10,158,48,131,111,39,30,102,17,0,111,26,181,51,75,117,47,39,94,33,89,43,184,56,59,106,152,12,123,63,11,123,7,43,56,110,83,30,111,117,186,32,0,20,183,164,33,143,69,185,121,48,63,32,81,69,138,134,59,167,83,118,129,191,39,111,134,111,89,116,141,127,169,83,38,10,10,0
195,180,157,41,174,67,25,41,5,45,98,58,65,170,41,163,67,174,53,165,25,41,24,44,35,195,67,58,34,35,197,136,177,66,53,196,145,198,58,35,16,88,159,144,14,192,197,196,194,192,98,178,195,125,132,53,139,196,157,95,122,194,139,27,65,178,172,101,173,156,65,149,175,150,25,101,124,161,172,197,154,80,34,3,178,91,40,198,5,132,98,154,40,194,124,78,40,160,174,24,89,79,193,141,109,52,138,23,114,31,184,30,153,102,15,71,48,36,129,127,42,111,10,12,26,81,118,71,81,118,23,87,147,167,102,100,32,168,38,153,100,18,36,10,23,0,181,42,147,43,4,52,4,113,31,111,17,4,102,81,111,108,17,63,96,141,48,10,83,117,29,142,55,39,199,181,134,166,75,97,94,183,189,0,114,193,199,11,79,179,84,130,184,114,71,56,0,52,33,32
161,53,27,25,67,137,124,13,90,180,135,145,112,103,45,34,54,86,150,124,140,74,85,122,16,41,9,135,61,91,112,62,78,1,58,62,78,165,171,54,90,150,176,120,21,176,170,3,85,64,180,160,14,9,161,197,160,105,2,74,133,68,172,101,124,34,73,157,78,44,151,61,3,88,120,144,90,178,77,125,9,125,92,173,175,154,133,125,72,66,86,1,98,77,125,144,101,173,165,105,26,106,148,10,143,184,31,30,89,108,37,102,43,147,10,115,179,84,36,96,148,153,190,186,30,193,190,147,69,39,18,113,131,70,96,162,113,191,96,138,11,167,22,115,87,193,147,52,184,199,146,75,23,69,121,22,18,109,30,33,164,6,106,107,0,143,84,166,147,43,19,118,18,81,52,96,191,143,189,7,81,108,22,158,181,113,158,117,23,26,81,108,42,152,33,142,70,55,116,111
140,132,145,99,99,122,86,99,140,5,187,128,73,175,103,98,13,104,93,104,101,197,101,93,132,92,160,8,5,3,182,25,176,136,175,91,194,119,171,187,91,194,187,27,112,28,140,120,25,104,140,157,58,145,2,163,27,90,187,80,198,172,157,50,124,34,171,66,155,34,174,54,112,54,72,85,112,177,103,101,34,122,61,8,180,101,28,128,65,61,25,14,139,159,64,135,170,61,78,60,143,4,4,127,189,12,11,39,70,106,152,81,38,108,110,147,18,179,97,179,109,109,117,126,51,116,193,188,71,190,7,70,126,30,12,169,55,83,12,111,191,129,12,38,185,76,109,94,193,36,22,126,31,106,48,55,70,142,38,36,110,51,131,199,75,158,17,10,10,47,143,110,185,113,20,15,100,22,63,87,81,83,117,185,110,118,130,46,47,75,167,110,69,191,106,199,55,185,179,193
192,77,62,155,180,119,135,197,180,58,105,95,170,8,91,150,173,13,171,160,132,178,88,72,101,122,61,44,163,194,68,28,160,192,82,34,178,85,95,45,73,88,132,144,155,173,139,132,124,156,137,139,151,151,174,34,165,24,35,2,155,64,140,65,156,196,2,95,122,74,85,187,44,98,160,196,132,41,151,187,65,160,198,135,77,197,104,175,1,135,25,99,163,171,53,180,35,35,151,196,97,48,183,4,199,43,49,48,184,33,89,191,167,153,26,39,10,33,32,126,141,55,83,184,94,22,115,75,102,168,181,118,138,20,32,126,75,123,185,147,146,4,123,12,110,116,116,121,127,108,199,94,118,75,55,121,141,162,168,146,188,148,75,42,49,31,89,0,143,83,87,56,23,26,83,70,20,123,138,166,55,39,84,131,46,30,6,43,38,31,96,32,83,184,69,162,115,39,168,15
136,72,150,78,135,136,92,139,157,172,149,28,41,136,85,173,163,86,60,119,112,149,77,25,177,24,182,128,112,124,34,132,98,161,91,16,120,155,2,160,8,68,90,86,180,196,140,14,65,182,65,172,68,174,137,14,176,99,174,173,133,44,80,64,57,156,28,132,160,176,135,182,197,9,149,140,68,165,9,159,44,133,16,180,14,99,34,194,65,53,197,50,122,60,78,9,157,66,170,150,127,76,7,46,146,126,69,185,36,36,100,127,0,131,7,59,33,143,167,184,75,30,186,134,118,70,36,110,12,23,51,199,141,70,143,36,46,109,111,166,141,31,186,130,117,111,10,138,63,102,29,107,37,42,169,147,48,109,84,52,100,48,130,190,39,121,83,17,23,126,94,113,146,199,79,52,117,76,109,107,130,94,110,19,70,199,71,190,191,94,142,37,147,96,116,116,146,70,79,29
50,180,60,95,101,112,195,67,98,93,165,21,82,2,91,95,67,80,133,60,85,3,159,5,120,41,98,93,136,1,157,65,54,27,13,13,16,99,103,187,65,41,170,78,58,57,91,66,92,91,58,137,9,53,9,163,171,99,27,161,136,61,50,139,41,197,133,90,1,44,61,68,68,136,40,182,34,60,24,105,135,161,136,78,145,125,176,35,160,54,65,174,120,28,161,160,34,136,157,173,76,134,108,126,106,117,79,162,117,31,94,11,181,48,26,15,52,110,29,138,164,87,164,19,38,38,31,118,46,75,118,79,188,43,4,7,141,110,164,162,23,142,7,114,51,7,18,76,76,87,184,97,32,199,168,179,164,6,188,123,169,51,179,147,37,26,56,113,188,152,30,107,7,118,129,117,114,123,121,123,76,181,97,131,97,183,70,189,56,47,138,55,30,46,186,167,191,23,113,118
176,21,77,140,40,187,54,1,144,61,196,122,155,82,35,99,160,88,53,157,58,177,197,91,25,187,122,58,101,58,34,125,64,101,82,139,72,151,72,66,155,21,65,93,74,53,27,194,40,88,144,163,161,145,68,124,98,136,45,40,72,93,24,187,103,101,80,105,40,68,50,78,41,41,160,1,139,192,160,9,171,182,171,62,120,64,64,67,78,67,90,104,174,2,34,74,175,119,88,157,32,123,199,117,87,20,118,185,89,115,190,56,131,20,79,111,114,141,56,181,94,0,94,100,129,51,141,46,87,87,143,17,134,59,113,31,26,43,148,153,199,188,191,164,110,17,127,169,127,11,4,55,59,116,69,70,141,109,131,111,83,38,79,143,123,19,0,89,164,131,147,52,52,46,184,167,168,11,42,10,33,106,81,134,49,79,0,32,116,183,83,87,164,107,97,141,42,199,7,189
195,90,187,139,174,16,182,72,62,45,95,35,157,78,92,90,172,176,2,72,61,103,64,91,85,62,178,156,171,35,64,150,151,85,173,159,25,68,21,163,132,98,9,155,160,74,67,50,95,137,151,60,66,112,86,61,86,132,35,104,156,104,5,170,151,177,180,195,80,64,9,86,73,35,73,192,80,177,105,92,28,25,14,122,165,60,98,103,150,62,161,88,45,161,101,14,28,156,25,2,138,100,129,11,131,129,169,22,39,42,147,188,102,127,36,184,126,6,42,142,152,18,191,47,116,166,18,10,30,184,96,130,199,166,131,30,138,59,71,118,22,81,12,127,193,189,0,59,46,81,123,46,38,52,199,69,15,32,12,147,96,134,118,107,56,33,87,30,19,148,143,59,97,81,47,148,55,108,153,193,158,115,126,4,126,49,4,69,23,143,134,31,166,4,20,83,152,79,87,31
60,105,60,170,68,197,125,92,13,187,144,136,99,8,53,120,45,61,156,125,3,3,149,154,149,68,95,112,62,132,195,137,92,2,78,119,93,53,9,72,195,150,25,58,34,5,120,91,192,64,80,135,144,128,195,65,50,112,82,180,58,64,180,140,157,61,57,178,92,137,192,77,98,64,8,50,88,50,92,53,198,68,24,73,165,132,157,194,73,192,176,86,54,54,145,104,28,86,16,192,168,96,108,193,96,123,164,84,131,79,83,87,153,30,114,31,33,42,83,19,87,115,10,47,42,6,143,52,94,115,0,51,188,22,168,191,7,49,184,108,39,22,100,70,188,166,10,158,11,188,113,109,81,46,52,117,138,164,51,153,4,10,115,55,148,121,134,190,115,153,42,148,188,56,141,102,118,71,184,114,199,113,134,17,129,127,52,6,146,152,42,190,83,23,11,191,75,19,15,143
144,175,60,58,14,155,125,74,73,67,25,159,132,156,88,53,171,149,13,85,163,163,103,78,91,144,99,165,35,192,174,58,25,135,40,67,101,197,124,140,68,132,25,139,77,65,182,91,160,65,67,198,112,88,154,155,80,58,68,149,145,28,177,171,61,35,101,64,128,62,194,187,160,161,21,187,182,177,34,41,145,86,73,160,176,170,34,180,172,77,151,90,95,28,21,128,50,86,77,140,81,4,110,79,37,116,75,37,71,107,32,26,126,158,100,184,190,107,193,32,123,141,39,134,179,17,10,153,52,146,143,100,36,186,89,123,117,113,17,22,152,38,121,110,143,94,108,0,166,142,52,42,37,52,199,49,169,31,100,55,43,42,102,131,100,123,168,84,179,138,47,199,7,134,126,79,158,89,191,4,158,115,56,83,56,121,147,118,152,36,118,38,4,138,138,169,30,123,31,48
151,122,103,150,150,65,77,124,132,196,172,135,9,165,136,99,177,175,101,112,92,5,149,137,13,137,161,105,72,35,105,24,124,174,13,163,82,8,104,77,82,24,74,170,58,85,8,139,68,98,139,57,149,194,66,178,137,1,44,145,35,151,65,95,41,9,120,21,67,173,90,120,25,35,175,170,156,119,165,156,61,151,40,124,78,154,85,16,159,93,78,2,3,72,16,86,137,24,78,66,89,69,179,134,38,115,46,81,134,89,87,79,56,179,110,116,69,114,69,141,126,126,130,83,169,164,142,130,158,49,110,97,147,188,39,129,96,81,11,87,158,141,186,87,129,184,142,184,26,168,106,63,29,162,48,70,52,49,48,51,84,81,87,193,81,188,52,26,26,188,56,11,107,26,96,0,191,147,59,114,191,22,33,168,186,46,143,164,52,146,126,107,148,11,38,94,110,114,193,118
133,3,44,112,1,173,66,27,180,73,68,140,3,165,136,151,128,80,2,57,80,180,159,155,92,13,44,165,41,99,174,1,27,197,133,171,170,136,1,104,62,14,44,13,120,160,149,68,61,5,172,2,101,98,98,187,140,170,144,150,92,133,1,128,86,120,133,144,88,50,53,78,104,57,13,149,5,180,124,66,174,88,173,28,173,173,174,95,74,175,2,170,182,128,140,187,103,177,44,145,46,168,11,71,141,162,49,185,48,102,63,116,190,123,39,83,30,97,111,183,76,19,129,31,46,69,87,181,148,129,94,15,76,110,142,19,111,17,116,12,121,36,96,29,23,130,39,116,167,186,134,127,42,32,43,107,113,127,169,37,48,184,7,22,129,39,110,37,148,97,47,117,0,7,162,111,179,56,146,167,134,55,70,22,126,23,4,121,118,46,168,38,96,46,81,81,84,184,179,118
159,163,78,72,197,180,72,105,103,172,34,120,24,173,58,180,85,62,98,74,62,61,128,60,165,92,40,45,187,187,92,151,54,171,65,101,112,16,128,80,151,173,180,40,178,139,93,5,27,60,178,95,154,139,93,180,139,194,44,78,197,194,53,44,157,125,135,5,149,156,58,99,35,135,172,170,88,194,82,98,154,95,53,105,58,187,74,8,61,172,80,25,145,192,137,8,157,170,61,88,131,30,70,131,142,129,108,184,152,188,164,10,191,17,6,12,188,148,110,184,162,32,181,84,107,79,97,126,94,115,118,0,190,6,17,117,39,181,84,127,153,37,193,51,191,146,115,126,108,94,23,32,116,181,84,15,51,115,129,146,117,117,115,148,100,129,109,143,63,89,81,126,162,108,110,18,142,183,87,51,168,152,166,188,19,32,39,188,37,52,118,115,51,83,123,43,26,94,47,76
170,99,90,160,104,157,92,155,174,54,161,145,85,195,173,150,61,105,125,140,139,149,1,149,93,88,135,180,163,150,45,119,50,95,172,35,16,133,8,154,119,86,155,124,66,25,175,170,194,187,57,125,122,5,176,198,170,160,197,187,198,156,136,60,95,122,144,101,101,64,61,90,90,174,175,161,174,41,25,137,58,120,140,91,171,73,67,50,132,156,50,163,53,65,60,28,101,132,132,137,164,114,46,113,190,22,33,0,116,102,167,31,117,0,33,55,81,134,141,166,32,126,102,70,63,193,81,131,153,4,152,23,20,123,179,158,123,184,110,186,108,146,199,32,108,51,184,113,121,48,181,29,10,83,19,12,96,152,52,167,81,4,81,146,31,75,123,179,168,152,127,106,148,168,186,164,70,89,63,19,184,193,109,18,23,11,121,20,30,7,70,117,17,10,36,199,191,184,87,184
24,54,27,174,120,198,180,104,182,21,151,182,74,28,177,172,13,170,3,65,82,45,82,88,112,82,45,21,103,103,103,1,58,173,182,160,9,197,61,2,137,135,144,196,1,197,196,61,28,9,65,157,80,128,136,74,194,80,144,77,139,135,157,112,128,41,161,2,92,187,196,16,86,3,151,92,160,150,35,14,64,9,82,112,82,196,198,50,28,9,163,145,163,41,104,197,21,61,122,178,126,69,84,111,193,191,38,23,7,33,181,12,164,42,162,87,7,115,166,100,17,131,56,97,43,32,32,20,142,190,32,96,184,106,191,131,36,33,97,167,123,75,96,114,71,87,141,116,126,33,15,81,0,153,138,138,87,70,190,20,23,12,4,46,63,87,70,71,130,111,113,190,164,143,56,48,115,141,114,126,84,117,17,127,19,121,185,23,19,141,15,63,33,116,114,71,188,37,152,141
150,93,124,78,40,175,173,73,8,101,86,50,68,53,78,156,112,44,54,78,122,103,194,74,105,165,1,145,103,8,125,163,170,156,9,28,163,149,27,13,159,13,67,182,180,24,64,54,8,28,159,66,194,13,2,150,9,28,66,64,128,104,161,197,124,54,24,198,137,80,68,133,178,171,58,195,151,101,53,60,155,57,133,53,74,192,45,54,34,180,65,163,135,165,196,172,122,198,28,60,4,134,114,117,51,10,48,118,162,32,18,199,17,121,10,113,0,56,110,179,23,148,51,189,117,10,52,127,18,17,12,29,129,52,115,59,115,167,121,22,43,46,164,17,116,96,199,31,138,191,193,184,134,7,83,20,10,71,83,152,47,116,188,116,18,37,12,46,102,118,166,127,48,75,47,52,142,129,23,75,183,63,186,56,185,113,84,22,19,141,107,70,36,130,79,143,46,127,199,22
194,98,105,151,155,150,119,136,157,122,120,57,128,85,67,60,99,180,14,80,78,161,165,13,98,27,80,27,40,176,151,60,2,34,25,57,82,77,156,92,151,64,122,2,99,194,155,99,176,5,72,196,182,77,144,34,86,161,174,192,40,92,1,133,66,101,50,155,101,68,161,99,34,91,137,74,67,27,187,105,157,160,151,155,133,58,35,1,157,50,72,133,196,68,9,24,90,119,72,144,6,0,6,131,19,6,153,168,97,129,147,0,168,56,148,142,51,46,18,100,19,22,179,142,59,134,199,166,26,39,118,143,107,11,11,32,42,118,148,179,147,158,32,84,56,37,129,6,164,131,143,148,36,51,11,76,199,59,114,56,84,79,141,47,188,166,79,87,109,47,185,56,106,118,55,152,181,4,106,186,87,39,113,114,49,121,127,188,164,79,126,23,102,186,143,38,138,189,76,55
67,3,151,137,177,133,154,64,5,35,187,40,137,165,95,177,73,128,73,62,101,13,93,149,132,53,58,172,136,182,196,197,170,144,140,88,93,53,135,9,163,2,156,95,45,136,135,172,151,2,72,145,150,54,40,150,112,155,175,180,64,54,174,68,99,80,58,145,60,5,161,35,112,187,92,132,65,198,154,154,64,151,195,136,104,27,154,197,104,5,67,64,24,192,157,9,175,145,104,144,167,129,162,113,164,114,63,11,49,51,189,116,129,39,131,70,158,84,130,22,7,39,52,110,110,190,94,76,147,138,114,46,127,185,36,148,30,181,190,183,129,121,36,22,55,42,164,116,33,32,186,147,162,49,109,32,69,110,186,29,158,109,42,147,76,185,143,185,129,32,7,158,162,141,114,26,129,10,7,116,167,69,106,113,70,116,75,63,111,47,107,37,87,47,138,0,43,129,49,46
21,161,62,16,45,160,2,93,27,88,67,170,145,149,101,149,128,65,192,72,57,28,192,120,101,73,163,9,62,40,139,93,103,82,196,187,187,66,125,68,135,45,156,91,155,77,139,135,60,44,171,50,150,21,54,187,78,128,82,103,177,85,73,170,57,50,139,66,154,3,160,172,85,8,82,91,175,80,66,14,45,144,85,8,64,3,86,151,139,53,180,159,61,88,195,57,171,192,88,128,49,71,31,48,51,166,49,42,141,76,81,42,121,38,75,42,70,22,116,111,76,131,96,23,147,37,37,167,56,89,184,113,129,83,48,48,181,46,37,83,152,134,69,43,146,148,0,42,89,23,11,94,190,81,113,83,31,79,126,31,49,31,33,152,188,84,106,97,123,111,127,108,129,116,142,97,141,97,48,167,118,169,32,147,83,186,189,75,147,109,115,129,69,121,30,130,36,100,56,129
174,137,1,159,98,3,180,132,24,78,157,122,165,92,155,86,95,74,176,60,67,27,104,88,144,95,62,88,85,50,163,105,40,180,57,9,155,25,50,151,50,133,156,112,16,98,163,105,136,65,99,103,178,74,135,149,160,125,34,180,90,41,67,64,62,80,194,66,1,125,136,135,61,9,182,103,133,44,150,64,82,35,161,173,40,62,98,149,103,74,163,50,34,8,160,27,54,78,91,159,193,111,89,111,87,6,75,76,131,167,189,7,11,162,52,127,107,76,96,70,37,181,32,116,19,107,102,188,42,81,109,46,107,70,43,131,33,129,52,110,10,143,30,87,94,186,42,109,84,168,6,167,183,38,0,51,96,109,18,48,55,115,134,75,168,167,123,52,134,63,190,76,43,31,15,37,36,110,108,0,141,199,75,56,127,118,36,188,71,100,47,89,186,87,26,168,118,17,46,117
58,64,57,1,151,88,78,27,64,88,8,21,34,28,57,60,128,160,137,177,95,150,28,171,171,77,80,144,80,73,150,34,122,120,77,154,175,58,77,8,180,136,82,86,135,28,196,174,176,9,105,53,198,28,25,177,8,151,5,171,187,21,137,165,16,165,80,64,103,24,194,170,8,175,172,95,54,149,34,137,177,78,124,61,85,68,8,180,135,67,2,68,72,45,8,101,176,13,91,137,26,12,63,42,37,164,181,12,190,32,31,33,183,162,20,39,6,69,141,23,37,138,39,168,190,37,114,146,89,17,7,7,89,4,148,43,130,113,30,189,36,130,102,130,179,23,126,143,167,46,96,29,190,179,39,20,12,146,126,22,6,37,152,70,69,48,115,164,184,36,152,146,81,39,46,37,36,100,56,123,181,107,87,181,123,76,33,102,110,15,7,59,164,94,70,89,148,38,15,114
5,175,2,119,34,174,28,151,57,66,91,5,41,5,172,157,177,159,24,198,25,98,151,2,74,128,88,40,105,25,80,145,14,180,192,78,103,176,90,88,196,103,132,64,137,197,171,91,27,13,161,104,68,8,73,159,156,80,149,192,9,68,93,68,99,194,72,145,104,61,13,103,182,64,154,13,1,13,77,197,177,34,124,5,159,145,144,67,85,27,192,165,176,25,160,88,44,41,163,9,186,100,102,69,110,56,83,79,186,162,127,83,46,47,70,166,39,114,56,63,75,33,42,121,131,46,131,49,7,55,129,108,168,43,152,30,17,189,169,97,152,0,162,188,116,31,84,168,108,134,71,141,115,10,106,168,47,164,189,76,199,23,115,111,134,59,23,191,130,17,153,141,7,117,30,193,15,75,110,96,142,59,10,33,193,17,19,168,110,111,76,193,32,110,123,184,32,10,109,116
112,171,68,173,95,192,151,112,65,176,3,41,24,62,140,13,101,180,24,165,178,8,176,85,170,165,61,66,197,137,187,187,196,135,91,1,178,105,177,45,196,119,53,3,64,25,73,161,155,194,136,73,86,57,122,172,45,95,60,156,144,105,35,90,178,1,198,45,9,133,175,176,57,124,145,67,145,170,176,105,155,13,194,192,178,93,151,159,64,1,64,176,165,103,139,192,62,65,93,160,102,71,0,79,179,100,32,0,59,31,15,110,186,142,199,117,126,0,111,199,39,134,10,111,38,97,36,59,83,37,97,183,51,75,134,69,37,30,17,106,94,130,4,148,168,152,39,142,87,48,126,19,100,97,148,127,84,37,141,55,107,115,7,38,79,22,15,117,31,153,113,153,130,63,76,110,4,79,38,109,79,20,76,153,141,123,59,106,166,110,20,26,39,181,110,0,127,49,30,33
192,103,16,61,101,175,160,95,175,144,120,132,50,176,124,149,16,124,77,13,3,28,177,125,9,187,194,178,195,44,120,194,122,180,40,122,91,28,54,195,171,173,170,82,119,145,2,92,50,124,80,1,171,125,95,2,54,72,66,98,3,58,86,24,155,78,157,122,65,154,13,170,77,197,160,149,149,16,104,45,103,35,65,155,172,41,16,1,140,53,159,105,198,25,178,149,64,95,187,165,152,153,190,115,31,183,55,117,127,83,0,193,166,123,164,55,115,38,111,36,130,109,22,48,107,71,166,131,181,69,51,113,32,83,191,0,87,94,63,15,38,38,10,127,7,183,129,29,0,43,111,138,10,153,97,17,129,185,70,51,193,43,100,107,17,121,71,56,184,4,111,10,17,89,183,38,4,181,49,152,168,100,32,49,31,114,26,166,63,6,134,55,130,4,7,31,96,106,22,188
172,21,60,145,61,61,159,99,103,85,90,194,198,155,90,57,62,198,8,187,180,45,149,192,128,112,60,92,58,21,40,159,178,92,173,74,16,68,172,182,160,77,159,104,197,122,40,88,24,27,195,137,112,120,155,120,57,103,54,44,61,99,3,196,2,173,171,160,78,140,92,145,180,35,165,25,73,67,157,64,62,98,73,64,156,72,144,88,132,13,50,58,27,82,25,173,9,177,57,27,42,109,36,147,184,38,162,191,184,87,36,4,10,96,79,100,32,87,118,107,162,70,89,168,4,31,185,75,118,153,168,186,43,47,0,102,33,10,134,186,10,26,43,59,193,49,143,123,114,193,37,126,108,152,15,52,184,116,111,153,75,153,94,199,70,138,184,96,199,43,106,108,158,75,42,106,75,185,15,97,84,123,179,100,15,49,47,130,4,39,96,48,49,76,10,31,87,46,146,189
2,175,150,82,82,68,67,77,25,151,8,101,5,192,119,163,53,161,95,5,120,68,170,95,155,66,73,60,145,154,65,24,136,91,72,101,9,175,170,154,86,144,9,101,58,80,98,133,80,67,45,2,196,95,101,187,198,77,77,133,50,175,171,122,86,172,156,3,57,78,45,8,8,98,72,128,2,194,154,61,92,62,192,74,156,41,41,65,197,103,196,74,194,95,14,160,173,57,132,161,143,188,71,63,109,87,30,89,199,147,138,30,0,33,36,17,6,36,183,70,110,36,43,152,56,42,6,96,12,111,18,142,111,33,94,148,193,52,31,158,153,96,55,131,190,94,152,169,110,4,51,75,6,169,49,107,184,147,11,96,166,52,110,152,114,179,17,23,179,56,147,69,109,43,190,168,51,158,17,7,31,36,84,116,158,87,87,107,147,185,191,106,106,0,181,158,114,32,141,153
104,136,5,172,95,194,28,136,172,82,72,197,174,144,144,3,154,119,163,27,137,136,182,154,64,66,92,65,196,124,67,25,132,128,194,92,34,3,175,28,135,57,44,170,68,86,197,13,3,119,137,54,40,3,103,85,13,65,175,163,135,65,44,91,61,192,50,72,178,77,14,150,14,120,54,150,8,156,78,120,41,124,86,1,120,93,27,196,73,68,66,145,139,91,136,40,144,157,21,64,102,87,114,167,117,109,107,113,186,138,17,108,26,37,19,22,83,179,59,116,169,48,168,20,143,141,152,162,110,167,110,47,69,123,81,42,147,81,166,169,38,18,102,36,19,186,186,117,199,75,56,129,75,107,118,49,46,146,29,110,89,168,46,168,191,83,190,143,6,114,123,142,167,94,152,113,17,153,52,181,43,6,37,81,51,114,106,81,94,143,6,134,191,110,130,75,131,114,193,63
14,8,58,104,170,154,82,139,194,64,171,124,58,92,73,174,73,72,54,28,194,155,178,50,171,182,8,14,159,57,120,45,178,170,50,5,50,80,112,182,120,149,173,66,195,144,65,176,196,86,68,122,120,95,149,62,128,122,112,104,125,182,44,62,103,192,54,61,45,95,140,72,180,120,5,60,62,128,144,3,35,98,157,82,149,62,44,105,72,161,61,8,151,64,104,159,128,60,72,195,181,123,10,81,168,167,81,129,52,4,47,123,31,186,131,69,123,199,143,146,84,169,181,126,47,186,71,179,69,166,164,37,168,19,0,4,116,126,115,183,102,63,184,116,152,127,115,129,114,147,158,48,179,18,55,12,183,6,20,153,126,84,134,184,199,76,116,0,123,130,179,20,107,188,39,183,114,183,56,96,96,49,123,52,167,69,117,97,117,46,96,7,4,59,59,183,42,146,181,183
24,151,104,50,45,35,175,122,98,54,88,5,50,57,45,53,14,62,119,197,77,68,72,99,28,154,144,2,177,170,104,50,74,196,151,182,9,125,72,175,149,132,105,44,90,9,27,177,60,66,57,151,170,112,54,21,27,196,172,177,180,163,92,182,90,82,16,5,150,196,53,157,170,92,128,145,140,44,174,171,14,74,195,165,140,178,120,57,66,124,9,91,140,62,125,61,45,44,35,25,4,89,7,12,0,70,32,59,118,123,51,30,4,26,79,76,59,19,199,146,31,164,199,107,89,168,123,96,164,31,31,47,4,141,31,94,70,6,29,129,33,31,38,10,4,36,114,43,190,129,129,100,12,94,146,199,56,81,18,29,114,111,142,115,7,141,193,71,38,117,19,94,184,127,118,59,143,108,106,47,71,147,63,29,6,84,141,23,63,186,114,134,106,89,185,33,29,100,116,63
3,88,170,86,8,194,122,93,86,73,2,172,103,13,195,1,64,9,196,133,172,180,40,5,25,120,165,133,5,165,132,92,64,16,172,53,67,173,66,137,103,68,174,44,172,150,194,9,72,150,187,90,67,171,54,53,177,170,178,161,44,133,85,95,151,9,192,82,160,178,150,24,165,160,154,151,27,98,175,58,180,40,125,13,58,3,13,180,13,145,144,9,40,13,145,174,77,14,35,92,17,19,69,166,15,48,181,134,111,179,131,51,38,30,29,43,141,23,141,81,97,96,7,164,142,51,126,52,4,110,19,87,59,39,146,138,84,181,134,190,56,179,46,6,12,117,15,100,7,166,117,75,70,10,0,193,147,47,20,193,142,79,42,30,89,147,97,36,127,79,18,12,191,69,59,184,83,184,111,42,59,106,152,18,129,84,106,42,102,89,23,193,127,12,10,190,183,31,59,134
128,159,57,157,135,13,78,13,64,80,68,133,68,77,95,154,58,5,95,172,99,155,128,93,61,98,54,195,151,45,35,194,145,68,64,133,16,98,21,133,101,157,24,178,1,98,150,9,40,66,198,99,112,197,194,192,105,177,34,198,93,77,74,68,9,24,73,112,132,150,165,3,139,92,174,8,77,72,5,64,192,82,73,45,92,145,95,67,176,144,149,128,135,161,128,95,155,182,155,122,10,52,87,109,83,191,32,116,81,83,94,162,108,48,184,162,15,30,168,148,17,42,146,96,46,31,143,0,152,52,55,123,33,134,121,107,167,31,164,36,81,143,56,79,76,23,63,181,63,106,42,106,12,130,0,199,102,36,138,87,96,43,114,146,83,17,166,189,138,23,49,87,48,19,42,188,127,115,70,189,51,190,185,142,97,6,162,76,84,30,79,47,179,118,94,190,100,188,141,59
45,41,194,61,192,103,150,80,132,8,149,182,58,105,103,58,25,119,8,187,132,180,161,119,174,122,124,45,44,60,5,66,98,66,119,175,65,154,62,82,194,67,175,25,163,86,137,91,2,50,187,172,44,44,122,136,104,21,61,60,34,58,40,14,25,177,27,74,173,92,196,139,176,119,178,85,103,140,80,122,98,93,136,125,27,132,91,165,74,128,154,155,163,101,159,165,165,135,9,72,7,56,127,39,4,17,199,29,52,81,31,179,46,141,87,31,166,84,108,43,127,129,26,96,116,83,32,189,121,84,75,23,153,39,7,19,123,162,113,131,153,153,70,164,70,179,130,43,162,69,37,49,79,0,189,166,169,158,39,168,129,100,114,17,114,106,158,113,18,123,123,184,20,114,184,75,148,118,162,109,134,191,10,118,162,38,36,76,17,71,4,168,190,39,48,106,153,113,18,36
1,66,122,25,157,3,85,187,197,45,170,119,8,176,135,80,103,60,13,24,159,125,80,192,68,198,16,98,74,67,85,86,101,73,187,62,105,144,161,135,57,103,45,119,82,78,2,154,155,112,91,60,124,85,8,133,187,154,44,161,93,172,65,98,165,173,14,9,2,135,80,82,122,90,173,159,66,171,95,173,58,105,80,14,177,28,196,145,93,86,163,1,34,24,5,78,165,95,90,68,168,30,188,142,130,130,138,17,47,81,186,134,191,193,20,158,32,167,83,69,38,51,11,18,113,4,26,123,70,97,142,43,129,147,110,129,20,131,100,51,75,0,134,12,6,111,134,193,43,114,0,19,48,42,169,18,20,190,131,39,47,109,76,146,49,69,130,0,46,42,193,38,115,127,100,71,36,89,63,181,36,20,169,141,158,183,138,153,127,158,84,143,158,55,118,134,48,32,138,186
149,124,72,132,122,182,132,77,180,99,62,135,74,103,187,139,72,5,65,175,78,34,25,124,65,171,93,151,155,172,25,34,112,60,103,65,99,92,150,172,44,64,175,125,163,137,68,25,90,140,90,45,3,157,105,13,65,150,103,93,196,157,195,128,82,182,80,177,80,9,172,35,95,92,13,150,3,197,2,54,41,78,101,8,140,175,16,163,34,44,144,61,99,194,145,119,198,175,14,54,114,89,32,109,33,115,179,118,169,46,164,87,42,6,152,123,10,143,43,22,18,33,199,108,167,191,26,189,158,142,188,30,36,43,134,164,42,75,121,109,47,32,100,51,111,83,158,129,56,191,100,121,164,29,109,186,96,69,0,114,52,107,102,162,113,4,152,11,126,123,22,12,22,38,113,47,153,52,10,81,83,110,75,37,18,127,59,17,186,126,39,152,0,162,49,26,70,186,31,190
77,66,151,16,74,105,88,54,140,73,105,122,9,93,66,91,91,173,156,104,61,16,68,9,174,197,172,172,145,144,135,57,13,14,194,150,104,16,155,101,72,139,157,151,64,144,145,151,161,13,163,54,125,140,176,157,8,125,171,54,61,60,73,139,3,14,154,159,136,124,150,54,171,21,192,74,155,133,24,16,25,13,78,160,35,154,91,65,16,157,149,93,149,85,140,132,28,149,5,65,167,96,116,79,22,10,29,79,46,51,33,59,59,142,38,56,46,116,30,18,81,186,115,63,113,76,100,147,114,184,188,166,96,158,147,107,146,23,107,84,121,26,186,188,32,43,141,20,167,162,115,111,126,127,107,116,56,96,169,188,142,191,164,166,188,48,147,12,33,87,70,191,164,42,26,36,12,109,97,186,100,94,162,129,108,15,48,29,106,47,111,143,70,19,6,186,6,162,94,123
133,41,82,101,91,85,175,105,165,68,16,176,175,137,137,187,180,16,3,90,197,78,197,64,155,16,66,65,180,154,182,2,5,150,62,194,78,82,157,150,73,88,133,99,40,62,8,112,28,137,98,5,99,176,157,124,165,104,34,34,132,77,21,85,86,163,28,62,64,139,85,154,99,86,156,88,140,165,1,73,90,2,9,137,53,95,21,140,104,137,124,57,85,28,72,45,155,149,119,34,0,100,22,12,0,191,152,51,71,181,168,186,38,84,46,134,199,147,164,108,76,55,75,4,190,97,56,97,31,138,168,71,83,48,6,166,38,17,48,118,76,130,29,164,46,96,181,97,26,32,4,29,134,31,134,96,179,117,141,186,7,129,118,111,166,42,179,106,63,118,116,15,83,162,96,75,166,10,89,100,114,186,79,152,111,158,130,183,42,168,143,56,118,20,107,30,39,46,32,4
156,2,53,60,9,156,67,8,150,67,140,24,21,165,128,99,155,150,128,125,128,25,160,122,176,68,34,140,88,180,135,140,99,35,192,154,16,3,24,27,159,73,195,61,16,90,157,61,165,67,77,28,104,124,58,44,170,65,2,161,136,151,196,45,159,103,40,163,198,104,95,13,124,3,99,45,119,34,156,24,125,133,135,2,174,88,165,163,135,99,135,119,50,99,35,105,62,151,140,34,102,179,129,108,29,29,18,199,87,97,6,37,48,30,147,138,108,108,19,102,114,48,184,42,199,142,106,79,32,143,111,97,138,39,51,162,56,43,181,184,19,134,38,4,168,76,121,43,129,106,169,116,167,69,7,169,15,179,181,102,188,148,15,102,48,89,138,142,0,0,37,10,52,147,141,130,19,51,164,138,109,107,12,138,110,6,15,76,118,123,63,69,37,20,115,56,87,48,190,37
66,73,156,73,150,13,178,93,35,27,41,53,101,125,82,182,98,80,78,133,137,112,173,68,98,66,154,119,88,72,67,149,170,85,139,140,13,150,90,182,150,67,161,196,50,95,120,60,174,150,82,5,53,150,25,60,122,136,139,139,98,25,161,136,196,27,178,92,155,77,35,62,92,163,180,58,154,177,145,165,182,90,44,194,174,195,155,60,149,195,28,176,62,119,103,139,21,144,57,92,18,148,164,19,33,141,69,107,107,52,36,184,4,152,79,81,117,130,100,169,186,97,42,169,49,188,70,129,79,199,10,185,55,71,70,49,179,130,146,121,162,199,42,179,52,184,162,4,81,76,22,15,97,15,179,15,164,69,43,51,46,59,48,100,126,114,131,75,12,190,70,162,56,179,83,199,179,12,6,15,49,83,162,193,18,146,190,186,123,70,183,191,153,117,46,43,121,32,12,29
25,139,103,120,5,124,171,28,194,53,150,101,58,176,195,177,44,64,192,90,112,73,77,54,177,65,125,2,105,61,145,86,24,2,16,66,28,198,196,151,57,155,62,178,2,80,133,91,28,175,174,139,13,176,165,124,50,82,3,92,160,176,24,196,61,137,145,161,172,61,77,140,60,195,171,58,57,67,65,133,45,85,154,104,88,64,65,9,60,82,135,8,41,172,155,177,174,133,44,92,48,36,76,15,109,148,164,152,49,55,89,188,11,33,94,51,158,69,84,17,183,69,186,153,118,148,52,32,189,20,168,56,17,190,166,134,117,127,130,47,36,123,143,51,71,152,76,22,42,162,4,89,148,6,75,12,168,69,193,134,148,30,31,76,30,63,0,129,51,107,179,23,12,26,130,114,19,131,79,116,166,23,22,0,115,100,115,12,162,76,142,117,106,49,113,11,126,89,116,199
178,93,35,176,124,62,99,72,161,119,135,24,133,74,44,5,99,24,112,135,41,62,41,156,73,135,91,66,61,91,125,54,197,194,44,197,21,171,161,8,5,16,128,50,120,88,195,74,3,25,105,25,177,78,137,50,67,1,135,74,182,90,154,150,60,34,72,8,173,145,163,92,65,5,24,180,119,163,128,197,60,9,85,86,88,105,35,93,57,119,91,91,174,124,136,105,156,65,144,156,138,138,47,116,102,56,46,146,48,115,142,179,75,87,37,55,186,49,118,100,48,153,191,23,141,117,117,7,69,87,33,199,39,121,39,123,26,109,52,152,188,190,127,4,83,131,83,153,169,131,12,108,59,81,130,100,100,0,169,96,129,30,20,153,0,152,126,184,152,55,12,168,114,59,32,38,108,75,152,113,59,76,17,52,23,114,106,30,7,193,131,6,30,29,22,7,6,100,109,17
64,182,197,140,27,34,44,122,66,197,86,187,40,78,25,124,150,125,135,151,57,101,88,103,120,50,133,78,13,3,78,54,85,112,159,104,120,198,103,16,161,170,163,125,196,182,88,105,157,171,44,93,34,119,98,125,151,24,35,53,3,9,40,174,178,101,98,24,180,122,1,165,160,198,195,101,88,151,150,155,92,104,122,80,103,90,172,85,104,50,194,68,165,90,163,128,155,133,98,159,19,12,166,106,107,39,143,169,115,153,153,148,167,148,23,108,166,47,38,38,191,181,4,26,169,48,6,7,184,127,63,69,138,43,11,191,20,7,83,115,110,12,42,18,36,30,114,52,48,131,32,100,109,123,18,11,186,183,39,23,184,131,30,185,81,162,63,167,185,188,189,48,75,31,108,127,183,43,42,97,51,131,22,94,51,0,89,162,89,115,59,142,107,76,87,38,70,47,18,108
197,157,21,27,175,149,92,40,174,170,195,88,98,67,122,27,176,155,57,198,21,95,85,133,151,165,78,93,124,144,28,196,99,98,13,112,149,99,173,5,72,187,122,3,28,88,95,1,125,65,125,85,144,91,85,66,21,34,28,196,171,178,14,65,77,60,67,160,28,66,136,44,80,195,157,171,104,58,103,92,140,73,91,157,50,136,172,145,103,133,67,149,172,2,34,99,180,160,135,65,152,167,18,166,15,4,147,102,121,169,70,12,193,20,42,184,167,111,107,111,106,153,179,109,76,19,179,118,169,148,110,143,116,114,108,131,47,186,81,118,148,184,11,129,63,71,39,168,168,51,166,19,142,111,96,118,167,97,89,22,131,193,39,48,190,69,185,71,23,193,179,43,123,81,83,190,97,48,51,18,190,190,79,84,26,97,48,134,36,36,71,114,184,100,10,102,76,107,56,63
154,122,128,182,14,65,14,150,124,50,44,112,160,156,125,101,103,92,145,104,195,61,14,150,41,67,159,95,197,192,157,145,128,198,155,135,119,3,136,77,125,136,85,112,136,182,175,160,54,159,62,180,5,72,62,149,156,135,53,133,88,178,128,172,160,44,5,78,88,124,165,151,40,150,122,73,171,27,182,139,88,9,24,95,61,177,163,165,35,77,150,9,54,66,65,67,125,44,57,145,48,142,10,117,76,29,114,26,48,134,69,147,69,188,193,191,29,166,142,31,131,23,49,89,123,141,152,108,115,166,84,38,70,23,183,108,23,26,134,37,63,69,116,127,19,79,185,185,164,43,114,33,96,42,100,46,152,69,123,110,162,48,30,188,169,130,115,96,81,162,22,142,126,107,26,26,49,199,32,0,181,76,146,147,146,37,39,118,10,89,81,110,111,152,20,76,158,153,108,81
44,156,50,155,2,159,161,103,1,198,151,156,195,104,54,128,194,176,105,90,25,197,137,149,45,5,61,41,175,24,99,93,144,65,8,192,175,104,5,13,103,198,74,139,155,103,171,182,176,95,27,161,151,145,132,177,173,155,28,151,82,77,77,90,165,177,150,27,95,170,171,85,175,61,101,124,60,98,156,105,24,163,101,92,178,145,91,90,182,24,198,40,135,58,135,24,175,40,163,9,63,17,97,110,113,30,143,118,109,193,87,26,152,116,121,29,75,84,110,102,142,102,183,168,43,181,75,100,113,94,138,164,26,23,70,152,164,7,118,22,75,185,148,94,75,33,179,164,199,83,106,168,87,70,26,100,17,118,10,111,191,20,81,63,183,191,19,199,190,109,29,168,138,167,109,153,152,94,59,188,84,12,141,31,107,127,97,189,89,7,193,96,17,129,114,127,130,15,193,179
192,196,50,119,99,163,156,122,67,120,154,182,133,66,68,21,137,173,197,171,65,68,78,88,120,28,65,150,72,155,140,197,128,60,73,93,24,176,140,194,9,149,151,27,120,174,133,3,25,28,151,171,40,77,198,50,150,112,120,25,28,66,105,140,157,67,57,85,105,137,157,62,136,2,155,62,136,122,112,133,72,24,180,78,73,104,173,44,8,74,45,66,67,157,67,151,21,85,187,35,134,89,76,127,126,75,43,42,71,4,113,118,42,190,102,167,141,168,147,84,43,19,186,153,100,69,19,110,153,43,81,134,83,31,146,69,32,47,43,75,123,94,186,32,55,117,26,63,168,193,20,39,42,59,111,22,51,116,193,117,179,47,59,129,39,169,7,191,148,169,12,46,38,19,131,190,31,164,22,81,110,189,43,43,22,11,26,138,191,109,113,6,87,127,181,30,6,87,51,49
180,95,3,194,21,62,98,3,159,40,28,140,144,172,187,195,1,5,44,91,34,156,66,119,58,91,172,145,144,124,60,165,25,91,198,60,45,5,45,103,54,93,150,95,28,88,28,120,62,85,149,197,157,90,53,195,67,105,163,159,182,154,132,35,170,25,62,133,14,58,68,192,9,60,44,35,122,197,44,161,99,62,41,72,74,180,24,8,44,61,165,170,163,125,104,1,182,133,9,45,183,38,23,152,76,109,143,121,55,199,106,17,179,96,191,199,116,38,179,164,111,127,152,158,33,20,183,141,63,100,184,102,123,81,110,153,63,48,97,20,108,79,96,11,97,190,109,31,12,108,20,181,158,59,18,87,42,63,106,141,49,123,59,191,100,26,32,15,4,130,11,108,189,59,97,17,37,117,138,114,121,162,4,143,131,162,47,23,33,185,166,111,162,17,22,37,191,121,48,188
104,64,40,163,1,139,28,21,177,150,124,161,2,171,120,98,74,171,171,65,14,137,161,50,104,41,98,35,124,159,180,1,53,58,124,25,74,145,154,132,91,24,103,85,165,16,40,16,54,99,176,93,192,41,171,65,95,175,136,78,25,150,67,133,132,24,74,53,159,101,163,85,155,174,3,5,119,14,65,171,132,9,103,192,21,172,3,8,99,13,9,54,60,122,65,187,150,112,8,144,38,12,70,193,79,166,15,184,152,142,51,123,49,76,184,191,59,36,56,37,141,96,146,20,36,179,110,12,22,111,148,23,18,20,168,168,147,199,181,189,166,18,17,17,114,52,142,49,108,100,31,33,32,116,6,169,71,141,169,146,100,75,55,129,43,147,121,37,96,127,199,42,37,79,7,189,52,76,71,110,22,81,108,30,168,123,42,83,47,188,51,70,97,148,19,55,199,46,131,89
101,196,93,9,21,192,195,198,88,112,119,45,74,77,173,60,194,144,144,137,137,194,197,101,85,101,5,139,3,125,88,88,24,122,95,120,187,163,144,196,104,86,14,101,62,86,140,192,170,124,88,128,159,145,62,197,92,60,45,77,28,80,68,57,177,172,174,3,54,196,5,124,195,151,2,60,135,93,68,139,57,74,171,132,95,195,165,172,78,157,175,98,93,172,66,195,72,80,196,176,18,168,121,109,22,186,49,0,46,70,29,87,185,12,39,29,22,38,142,108,108,193,63,47,168,36,11,94,107,199,19,167,56,131,30,143,56,147,33,146,87,71,186,147,199,121,146,142,153,22,118,87,107,181,83,81,37,186,23,7,83,87,23,117,100,168,17,123,179,81,152,115,59,18,129,83,167,11,17,4,102,117,106,83,191,118,152,111,164,113,189,106,111,107,109,118,146,113,23,79
120,150,171,58,93,54,21,57,5,120,120,60,125,119,175,198,93,78,172,92,85,194,77,104,101,77,34,198,95,132,154,128,54,35,176,156,68,161,2,53,8,151,128,3,105,74,68,62,119,88,182,196,72,93,60,86,34,21,144,163,27,187,197,16,78,176,197,177,151,41,197,157,122,25,78,101,80,77,61,44,137,145,16,98,172,86,57,2,157,196,21,2,101,104,35,197,27,3,95,14,147,71,131,102,76,30,134,22,70,89,17,46,22,168,131,31,26,75,190,129,127,134,188,96,143,191,32,147,111,63,12,48,0,23,70,108,121,75,130,47,76,100,52,30,29,94,76,199,126,33,141,15,11,31,10,0,147,199,12,127,138,102,4,185,11,59,168,114,184,179,17,32,22,6,142,96,49,123,162,19,146,190,38,111,59,100,121,32,138,81,51,52,52,43,110,71,51,113,39,48
68,124,90,182,99,172,95,95,73,16,177,132,5,180,177,58,173,50,156,140,62,45,175,103,90,34,8,99,119,91,99,93,125,1,68,66,104,156,5,119,163,180,171,122,132,136,66,61,132,197,14,171,45,73,197,77,64,82,67,163,27,172,50,57,99,178,61,41,34,151,34,144,9,165,57,132,149,3,28,124,28,176,88,195,137,1,156,44,95,85,24,125,159,1,133,64,137,139,145,192,181,30,118,43,148,114,108,168,83,76,142,71,70,190,121,167,87,18,31,70,15,102,115,184,190,33,164,75,127,148,89,166,116,87,114,134,63,189,138,193,30,52,46,152,113,121,46,123,102,168,188,30,199,143,115,184,129,127,109,167,183,84,162,20,118,15,181,143,183,130,39,153,115,97,179,32,121,42,47,46,168,19,84,94,184,19,37,59,32,147,179,30,164,162,117,138,134,199,179,113
149,88,145,82,159,104,65,91,65,135,62,144,5,140,195,24,21,82,67,159,98,99,91,105,145,72,105,124,171,65,13,53,133,21,165,66,2,174,135,174,25,170,60,41,140,156,24,132,50,64,78,187,60,149,16,72,104,163,174,3,144,13,145,25,197,58,139,122,21,119,103,198,144,171,105,154,54,195,165,154,2,112,77,161,80,160,58,58,151,197,122,21,195,14,64,174,66,159,92,133,127,141,15,12,0,152,59,193,141,199,7,17,199,184,81,152,56,12,52,126,193,109,7,49,71,75,129,118,113,4,158,191,193,118,152,48,23,71,108,183,130,108,131,75,43,191,75,11,147,185,118,107,59,199,147,69,76,32,184,199,106,79,51,100,30,130,36,102,48,111,148,55,10,38,36,33,30,59,164,138,56,55,183,63,18,55,84,51,89,10,42,148,23,52,193,33,56,89,130,84
66,161,67,128,144,50,21,95,9,154,50,124,34,196,93,175,174,104,44,171,149,165,9,124,60,122,135,80,140,91,64,13,16,35,157,180,197,28,44,62,155,57,35,5,64,196,187,72,73,140,72,105,50,198,135,14,104,101,91,149,54,65,95,178,176,77,62,135,28,24,53,2,135,54,112,68,105,132,154,13,85,35,173,80,171,61,174,133,198,125,34,144,14,180,125,187,170,177,95,9,129,152,184,131,18,168,152,169,89,32,83,188,179,185,56,188,71,117,123,33,55,167,6,23,138,10,42,0,42,87,109,18,23,148,4,143,186,43,166,7,69,123,15,29,123,46,147,118,110,33,108,22,117,49,190,118,47,166,4,31,71,71,189,183,52,59,168,152,49,76,94,18,22,138,4,75,185,100,131,138,76,31,79,190,7,10,106,134,127,55,148,39,48,117,152,43,138,146,168,18
98,77,73,24,105,92,103,61,82,198,72,101,170,65,105,57,25,88,176,151,165,91,14,137,24,112,194,60,122,62,50,41,159,171,192,159,44,120,197,160,9,128,101,144,73,62,25,58,50,133,93,61,137,104,195,16,165,174,25,64,24,90,139,194,139,78,99,139,171,99,170,24,8,103,144,40,66,175,62,85,2,173,128,132,86,25,66,88,72,145,88,3,44,57,91,82,5,44,150,99,191,100,89,106,22,94,152,15,81,134,183,184,110,20,126,152,114,162,48,102,169,0,56,70,121,94,30,7,59,59,69,189,63,42,23,115,83,32,69,189,193,130,191,89,190,83,114,59,71,186,18,83,141,152,188,15,63,46,184,71,37,18,32,18,191,56,48,189,79,106,84,179,7,169,158,81,89,141,96,10,153,127,48,127,189,52,138,18,15,179,127,42,117,181,18,111,181,126,164,81
86,139,25,120,57,155,25,151,170,58,195,170,5,120,159,67,68,120,1,156,120,8,27,136,170,128,50,72,196,45,24,64,176,98,64,174,1,197,80,198,161,128,58,119,180,139,14,92,160,65,170,78,156,163,78,151,98,8,3,119,13,72,180,157,54,155,99,5,86,34,14,93,178,40,2,35,27,80,180,195,103,145,136,1,171,112,112,86,170,74,178,66,165,61,151,54,68,3,120,72,186,81,0,179,0,184,126,55,42,0,70,69,81,121,108,51,84,87,185,190,31,158,106,87,69,126,7,193,199,166,185,97,18,189,47,6,33,186,12,84,17,49,129,33,56,109,190,142,116,38,117,19,102,162,26,110,0,191,188,109,84,51,185,84,131,56,148,52,179,29,17,190,146,20,19,126,100,113,166,36,188,108,20,69,158,79,83,129,17,30,148,146,138,17,153,33,94,162,97,127
90,57,133,157,136,145,165,173,119,77,67,93,176,9,95,5,101,122,13,192,2,198,105,197,65,192,50,165,60,180,62,90,92,161,66,151,45,145,170,98,175,157,172,99,80,80,144,9,54,98,136,5,86,72,93,145,194,165,16,8,8,61,78,73,104,45,159,154,61,3,85,16,78,8,90,137,195,154,175,2,86,54,24,64,2,165,78,68,135,50,8,98,163,122,1,93,159,154,119,187,55,100,29,46,17,36,19,152,83,84,181,166,19,131,146,118,115,26,108,70,121,94,118,166,71,26,55,179,32,148,32,39,22,110,193,47,164,164,117,131,134,118,79,126,102,20,32,69,17,11,168,94,164,127,71,31,134,71,46,69,143,32,87,63,32,162,84,121,18,117,167,49,183,131,32,19,56,39,69,22,108,147,87,153,89,108,148,79,129,70,142,131,59,166,32,12,102,79,118,29
2,65,161,44,91,14,155,112,21,60,14,155,163,135,104,125,137,120,165,45,125,159,133,119,170,157,180,41,35,161,173,198,144,132,171,182,77,35,137,50,61,78,62,21,137,157,62,104,112,112,145,9,90,41,78,2,198,54,195,14,67,58,128,73,14,155,61,35,137,35,145,139,25,35,80,165,58,73,103,21,64,64,174,3,92,155,3,176,178,187,124,178,195,91,125,122,61,171,128,149,126,138,33,26,46,167,15,107,110,164,10,49,152,199,158,109,111,138,121,17,121,18,143,83,33,36,100,63,115,20,199,96,33,107,190,29,167,116,113,107,106,37,115,31,70,138,87,179,89,39,29,51,102,116,193,51,23,56,36,42,184,83,167,84,89,142,147,190,193,121,118,118,46,143,184,188,183,121,113,129,89,7,48,199,162,115,32,75,153,69,147,183,130,26,39,89,19,23,111,11
125,25,150,180,74,93,187,14,24,80,161,119,173,60,1,34,64,144,175,140,105,178,80,187,161,66,28,159,66,105,68,176,195,77,86,54,9,160,61,178,57,140,93,160,187,163,155,137,171,58,165,80,68,85,195,78,137,78,156,13,128,25,99,35,64,144,198,58,145,176,54,139,156,187,161,176,101,86,149,73,180,54,105,145,151,105,28,178,151,82,44,74,145,44,145,159,187,34,24,171,7,126,179,129,70,81,111,20,190,12,193,26,169,30,179,42,100,15,166,152,110,126,48,18,134,143,158,46,70,164,146,26,15,117,55,29,18,84,42,37,100,146,152,169,141,32,63,17,127,129,193,32,110,193,23,43,146,76,33,15,38,29,79,147,102,193,70,10,143,142,15,43,141,69,110,15,11,107,19,110,46,39,179,59,131,70,179,108,108,69,147,181,42,143,138,167,111,19,0,49
196,157,28,86,77,98,61,50,156,125,35,73,170,34,93,150,172,98,67,187,124,159,135,99,174,160,61,173,174,28,34,154,85,92,133,136,124,8,192,122,40,136,57,196,187,3,172,73,161,122,65,128,157,136,27,161,86,5,44,120,72,25,77,172,151,50,174,91,197,62,73,140,135,125,88,159,34,112,8,28,171,53,197,82,163,60,53,78,65,145,8,176,161,135,187,120,156,34,85,150,55,183,115,22,184,183,56,42,12,0,147,129,63,10,56,49,10,56,186,185,189,116,188,81,188,147,123,97,168,52,179,29,100,121,152,6,106,59,184,121,164,56,46,7,183,130,188,193,181,158,146,138,190,107,148,148,63,7,29,31,100,185,127,84,47,48,130,115,51,26,87,46,48,110,56,130,75,142,39,29,126,130,189,117,118,75,106,96,23,81,129,4,23,117,48,26,166,162,42,4
61,145,50,45,74,88,67,24,154,34,9,86,105,13,150,122,122,133,77,150,150,170,41,92,14,171,27,28,124,21,139,196,62,150,125,77,174,172,154,176,34,92,122,150,101,187,21,80,132,80,187,67,122,53,60,137,67,41,173,65,105,178,172,78,157,135,86,92,104,182,159,5,8,24,178,160,196,2,90,171,176,41,80,197,82,25,178,161,192,173,160,88,145,159,44,40,41,74,62,5,107,43,55,114,55,100,131,4,15,143,39,188,189,121,49,115,109,109,19,185,183,193,30,126,167,69,76,32,134,70,6,17,22,43,70,152,190,7,148,111,26,37,110,102,4,23,23,183,30,166,75,23,23,0,32,191,23,30,181,18,17,18,39,102,96,118,33,84,87,146,117,11,130,46,153,55,52,153,116,12,181,87,31,191,7,32,39,75,127,127,130,146,75,179,193,168,48,123,113,127
122,13,35,170,156,74,156,2,35,196,53,2,53,92,160,61,122,86,85,172,14,61,192,161,3,177,172,173,50,103,2,182,99,176,58,161,119,172,92,93,1,198,98,151,159,60,195,140,195,150,125,68,139,170,90,61,60,180,156,99,44,165,91,60,125,157,192,5,95,13,157,176,66,92,80,64,45,5,44,40,72,99,8,92,35,91,177,57,145,9,192,101,80,27,53,35,92,68,45,182,130,102,199,84,4,184,71,186,89,190,183,166,123,33,51,39,11,6,117,100,33,11,38,188,94,109,123,26,43,75,7,148,146,63,164,199,38,199,130,63,6,166,167,79,138,162,26,11,162,87,131,142,146,116,167,199,97,87,83,83,123,121,6,188,37,6,153,199,59,134,20,141,189,183,36,115,127,143,75,51,69,100,111,117,96,18,94,146,141,186,33,94,10,51,20,130,116,75,6,162
77,65,198,150,57,120,67,16,78,178,165,122,1,135,139,35,170,132,8,182,103,163,171,149,91,3,125,44,67,119,133,176,90,54,85,174,65,50,74,95,80,60,136,163,165,53,137,149,144,73,14,137,60,72,34,160,101,66,160,154,105,50,135,178,196,145,136,125,35,137,45,95,171,178,25,174,170,176,86,2,16,27,180,65,72,86,24,156,62,174,171,178,135,187,1,27,72,27,112,197,107,11,113,162,97,185,23,94,4,179,0,0,15,107,106,162,87,117,96,126,179,4,10,38,183,152,43,87,47,185,94,164,179,17,109,143,113,70,29,87,79,42,152,129,52,30,142,183,33,59,168,10,56,94,118,56,71,131,37,115,184,42,89,186,129,142,190,169,59,43,138,167,138,181,142,109,167,193,52,142,142,42,141,43,69,127,116,162,22,189,55,126,143,130,15,38,113,193,113,118
91,195,145,34,90,91,177,50,78,44,85,165,53,95,159,124,165,144,98,57,173,86,1,5,136,24,180,194,177,2,13,175,99,171,99,155,60,50,74,112,101,176,61,173,65,98,95,178,149,45,77,161,145,105,132,159,178,192,197,144,151,165,53,27,14,175,27,156,180,61,187,132,93,173,27,173,174,53,35,154,50,120,173,124,99,125,125,174,187,13,182,65,178,165,77,136,95,91,165,40,12,115,76,189,169,17,181,141,96,189,84,118,48,134,20,20,111,87,100,166,30,141,96,129,56,81,100,164,47,38,190,69,181,47,63,38,89,190,111,31,29,148,189,51,48,19,164,190,4,51,127,114,184,22,56,186,167,48,63,143,26,48,100,56,0,184,38,189,142,52,147,49,126,111,179,31,184,147,39,26,118,43,167,59,141,89,162,147,48,43,59,96,113,199,39,59,115,100,162,30
196,54,163,140,13,45,196,159,192,163,24,9,91,180,95,161,5,16,170,21,145,21,104,177,45,177,187,98,194,85,25,154,92,163,21,82,133,54,160,163,66,77,82,137,104,72,13,24,159,124,74,136,1,82,196,135,1,25,95,165,45,112,57,77,104,85,28,64,122,61,157,50,8,27,78,80,154,159,77,58,65,135,101,119,80,175,174,68,139,68,1,60,40,62,67,54,163,156,171,50,110,46,26,179,15,138,29,109,56,37,18,42,18,33,47,189,130,142,81,7,20,162,7,32,71,43,71,12,47,26,169,115,110,10,129,189,181,6,47,199,193,4,19,36,23,69,38,181,110,18,56,29,109,113,4,15,190,153,167,63,117,131,59,142,191,164,26,47,147,70,29,89,129,70,42,43,123,96,52,30,193,191,49,168,89,179,87,43,184,49,69,114,89,123,71,18,130,111,167,126
61,16,86,165,61,21,61,192,136,160,105,66,194,8,145,88,170,67,98,173,74,53,174,86,128,60,173,173,176,41,120,61,170,163,91,16,77,85,21,155,86,74,137,103,104,8,119,137,140,157,68,195,35,137,68,73,176,13,88,192,27,155,82,61,198,187,157,35,9,95,90,119,74,137,157,144,14,182,62,132,40,151,73,61,50,44,5,172,53,178,21,80,192,178,173,24,16,67,156,178,126,69,96,55,108,97,100,30,10,148,31,162,7,56,108,190,11,26,116,142,94,36,38,164,6,123,141,181,19,71,168,19,102,115,129,166,188,39,189,131,108,185,59,141,22,115,169,15,70,138,142,37,134,32,116,185,15,169,153,70,164,12,141,111,11,75,134,142,148,111,142,110,84,48,118,96,81,0,48,76,185,18,29,87,138,183,81,148,43,51,36,70,111,69,146,184,143,106,89,185
133,155,2,85,151,92,62,13,119,173,187,187,173,98,21,25,137,8,88,82,91,104,65,151,78,133,92,124,122,124,34,174,3,57,35,93,122,28,16,182,178,120,64,125,171,40,60,93,154,144,140,101,194,41,54,195,187,14,53,78,50,101,90,155,95,187,8,120,119,120,173,16,160,58,144,72,172,198,157,156,99,112,58,92,160,93,2,62,177,35,150,74,8,95,61,61,3,159,58,122,168,148,89,143,153,87,42,138,89,121,36,42,153,30,109,166,193,134,147,38,30,56,87,84,11,158,188,147,114,199,47,152,79,115,110,138,17,30,138,147,12,169,181,52,81,113,190,96,31,70,129,115,49,81,123,117,31,32,168,56,6,69,148,12,10,52,29,59,69,94,46,38,10,168,56,183,116,146,94,100,106,118,168,15,31,46,102,96,191,37,87,71,130,39,23,20,83,18,48,108
150,104,14,198,99,62,28,198,133,119,144,73,149,176,40,105,177,145,16,196,104,173,57,68,173,44,60,154,58,159,44,149,27,149,140,101,82,170,178,24,101,1,196,5,44,133,173,120,101,160,5,64,65,77,154,144,1,9,8,85,105,103,68,93,104,88,95,72,145,35,144,67,24,14,66,112,68,90,64,120,119,198,25,95,173,192,5,195,140,192,132,119,73,145,50,133,53,25,125,9,164,37,83,131,169,19,111,106,188,102,169,12,23,69,117,36,141,52,97,6,56,4,108,31,75,111,138,117,19,38,127,117,71,143,10,15,100,106,22,146,164,0,17,147,146,49,97,26,31,30,51,31,117,121,32,51,84,7,191,100,107,108,7,152,71,108,109,168,169,46,51,123,138,123,106,129,164,46,55,153,179,32,106,168,75,49,100,6,6,26,191,116,158,69,51,109,0,37,87,127
128,82,40,176,157,198,150,192,3,157,78,74,9,93,105,57,156,82,80,124,99,27,45,8,180,73,77,95,24,25,68,93,178,9,161,44,14,92,28,139,175,177,58,139,66,157,125,197,187,68,28,173,198,45,137,125,128,27,80,91,68,101,13,3,68,66,98,196,3,165,159,24,124,74,170,135,160,119,170,28,139,50,136,192,85,13,198,14,2,25,92,175,163,196,57,137,145,120,44,50,76,19,18,37,142,12,94,97,181,110,116,111,166,102,37,199,19,127,169,126,84,42,131,129,141,51,19,43,185,115,69,19,189,97,4,75,43,94,22,38,46,87,169,20,131,199,142,70,190,143,20,138,23,179,0,48,193,30,6,158,12,43,48,167,117,4,11,130,127,153,185,127,59,189,185,106,55,39,81,111,42,4,49,83,52,116,129,33,11,100,147,7,123,81,96,190,142,147,113,17
86,65,198,14,85,13,61,5,21,175,8,135,95,91,57,27,77,173,145,150,60,182,103,103,1,155,88,182,178,78,133,93,53,133,180,93,175,120,99,120,120,155,132,150,173,135,45,3,86,28,119,80,58,45,64,140,119,196,159,103,128,72,161,176,187,161,57,28,150,67,8,144,157,65,139,98,85,150,65,136,159,180,177,180,27,80,40,16,34,161,3,40,144,5,62,1,177,67,65,159,167,158,117,191,189,117,59,63,100,146,164,30,113,49,12,75,47,116,10,189,55,6,22,30,116,63,19,110,81,23,22,113,97,87,118,102,70,138,189,141,129,181,117,7,81,7,23,49,181,116,158,127,48,39,186,118,114,115,148,114,123,97,26,164,167,123,168,108,22,130,138,70,121,123,69,167,4,71,6,142,167,167,115,20,129,162,56,143,59,37,106,0,55,191,127,110,23,0,69,37
40,101,85,194,135,91,68,180,173,140,173,35,8,136,172,163,93,40,159,62,156,66,44,140,175,9,128,198,35,171,176,196,72,154,90,27,159,198,40,27,82,92,128,132,45,182,35,192,103,64,64,66,85,192,54,180,57,67,136,45,144,64,44,86,150,194,160,1,40,8,78,122,25,157,160,192,125,150,159,2,155,139,93,88,163,2,66,178,34,176,90,198,34,194,198,85,171,187,122,64,75,184,96,106,109,10,23,15,70,10,193,189,114,87,46,56,158,129,147,188,117,46,199,19,102,191,75,31,51,97,30,20,191,83,127,183,94,51,108,70,97,141,76,10,111,71,134,83,123,183,141,193,31,20,23,113,188,109,111,166,167,167,18,15,37,181,6,56,152,23,121,117,71,102,19,130,43,181,107,10,126,190,69,6,79,116,89,114,185,129,49,12,190,83,189,158,75,134,153,70
128,156,125,197,73,151,163,180,139,135,101,85,78,195,187,175,58,98,151,80,195,24,149,88,135,139,92,103,95,57,182,92,64,105,140,173,98,125,198,40,93,1,45,112,74,93,173,125,178,27,91,176,44,160,155,90,93,98,14,67,50,21,1,187,25,90,45,192,140,41,44,119,72,101,73,149,119,82,99,192,187,139,91,160,136,5,103,156,101,144,172,21,175,73,173,65,60,16,149,61,152,153,47,43,123,31,181,22,108,118,84,148,26,19,97,15,108,134,102,49,33,188,89,97,49,94,188,148,15,199,109,81,48,43,179,108,168,148,71,164,55,188,127,189,48,94,56,23,179,81,129,106,46,199,84,184,100,179,83,43,47,185,191,184,75,123,102,97,193,107,148,11,47,6,152,19,81,59,191,71,130,130,49,81,75,96,70,189,162,117,76,190,138,127,129,102,56,33,188,147
160,124,139,78,8,112,14,144,90,91,180,86,155,182,195,161,175,72,85,172,57,9,16,155,125,178,44,85,122,62,73,135,34,16,156,1,174,196,44,34,72,95,2,57,44,140,64,5,194,65,62,105,95,132,77,86,128,40,21,41,92,73,78,101,28,41,66,35,128,24,65,53,156,13,182,157,122,8,54,82,16,105,120,90,67,90,40,65,132,53,74,144,34,2,155,1,157,139,68,197,106,107,84,11,59,143,19,47,76,47,32,87,22,76,123,81,47,129,118,164,179,46,185,166,75,15,48,26,134,6,114,190,83,37,146,127,52,110,138,188,100,87,129,38,6,138,96,158,131,188,142,131,33,49,19,164,59,167,191,166,153,11,4,107,49,146,129,190,12,117,131,110,118,63,46,4,51,6,79,42,138,179,19,162,32,52,42,111,158,190,46,42,138,116,63,115,179,185,102,110
198,175,157,151,178,8,40,144,50,8,92,197,187,25,16,78,194,178,177,65,93,174,151,90,101,182,172,80,171,182,187,140,82,159,73,62,133,13,95,5,137,28,67,95,177,91,178,88,137,24,177,144,50,8,163,149,139,182,80,65,2,82,174,156,53,178,137,125,85,90,165,77,149,85,61,176,95,120,25,91,149,140,93,62,54,139,175,78,53,13,120,41,98,14,57,149,78,160,53,139,55,167,4,123,129,94,79,185,37,121,185,71,168,39,179,113,81,97,152,191,10,107,199,130,106,97,17,52,188,102,37,76,131,164,48,164,22,29,47,26,158,114,168,193,193,129,38,162,184,17,185,191,55,100,127,152,6,116,114,15,94,164,7,164,115,33,63,59,26,138,15,162,23,143,148,75,0,89,129,189,126,113,130,7,158,108,186,108,29,19,71,69,199,141,18,109,15,191,87,30
68,177,161,77,66,178,137,145,91,80,165,74,54,92,16,195,195,139,180,140,21,53,145,53,41,120,133,41,85,112,182,50,124,67,197,140,133,101,194,62,197,58,132,91,66,65,120,58,2,58,173,95,176,35,16,73,157,149,144,101,88,150,66,60,178,41,176,136,99,154,25,150,187,119,85,119,170,198,171,62,128,90,150,92,8,73,182,136,54,24,124,99,45,3,65,50,67,41,66,60,33,141,17,185,123,56,181,11,56,167,12,18,6,100,126,15,111,42,129,162,199,79,143,189,36,115,33,186,59,31,108,52,52,117,121,190,110,84,126,4,131,71,94,38,106,127,46,26,199,111,70,143,59,123,10,186,36,186,33,79,7,152,162,121,31,166,118,36,181,123,22,81,97,110,10,114,107,191,19,158,4,46,43,190,7,69,147,37,22,114,110,166,22,147,130,39,184,26,19,126
62,34,133,82,194,156,82,105,125,178,133,74,149,175,92,45,99,103,119,194,93,25,135,57,21,8,13,159,144,122,112,180,135,41,1,9,159,139,92,44,196,120,165,62,173,95,128,197,187,40,103,66,160,161,163,150,182,174,180,64,88,120,124,62,160,92,156,163,150,172,61,150,65,88,93,27,8,9,151,73,40,62,28,133,160,80,77,50,160,9,95,187,192,8,112,197,101,45,104,95,129,166,48,17,141,121,142,129,162,83,30,6,76,169,102,162,81,43,138,189,69,69,29,96,134,56,100,69,179,15,152,33,185,146,168,184,146,106,146,121,123,146,113,117,48,121,15,123,164,96,43,158,191,107,18,19,106,190,76,113,39,97,115,185,188,79,94,75,19,115,110,39,7,43,134,108,164,7,193,179,23,31,33,0,111,39,148,115,134,30,141,153,10,17,76,37,70,190,188,17
73,16,24,120,149,58,140,149,1,86,61,78,187,45,80,64,161,135,137,128,14,90,65,64,192,104,175,137,171,160,61,172,140,132,163,140,150,173,182,57,149,61,78,95,176,171,45,125,66,170,132,44,85,67,182,27,174,9,45,28,119,95,57,165,24,182,182,175,125,85,74,77,133,187,67,1,74,174,104,171,187,160,160,192,50,122,93,62,163,27,35,157,103,178,139,53,163,2,145,67,111,116,30,108,39,115,94,12,130,55,127,17,87,42,110,158,51,184,166,164,63,121,59,190,106,48,188,190,83,47,47,111,7,18,114,191,193,81,32,37,0,20,7,114,158,31,15,114,158,87,49,117,15,118,100,47,43,186,106,97,29,96,11,17,31,193,20,183,84,188,0,11,10,52,186,166,55,20,87,37,127,102,55,188,96,30,148,199,15,116,168,131,17,169,43,69,129,6,152,138
144,91,137,175,35,78,65,157,50,135,156,54,16,57,50,140,198,159,67,61,157,85,155,180,101,194,139,144,180,161,101,173,187,196,177,66,58,194,182,195,2,170,67,144,154,195,136,195,103,103,145,171,44,149,92,133,78,176,163,28,128,176,197,1,67,85,80,149,157,93,135,2,157,112,135,194,165,154,1,44,101,50,175,170,34,124,13,44,174,86,159,57,180,57,25,77,192,119,128,128,113,183,188,109,113,141,164,190,185,51,118,75,108,115,52,127,143,37,193,56,142,109,126,55,20,76,52,51,166,138,42,36,29,190,11,127,42,38,115,107,199,181,142,59,118,48,158,117,26,42,84,19,17,116,188,106,108,48,106,17,37,181,17,158,97,42,111,56,109,158,111,0,148,39,63,168,49,153,32,20,134,39,147,20,49,100,111,59,169,146,96,83,113,33,42,20,153,4,0,185
187,90,60,92,91,160,195,170,198,95,60,165,175,154,176,68,197,175,128,99,77,103,21,34,41,90,2,163,41,124,28,174,161,155,176,133,92,105,171,62,124,80,21,160,178,65,28,92,80,86,133,197,45,182,198,85,78,182,95,13,176,80,151,45,180,93,78,80,105,156,80,157,196,105,66,41,40,68,61,41,82,72,112,35,133,21,187,34,80,160,133,122,175,50,61,103,27,77,80,144,181,109,134,116,84,127,114,56,185,56,12,69,10,127,37,117,63,22,142,190,37,38,169,83,71,19,22,108,158,97,26,106,148,17,97,56,84,191,96,19,126,79,152,75,69,191,47,49,79,42,134,55,190,185,75,47,38,179,158,109,106,199,142,131,193,18,89,143,109,79,153,186,51,83,166,167,12,7,23,17,36,169,32,189,113,55,121,30,20,23,121,109,89,81,190,46,184,115,181,127
60,176,154,101,135,159,98,101,136,105,80,91,80,21,149,73,122,105,99,66,137,197,54,154,95,64,154,155,40,176,135,145,180,62,92,155,41,150,150,160,8,95,151,136,66,140,88,13,2,195,16,98,187,159,187,156,198,73,196,135,80,99,159,93,144,192,157,156,16,1,8,5,180,133,80,72,40,95,45,161,154,175,172,157,72,58,82,45,175,156,72,73,171,68,24,90,103,196,40,5,127,55,189,48,71,10,56,146,56,4,10,11,188,17,4,55,117,15,48,69,113,18,17,33,56,33,6,126,167,4,169,49,100,94,117,143,113,183,96,15,164,141,75,43,102,52,110,75,152,52,76,46,11,199,11,75,179,123,134,146,191,83,166,43,83,48,30,191,83,199,7,191,193,148,153,130,96,134,106,130,32,181,63,158,102,23,110,69,75,79,39,94,110,114,126,96,75,130,127,12
41,27,125,62,64,105,196,61,27,198,73,174,1,125,159,194,172,178,125,132,1,2,41,151,192,21,99,50,35,66,65,182,86,21,88,95,3,119,35,180,40,119,53,132,34,95,155,178,28,80,137,72,122,135,171,13,139,125,151,24,171,144,144,21,72,61,28,90,136,9,101,27,5,72,178,24,171,150,54,14,165,187,45,171,124,159,41,90,1,163,182,122,159,54,3,78,159,136,160,137,117,102,79,59,111,17,190,134,193,164,23,11,33,115,110,188,79,94,134,153,109,89,43,39,70,15,184,30,48,153,94,111,153,114,83,134,51,106,10,164,190,75,152,23,76,36,10,81,109,138,102,75,10,109,97,189,129,118,168,89,97,31,123,188,184,71,29,97,184,69,38,141,146,11,118,71,71,113,185,185,36,148,52,71,188,12,146,114,134,15,22,199,42,168,190,7,190,76,52,76
128,176,165,16,173,196,72,180,62,99,92,149,98,27,180,90,9,145,98,80,3,45,159,159,173,173,112,150,86,151,119,57,50,135,72,92,21,187,72,95,66,58,170,13,139,57,132,13,125,101,176,66,45,68,28,156,171,78,112,65,40,128,174,91,135,62,50,137,175,25,3,187,125,197,45,157,172,156,24,163,137,8,1,120,192,165,144,144,13,165,41,165,82,93,154,41,140,145,180,196,110,188,147,191,142,26,0,19,123,0,123,100,110,108,43,166,146,76,158,199,49,18,117,75,37,129,147,143,84,158,70,185,59,32,181,4,106,76,190,39,158,42,115,96,4,185,96,52,42,127,48,127,31,49,49,6,15,113,7,153,142,121,143,185,164,110,106,0,22,29,23,31,166,117,36,189,0,109,17,123,47,109,11,69,0,106,97,190,79,152,147,108,134,81,131,83,168,184,49,130
178,198,14,14,157,62,98,41,86,41,151,195,3,5,196,67,80,61,160,86,170,195,175,155,73,120,2,44,53,40,35,65,163,82,104,155,155,57,137,90,192,137,78,62,187,178,120,88,60,35,187,27,9,68,163,92,91,133,103,151,64,65,178,103,136,92,44,120,197,137,95,53,145,128,16,5,137,101,140,124,1,177,125,173,61,28,161,86,21,174,5,157,175,163,64,163,9,182,139,154,75,115,7,32,39,56,167,7,19,102,107,94,141,179,193,147,183,51,189,33,193,141,117,84,158,0,168,43,39,4,89,188,48,162,131,87,141,114,38,185,87,36,69,76,30,189,158,111,186,94,79,46,166,102,189,19,110,79,117,168,96,17,127,22,164,89,109,32,110,12,167,181,113,184,52,130,106,168,108,114,115,29,22,33,49,7,147,107,30,59,184,190,76,55,36,10,89,7,102,130
173,195,78,160,58,170,78,101,58,176,91,103,157,45,90,58,105,3,195,133,60,3,90,66,74,172,61,93,149,178,119,82,44,25,5,68,103,160,172,60,2,112,101,140,74,177,161,151,82,112,159,160,124,92,8,93,21,28,135,136,68,9,104,35,50,178,120,192,173,9,99,58,60,150,197,132,99,2,44,62,95,77,135,140,60,5,95,135,54,140,35,5,124,73,9,103,60,174,101,93,158,146,70,63,26,48,19,15,43,184,47,190,123,108,166,23,115,166,51,46,127,29,169,32,20,123,84,75,147,110,117,37,130,146,18,12,106,75,115,113,111,12,123,79,22,189,164,181,111,55,59,100,142,18,81,15,89,193,32,43,110,134,184,131,179,39,84,106,30,18,37,22,7,70,11,134,26,148,108,134,123,146,115,32,46,102,191,70,141,55,123,179,148,23,184,168,6,56,51,148
198,45,139,136,61,74,99,122,58,172,122,132,8,154,145,64,85,80,171,57,91,196,2,62,136,124,61,62,175,64,187,197,2,165,88,119,140,197,171,99,156,66,77,40,68,198,80,88,175,177,125,16,57,91,150,77,68,128,9,176,68,50,124,154,175,151,140,122,151,170,197,135,182,67,45,62,180,62,67,178,91,103,160,21,178,86,40,54,175,77,61,99,128,74,2,196,160,198,25,53,118,108,51,147,193,79,123,17,107,96,29,134,97,4,56,179,114,134,100,129,18,168,31,69,185,179,126,185,20,108,109,146,186,188,129,127,185,186,141,96,36,162,17,169,166,158,129,20,55,32,142,108,162,134,179,76,51,142,63,153,164,115,4,20,162,127,48,97,26,36,185,186,11,188,169,83,37,71,32,23,51,109,106,79,87,167,10,199,166,81,134,143,118,141,118,106,108,107,141,100
68,14,65,112,133,150,88,122,177,101,159,85,149,93,25,27,77,176,122,163,151,91,9,145,78,60,163,135,50,151,27,27,149,44,180,132,54,13,44,14,13,13,151,177,44,122,95,196,82,9,198,137,44,27,74,159,14,77,176,8,60,139,120,149,103,66,21,128,119,45,58,104,165,40,90,57,163,171,41,180,104,9,50,28,25,60,160,21,174,54,45,175,95,133,149,85,77,13,8,53,15,153,48,185,191,49,94,76,22,127,11,153,89,181,76,168,183,52,158,189,26,179,69,129,127,94,75,166,49,49,23,59,76,75,11,4,127,6,143,138,29,4,126,190,30,148,51,7,15,152,96,46,36,43,49,23,142,148,75,43,17,30,164,123,56,110,167,143,23,189,131,42,46,23,115,7,118,152,97,89,109,38,97,168,179,71,115,6,131,106,117,162,164,89,189,36,46,153,17,43
187,57,128,198,78,180,128,133,41,192,44,5,171,45,82,27,195,105,122,73,14,8,44,170,132,187,150,178,119,195,155,45,124,187,95,88,180,64,98,145,3,119,16,80,119,24,172,98,137,119,85,16,3,140,195,2,173,187,60,182,154,163,157,99,178,172,103,178,182,41,101,34,82,27,57,187,40,25,14,82,105,155,122,90,45,50,14,45,194,53,41,62,103,61,62,90,8,195,78,5,179,52,110,166,59,138,107,166,184,87,12,18,55,4,138,23,17,36,94,76,185,18,63,121,63,191,20,110,37,181,43,193,184,6,164,129,94,117,148,162,7,102,189,89,147,117,188,186,130,183,138,37,19,10,164,164,116,115,6,18,96,84,126,169,97,26,183,152,143,36,141,146,117,97,118,70,148,29,22,114,23,117,193,32,37,141,26,42,32,166,15,186,47,63,76,55,33,106,30,26
41,14,124,159,176,176,194,68,198,149,163,128,104,5,145,133,149,135,67,187,175,133,165,66,170,92,27,196,72,139,159,160,77,88,44,35,194,160,149,125,154,170,163,60,66,16,163,165,160,1,62,128,112,98,112,93,73,136,78,101,182,175,195,173,28,88,65,98,57,92,157,35,82,133,45,85,175,13,105,150,122,28,77,3,151,28,40,77,128,57,178,1,150,90,21,40,145,128,155,88,185,147,94,31,109,185,51,158,94,0,147,181,147,126,84,130,33,147,181,166,107,167,30,146,114,51,134,17,181,59,138,166,69,63,18,19,102,190,6,55,186,97,186,199,141,96,17,167,146,116,131,199,183,22,31,71,181,114,6,134,32,96,158,37,190,111,199,55,130,33,115,148,69,51,30,31,59,185,87,32,158,127,26,189,126,59,143,199,18,134,32,121,152,22,37,162,31,37,70,81
173,82,57,77,95,24,154,50,45,155,86,57,2,80,151,182,161,88,34,176,73,192,57,175,90,14,98,112,144,139,13,165,50,95,85,151,128,45,72,1,68,163,65,120,57,182,28,122,35,150,88,13,3,137,175,120,165,197,41,95,61,156,176,35,35,91,95,144,34,25,122,5,78,54,128,62,101,21,45,198,67,77,78,77,88,187,8,88,136,16,135,91,170,9,160,88,92,5,50,156,0,0,47,167,18,130,43,49,97,114,4,143,123,52,94,4,109,110,30,162,126,17,142,83,18,179,108,168,191,167,111,142,81,121,22,183,76,188,121,127,7,168,49,76,193,146,30,12,189,87,7,109,6,46,102,10,39,17,89,59,30,10,49,121,42,130,56,114,167,7,17,89,147,107,114,33,29,59,100,123,110,29,79,153,142,97,30,116,113,37,184,134,22,7,11,169,184,183,191,32
156,82,9,128,24,16,160,198,82,1,14,61,144,2,112,161,93,54,150,125,58,67,57,159,88,192,128,8,171,149,161,98,125,27,68,13,120,172,53,50,178,13,195,172,28,28,171,86,159,90,68,78,16,9,135,91,177,45,9,65,139,120,25,5,122,66,85,182,192,74,62,27,160,192,60,92,159,171,174,8,92,14,62,122,64,103,24,195,174,150,125,133,154,173,92,72,88,137,177,64,138,51,169,38,109,32,0,89,129,190,184,110,69,51,123,84,70,30,10,29,115,23,51,29,29,84,100,39,181,168,6,143,191,11,51,143,130,148,42,26,181,43,148,30,143,126,51,193,100,190,114,22,63,169,97,38,26,56,142,70,199,48,143,89,76,7,6,152,17,189,179,188,110,179,69,152,36,42,106,84,148,127,18,97,147,33,106,59,20,55,179,32,153,48,33,32,111,111,168,100
40,74,91,44,151,175,176,16,133,171,80,98,57,163,144,28,120,101,16,124,60,78,50,24,105,122,136,98,86,3,14,161,157,171,145,1,92,1,95,119,35,101,61,128,197,171,57,88,150,195,3,58,93,88,133,192,154,5,173,135,176,119,120,156,178,57,3,24,16,41,25,170,128,182,67,175,161,95,156,122,195,86,77,156,156,170,132,34,103,86,137,124,1,53,197,93,120,24,137,178,15,106,190,69,148,96,26,29,183,49,158,94,131,79,47,33,46,158,107,17,185,46,123,188,114,134,169,138,100,162,7,43,17,186,51,179,129,134,131,52,127,184,188,51,26,29,153,126,158,121,102,199,87,17,166,10,185,71,39,49,181,48,141,143,55,89,138,96,97,199,48,193,87,199,102,69,89,52,185,164,168,126,113,141,20,117,169,87,130,37,37,0,129,96,42,147,106,181,42,110
61,103,145,156,104,86,156,28,62,44,91,35,99,28,180,45,133,74,137,160,78,9,66,187,157,171,21,197,92,1,34,192,135,161,85,41,14,112,35,53,154,180,77,14,136,176,124,85,176,165,90,119,144,21,82,45,176,2,173,104,98,178,159,171,135,174,3,196,74,13,157,178,125,78,144,112,177,41,198,171,174,175,163,174,155,174,86,151,95,120,21,171,172,73,80,9,173,160,77,139,7,32,100,52,108,148,79,12,81,11,111,138,10,0,87,148,42,184,184,83,130,188,43,10,127,158,36,118,83,36,47,26,118,110,142,76,110,189,114,42,190,116,38,109,94,38,147,4,23,79,138,96,183,167,108,129,33,59,42,116,181,185,20,19,199,146,48,167,152,43,48,38,111,100,169,109,126,162,19,148,51,10,71,26,181,166,134,127,11,38,36,123,188,83,152,116,84,7,141,96
136,91,65,57,67,21,27,41,78,165,13,13,35,120,21,103,2,160,67,180,197,40,41,77,177,13,92,77,180,98,145,99,156,122,86,149,8,82,155,105,98,154,187,2,132,8,161,195,196,112,86,170,65,177,73,9,57,198,133,25,177,2,149,14,65,66,195,104,73,58,13,133,35,178,139,187,177,61,54,104,53,73,25,105,154,178,68,35,163,170,60,156,65,85,120,135,3,80,13,93,26,87,47,123,19,79,4,189,52,83,115,153,81,69,96,19,183,185,141,147,83,134,81,107,37,108,71,20,56,143,36,30,179,17,162,142,43,199,167,183,115,114,191,188,190,89,96,79,189,47,52,114,20,56,118,186,127,106,6,18,129,76,168,23,84,84,33,26,12,76,70,138,51,47,126,100,4,59,184,23,20,147,111,130,185,117,37,121,17,199,169,83,51,121,39,29,106,97,168,43
27,28,21,40,1,5,78,157,72,78,58,125,25,187,77,57,24,1,78,68,66,172,27,16,178,14,165,95,187,44,124,137,104,140,92,192,78,174,112,66,2,88,194,160,74,196,62,180,72,66,196,175,57,25,192,58,133,86,35,66,101,136,187,172,61,194,77,35,77,197,13,93,54,66,8,145,197,120,95,93,78,157,54,66,92,172,135,78,175,53,182,119,16,5,150,163,176,198,124,145,48,148,193,109,152,23,71,169,70,43,123,38,43,188,38,52,10,107,37,18,71,43,188,167,199,126,96,75,184,169,55,152,106,38,186,117,51,56,12,117,106,107,190,75,26,49,183,87,153,115,190,169,76,115,39,71,189,126,18,43,142,0,121,97,79,56,193,83,167,63,131,83,143,76,71,51,114,121,152,83,20,111,193,121,109,166,12,138,179,193,186,184,83,10,181,36,94,52,118,185
105,157,151,101,5,137,196,171,132,137,120,65,156,88,120,86,8,9,136,120,197,1,125,103,174,119,112,101,132,197,133,137,163,92,44,171,165,13,103,125,139,98,173,150,44,14,14,155,74,14,104,133,120,132,173,151,177,82,197,92,24,155,175,187,68,180,21,132,16,28,139,171,13,165,178,173,91,92,140,135,86,1,8,155,1,40,176,159,105,41,24,67,156,132,112,80,41,124,90,53,97,32,30,189,129,138,18,152,127,167,23,70,186,115,153,59,138,36,70,164,96,33,193,100,114,127,100,114,138,131,29,121,83,153,59,48,96,167,127,17,108,26,199,167,32,30,29,84,153,167,111,69,181,186,102,4,131,36,75,51,56,30,153,107,107,32,70,126,46,75,131,43,152,186,190,190,10,36,121,48,17,59,115,123,70,100,115,11,138,79,158,121,39,191,114,186,79,153,70,46
137,137,91,120,8,1,44,45,197,62,14,61,40,93,173,192,197,67,68,21,177,197,182,174,165,28,99,35,90,157,197,196,150,139,80,73,101,145,150,35,103,136,9,124,101,140,101,178,34,194,187,2,137,192,80,140,35,68,175,34,2,8,178,35,120,45,159,163,177,80,178,34,61,180,85,92,151,14,73,177,21,88,173,178,67,139,175,16,44,66,174,53,163,61,122,105,85,41,136,72,168,117,0,130,169,158,166,71,158,87,23,162,79,22,129,42,152,43,10,188,107,148,102,29,36,191,114,169,190,111,49,184,75,123,142,108,30,100,38,111,109,116,152,166,189,162,108,71,0,115,87,20,185,131,185,56,39,81,134,32,126,20,199,69,147,18,153,75,71,83,134,33,71,190,114,164,70,52,22,26,106,0,169,87,114,199,12,107,152,158,199,33,109,179,184,130,38,51,22,43
197,140,74,77,150,67,182,144,174,98,161,139,155,132,1,91,155,61,58,60,171,2,103,88,5,90,101,77,145,133,95,101,105,139,60,60,149,155,178,156,136,149,159,8,150,73,8,77,35,3,77,133,139,198,122,92,174,120,194,21,171,80,64,150,151,82,28,57,50,82,175,139,160,133,170,8,154,119,80,85,150,128,99,132,68,160,27,82,98,24,3,80,95,165,151,144,80,163,82,41,7,107,152,183,118,12,116,37,32,6,162,131,59,12,43,183,56,191,87,116,63,39,71,59,29,118,189,48,51,183,10,147,18,81,46,26,97,134,79,48,12,55,127,110,33,116,18,166,127,138,116,36,0,89,110,126,48,166,81,75,109,22,121,37,11,190,0,70,113,199,153,164,199,107,30,168,37,131,141,38,39,12,96,20,47,31,109,55,29,89,116,83,43,56,183,43,147,129,184,148
99,68,28,196,9,145,35,8,40,91,198,54,74,182,57,60,151,120,170,40,9,139,21,159,150,139,172,176,105,154,145,68,196,45,176,104,155,159,187,145,119,133,74,139,198,68,103,60,156,16,187,198,180,28,173,95,151,95,21,151,58,72,170,44,91,178,14,99,149,68,135,149,103,195,161,157,154,197,90,136,1,198,73,175,173,16,150,62,105,40,68,104,16,13,119,92,50,195,13,45,97,51,113,31,59,10,148,89,166,102,59,84,33,76,111,63,76,179,143,31,31,107,33,184,10,179,51,168,17,12,190,75,20,0,4,152,110,6,43,15,185,30,183,12,118,102,121,152,117,106,48,6,63,189,100,168,49,115,23,143,17,102,38,110,181,30,56,69,126,189,186,134,55,51,186,20,106,43,169,37,33,96,146,189,121,19,141,42,49,100,184,114,51,116,37,46,138,169,191,87
72,101,187,86,105,25,9,139,197,137,85,35,165,195,5,57,177,13,93,154,149,34,41,119,77,62,139,82,58,14,137,92,156,103,136,9,135,101,139,163,45,67,155,64,133,5,35,5,182,197,112,92,154,180,195,77,98,157,8,174,159,182,178,104,140,92,128,62,177,58,21,161,53,177,187,144,72,98,73,28,149,103,2,2,9,61,9,137,86,194,99,44,24,192,40,137,78,175,156,151,134,188,186,146,4,158,55,110,134,185,70,111,81,48,110,59,70,179,109,183,107,42,189,164,153,43,106,71,84,107,49,63,189,116,113,6,118,52,96,0,26,75,55,100,129,117,49,167,52,186,30,152,199,107,94,102,37,134,71,146,153,17,17,111,39,75,141,96,17,167,47,55,184,33,6,146,113,15,164,69,33,12,38,130,56,116,114,38,97,143,142,107,138,29,115,81,116,152,19,191
128,150,177,68,77,72,74,105,16,150,144,155,161,53,135,50,50,41,57,74,85,92,3,98,150,14,163,35,187,192,101,171,159,65,187,34,2,195,144,174,93,24,137,112,198,160,174,105,156,78,172,175,53,178,73,136,172,98,140,8,21,170,13,72,160,14,120,8,86,195,50,86,140,1,27,178,124,28,161,139,98,176,8,177,195,149,45,137,140,176,170,133,60,136,57,91,196,165,192,135,111,147,84,164,11,96,87,111,181,186,114,97,134,63,84,164,51,116,42,152,26,20,7,97,188,142,191,59,79,115,179,96,131,143,107,22,110,52,184,116,185,31,76,186,83,17,142,164,152,153,47,49,146,130,184,185,76,47,158,111,129,18,193,121,47,47,142,70,15,6,167,164,134,168,181,89,109,130,147,20,19,188,22,166,75,75,147,107,109,117,134,26,167,71,22,87,79,81,107,126
171,74,171,124,160,95,125,132,40,64,165,45,45,41,125,177,9,187,67,161,14,99,98,159,45,67,101,95,90,171,194,35,64,145,196,170,159,78,137,44,170,144,57,144,61,74,182,139,68,139,197,163,194,159,174,35,24,198,103,66,45,122,192,99,68,178,66,173,2,156,90,101,103,62,175,157,101,64,173,58,173,139,72,144,151,92,66,133,154,16,120,122,196,150,197,172,149,54,197,35,123,117,184,188,38,55,191,109,190,111,11,102,146,43,166,96,79,83,46,43,179,56,97,106,19,75,143,106,143,51,12,102,55,22,100,116,146,110,83,143,49,79,153,20,32,146,49,168,26,158,191,129,10,199,69,42,18,147,179,191,55,56,111,83,100,63,39,117,189,146,63,39,109,81,63,94,49,51,43,89,188,84,117,185,52,20,7,184,42,143,193,71,108,43,141,147,130,79,181,199
112,140,21,105,74,176,151,151,101,64,14,136,192,45,154,151,159,178,86,196,95,165,136,145,25,99,195,28,156,21,45,173,124,161,150,101,173,64,135,103,103,137,103,133,157,133,182,9,21,27,128,176,16,72,198,2,65,171,133,68,160,197,60,156,74,124,140,144,5,95,82,101,119,163,92,45,101,132,65,132,120,103,82,122,173,13,187,173,197,24,41,98,86,155,187,45,88,21,160,145,19,148,164,26,158,147,190,83,4,51,185,184,32,118,42,7,114,26,89,42,97,123,51,59,83,84,189,147,185,84,6,29,42,107,76,138,97,102,31,84,113,63,167,6,17,69,10,158,169,188,153,193,129,76,0,76,18,141,18,10,94,193,87,7,129,42,63,19,100,47,76,131,199,141,22,6,126,52,63,146,123,111,49,162,199,153,152,123,11,191,116,143,193,96,76,87,75,141,142,51
54,24,119,66,62,151,24,61,173,61,133,101,155,74,128,64,137,50,14,73,25,124,177,68,103,154,187,2,128,180,194,64,67,99,144,68,8,61,16,174,92,135,150,74,68,27,45,103,136,14,187,34,2,2,174,112,80,195,61,40,196,135,45,54,161,40,65,64,53,182,175,104,2,65,160,16,180,136,165,101,197,137,195,133,86,139,85,85,16,8,1,67,178,64,73,187,197,78,1,2,42,106,199,100,142,0,123,97,110,138,130,108,189,97,142,131,127,169,121,164,102,36,19,18,23,188,146,23,110,96,89,110,146,96,113,100,20,38,117,48,96,18,117,51,190,48,69,89,37,107,138,109,49,183,184,158,106,179,193,190,11,49,109,10,121,18,83,19,108,51,15,11,75,129,4,15,81,108,42,48,81,121,31,89,169,106,84,166,186,141,96,46,96,37,59,142,111,76,79,81
151,88,195,45,92,177,68,159,82,85,180,77,165,133,73,53,150,197,74,155,180,90,27,161,1,27,95,24,180,73,9,112,180,156,157,105,150,2,58,112,172,124,119,155,34,91,128,98,171,98,154,80,122,9,137,35,105,95,101,16,16,62,105,72,40,61,21,40,3,16,5,3,182,177,178,177,128,50,135,161,173,103,88,72,159,66,24,165,91,133,124,128,35,105,58,58,92,151,105,174,114,56,56,184,81,129,19,31,109,81,11,164,71,167,127,148,4,100,185,81,55,115,37,83,39,183,71,199,52,129,76,46,48,36,111,186,113,186,111,89,56,18,153,52,115,79,63,43,32,83,138,109,142,190,97,31,162,199,109,55,114,184,148,89,130,17,138,108,51,167,191,100,152,52,23,109,113,146,189,56,38,100,191,63,193,29,142,47,191,185,6,134,153,129,46,191,39,193,11,76
82,13,78,156,67,192,9,145,62,85,144,170,163,93,50,192,128,40,136,128,95,85,135,77,77,144,35,172,119,149,128,60,178,145,170,139,58,73,73,77,5,64,163,112,150,45,175,144,133,25,172,74,9,163,119,1,58,2,50,180,9,28,174,144,132,194,88,41,54,136,125,14,27,159,163,178,85,53,145,120,99,136,156,137,64,44,57,62,124,5,40,124,163,67,151,62,72,21,160,99,4,169,75,123,15,52,148,84,117,184,181,110,6,100,32,115,142,33,0,52,48,190,191,6,56,189,10,127,56,102,190,81,110,6,48,19,168,0,114,158,153,153,138,51,49,10,42,129,162,56,153,126,190,191,0,31,22,29,188,108,84,17,33,96,36,94,22,59,152,146,48,191,129,146,97,111,11,146,109,126,184,89,115,110,110,46,164,158,94,114,51,130,102,148,186,63,55,129,32,141
177,41,195,150,9,57,16,137,95,57,124,40,119,90,35,150,197,8,178,90,27,8,194,145,172,154,99,45,21,5,41,60,172,177,135,41,64,95,45,197,85,171,132,139,3,105,98,13,103,28,14,178,175,176,105,73,120,78,161,67,82,85,24,80,93,157,45,80,151,72,99,64,194,150,72,196,175,68,128,154,25,154,67,62,149,125,176,124,28,85,8,50,125,80,95,62,156,25,99,14,123,183,116,70,191,189,123,49,89,81,153,121,167,75,7,11,22,97,118,83,79,43,46,184,153,81,118,30,38,131,23,199,164,70,191,142,12,79,199,18,30,32,142,55,184,19,179,131,111,147,146,20,111,56,42,107,147,81,183,162,30,179,109,179,81,97,17,147,18,138,55,69,71,30,23,51,183,59,79,4,12,162,39,55,113,47,47,76,79,167,52,126,15,97,33,169,84,162,164,169
13,53,13,64,25,88,157,178,150,44,86,95,40,3,1,28,57,53,156,60,140,14,67,163,68,104,149,112,180,171,157,128,135,14,66,45,67,120,73,13,104,119,95,119,194,157,137,180,176,124,172,16,145,45,73,198,149,151,64,178,41,149,21,44,171,103,61,174,99,101,163,155,159,16,67,82,8,112,105,103,40,182,90,125,157,14,58,50,93,161,172,78,119,58,135,78,120,150,174,171,131,20,189,51,75,87,15,152,115,148,116,127,131,169,190,69,0,42,191,147,109,185,147,193,29,79,147,51,7,116,146,179,123,84,138,131,39,183,94,15,167,189,89,188,43,141,134,79,46,127,11,186,110,131,75,56,7,81,23,63,109,183,152,181,199,127,158,26,153,71,193,84,118,4,7,193,153,70,183,138,33,31,11,42,162,158,56,15,100,10,146,190,110,33,83,69,31,134,11,147
67,197,64,28,177,45,104,64,137,85,174,92,58,98,165,156,65,14,5,16,195,64,197,182,197,132,66,66,92,150,34,74,120,103,27,104,66,149,159,40,68,174,137,72,35,176,157,180,21,58,198,58,35,163,66,54,163,61,151,50,61,187,27,54,195,80,34,67,34,9,68,1,144,172,154,124,24,163,180,95,176,74,120,80,91,120,140,125,125,5,5,53,64,170,161,120,192,16,61,163,152,23,94,169,169,114,94,183,164,126,107,26,48,107,147,167,116,76,191,127,96,102,4,152,46,110,193,37,76,168,143,59,141,129,83,22,70,108,148,117,39,52,131,111,185,32,51,69,63,185,153,7,22,26,79,199,114,115,71,97,11,43,153,76,47,148,46,167,81,166,63,33,142,10,83,152,76,56,114,164,12,179,130,147,113,47,12,113,17,96,76,189,15,146,186,117,167,130,20,11
27,2,187,99,41,28,128,120,28,159,139,67,149,172,61,95,53,92,50,95,178,21,144,170,60,3,24,112,156,16,105,120,73,161,44,85,45,173,172,25,154,177,112,90,44,68,139,57,165,175,24,91,196,156,82,53,93,163,187,9,66,196,154,88,119,67,145,149,165,195,93,187,157,41,95,172,40,149,165,165,150,122,78,180,176,41,137,187,151,149,40,165,28,34,8,196,140,74,88,122,17,142,183,83,167,162,83,121,6,152,158,199,164,179,83,169,168,6,63,193,100,59,121,23,49,100,158,56,84,186,84,162,48,70,11,15,181,0,168,143,0,110,71,26,190,126,166,46,184,37,30,147,189,43,117,138,12,75,142,179,94,181,111,51,29,181,185,63,46,81,37,10,190,183,117,166,184,147,63,138,32,168,164,153,113,130,184,110,17,69,143,52,134,168,162,71,20,130,167,129
8,60,1,161,174,197,61,101,132,9,91,27,170,139,8,44,99,178,41,40,150,24,187,82,28,145,35,92,34,28,132,172,80,67,74,112,73,40,78,45,163,104,122,54,170,145,197,73,44,61,80,178,72,149,67,73,53,156,112,171,128,150,58,41,139,194,182,176,163,101,91,34,101,25,139,165,132,171,93,170,57,182,86,135,160,187,124,154,176,40,50,99,174,119,62,16,60,112,163,40,38,36,43,191,32,164,113,142,12,22,167,168,152,168,51,4,42,38,185,162,87,4,49,189,97,193,23,127,10,184,52,162,59,22,55,141,123,71,56,189,83,184,107,115,43,6,37,130,33,134,166,188,185,59,190,81,129,43,36,30,114,63,19,49,33,164,56,106,186,32,26,181,123,123,164,36,164,19,108,116,69,48,107,158,184,4,164,87,146,96,166,115,109,164,115,102,23,96,15,152
101,122,8,151,187,9,196,13,24,124,41,105,73,101,197,136,197,105,9,180,157,161,160,196,73,119,157,78,119,122,177,155,136,13,5,35,120,50,156,93,92,2,5,165,78,73,78,2,14,125,16,175,177,139,92,27,90,145,16,124,40,25,103,104,34,104,44,140,62,172,77,101,61,13,58,145,157,99,180,182,165,25,50,57,128,132,170,92,174,68,177,73,13,64,182,3,104,41,2,14,51,12,96,84,6,191,6,118,17,190,164,147,184,169,31,131,97,146,106,51,158,117,20,199,48,181,89,158,63,51,193,7,143,43,152,158,46,38,29,42,59,37,147,167,199,30,179,49,52,33,47,181,142,117,158,141,15,134,162,18,32,79,56,7,51,143,31,110,189,143,23,188,33,110,118,42,32,37,32,129,33,15,56,55,100,46,109,185,49,100,42,189,84,110,146,43,181,47,193,109
175,93,198,182,60,78,21,125,16,125,24,122,103,165,72,28,177,174,82,61,93,85,1,86,192,88,16,192,54,88,9,157,66,57,176,105,66,8,155,195,74,80,90,61,133,194,122,170,120,172,149,74,13,132,137,195,180,88,105,104,88,41,136,61,196,171,62,25,72,41,140,180,173,195,72,99,90,196,40,112,8,161,171,62,72,98,139,99,93,120,61,65,144,60,95,44,178,124,172,163,110,131,158,141,47,141,183,190,143,116,109,179,70,152,152,51,70,11,12,59,126,166,75,183,167,106,108,100,38,148,181,31,46,113,32,146,166,138,131,166,63,12,186,115,0,121,42,81,129,107,79,186,143,190,42,131,109,102,126,148,79,166,158,110,190,111,56,96,87,18,193,76,48,79,33,23,141,79,114,193,17,100,94,143,56,47,116,199,123,138,38,146,75,123,33,129,6,113,141,22
124,159,88,1,27,3,135,145,163,74,64,35,136,72,187,198,86,104,151,182,174,105,197,64,192,60,73,50,119,62,13,99,2,159,57,5,2,67,9,57,62,27,135,88,122,101,187,60,173,159,171,25,156,187,119,174,57,98,197,149,128,54,40,156,72,64,1,14,65,133,173,139,40,133,67,192,125,2,177,92,24,151,156,196,155,180,157,1,149,175,25,157,54,136,57,9,74,173,90,120,108,49,116,100,17,129,48,185,191,107,30,20,179,33,126,183,181,39,166,186,56,115,148,117,36,143,143,33,107,121,33,113,113,152,141,181,87,32,38,148,189,113,199,10,19,31,158,111,127,59,100,69,108,100,97,146,26,37,79,49,179,32,84,18,94,148,19,130,186,131,63,100,47,31,153,59,108,39,179,141,0,107,164,42,152,181,87,141,22,181,102,147,4,184,143,110,164,130,33,33
133,198,161,28,104,159,53,163,98,192,25,176,103,196,187,180,120,27,182,180,133,171,163,54,90,27,178,44,187,65,149,1,159,120,88,54,2,91,145,176,144,133,105,125,125,16,154,192,136,177,187,98,66,68,9,151,122,1,174,73,88,85,8,78,104,197,197,173,44,92,45,58,160,54,133,136,72,176,125,175,2,62,57,175,195,53,172,92,133,16,28,67,125,103,150,64,120,73,90,50,189,10,36,4,147,123,97,114,168,116,46,126,7,164,55,168,47,106,56,11,63,100,117,166,36,70,166,23,142,146,75,43,118,107,20,32,29,168,48,55,189,110,183,10,55,7,121,30,164,37,115,20,70,4,38,10,111,4,84,10,138,63,81,81,94,69,113,30,12,117,134,115,184,71,31,127,71,36,4,164,84,43,164,188,181,164,188,168,169,110,134,81,111,102,20,123,138,94,127,113
120,58,92,80,35,65,128,27,112,175,80,172,124,177,2,34,57,95,160,14,182,68,163,122,154,124,151,77,182,176,92,98,172,192,41,91,161,145,82,160,66,72,34,136,45,88,105,74,180,144,60,140,24,112,98,174,35,88,5,120,151,194,14,99,85,53,194,194,78,2,144,194,172,157,2,88,9,41,2,195,93,73,163,196,192,161,91,151,192,120,140,197,95,16,72,135,187,150,145,197,63,169,146,131,193,7,116,147,17,123,87,184,18,158,48,94,193,138,126,191,116,32,12,143,108,83,130,4,75,0,115,184,166,30,63,87,111,0,20,179,130,96,52,7,18,46,147,52,191,184,184,33,96,179,38,109,23,76,118,169,15,115,152,141,189,131,79,100,4,111,167,190,18,87,39,19,164,26,123,76,181,94,75,22,148,83,47,184,179,166,76,118,168,138,76,126,96,141,83,115
174,65,149,161,82,144,182,40,132,136,156,14,1,92,103,1,137,120,13,73,92,50,192,9,21,157,157,187,85,174,61,80,65,13,99,50,157,195,41,21,135,93,197,157,174,133,101,1,1,54,68,112,68,135,25,14,176,173,198,177,182,140,170,24,125,161,192,196,101,192,175,172,182,21,90,132,65,155,155,187,105,172,105,163,27,177,78,50,3,91,25,139,159,78,145,132,125,120,136,198,43,81,199,186,141,111,116,33,56,186,83,56,71,7,115,115,115,71,134,12,43,131,4,70,116,51,184,146,117,123,141,36,56,89,183,76,138,84,26,26,123,79,199,123,153,110,188,43,123,131,142,75,12,131,186,186,147,141,186,56,23,12,199,116,59,70,143,76,121,48,89,17,142,6,47,134,142,89,10,193,12,106,142,107,43,148,15,55,147,15,56,63,191,96,36,59,47,138,117,131
57,128,133,122,45,85,73,99,180,174,92,8,103,16,174,24,91,163,136,120,80,9,77,25,95,161,195,8,172,177,101,170,159,1,13,198,125,149,14,2,197,44,61,61,120,105,28,92,34,74,14,139,178,99,120,104,53,159,197,182,145,155,78,68,54,180,133,136,156,157,82,155,174,40,53,3,67,61,24,163,90,5,67,45,160,65,154,82,57,95,119,34,124,122,174,198,119,119,40,27,111,189,31,12,123,164,167,164,11,110,181,167,188,106,190,6,23,19,152,23,70,134,121,158,31,55,108,107,148,43,186,89,0,42,51,39,143,188,166,37,111,188,147,116,179,39,148,152,148,109,168,12,152,39,168,22,147,110,141,123,69,102,89,6,152,59,87,94,107,130,7,108,46,20,79,181,148,110,15,138,47,107,87,36,84,167,0,168,117,113,114,109,147,97,76,36,142,23,111,191
195,45,24,122,125,2,156,145,98,41,28,27,90,24,132,8,119,35,5,182,161,150,77,74,25,73,82,119,73,177,44,195,155,140,16,13,95,40,25,16,178,80,58,16,197,159,161,92,2,155,157,137,41,139,21,9,28,67,14,91,90,112,135,2,77,173,160,174,5,198,145,137,136,77,50,60,172,65,175,92,95,65,112,61,177,27,88,133,173,2,65,53,161,159,74,92,119,154,24,24,56,158,19,39,19,193,56,87,141,38,17,51,164,126,117,118,69,164,167,148,38,121,147,166,162,127,18,193,32,169,189,37,87,76,168,108,87,96,126,121,17,83,188,29,96,0,87,115,109,89,0,129,167,52,199,22,115,12,75,20,31,147,84,181,164,153,123,152,79,6,121,10,166,129,189,117,30,186,106,134,10,179,31,130,71,153,52,186,130,7,10,38,138,189,17,33,55,107,141,94
24,145,140,196,155,163,155,21,86,196,132,120,140,105,124,54,2,139,88,27,92,172,99,157,177,74,136,65,44,86,136,172,44,197,57,27,182,73,57,80,5,155,159,177,21,58,66,35,198,145,77,120,86,28,25,78,14,182,172,45,3,91,187,196,27,154,99,80,178,175,124,151,170,170,28,196,198,170,135,58,16,160,73,124,2,5,180,14,160,73,170,145,197,132,163,160,120,180,149,172,152,185,166,188,19,52,79,109,147,168,107,143,189,126,51,186,97,153,17,148,127,146,131,55,59,36,184,111,188,138,63,143,46,38,96,193,48,106,143,108,18,96,142,142,146,42,15,83,89,102,152,164,48,87,134,26,121,59,87,117,113,36,22,7,121,126,190,89,52,186,189,190,185,17,12,148,123,142,30,114,6,32,134,51,199,10,39,30,183,130,114,193,94,17,106,153,188,141,0,147
150,93,103,3,124,58,159,170,135,160,125,65,5,86,35,176,34,156,78,174,92,170,170,175,160,8,24,34,60,165,13,172,137,14,98,161,149,61,57,136,170,101,3,41,195,178,150,174,128,41,60,159,74,101,180,65,73,128,187,85,64,197,53,132,80,16,137,62,137,35,50,40,8,197,93,98,67,54,28,57,154,73,9,85,135,8,25,157,58,21,80,176,172,57,194,173,2,144,176,176,12,102,185,190,49,97,143,142,186,29,167,110,7,55,84,143,147,79,134,152,129,111,166,168,18,94,190,22,148,114,23,51,134,166,36,15,49,33,48,127,11,10,17,83,0,42,11,183,89,106,4,11,117,186,188,167,97,33,148,38,164,94,129,114,118,184,6,121,63,183,118,199,181,121,12,117,39,79,87,37,87,190,110,49,134,79,10,121,111,167,193,152,199,47,108,109,193,11,183,52
187,67,57,92,165,65,119,165,196,60,93,156,159,128,53,68,173,122,62,173,2,178,139,60,78,58,61,170,197,173,40,174,1,58,73,34,66,60,139,180,8,180,137,53,132,58,45,172,95,61,172,125,64,119,95,86,195,1,101,122,194,120,124,80,105,64,192,136,68,34,88,40,5,187,1,74,176,9,65,194,3,85,197,61,122,25,3,112,3,8,194,53,150,177,135,8,133,35,99,194,10,87,97,181,18,42,152,11,181,12,4,20,188,106,51,49,96,100,49,152,71,102,142,142,30,121,188,4,63,55,146,114,162,32,148,162,46,32,115,190,117,166,75,4,107,117,0,0,43,11,108,190,185,167,10,111,76,96,158,114,188,75,193,113,70,71,191,199,96,126,33,42,15,168,4,199,193,79,33,186,134,51,115,126,141,184,94,94,38,63,52,96,179,30,138,110,7,108,141,116
171,137,137,66,145,72,140,178,5,72,154,174,99,73,156,9,68,136,144,99,196,34,35,161,187,16,105,25,88,44,35,41,67,194,137,149,101,3,198,145,82,101,61,198,93,28,149,157,88,194,139,105,93,139,25,154,195,72,177,5,160,177,77,67,99,151,85,9,80,136,85,173,177,72,101,165,80,105,67,45,99,44,120,58,192,72,80,136,92,57,86,13,195,86,151,119,112,120,60,13,193,199,19,146,33,181,191,18,37,106,118,89,190,183,184,32,191,23,199,38,169,126,52,158,11,38,153,141,42,52,11,97,97,118,117,147,102,111,59,148,199,115,84,113,38,152,55,46,39,79,32,87,32,23,116,129,47,193,134,83,81,188,189,142,71,97,87,81,189,81,168,148,96,47,181,183,59,81,118,167,114,186,166,37,107,189,148,36,79,47,110,109,52,37,134,79,12,48,121,75
156,40,182,112,155,125,82,122,160,50,72,173,171,182,195,119,99,90,2,98,178,5,135,74,2,21,9,101,171,182,155,58,78,54,149,1,160,54,44,144,61,155,140,44,45,2,44,98,9,50,101,165,78,99,58,195,92,180,35,103,174,24,92,197,66,5,85,93,27,155,144,80,124,122,82,150,187,77,78,194,99,91,78,27,67,53,1,163,35,60,154,77,165,159,45,62,90,140,194,103,36,30,76,87,102,146,18,152,10,36,63,79,12,108,134,84,143,111,129,10,37,26,20,19,6,69,121,185,15,107,10,15,46,38,162,179,191,153,179,52,17,123,46,94,106,4,147,75,63,97,59,42,70,183,134,94,97,113,37,42,108,32,147,15,30,168,130,75,43,26,43,106,179,47,43,152,22,162,129,51,110,38,70,63,168,179,19,84,183,6,76,22,109,26,131,183,81,96,169,107
105,68,119,177,14,101,194,120,80,165,34,65,171,137,140,105,77,27,172,133,3,159,66,80,90,174,44,125,77,140,74,145,174,171,72,98,156,80,174,177,57,159,58,176,119,133,90,13,54,105,64,91,80,159,112,135,67,86,178,170,175,174,86,91,95,163,45,61,133,14,172,61,171,68,60,104,178,155,88,133,74,13,198,78,77,27,195,198,187,180,136,176,53,35,156,112,73,41,122,192,29,106,51,169,75,51,164,108,111,123,47,18,42,185,114,179,153,115,106,79,47,49,69,22,146,179,83,153,0,96,138,31,36,108,76,6,11,52,81,181,113,46,79,199,56,97,158,10,100,153,23,107,96,143,107,12,106,131,190,118,118,166,181,79,117,52,20,109,158,108,83,130,89,33,121,138,96,100,17,166,138,168,109,146,49,127,12,37,148,30,56,6,164,108,47,109,96,43,38,111
73,197,98,195,157,139,24,34,77,86,150,99,85,151,173,16,98,78,101,21,50,58,195,137,68,53,140,132,150,62,78,72,122,159,128,133,104,151,140,98,163,157,156,92,68,136,73,72,149,50,86,21,82,178,192,192,176,156,68,91,112,3,95,159,128,3,140,137,175,99,53,90,82,128,80,41,139,103,154,45,173,172,175,128,50,180,68,103,160,156,13,78,151,80,163,171,103,103,25,57,22,96,190,123,18,189,0,126,188,193,181,143,17,189,75,37,47,188,15,31,199,11,146,55,153,162,123,162,127,152,186,83,189,181,51,33,55,115,19,15,31,75,26,56,168,118,193,130,142,142,181,147,114,110,130,107,63,158,69,94,126,186,69,49,0,166,146,188,113,75,166,26,4,114,70,71,118,184,107,4,83,6,76,36,129,152,55,116,63,39,42,4,127,56,56,43,114,146,7,79
24,3,45,132,180,119,132,65,140,173,112,9,13,177,151,194,21,62,145,5,156,60,14,24,174,124,58,122,155,40,178,2,112,85,92,149,78,66,98,180,40,92,139,53,197,192,40,41,93,72,95,28,161,194,173,35,1,176,65,95,80,150,80,61,173,25,1,45,8,98,139,68,5,45,195,21,151,163,13,1,187,74,120,80,16,112,112,74,85,41,40,60,35,135,68,82,132,105,165,182,129,115,15,71,153,11,23,113,102,153,141,146,190,134,7,117,81,52,36,184,26,84,63,179,18,46,96,148,188,87,97,118,6,17,129,89,109,138,158,141,75,12,83,116,158,109,164,97,29,55,138,123,110,109,141,69,131,153,107,6,97,143,43,29,55,183,96,75,107,127,87,129,87,142,75,113,48,48,84,166,75,102,164,49,143,89,118,100,147,129,113,51,52,114,49,126,10,129,153,130
65,120,156,9,40,120,139,182,50,35,103,174,161,35,157,159,82,178,192,149,60,27,65,21,170,53,91,139,156,28,161,72,82,91,64,99,160,77,14,73,21,99,1,16,139,120,140,135,68,144,92,58,82,136,62,53,9,1,5,28,198,119,44,58,151,73,78,53,73,154,80,103,135,44,14,112,91,124,67,3,5,163,122,60,182,198,103,175,103,8,50,13,170,192,135,195,57,194,8,21,71,89,32,102,152,11,33,59,108,190,109,94,184,32,186,43,162,179,106,113,19,106,42,126,52,115,38,129,148,107,11,12,37,0,89,4,190,100,32,22,114,56,162,94,108,63,184,146,184,189,33,131,181,81,108,162,115,129,83,147,87,33,55,69,75,76,100,79,117,100,7,30,49,81,131,127,129,188,186,181,12,11,146,0,121,7,168,97,183,106,183,114,138,94,152,19,83,39,0,162
122,180,192,151,95,74,159,88,25,88,77,45,13,88,150,112,187,58,3,88,128,8,24,2,27,101,45,25,61,173,74,119,182,165,45,53,145,178,105,132,165,170,1,72,91,78,163,132,171,165,122,50,101,154,180,95,93,61,159,78,93,165,8,178,13,101,27,176,58,140,44,163,13,58,86,144,90,3,119,64,82,45,149,137,161,187,95,182,151,171,172,91,157,35,74,25,105,149,122,157,49,190,94,108,33,10,143,190,63,94,59,55,148,191,183,158,97,79,79,109,94,26,162,38,166,0,168,191,184,76,168,116,37,168,134,181,126,109,97,113,10,185,48,87,52,29,102,4,166,48,18,138,153,79,52,7,89,75,89,109,52,191,141,51,130,22,102,52,162,106,42,94,127,143,193,168,51,71,59,32,131,20,79,75,46,111,49,181,169,190,75,169,190,121,179,199,121,76,26,126
157,58,136,176,145,61,145,145,173,67,25,82,21,156,156,65,139,44,57,150,163,72,50,40,174,144,156,149,53,13,21,112,27,149,177,140,1,180,136,9,44,25,74,53,133,135,21,21,149,163,54,58,172,21,44,182,13,180,90,122,101,177,144,99,77,192,103,40,192,154,44,77,74,58,159,13,44,88,68,139,122,144,67,45,2,66,177,86,105,151,73,151,27,144,161,60,34,53,174,149,96,43,6,189,138,23,4,181,134,134,97,117,29,118,4,117,138,141,51,123,71,109,169,12,81,162,96,22,29,76,185,0,131,126,190,189,190,199,75,11,6,96,121,49,11,96,42,7,108,169,12,148,126,76,87,43,100,79,102,76,131,168,15,36,22,70,190,184,134,146,106,141,152,26,199,118,179,31,63,193,129,63,184,96,183,96,117,158,7,56,47,113,30,113,17,55,30,146,43,121
133,16,25,182,182,125,125,91,178,105,35,182,68,85,177,91,28,66,170,16,177,64,178,145,144,171,133,197,120,133,105,197,45,9,77,62,156,66,91,98,88,72,119,170,40,50,178,125,160,122,175,170,137,60,1,5,103,3,176,103,62,159,1,175,140,90,14,151,197,61,182,101,44,145,136,150,3,78,151,98,24,34,132,27,145,72,92,53,178,197,80,124,136,34,61,112,145,154,99,21,130,109,117,188,15,106,32,158,11,146,126,186,168,47,59,106,29,38,4,134,116,43,102,166,152,17,49,186,43,199,184,69,152,141,4,84,20,6,190,146,89,118,188,123,84,63,20,188,37,96,181,123,186,79,189,115,186,52,79,110,19,29,116,134,109,168,71,138,7,152,15,38,153,146,26,97,193,37,168,191,138,199,117,20,69,111,17,189,76,38,107,49,134,46,52,70,32,30,193,107
132,13,90,173,21,196,120,82,175,149,14,25,198,72,137,149,112,133,45,44,195,192,161,54,136,155,57,154,60,74,41,161,50,34,34,173,151,161,145,182,3,149,64,132,154,155,41,195,128,104,2,178,99,140,67,61,28,3,5,41,62,101,178,2,101,54,163,176,14,82,62,165,112,145,174,163,197,99,105,67,91,45,78,172,135,13,165,64,187,88,182,13,61,139,13,16,182,88,140,21,29,33,153,123,69,110,6,37,56,69,186,49,118,46,6,167,116,166,36,138,29,26,164,97,49,56,118,116,18,39,26,118,169,10,117,167,110,127,48,51,63,59,47,75,59,59,84,114,166,4,84,29,22,106,23,193,42,47,55,115,126,153,81,12,76,146,42,12,84,148,129,38,168,138,117,152,186,185,185,117,87,143,31,37,12,26,10,79,186,49,168,109,4,7,6,6,33,52,102,190
92,122,149,198,44,165,61,120,133,45,44,176,176,13,9,58,25,25,197,161,132,160,8,57,5,67,3,195,151,163,16,77,160,198,136,112,163,157,72,157,197,53,44,73,160,14,159,45,57,58,157,155,78,35,195,60,128,1,90,53,165,1,151,105,95,58,145,160,150,3,41,172,58,66,53,93,132,5,68,58,1,177,195,80,122,35,16,65,67,125,104,92,178,104,174,132,78,9,3,174,32,30,48,129,184,69,134,71,162,166,190,23,55,121,43,10,75,129,71,0,108,153,63,84,55,167,33,30,79,17,37,127,59,186,153,126,23,116,71,168,42,87,97,168,33,107,147,29,48,83,30,18,126,189,138,190,87,193,162,38,83,184,166,162,191,55,115,184,87,51,169,115,19,148,42,152,147,0,117,48,167,55,123,168,158,39,190,75,10,193,22,0,138,71,141,110,100,0,29,22
120,8,41,182,86,133,72,45,27,135,35,145,145,197,156,66,86,101,154,1,150,27,195,74,125,156,73,144,90,149,178,133,45,21,159,155,88,174,68,65,156,86,90,92,180,197,156,85,175,157,104,112,5,173,27,72,175,198,150,24,34,41,9,50,139,136,157,61,72,92,180,178,50,90,173,198,197,150,93,53,28,194,98,161,77,92,197,135,159,88,27,194,157,140,1,67,198,67,40,192,69,131,168,7,84,168,18,164,36,59,59,138,166,152,162,184,102,33,184,51,59,191,127,183,142,20,71,51,38,89,42,188,94,20,81,42,94,52,70,6,147,11,188,30,134,83,109,19,51,166,69,126,169,188,56,71,116,10,42,59,48,121,117,42,49,115,142,48,43,23,109,4,89,23,121,162,47,117,33,51,169,113,20,162,52,59,164,162,183,162,83,185,36,26,96,131,37,193,189,47
165,197,73,82,155,178,41,16,27,161,98,78,24,34,53,133,176,170,98,82,159,119,120,139,163,54,171,196,144,150,103,128,58,68,171,65,2,149,66,98,77,163,34,195,27,68,2,163,198,85,5,105,145,2,27,13,66,170,160,14,8,163,173,140,194,128,72,124,136,93,86,105,104,41,66,90,40,101,122,163,82,92,25,197,5,88,45,58,67,99,82,58,157,57,5,74,78,66,62,180,116,199,81,76,158,188,52,33,17,108,118,49,79,6,110,56,63,117,142,37,52,18,49,121,100,162,107,131,111,164,31,46,55,87,138,7,97,17,183,70,121,89,19,185,110,148,181,123,109,158,121,31,51,167,81,184,181,47,130,79,102,190,147,186,84,18,117,29,31,183,22,113,42,52,4,179,113,191,11,121,185,47,10,146,183,36,158,30,81,46,193,110,26,22,7,7,147,18,131,152
73,137,136,2,2,53,53,173,132,145,176,125,133,34,21,91,45,197,159,159,156,65,124,156,27,171,104,64,145,24,165,90,78,104,34,192,93,54,178,174,195,90,151,132,174,122,136,67,149,156,178,34,151,165,165,156,91,21,50,120,64,14,151,74,5,60,45,144,80,85,24,128,155,160,135,65,132,28,85,132,139,99,197,58,3,159,104,122,136,182,13,40,120,173,119,180,73,34,154,77,7,7,148,63,185,164,146,36,15,30,189,123,20,38,12,18,89,117,70,42,47,22,169,39,75,152,186,153,134,127,32,97,193,193,26,134,106,75,102,152,199,87,181,75,169,162,141,4,7,29,49,81,19,26,114,51,118,48,179,106,4,115,52,20,130,76,185,118,75,71,168,51,127,81,190,33,71,70,96,127,89,4,115,39,11,7,141,186,38,118,36,81,168,110,123,46,191,30,32,63
172,90,74,119,136,145,57,160,137,1,124,25,154,187,112,95,103,85,72,149,132,25,74,67,1,137,165,73,60,88,165,180,159,112,103,45,5,137,176,171,197,41,2,62,139,144,78,8,72,57,14,132,136,9,80,137,45,41,157,172,93,160,64,194,140,91,161,197,105,122,2,82,3,80,67,77,90,1,133,86,53,21,24,157,154,149,61,9,93,132,86,24,50,139,163,192,27,133,151,88,199,46,32,167,109,56,147,0,10,11,106,130,121,29,185,168,164,4,141,100,127,15,193,183,70,183,153,43,36,97,30,71,189,39,97,15,181,127,118,7,20,15,146,130,147,131,162,4,31,96,79,193,52,141,70,189,46,84,102,113,166,87,185,147,123,168,29,185,188,56,97,107,166,164,168,190,47,193,162,158,11,52,152,48,181,143,56,148,102,75,70,169,46,117,42,142,186,100,141,81
34,35,53,85,88,3,5,173,60,135,198,53,35,150,61,35,105,125,192,105,9,157,62,28,192,192,120,173,44,145,9,122,99,67,104,120,155,34,163,150,73,156,175,125,149,149,27,135,74,64,177,198,161,125,40,132,91,53,140,86,53,61,197,157,144,140,105,88,176,74,24,74,66,156,159,99,16,88,68,98,182,3,176,60,93,150,66,53,163,78,66,149,197,9,67,182,16,155,91,78,193,102,131,79,75,0,134,138,114,142,32,15,168,142,55,49,42,183,47,23,97,162,148,42,117,191,11,167,87,29,10,48,48,138,184,193,10,113,48,183,0,97,188,143,184,79,76,38,115,38,38,158,100,134,81,109,23,48,18,26,123,97,114,186,106,148,186,83,121,188,188,10,166,22,42,118,167,167,79,148,158,107,42,167,116,18,55,18,185,87,152,179,22,12,48,47,116,87,29,26
5,137,61,175,165,197,171,13,54,86,151,90,3,173,50,25,124,145,44,64,14,64,151,151,156,163,103,95,198,192,103,44,140,8,99,53,139,177,177,61,192,24,45,34,14,101,187,66,58,16,13,136,21,68,24,172,105,145,145,140,58,13,135,112,178,187,133,171,53,156,174,85,73,154,58,122,86,54,151,154,58,150,171,163,177,21,13,34,45,128,104,161,171,119,145,192,124,27,140,175,164,108,153,4,15,39,52,168,89,193,179,108,79,138,30,114,184,63,130,79,110,167,148,75,106,141,15,146,164,51,162,164,43,36,143,33,29,18,152,186,52,49,130,87,191,123,79,46,71,102,118,121,36,46,7,183,142,10,108,134,26,190,147,131,17,29,142,20,83,70,138,69,191,162,31,38,169,102,19,96,107,0,26,127,142,130,164,110,148,107,141,83,6,143,115,4,190,76,167,110
105,119,128,105,57,45,35,172,198,40,177,145,34,50,155,27,170,88,61,24,24,78,155,64,125,67,65,137,112,160,9,62,194,163,165,163,159,112,8,124,1,192,163,132,73,90,151,119,170,149,172,67,172,90,161,163,174,74,91,144,54,73,145,65,135,21,144,119,64,198,165,2,34,175,195,64,178,64,61,103,74,120,77,13,174,60,165,68,45,192,133,139,92,85,132,144,25,124,192,60,32,188,11,10,10,87,22,22,166,167,100,168,134,109,22,11,6,83,11,87,30,167,114,111,117,191,36,110,31,166,26,97,110,17,37,70,69,23,26,142,79,83,118,147,181,131,110,59,97,4,186,17,18,131,10,116,83,81,199,102,26,117,79,184,46,181,188,169,138,70,81,183,123,129,4,46,167,162,69,48,83,87,42,7,121,190,181,56,7,32,6,59,114,94,0,169,113,15,131,39
34,60,149,139,86,197,105,92,161,154,180,159,82,77,1,92,34,112,195,44,140,34,68,45,90,25,44,74,62,120,194,28,28,144,192,160,40,172,60,196,82,58,78,198,62,175,66,35,136,61,157,137,60,151,112,66,103,90,92,67,91,120,13,149,67,77,60,135,88,180,171,57,150,144,91,67,14,14,88,101,196,149,192,180,170,122,119,44,182,173,173,91,198,172,139,9,104,92,187,136,10,188,121,94,11,43,11,52,123,38,30,89,70,33,115,131,191,129,59,189,152,179,51,146,36,164,19,10,188,193,121,188,114,117,51,75,116,130,179,189,138,106,110,89,79,129,117,142,89,102,100,166,166,37,130,191,55,191,69,117,158,142,142,113,76,56,32,127,185,123,169,10,123,49,109,179,69,0,23,36,52,113,130,46,31,38,127,167,96,199,152,186,181,94,114,31,22,131,153,143
173,66,175,13,132,16,101,44,172,3,135,163,90,103,34,44,41,155,132,98,68,150,16,74,160,14,173,64,1,82,165,172,151,139,50,1,8,174,175,77,93,25,91,157,21,120,180,24,13,149,5,1,136,155,74,50,171,135,5,172,53,82,112,54,2,64,68,25,44,140,34,101,5,74,95,180,103,178,173,9,149,195,25,1,172,1,160,112,124,53,86,5,66,173,90,57,196,133,180,160,51,17,20,38,115,169,52,111,36,51,142,11,97,168,48,56,26,81,47,49,166,113,52,179,7,134,76,96,102,130,11,96,39,185,148,63,113,130,114,70,79,116,31,12,69,109,158,126,152,31,189,49,127,141,141,134,141,89,15,141,84,193,169,134,23,97,56,115,84,110,183,102,126,29,143,111,83,55,70,15,184,190,17,186,191,127,107,19,17,43,7,18,15,189,48,23,179,63,6,107
24,105,3,67,64,194,62,175,40,140,35,74,65,182,92,104,35,187,13,174,61,5,135,64,161,62,182,194,53,45,92,58,135,82,122,21,159,21,105,104,170,159,34,161,195,197,170,157,88,174,159,177,14,156,8,21,150,90,177,54,9,58,177,54,82,198,120,178,44,92,198,82,53,54,128,172,122,196,98,194,156,16,25,177,85,57,156,98,95,88,3,156,176,119,172,136,122,58,194,128,100,115,81,100,48,20,38,141,31,168,100,20,96,146,123,38,114,185,126,193,69,87,189,109,117,36,188,134,166,181,17,97,33,75,129,36,30,76,166,179,181,106,184,52,26,189,189,43,18,129,199,63,148,168,168,38,11,89,87,116,89,147,71,179,89,75,152,32,43,52,4,19,118,179,43,33,76,46,42,131,75,76,142,185,51,89,167,63,29,75,102,188,100,11,46,188,115,79,47,56
154,58,173,170,92,180,136,34,95,13,67,41,195,95,122,151,101,175,25,122,140,35,137,82,198,136,173,105,34,67,67,16,14,165,60,77,157,120,67,195,150,145,149,149,88,122,53,175,140,9,172,105,156,2,156,85,125,40,156,25,44,98,172,156,90,45,178,170,105,85,178,72,53,54,95,25,156,65,93,140,192,50,120,140,64,5,156,16,128,187,155,82,173,25,197,175,9,101,128,124,37,131,38,186,189,158,47,146,183,129,79,75,48,70,143,179,166,11,141,115,69,183,56,148,96,108,4,185,52,138,63,126,190,193,115,168,116,123,191,83,84,167,115,188,17,183,167,193,153,69,42,138,117,126,89,52,114,113,42,48,188,70,7,110,23,113,116,102,23,181,169,18,97,186,190,162,158,183,96,167,55,11,164,162,183,110,42,130,83,71,15,52,15,47,111,83,158,142,42,181
161,104,154,95,150,44,135,124,80,45,187,197,27,62,25,163,65,92,92,195,194,28,90,27,13,197,103,5,151,176,25,180,92,67,40,80,44,133,105,157,77,8,178,197,66,68,174,28,105,27,119,13,194,163,128,78,176,187,99,65,151,160,67,155,196,53,194,119,192,198,27,50,135,159,41,132,187,45,99,9,145,155,57,14,57,78,128,34,132,13,25,172,27,99,160,135,25,91,163,176,30,43,118,32,190,167,52,168,22,79,134,121,167,129,185,114,20,168,116,17,59,56,94,131,30,48,138,10,31,115,134,46,29,12,10,153,164,26,113,43,100,158,63,183,55,19,148,169,29,76,97,26,117,118,131,130,191,162,47,130,47,143,118,118,107,100,52,42,42,0,94,116,127,138,71,168,185,97,162,36,134,181,63,108,109,127,76,107,179,75,162,102,179,143,76,168,71,166,107,76
133,145,198,86,177,54,34,45,177,21,65,178,182,165,90,73,93,60,41,157,161,194,177,165,159,124,165,3,112,170,178,99,53,65,136,151,119,72,125,73,74,120,88,172,198,194,197,90,182,137,122,159,105,72,198,3,135,174,53,8,24,119,175,68,125,54,160,145,92,150,103,145,62,105,8,196,136,77,177,128,92,119,64,54,14,140,154,66,139,170,3,171,157,14,165,172,119,174,159,104,114,81,89,46,12,181,127,189,37,169,141,179,55,123,84,70,76,17,146,7,36,148,97,70,100,76,51,109,191,7,81,108,190,59,115,110,56,83,19,42,49,63,186,7,107,26,102,23,167,26,141,184,189,63,17,118,193,117,89,181,83,46,138,110,169,115,102,4,10,30,59,52,108,0,111,87,19,11,10,56,134,81,33,146,71,191,11,102,193,126,83,42,15,19,143,114,179,12,185,75
27,103,35,60,170,156,144,160,80,82,175,195,14,160,155,60,103,93,93,13,194,86,133,45,104,177,197,64,13,14,3,90,170,122,195,95,196,91,99,135,58,86,61,24,61,101,5,95,180,154,24,5,90,172,160,5,175,82,172,194,27,125,86,149,112,155,80,120,171,197,27,103,50,27,50,73,8,88,35,67,99,24,180,85,72,182,92,120,128,78,156,16,99,54,149,145,44,80,144,198,121,134,20,79,51,22,129,141,184,4,22,31,18,127,121,138,179,168,190,188,191,153,110,75,114,191,75,184,17,59,143,48,110,102,29,56,102,32,123,127,48,191,76,46,123,47,11,43,199,134,143,15,51,102,114,49,123,79,148,20,59,6,81,70,115,183,152,55,193,87,49,6,43,188,138,26,76,189,43,186,11,179,189,108,83,63,18,130,110,18,185,29,100,12,55,102,22,23,22,107
72,13,163,8,198,160,34,177,112,196,40,90,101,160,163,65,124,119,1,86,80,85,82,112,194,194,41,105,60,137,9,62,45,161,194,24,77,64,133,161,54,53,178,24,192,124,140,165,88,88,132,68,2,174,24,137,139,40,67,165,180,180,192,170,176,155,8,54,68,68,103,44,1,13,155,170,176,196,171,140,139,136,3,54,112,40,103,98,99,140,122,77,161,28,8,53,72,66,178,160,75,117,94,191,96,141,69,188,43,110,190,130,123,96,166,49,147,143,48,126,69,134,169,115,6,118,162,79,189,19,126,29,107,106,4,114,130,97,26,42,79,6,168,43,23,102,56,96,147,96,89,30,188,102,168,19,17,114,55,109,71,113,117,18,199,38,56,148,106,76,138,42,191,70,49,38,20,71,131,179,32,127,141,141,109,43,162,42,33,75,167,59,47,0,49,59,46,191,184,37
177,150,53,41,50,194,68,103,21,180,25,34,165,5,133,60,149,140,150,120,144,159,72,105,82,159,105,24,65,155,155,25,196,122,198,156,66,5,3,136,72,14,88,157,73,120,16,50,157,14,145,8,171,80,80,88,5,34,66,67,77,54,172,150,151,104,53,78,136,3,67,196,44,88,67,1,45,194,92,198,57,173,120,92,28,99,112,171,194,92,171,172,21,175,9,149,85,24,98,172,38,114,186,186,107,51,127,188,153,191,6,69,138,108,107,184,109,22,179,20,89,148,42,17,70,110,130,142,186,52,126,94,43,4,117,37,141,42,47,22,167,96,11,70,96,108,33,114,33,39,162,43,48,48,20,79,87,134,59,97,121,96,0,141,189,97,106,17,33,81,183,81,113,32,148,4,199,83,152,30,102,110,83,84,18,63,32,126,115,83,36,49,49,114,148,167,48,108,147,29
103,91,41,8,161,68,119,144,172,16,139,24,149,119,150,192,177,165,196,112,156,57,149,133,140,163,104,88,61,74,195,139,95,101,112,192,3,105,68,170,103,163,88,182,60,5,73,50,165,178,176,13,176,197,182,1,198,150,45,132,5,73,197,73,2,178,57,80,150,65,82,125,122,98,122,105,5,13,64,187,155,198,156,95,85,58,58,172,196,67,171,73,5,80,140,172,195,197,27,119,79,19,130,109,38,108,114,10,138,179,121,30,167,191,12,96,83,190,146,6,184,141,46,29,52,43,190,89,96,12,79,164,63,81,84,22,146,115,32,15,146,190,123,179,56,30,152,114,188,138,146,188,111,38,123,131,37,55,59,30,162,102,107,189,48,7,49,70,22,184,188,18,138,33,147,75,186,19,83,108,18,84,188,127,189,19,63,118,33,107,153,181,113,69,143,127,38,166,185,81
156,160,133,149,8,99,34,40,16,105,13,144,195,78,124,159,132,35,74,45,159,27,8,160,62,64,150,132,58,78,178,156,173,198,44,64,119,13,66,45,64,44,40,64,136,9,88,24,61,78,103,124,92,99,112,5,124,80,157,62,66,74,21,54,195,192,27,187,2,173,3,128,187,124,8,13,151,85,180,92,160,64,72,61,171,40,62,95,125,1,198,40,157,21,140,3,125,198,171,85,186,52,12,49,89,185,0,29,79,131,6,123,30,115,106,4,0,167,102,106,36,190,37,0,147,51,179,189,55,169,186,107,12,138,126,107,116,83,127,39,190,15,134,100,20,127,11,110,186,63,142,96,75,146,89,19,81,97,70,59,89,79,63,183,129,107,71,116,23,10,162,193,30,69,87,89,186,193,33,109,47,193,131,115,148,183,181,42,31,131,7,143,7,179,138,184,130,43,121,113
68,61,144,1,128,182,82,9,196,14,145,93,132,57,157,88,82,112,53,120,16,88,174,80,122,170,170,149,124,34,67,120,82,85,78,24,178,58,196,103,77,159,178,77,112,90,159,24,171,192,192,5,194,150,65,149,16,195,198,144,198,155,44,132,40,45,155,78,40,66,157,174,139,122,68,64,13,197,62,9,136,82,195,103,35,196,57,120,149,128,187,21,58,13,132,80,112,3,159,44,20,69,10,94,96,110,6,191,146,36,109,12,17,55,134,162,70,130,75,22,29,97,18,121,193,141,26,7,20,4,52,141,51,52,179,153,15,191,49,166,184,81,188,46,158,11,102,179,0,152,123,116,189,117,111,193,59,113,18,15,94,118,188,96,0,47,43,141,130,113,83,48,188,49,118,193,152,0,75,70,12,179,59,89,108,38,83,179,52,6,84,56,184,87,55,31,114,118,32,26
57,119,137,173,170,155,101,195,163,133,44,67,195,92,80,73,98,171,160,61,64,82,35,25,50,196,135,27,139,41,40,41,173,28,40,172,93,74,14,54,112,25,35,86,104,21,67,14,44,151,120,92,154,53,8,5,149,120,24,45,74,98,73,61,2,41,198,156,98,175,195,27,24,13,180,135,104,171,35,139,101,91,73,155,14,27,135,34,90,145,65,101,88,78,64,145,44,27,135,156,127,115,30,39,81,33,17,46,75,59,69,15,36,75,199,117,130,153,30,36,106,52,158,51,20,168,134,109,113,15,116,6,123,94,39,39,130,7,56,30,108,26,12,109,83,181,26,121,100,30,183,123,134,23,0,33,146,107,23,108,51,59,113,168,20,126,63,94,48,33,100,51,94,84,84,158,36,96,15,39,32,111,4,4,81,109,94,18,126,94,111,32,51,11,117,76,190,153,106,12
77,80,151,8,93,104,154,103,65,176,198,140,25,8,57,101,159,27,1,73,161,35,40,154,103,170,65,135,182,24,40,163,159,58,133,68,8,50,182,197,95,78,155,62,88,196,103,175,82,182,125,103,50,157,156,27,57,61,57,176,187,112,40,41,90,28,98,132,120,60,192,172,172,35,61,85,172,163,174,192,144,99,119,171,82,154,45,82,86,120,156,58,95,194,53,44,176,173,154,58,33,36,76,153,183,193,84,69,18,10,179,49,29,114,23,63,59,134,102,87,188,31,43,183,167,115,114,190,186,143,167,89,71,52,164,89,70,153,75,56,81,63,102,169,23,130,79,97,76,79,84,121,129,48,162,111,167,131,22,121,52,69,141,87,89,190,59,183,181,84,153,4,109,33,59,108,83,117,148,184,115,138,63,15,47,193,83,4,47,185,33,162,118,142,113,49,33,117,48,17
132,194,95,175,172,103,88,174,60,40,120,195,45,160,44,165,14,176,90,157,157,13,8,172,133,88,160,176,67,122,53,85,34,171,40,64,128,104,99,66,77,196,154,145,171,65,14,197,180,103,40,67,50,154,54,9,173,91,119,137,9,77,192,80,98,35,60,197,170,198,34,197,192,95,156,171,174,77,192,101,174,139,163,88,80,13,180,27,34,44,67,145,68,150,80,21,16,13,136,156,31,158,166,167,113,115,29,189,126,189,147,87,184,37,69,6,22,6,33,96,113,142,32,69,87,51,59,15,106,46,76,168,189,127,100,11,147,17,168,63,106,39,179,29,94,38,52,184,20,6,38,32,190,97,76,148,184,12,55,152,7,42,143,123,29,141,115,100,110,79,126,189,146,179,181,114,39,118,18,130,43,184,48,83,164,117,97,199,96,59,127,59,167,38,38,158,23,131,123,43
174,50,62,53,58,154,194,41,92,161,192,120,157,154,197,93,105,163,182,182,175,3,157,5,128,173,172,160,21,44,157,35,93,5,125,132,159,73,45,54,182,80,198,161,24,93,93,120,54,177,197,61,67,132,99,98,50,196,172,34,98,133,88,57,112,170,91,170,93,132,73,99,144,91,16,13,170,86,50,88,85,194,16,68,40,9,86,174,172,91,195,171,50,175,120,105,163,68,62,137,52,59,138,36,96,6,81,113,191,183,181,190,38,164,100,193,102,23,126,31,15,18,17,118,121,31,191,63,141,167,48,100,141,142,131,110,70,190,168,52,121,181,70,6,47,37,70,89,107,100,43,181,83,97,75,37,15,48,19,4,32,189,81,190,130,19,26,97,7,42,17,79,81,186,52,94,153,146,89,43,141,17,22,123,184,131,59,43,111,83,179,130,188,12,38,37,199,168,167,181
78,112,149,25,177,57,139,132,170,93,174,62,172,132,67,80,73,144,67,133,5,155,65,90,145,198,187,103,95,93,66,139,198,136,82,95,198,57,173,151,182,119,105,182,65,174,161,80,198,104,132,35,119,8,137,25,95,161,137,133,3,165,172,95,16,135,157,105,24,145,170,149,34,72,67,103,88,86,170,174,176,177,50,86,2,13,119,67,194,144,132,177,101,151,62,172,1,67,98,155,131,51,169,158,43,84,23,36,184,89,129,193,70,46,12,32,184,102,84,26,7,193,51,116,191,127,164,106,17,188,30,43,109,75,15,0,108,189,10,100,114,152,84,158,71,110,26,181,153,46,69,166,79,7,75,84,48,12,22,83,109,130,115,148,148,52,12,142,100,168,121,84,15,7,148,188,30,138,193,121,143,42,116,31,168,131,166,69,22,131,46,83,111,22,46,158,102,109,87,84
27,112,172,161,90,197,154,145,149,60,124,99,161,16,90,14,120,159,95,160,112,45,192,78,44,24,187,85,9,65,95,101,192,53,133,13,178,44,61,21,140,1,112,125,14,3,132,103,159,77,132,53,40,180,82,93,72,176,145,157,66,64,13,105,99,62,62,65,9,124,112,78,73,40,165,24,82,124,104,88,66,95,144,163,196,176,13,135,74,92,165,144,58,154,21,172,67,192,82,82,131,48,191,143,38,6,79,100,37,89,75,102,186,148,23,185,181,39,121,126,39,179,186,116,38,115,12,56,199,63,168,48,10,97,169,56,56,22,76,17,166,167,126,143,55,19,126,115,43,146,117,111,42,162,79,83,48,18,17,12,183,166,185,106,76,96,75,29,76,79,75,37,142,7,89,143,52,19,0,166,56,146,83,49,42,169,191,148,76,114,52,185,107,166,102,42,56,181,7,69
24,150,103,74,155,74,40,135,85,65,139,86,192,62,149,62,154,160,135,54,170,2,57,101,27,13,194,65,78,139,85,62,170,14,92,72,34,3,101,149,5,196,54,194,149,156,165,98,67,173,25,197,101,139,177,91,159,61,119,163,73,41,132,88,58,156,187,120,14,156,73,196,151,125,35,195,177,54,198,54,165,82,135,57,145,5,150,13,137,35,174,174,45,159,196,73,112,82,170,95,158,114,148,75,7,89,0,110,20,32,127,109,75,15,199,97,127,94,113,94,36,143,111,185,130,130,148,48,81,181,47,10,19,71,17,87,42,10,130,146,117,181,164,118,142,49,76,31,12,63,109,32,47,106,185,10,164,15,87,69,116,184,48,59,100,10,17,47,113,189,0,43,199,169,32,55,127,134,63,166,56,189,30,69,43,33,166,143,29,46,184,70,39,36,185,69,131,49,117,39
8,92,91,2,61,119,98,194,45,86,24,64,176,86,85,171,178,67,196,187,53,112,182,92,27,103,175,136,64,171,144,1,137,135,91,154,74,174,61,93,139,41,90,120,8,95,170,140,99,133,72,177,136,112,68,3,50,61,139,40,14,155,119,180,149,82,3,2,178,34,60,5,90,165,180,151,27,125,163,144,103,62,137,122,178,99,66,124,105,157,25,137,61,159,197,161,139,88,40,104,52,70,121,106,4,166,111,11,29,32,70,94,23,189,11,100,31,75,127,76,106,83,162,164,15,19,42,191,19,152,102,183,164,31,69,179,69,191,36,4,29,110,33,10,23,108,55,111,29,127,71,46,6,184,30,0,84,43,52,51,129,17,146,188,49,106,26,130,131,146,52,32,146,97,51,143,7,126,113,31,59,189,116,116,70,143,19,71,31,63,184,118,121,36,38,17,162,129,38,38
187,95,72,74,144,187,73,198,58,93,74,45,176,105,95,174,198,3,93,195,13,14,45,82,74,151,178,136,62,72,24,175,86,14,132,119,54,27,35,155,21,178,135,35,194,170,192,45,103,128,159,80,78,57,9,187,86,16,119,60,73,132,103,171,144,25,93,161,13,53,88,157,140,145,72,82,92,122,78,91,194,159,61,25,72,163,61,101,65,62,154,145,53,80,77,194,161,53,67,182,169,107,162,108,166,131,179,43,15,183,130,199,100,43,76,100,51,49,33,142,19,168,166,12,183,189,186,127,127,22,146,199,134,6,152,158,63,118,22,107,71,76,108,87,169,89,118,141,17,179,42,48,166,81,83,20,190,108,142,6,141,46,84,49,26,110,141,29,69,4,84,117,19,46,162,26,17,42,47,106,147,169,79,134,43,184,134,153,26,42,12,97,146,148,141,134,79,131,18,56
35,132,27,140,172,82,151,173,155,50,187,104,3,8,175,92,154,180,93,178,136,128,92,61,85,24,82,172,98,82,151,177,194,91,27,194,27,178,139,177,198,95,24,14,105,196,50,14,67,72,150,9,35,82,57,27,133,78,2,86,124,198,78,132,98,125,77,137,61,136,135,1,173,187,176,174,67,93,88,16,140,8,163,122,45,98,137,122,73,35,178,133,195,88,165,140,187,101,45,150,102,118,51,84,126,38,46,121,89,32,168,126,199,32,89,158,110,20,166,12,168,166,181,49,79,148,42,126,138,113,96,152,36,141,118,26,32,71,75,121,164,37,56,166,188,179,32,191,127,134,63,148,169,184,189,100,32,117,37,0,42,107,152,55,83,79,106,20,87,10,11,51,94,37,169,141,121,7,189,106,130,123,148,110,164,6,166,153,23,33,31,15,33,106,191,87,184,84,4,39
132,132,98,80,136,72,155,155,80,60,173,67,195,112,156,155,132,196,119,163,91,73,73,176,2,40,41,61,132,66,180,68,41,45,128,171,64,9,195,8,112,140,92,80,21,197,9,9,135,103,65,62,41,165,194,101,82,163,88,172,104,165,67,151,182,5,192,137,136,197,176,132,103,151,120,2,119,192,154,13,50,196,124,34,50,54,14,154,91,67,5,1,159,122,144,24,8,73,41,68,108,33,56,42,100,168,141,106,17,167,33,158,23,141,179,19,79,29,22,127,113,193,96,12,167,48,126,115,167,191,31,87,107,169,130,94,183,147,71,12,48,71,185,138,190,131,20,15,118,31,20,107,20,108,108,127,76,84,102,84,115,6,96,36,138,42,168,76,55,43,134,108,113,193,7,100,43,97,63,84,127,166,189,191,153,185,162,109,162,17,113,30,23,142,169,199,142,36,127,4
53,154,192,101,3,160,192,171,175,95,120,135,92,3,72,60,178,178,177,156,160,53,60,122,5,165,35,172,27,182,170,187,125,198,60,120,21,9,136,165,139,82,80,85,58,86,98,85,101,187,40,139,58,16,13,54,128,104,88,122,172,91,50,78,58,78,9,80,58,192,14,132,54,85,92,9,161,122,41,77,5,124,135,50,72,178,73,103,194,91,14,104,161,88,57,174,150,156,62,68,51,183,75,46,142,49,179,183,89,17,43,141,130,130,42,141,123,152,166,51,36,51,12,108,166,158,76,134,147,102,113,96,59,107,11,102,169,36,193,167,51,148,191,49,199,179,26,75,107,162,166,36,121,143,29,186,18,100,70,116,169,47,29,7,138,52,193,130,189,166,131,188,69,46,118,0,106,75,17,166,181,123,141,184,130,106,158,71,138,20,110,32,48,70,43,109,167,55,167,131
171,150,99,86,62,137,16,5,144,99,136,88,54,165,64,173,196,171,103,24,53,9,160,74,44,122,178,57,105,58,58,93,170,74,78,177,68,137,54,144,41,62,58,151,176,180,103,105,65,159,62,74,128,82,182,61,92,105,88,103,8,155,156,172,159,160,1,178,140,101,119,103,99,159,50,144,41,13,140,9,196,170,104,139,124,14,195,172,133,40,122,13,119,197,85,61,122,150,5,80,6,43,114,52,167,75,110,115,115,38,114,158,71,162,168,107,193,76,126,20,148,76,108,6,185,79,46,107,70,148,36,30,46,87,36,114,153,179,167,130,117,134,59,131,75,126,22,29,153,114,76,26,189,39,188,130,47,96,168,39,18,71,127,115,59,96,4,134,71,17,148,83,26,33,169,15,52,59,148,141,15,75,158,114,146,36,127,0,81,48,147,94,97,56,76,193,26,152,26,130
5,177,198,105,132,77,14,103,53,41,105,41,86,21,50,16,85,98,182,64,57,44,136,9,72,135,133,93,197,67,9,74,139,163,90,137,159,157,182,105,25,122,176,144,72,45,92,161,35,98,99,172,172,161,122,40,154,95,101,137,28,194,62,177,24,119,24,44,125,80,91,61,194,197,140,67,105,132,74,78,177,44,13,8,5,139,80,50,13,132,182,27,50,175,171,68,53,159,182,53,52,167,116,47,47,18,186,189,185,164,15,153,17,19,141,142,116,43,89,158,164,142,114,168,52,11,114,131,37,164,118,168,69,43,123,107,147,43,152,26,158,12,89,71,37,49,191,59,49,26,76,48,31,199,63,108,143,134,189,22,186,164,11,22,49,162,115,109,87,114,17,199,153,7,32,138,166,115,76,113,116,75,75,189,96,51,110,59,37,81,55,166,190,11,75,43,4,31,108,183
98,128,54,44,182,14,16,45,178,120,1,180,93,103,104,197,1,13,50,176,54,78,13,3,9,178,86,177,88,128,44,159,90,66,65,104,176,73,50,74,173,160,72,171,104,58,8,125,173,41,3,197,157,173,133,132,176,16,62,128,160,137,73,27,61,119,103,25,150,3,73,8,66,161,45,8,119,103,86,9,145,174,16,156,165,78,165,78,74,170,99,163,175,154,171,139,8,136,14,178,166,56,70,84,116,59,116,107,37,147,59,63,22,123,193,164,121,167,107,76,29,111,37,12,109,141,153,143,96,184,142,146,23,158,185,32,146,109,142,193,42,166,199,36,7,126,20,143,47,48,96,141,179,158,70,51,56,63,56,108,118,134,130,33,190,17,181,70,12,89,199,29,37,38,131,22,81,11,20,188,147,146,81,185,10,115,164,131,46,185,169,127,183,12,183,108,71,19,26,130
154,14,73,58,25,57,1,135,174,57,173,53,192,140,14,66,78,78,194,78,53,144,91,78,197,64,150,140,74,170,14,125,45,155,73,72,13,78,103,14,65,175,14,62,78,157,5,85,180,40,182,73,174,54,14,120,112,150,90,176,25,98,35,80,86,27,195,98,99,85,62,176,171,65,21,82,24,160,45,45,5,28,64,98,132,25,136,157,50,135,41,62,137,91,112,195,135,161,159,175,63,49,185,131,138,188,59,108,33,113,126,0,29,102,29,184,110,141,118,31,11,127,55,191,116,152,134,162,75,108,129,131,126,96,37,39,0,185,96,147,110,189,188,191,46,49,167,10,189,12,33,169,116,147,166,117,111,117,97,52,152,75,38,26,126,56,123,7,115,49,17,0,152,19,87,38,63,169,164,166,31,83,115,115,123,42,29,148,141,185,185,152,43,56,183,106,114,47,141,49
9,74,57,9,163,139,161,66,93,64,161,40,187,112,128,132,177,139,145,176,163,120,16,120,156,133,3,105,178,137,90,27,14,192,103,125,74,85,145,27,62,135,9,174,174,82,165,122,61,182,44,180,14,2,41,14,95,174,144,90,177,173,163,160,1,187,64,80,105,78,9,104,86,8,57,176,136,197,105,92,154,8,99,163,172,178,65,145,125,124,40,101,45,44,88,161,50,62,66,139,81,71,30,32,143,89,23,189,11,70,164,11,89,191,121,141,130,96,18,83,37,134,75,32,166,123,152,7,23,141,42,111,59,193,110,31,108,22,70,168,51,79,191,121,19,39,110,185,33,51,153,11,4,39,107,30,110,49,169,110,0,129,199,29,33,166,146,32,110,129,193,185,158,126,142,55,109,89,97,158,17,4,17,18,131,12,52,116,110,96,142,164,121,10,37,38,107,47,123,56
1,157,28,86,177,90,16,53,156,78,45,65,176,112,156,72,91,174,62,101,88,27,103,124,156,45,192,180,119,128,119,173,101,120,133,13,88,90,13,78,1,139,74,149,3,198,174,104,64,80,57,128,9,174,24,128,25,66,1,74,151,21,53,28,66,80,2,50,120,80,28,194,53,175,180,24,144,2,196,35,176,151,192,1,196,177,98,99,125,40,53,170,45,68,180,13,177,95,176,58,179,199,134,189,70,186,7,131,76,71,191,89,46,169,107,7,55,19,51,102,76,164,152,152,19,17,32,55,26,148,106,43,69,15,116,71,55,146,169,113,6,129,109,20,108,87,107,97,110,56,49,87,110,69,199,15,164,48,158,118,63,169,108,49,109,51,167,20,152,59,0,81,69,118,79,186,179,189,188,19,109,69,18,84,42,69,143,179,29,38,184,134,126,113,36,87,39,30,126,109
50,65,99,74,24,85,104,5,180,156,5,170,21,105,93,136,103,16,58,68,66,145,156,133,176,145,60,85,176,90,170,128,67,93,50,155,93,5,149,40,140,82,16,41,1,198,119,180,198,180,85,64,50,14,103,2,139,90,86,13,173,133,176,72,40,132,65,120,165,65,177,28,68,150,157,192,91,53,61,3,174,44,151,156,101,133,34,35,161,68,144,135,155,170,61,104,78,2,3,159,89,94,4,111,164,97,69,23,148,84,138,127,186,89,166,38,43,59,33,109,147,96,130,117,168,123,7,168,179,70,30,186,37,29,29,52,39,20,52,153,108,39,4,186,138,37,169,158,134,32,186,19,89,102,106,47,199,108,193,193,127,97,69,4,37,164,59,12,191,166,26,38,123,42,89,184,169,83,168,30,179,153,32,83,83,23,186,4,113,126,181,126,118,32,183,127,100,164,134,84
154,98,34,104,28,144,105,74,144,60,44,57,45,54,2,150,57,103,62,40,174,151,90,14,103,44,95,125,112,93,174,175,160,66,74,13,101,21,91,13,132,27,133,140,1,64,98,175,80,72,174,198,73,58,25,88,171,187,101,135,41,9,60,195,9,2,3,57,180,160,90,62,61,145,92,163,68,88,50,1,170,58,73,132,120,112,178,122,35,157,105,45,90,64,112,60,5,28,78,165,55,100,17,164,164,190,121,138,0,48,49,47,49,59,152,166,141,113,4,138,19,30,115,39,63,183,106,188,102,49,37,113,55,0,32,7,26,36,70,126,146,131,42,114,110,102,89,153,166,18,10,130,152,97,131,43,185,114,184,12,4,87,19,33,55,121,193,39,19,188,17,115,147,147,162,32,109,18,22,169,179,30,0,79,87,76,141,81,164,46,123,179,7,38,199,166,63,143,89,76
9,198,45,61,24,144,177,91,120,40,95,78,140,9,165,196,61,170,133,195,128,144,173,90,172,27,161,92,2,68,103,177,178,45,144,58,176,171,60,53,103,135,103,2,165,16,149,101,53,16,3,172,180,90,192,21,135,8,137,61,133,77,192,21,95,85,88,25,91,187,196,95,151,85,172,137,92,27,27,3,172,171,156,34,154,99,192,170,194,85,45,27,99,175,57,21,50,77,57,195,184,158,15,153,100,102,15,146,193,81,26,110,96,10,167,30,17,6,52,109,181,94,186,63,153,199,193,110,138,191,185,191,181,199,127,106,109,179,6,190,118,162,190,118,10,49,138,89,51,181,12,190,7,69,118,166,76,114,4,143,29,70,146,22,37,107,7,186,47,69,102,19,84,89,147,89,114,148,142,167,63,81,191,39,0,79,26,166,193,184,153,117,106,113,185,152,52,11,111,71
171,170,58,112,125,182,139,120,95,180,80,2,82,73,125,95,112,60,5,21,41,50,21,14,86,124,173,2,44,101,72,173,124,154,140,66,145,192,163,195,144,45,155,45,128,125,67,68,154,62,86,1,151,151,73,54,174,125,112,67,34,86,125,54,77,66,170,92,178,112,95,149,74,3,197,140,93,66,161,145,34,44,14,194,82,165,139,160,82,8,40,95,176,88,65,144,103,104,57,125,10,130,96,184,190,79,17,20,12,152,188,147,7,199,186,121,59,111,102,11,51,69,167,89,69,59,147,7,39,89,185,186,111,94,84,48,37,63,37,127,15,31,36,114,188,47,164,147,118,109,39,181,153,71,12,109,71,32,199,152,148,147,56,186,94,81,183,18,102,12,89,30,152,147,181,11,100,108,17,7,30,117,17,0,52,191,131,81,48,107,164,4,147,185,199,30,113,39,152,190
58,62,105,2,68,93,163,119,171,60,64,27,68,133,119,125,91,161,68,54,82,128,145,88,72,119,156,103,1,177,68,154,13,21,157,125,34,9,66,91,85,82,62,64,93,159,157,157,137,196,50,25,101,124,177,137,159,124,67,2,119,178,77,124,149,90,44,99,16,105,58,103,132,73,119,101,159,34,40,88,137,66,14,40,105,150,195,34,173,192,151,9,45,128,3,45,156,3,194,41,169,48,37,186,7,55,76,70,188,123,63,106,20,193,76,39,147,193,32,168,169,42,148,69,100,164,109,42,26,191,116,20,179,38,199,97,106,199,59,148,100,130,100,7,30,6,6,110,129,100,189,169,97,152,168,12,188,183,142,153,47,55,126,48,190,166,33,52,141,134,166,96,47,141,162,0,71,158,199,97,134,118,191,29,116,94,87,179,183,20,152,169,94,115,71,26,131,29,117,146
24,140,124,99,60,50,93,157,8,67,34,14,159,40,155,25,157,27,151,74,35,27,144,145,198,50,95,139,90,74,192,195,35,54,16,27,177,1,177,60,140,133,2,27,149,194,3,64,160,151,93,14,151,13,27,28,175,170,16,68,27,14,3,125,128,155,16,163,135,2,41,60,21,58,124,54,9,135,160,135,65,80,1,95,90,27,144,14,41,151,67,122,98,163,53,58,40,24,151,171,22,130,29,131,29,158,69,191,23,148,106,118,18,19,20,56,115,168,59,22,10,48,146,76,56,49,188,19,37,47,146,152,186,162,147,107,164,113,51,121,114,29,123,130,109,89,0,183,193,190,117,75,37,121,113,84,12,153,153,6,96,166,18,43,127,49,184,79,153,10,142,37,71,75,26,26,114,19,138,37,18,52,48,153,79,126,118,76,126,79,52,114,51,83,141,33,168,84,23,12
128,57,124,149,66,28,145,86,170,35,3,180,77,124,67,57,2,1,58,40,149,14,133,104,140,1,53,149,41,172,21,139,145,72,156,105,175,64,122,92,3,34,25,197,93,68,177,103,125,62,101,182,173,119,65,145,149,160,34,174,197,112,54,93,2,54,66,40,24,140,136,150,132,105,14,125,92,5,136,90,119,194,13,197,170,90,99,68,98,124,161,65,157,27,133,196,163,95,104,174,36,186,22,29,11,32,4,113,46,33,51,0,153,55,37,190,184,162,193,189,130,108,22,185,49,38,7,96,100,189,184,143,59,7,110,186,100,131,138,75,83,70,147,71,96,29,22,115,117,49,39,118,168,69,96,181,143,199,84,55,113,48,11,84,148,199,183,55,134,46,97,143,79,46,127,189,114,106,148,110,184,166,19,56,183,164,81,22,146,97,102,46,26,183,188,76,4,30,164,56
163,54,177,119,165,95,197,112,171,128,41,16,124,149,194,54,155,27,88,180,5,74,157,125,9,73,61,187,41,44,66,88,161,170,171,34,119,105,64,60,192,174,25,144,157,172,14,194,198,173,125,194,58,82,150,99,62,112,165,1,53,145,34,104,194,176,182,187,24,128,24,88,149,13,150,145,178,165,182,98,13,122,85,28,93,58,98,196,157,178,98,145,170,77,119,135,13,73,90,139,46,190,83,158,113,141,181,79,123,49,158,130,70,26,166,56,10,147,29,183,11,94,114,52,36,127,167,166,32,49,94,107,107,33,4,191,181,12,115,199,26,22,6,32,89,29,11,18,32,17,166,131,36,20,164,79,191,89,4,164,83,11,97,39,108,97,76,32,84,33,38,43,148,113,15,75,102,17,117,118,102,110,7,18,79,183,96,22,169,129,114,51,31,121,12,148,146,51,12,199
44,198,128,80,178,58,21,58,34,54,175,124,88,137,163,57,174,1,119,174,177,194,160,44,40,35,197,173,198,159,187,124,177,65,128,133,132,175,16,73,3,120,34,58,60,99,34,177,62,25,112,62,34,64,196,68,41,196,90,14,44,35,25,90,177,197,177,177,144,65,57,165,103,72,112,54,54,68,60,14,61,57,86,103,21,72,90,80,21,72,58,136,151,41,174,198,171,198,65,14,199,199,23,76,100,55,142,183,46,51,108,6,168,7,166,81,146,48,126,63,36,146,63,12,109,39,69,18,188,20,106,111,15,79,75,167,30,183,36,152,37,7,130,117,22,118,189,26,153,12,26,71,147,148,47,143,123,43,20,118,184,11,97,75,83,147,102,106,51,30,164,47,106,26,152,89,141,87,79,10,114,167,52,18,186,51,186,152,31,184,181,12,20,190,6,141,59,32,47,190
64,5,13,196,151,21,88,80,137,163,103,103,124,176,160,161,5,198,14,165,160,163,172,187,41,103,159,175,170,58,27,91,35,195,88,50,194,50,159,159,196,5,65,178,86,128,58,40,171,13,175,120,53,3,2,196,1,28,13,2,124,13,133,80,66,90,54,157,45,176,65,163,195,165,150,44,154,175,145,149,21,151,44,58,13,8,194,86,140,60,74,178,195,137,2,161,25,95,35,60,193,38,59,84,36,22,89,109,117,114,83,36,11,47,43,109,138,56,147,106,116,190,162,191,199,108,184,46,22,147,134,134,22,12,143,81,48,114,94,181,115,184,46,29,97,15,109,100,37,63,183,169,83,26,29,152,30,111,121,142,142,191,94,158,134,49,118,38,189,81,117,63,75,70,138,109,153,29,127,188,115,117,11,22,71,79,167,97,30,191,123,43,118,18,55,46,127,38,185,190
3,66,68,172,3,65,91,182,161,85,82,1,62,133,8,40,144,140,80,14,24,103,13,73,24,128,177,72,165,192,61,86,173,34,132,14,95,53,73,60,172,154,175,40,139,161,149,14,25,92,41,177,163,64,101,122,104,77,16,44,73,28,198,112,144,125,98,177,25,78,156,137,65,154,119,80,182,105,73,74,27,104,95,62,58,175,50,53,154,92,73,78,178,78,157,124,192,28,192,91,43,184,115,148,43,20,30,39,183,127,110,75,42,162,126,32,166,129,29,121,52,148,7,129,116,48,59,30,100,131,127,189,111,32,152,96,126,10,131,138,153,30,167,20,131,185,38,158,146,87,22,6,87,143,30,0,190,12,33,79,39,30,109,164,181,193,108,30,76,106,6,184,19,20,164,115,111,55,56,97,108,70,166,52,183,116,181,167,59,199,118,18,188,47,113,134,116,164,4,97
173,58,72,174,170,90,50,128,154,53,192,50,34,8,41,27,125,192,170,154,156,120,2,58,133,50,27,1,72,155,78,64,120,180,155,16,154,74,77,194,61,40,197,104,27,163,98,45,124,40,161,171,145,90,21,155,194,103,150,176,120,155,180,151,74,194,170,137,139,198,40,182,34,156,198,82,161,21,88,44,92,104,119,194,99,57,176,187,133,104,68,88,122,101,91,9,45,66,194,2,100,106,87,168,138,134,113,199,183,55,15,162,164,59,4,48,15,59,12,51,169,143,153,199,185,162,17,18,11,20,30,84,109,114,183,114,121,22,109,106,179,4,131,4,55,147,100,116,94,113,51,36,141,29,185,111,141,69,100,116,32,111,110,158,129,131,33,100,23,55,32,141,84,181,152,126,84,146,141,32,186,138,169,126,169,69,71,10,143,38,141,84,46,186,75,36,30,0,109,23
50,105,195,80,98,41,57,198,103,120,80,50,165,41,3,54,144,24,119,28,54,132,5,196,165,88,85,137,175,133,156,172,182,163,122,119,175,173,82,27,3,73,77,105,9,174,122,175,160,65,154,95,40,67,176,159,103,133,40,135,175,88,44,160,99,144,174,64,14,50,68,139,137,119,90,60,120,54,180,149,137,137,154,154,149,98,91,90,78,57,64,99,112,66,50,92,88,99,98,28,186,23,76,83,11,37,193,130,49,43,110,70,162,63,84,107,189,152,38,148,10,87,11,17,0,169,153,79,127,36,130,111,52,52,19,94,84,130,33,164,29,70,51,63,116,184,75,162,46,4,15,130,118,46,23,142,55,113,51,190,0,20,152,17,147,121,189,79,185,162,134,181,102,47,38,75,6,183,47,89,30,117,70,158,59,123,51,96,94,193,129,185,107,81,69,20,100,107,118,37
95,86,151,88,119,173,62,170,161,139,136,125,27,119,124,101,174,139,90,135,175,28,27,136,14,195,125,144,58,150,195,86,182,41,120,187,122,82,165,192,197,136,139,128,54,178,125,178,104,144,132,128,165,135,16,90,90,150,139,57,180,40,57,82,124,157,57,178,170,135,45,58,80,103,156,140,174,139,80,136,13,9,67,160,85,145,157,21,21,197,25,170,57,9,195,40,170,176,140,171,70,10,19,39,108,108,114,10,96,33,131,7,186,15,143,107,19,134,79,11,33,106,142,111,15,153,39,10,4,113,179,118,23,108,69,48,6,96,141,55,153,129,184,12,46,29,79,123,186,179,36,189,83,31,158,26,107,111,10,43,185,26,188,106,169,106,106,89,59,56,109,76,87,56,167,184,79,52,20,116,7,23,22,114,17,23,7,20,184,146,63,76,126,167,131,191,49,102,186,37
28,125,2,88,170,25,54,44,53,34,93,68,88,132,41,67,80,2,163,57,155,171,156,73,157,119,62,174,98,119,163,16,176,139,176,160,198,144,187,41,195,99,64,101,173,28,137,140,165,41,3,175,175,104,60,1,73,45,112,86,119,28,149,165,67,132,150,16,78,65,77,151,5,65,151,54,177,160,119,154,3,194,122,112,68,125,175,62,92,27,156,74,163,27,144,182,192,119,85,112,164,106,158,84,56,166,0,164,49,29,199,38,26,97,190,179,59,113,116,121,23,36,129,89,199,29,167,83,162,168,38,141,190,147,106,189,193,29,32,186,76,63,76,114,49,89,12,0,185,183,116,102,184,76,113,146,81,46,167,127,126,191,7,158,6,75,6,102,110,193,89,188,100,56,83,117,47,164,32,42,10,39,134,166,131,71,141,83,166,181,39,75,30,15,22,199,153,189,48,102
95,178,171,140,180,192,13,57,54,85,25,170,161,34,145,198,176,45,80,104,197,58,101,86,196,173,25,80,92,82,92,64,74,98,165,157,174,192,14,124,98,40,16,2,119,105,120,65,140,14,133,85,176,64,86,101,74,171,120,62,2,16,135,27,176,14,64,66,170,171,112,137,74,41,77,112,85,105,135,74,101,14,99,65,50,155,149,137,73,165,159,105,177,137,151,27,151,41,28,90,141,84,15,51,10,116,117,36,42,51,108,181,75,23,117,121,130,97,96,168,81,46,29,191,164,32,184,36,127,147,126,110,94,94,59,183,10,183,193,36,38,81,118,162,83,199,29,79,30,188,123,11,127,190,56,131,107,116,12,164,153,76,123,107,115,83,131,12,43,115,129,39,162,83,11,143,83,189,193,19,38,87,168,162,152,106,168,185,110,22,107,75,39,96,59,75,76,87,37,52
74,197,82,64,112,173,98,35,132,58,25,122,92,77,1,50,74,182,91,92,133,124,21,78,105,2,35,86,124,136,145,74,155,45,16,159,161,40,198,61,25,176,25,163,68,93,137,85,161,132,1,105,27,174,35,195,57,73,54,86,119,13,173,165,197,60,61,135,101,128,136,24,2,72,174,85,41,176,156,72,180,132,93,5,8,57,54,28,1,86,21,174,195,72,64,156,21,34,99,145,43,39,51,96,26,148,26,52,179,75,193,199,184,11,12,131,79,29,33,146,17,134,100,6,111,121,46,30,111,38,49,71,109,39,29,168,118,51,46,117,70,52,46,191,131,26,32,185,106,33,100,147,191,97,20,84,193,109,130,36,43,42,76,130,143,162,26,118,76,96,70,55,97,63,33,97,152,147,23,102,148,110,17,23,97,75,186,153,166,184,186,6,188,115,111,142,26,12,164,76
135,93,104,90,91,171,154,112,160,16,1,175,54,82,77,159,61,194,180,61,1,2,151,165,122,66,60,170,25,78,104,40,151,77,21,145,24,53,140,1,105,67,140,197,24,21,178,187,64,136,196,197,156,133,192,80,27,8,170,3,136,57,67,57,197,64,151,61,196,41,86,16,86,77,132,105,13,92,45,157,182,66,2,95,2,175,74,54,78,137,93,145,161,13,86,136,82,103,88,64,52,162,69,111,118,87,179,30,191,17,97,83,113,130,100,59,47,106,100,186,37,166,107,158,75,168,147,183,36,11,87,121,69,131,15,168,167,146,69,89,22,130,126,94,30,153,108,183,36,15,114,118,183,162,164,47,166,96,130,193,100,15,46,110,123,59,169,186,181,26,52,199,36,138,29,106,75,114,43,43,147,81,38,10,10,111,32,121,158,38,19,23,148,129,51,167,118,51,15,141
198,90,85,150,78,45,93,145,163,1,72,135,161,35,177,194,198,93,157,40,170,66,157,88,144,41,159,180,13,194,77,62,125,137,62,8,98,105,41,91,40,60,34,145,101,165,124,74,196,68,92,68,34,44,78,21,180,45,145,165,154,122,78,172,45,88,105,8,133,2,187,180,161,180,101,57,14,95,165,72,60,67,137,14,82,65,27,91,192,145,192,65,85,120,122,112,1,135,176,74,152,167,56,32,11,26,76,123,167,70,69,181,33,188,19,158,164,153,146,39,102,55,47,148,0,71,79,109,169,107,29,141,76,179,143,191,69,111,107,188,15,31,134,30,6,59,83,69,55,186,183,193,100,110,129,22,26,10,0,20,96,142,168,158,106,166,134,193,108,36,184,184,75,190,138,94,76,126,186,123,138,184,37,199,79,76,10,179,84,188,15,52,71,166,100,100,164,84,55,20
2,178,198,80,136,93,195,170,27,9,88,174,161,3,90,66,13,74,197,1,194,16,182,145,119,9,103,170,73,16,44,92,24,40,5,90,103,159,160,9,64,177,112,157,8,104,78,119,54,122,119,163,155,77,176,101,25,144,124,21,54,151,62,163,78,14,25,104,5,66,136,187,171,85,53,24,128,86,8,74,9,85,192,198,50,122,192,44,139,16,194,159,135,197,132,28,74,93,112,177,38,38,179,46,121,36,110,188,193,185,189,11,83,188,186,109,6,114,179,114,26,56,42,153,116,116,94,37,37,47,191,152,118,87,33,183,143,186,96,37,110,185,59,190,7,185,185,6,32,51,166,115,158,81,70,199,153,43,102,39,110,33,114,188,126,146,18,39,169,189,102,117,11,26,19,121,188,109,46,87,12,100,33,84,76,18,110,188,134,114,20,39,15,47,111,96,48,31,29,22
171,176,90,58,177,192,27,60,74,101,35,159,2,133,133,62,90,128,139,45,103,72,105,78,77,170,85,124,198,194,144,74,105,24,178,172,58,104,187,172,149,197,174,120,85,53,45,136,120,139,155,196,145,150,58,35,54,73,61,85,40,198,80,57,197,195,156,137,172,173,40,192,192,136,122,133,119,187,192,8,25,16,9,88,57,173,3,58,98,35,44,45,140,139,5,154,132,73,54,73,115,23,127,71,127,164,83,10,186,116,123,147,113,32,117,117,71,106,96,179,130,81,147,46,39,166,123,70,42,46,96,97,20,142,102,87,23,179,26,10,130,190,22,63,181,87,184,189,17,115,47,193,38,188,19,46,152,131,118,7,190,17,100,83,185,153,87,48,79,7,10,169,87,32,43,47,97,164,70,141,89,11,158,190,152,36,129,97,191,29,47,18,189,43,23,55,36,162,131,81
99,2,194,82,77,197,125,57,101,5,68,86,140,68,62,60,145,159,161,66,40,175,171,132,9,35,173,82,150,187,120,136,137,120,163,99,61,86,160,122,86,101,125,82,139,139,165,105,135,74,176,68,125,195,62,99,192,144,66,24,159,80,78,163,155,151,128,132,5,64,54,92,159,90,145,9,174,86,187,25,194,9,92,119,119,58,62,85,163,82,172,104,3,105,195,8,177,197,62,60,193,4,141,129,110,36,134,97,185,0,29,39,106,19,113,18,117,69,158,166,47,11,199,123,81,110,30,127,183,164,179,114,49,190,188,29,143,48,81,167,47,123,70,167,162,111,71,83,63,0,19,188,56,193,37,47,188,11,46,167,30,127,29,142,7,7,7,96,114,7,6,11,199,75,47,81,108,46,87,31,52,193,116,96,153,152,0,4,193,38,30,69,141,138,108,15,100,6,23,83
101,92,101,99,198,174,72,196,173,133,57,68,173,157,1,45,13,98,112,21,65,93,24,68,98,93,173,16,151,9,175,25,90,144,140,140,124,25,171,25,197,58,145,45,145,132,74,45,196,2,194,95,85,135,161,192,192,178,124,145,120,170,194,125,187,135,61,154,104,77,21,3,73,88,157,101,40,150,156,14,28,1,40,13,175,73,149,175,44,195,82,25,192,197,125,64,90,61,165,182,116,107,106,110,7,55,51,87,118,131,0,110,43,30,22,89,83,23,39,43,109,48,111,19,181,185,110,191,83,183,181,107,33,31,59,123,107,0,17,184,51,38,33,59,76,87,115,71,126,81,193,55,33,76,169,143,158,19,51,121,20,81,94,126,116,32,186,181,181,158,121,79,31,69,49,39,141,76,166,181,18,162,102,117,52,193,26,4,26,100,59,130,116,4,147,130,141,164,193,69
93,40,137,163,122,65,5,16,180,144,95,2,172,182,149,112,40,78,86,8,62,149,132,177,156,132,53,44,21,104,161,14,73,171,135,160,173,176,16,90,145,172,90,122,173,198,78,78,53,98,73,196,105,150,86,72,165,177,45,58,41,125,77,54,98,135,73,61,145,155,105,137,173,120,174,198,74,82,60,157,66,93,122,90,85,132,27,196,194,150,174,198,192,159,132,112,163,24,151,60,183,117,12,123,76,31,106,46,96,15,33,47,146,193,46,106,121,33,26,36,17,108,190,70,84,179,169,115,48,185,102,87,121,131,12,87,143,15,147,47,184,76,79,55,52,97,33,126,42,59,47,110,70,134,185,129,63,153,97,146,12,109,168,4,131,63,146,42,121,51,186,115,153,191,141,114,152,102,130,193,0,168,70,111,70,169,185,186,31,26,59,20,15,59,153,42,81,113,147,70
196,86,66,93,66,137,85,172,78,57,85,1,145,194,195,161,62,3,161,62,187,54,53,194,157,161,124,16,160,161,124,35,68,194,187,13,139,21,174,139,173,170,21,170,101,177,92,91,195,173,170,85,144,67,41,128,16,13,68,85,66,120,9,177,150,172,145,198,41,82,2,156,155,65,91,45,25,80,68,104,5,80,132,159,197,122,144,182,85,13,44,149,194,196,194,82,160,156,149,105,31,48,121,15,116,188,164,10,59,23,134,121,52,113,33,131,166,87,48,20,70,183,79,56,70,126,43,83,11,94,109,56,63,108,166,31,43,131,63,49,52,143,33,89,109,146,52,19,70,130,12,87,32,111,22,63,121,19,22,100,108,138,118,121,18,36,153,23,79,89,55,10,188,121,191,191,117,127,49,71,118,118,152,20,63,111,59,0,166,185,69,115,115,75,152,56,87,20,148,47
120,187,103,61,101,182,27,92,24,171,98,58,24,45,65,45,196,150,45,21,9,161,88,122,173,135,139,35,13,157,155,67,160,45,101,54,172,5,173,174,91,24,159,139,194,24,132,159,120,88,50,149,3,150,178,41,197,50,105,14,40,1,180,72,165,82,99,194,54,128,159,197,139,13,145,149,139,24,172,53,27,27,34,194,91,154,40,161,149,122,192,40,44,196,74,196,196,72,177,105,130,118,179,37,63,147,89,152,146,22,4,109,113,30,102,63,167,126,0,102,76,7,147,29,52,89,107,164,116,168,0,167,131,106,79,83,167,184,71,152,131,168,56,167,114,17,188,46,18,87,81,152,55,7,63,123,55,52,43,179,84,134,70,0,184,0,110,33,31,183,49,162,168,127,30,56,189,63,114,183,113,46,129,162,109,181,115,87,81,4,123,114,110,111,114,97,32,11,143,191
196,180,91,128,139,163,34,72,165,91,154,175,112,44,144,28,139,21,175,74,135,45,3,68,139,178,65,174,133,165,45,25,154,119,156,74,13,104,182,5,125,112,77,174,61,28,53,80,27,73,120,119,124,144,58,24,173,171,72,137,128,64,34,197,68,99,25,120,151,61,74,139,58,182,150,98,65,60,16,5,122,161,85,62,125,66,175,174,54,145,155,156,98,21,120,45,132,198,197,103,29,81,169,49,63,162,59,199,111,0,7,183,15,38,152,97,158,129,131,15,167,153,158,169,43,199,115,69,191,189,146,48,199,113,10,31,102,183,130,43,121,4,89,130,116,134,18,130,158,71,6,89,70,83,113,106,162,199,134,185,115,75,17,181,79,39,39,147,15,181,38,138,153,168,83,199,113,26,183,71,100,52,33,70,17,141,71,84,129,143,59,169,130,129,23,167,183,153,129,106
5,88,194,82,95,196,103,135,128,159,151,44,44,194,125,139,80,135,78,103,140,91,124,163,64,104,174,196,9,68,68,60,119,156,98,150,13,53,67,122,172,176,105,178,25,125,78,44,66,101,72,72,133,112,101,171,175,182,82,192,140,90,74,78,66,119,104,128,161,80,68,57,160,135,93,198,132,192,172,85,25,98,73,175,90,25,105,119,67,140,78,150,28,95,27,139,137,13,173,27,63,18,183,193,184,33,55,20,83,129,190,83,48,147,199,121,17,56,164,0,138,185,114,71,81,146,116,115,109,142,31,111,109,81,37,70,46,29,185,69,183,42,47,113,109,76,134,193,17,96,179,138,84,17,70,184,18,127,83,110,59,100,107,152,129,31,22,114,0,42,83,71,59,191,162,18,30,11,118,38,169,116,26,79,33,52,152,130,169,69,31,79,76,114,17,146,94,31,190,56
144,45,119,132,60,125,180,195,74,78,74,160,165,180,180,9,145,155,145,16,128,154,125,182,82,57,53,178,135,58,165,80,156,99,67,125,101,172,92,177,160,25,86,180,92,105,9,156,149,157,24,9,88,1,72,151,125,92,197,24,86,132,196,178,140,91,112,60,172,2,34,35,28,9,92,16,50,103,99,41,16,3,101,65,178,154,195,196,157,64,93,136,93,198,195,34,80,44,25,197,30,49,83,113,134,102,55,134,193,110,129,118,169,94,179,153,116,179,4,47,185,20,107,94,153,11,38,130,43,49,0,31,167,42,183,55,79,162,29,10,191,142,37,123,131,7,141,10,47,100,38,153,55,110,143,185,23,55,107,75,38,89,37,142,129,31,22,71,131,12,100,46,129,127,20,146,181,4,46,131,185,148,83,167,59,4,185,84,166,116,138,81,15,164,121,190,84,113,166,113
172,65,68,80,16,44,176,88,64,13,171,151,92,74,195,82,177,65,187,120,34,137,88,92,67,180,8,21,68,35,3,2,105,67,50,5,182,151,159,14,192,136,13,104,58,88,145,119,163,175,112,174,172,64,35,161,54,192,53,8,73,14,160,135,178,25,93,151,101,135,27,161,67,155,177,174,74,62,132,128,144,74,195,58,172,93,160,175,165,175,194,122,91,58,163,21,86,90,112,145,152,189,59,76,47,131,37,186,121,84,138,183,52,37,12,94,51,152,37,114,162,70,199,114,162,167,33,148,181,4,134,29,26,81,148,17,56,76,12,26,43,129,18,193,89,30,167,32,20,153,46,6,30,20,79,190,30,56,42,51,30,47,123,96,29,75,79,102,199,70,37,162,79,11,148,113,6,70,15,121,70,153,12,96,0,179,20,188,12,168,111,22,79,114,106,126,36,130,42,142
8,173,197,198,159,9,137,136,194,163,53,120,35,195,172,112,145,72,99,125,65,177,195,198,194,140,196,160,174,80,34,120,139,14,104,91,88,125,103,150,170,125,9,150,44,77,165,150,182,194,72,92,35,124,119,35,88,92,159,41,192,68,120,172,170,2,2,85,156,34,73,139,135,34,176,156,98,80,174,140,140,95,150,16,5,174,182,54,171,40,60,119,139,44,150,40,91,132,25,157,55,19,75,100,199,143,89,17,148,23,131,18,59,148,76,134,185,184,127,55,115,199,37,10,20,36,134,96,166,186,102,100,22,117,43,7,84,18,75,18,49,148,130,129,168,6,76,152,42,142,79,199,97,37,168,167,38,106,164,158,48,186,146,186,111,193,84,7,164,83,11,108,184,96,118,37,6,48,56,96,11,33,30,29,117,130,190,143,193,84,130,43,42,12,29,15,52,63,166,70
154,177,53,163,150,90,5,88,99,176,28,60,88,53,176,171,170,5,24,57,175,144,82,68,91,60,21,58,74,124,133,182,128,95,177,58,165,151,45,103,45,68,175,82,136,40,119,77,177,64,50,61,78,150,180,144,9,192,125,40,163,196,178,135,174,82,180,13,50,139,151,173,44,178,175,178,68,132,144,155,137,67,3,150,78,88,112,160,145,9,72,155,159,5,159,14,196,192,182,85,33,117,33,142,109,114,70,185,168,32,127,7,11,164,134,84,114,188,52,166,193,162,183,46,168,42,59,116,96,102,55,193,4,130,188,126,127,115,83,114,127,184,184,51,148,186,142,84,199,118,52,0,15,0,107,84,116,129,55,52,148,188,42,96,69,26,152,75,107,118,12,138,51,52,107,184,121,89,22,39,100,75,164,10,30,94,31,15,143,129,142,123,117,29,114,17,6,70,147,59
105,124,159,65,150,50,137,40,62,98,139,67,67,64,151,195,136,64,78,187,2,120,88,62,122,140,54,180,156,72,68,105,58,57,103,21,13,54,93,105,13,44,163,78,151,178,64,16,78,112,5,145,133,16,64,92,68,182,178,68,192,88,174,133,62,45,125,136,65,24,192,175,144,175,112,112,41,103,58,35,139,180,41,16,157,91,125,61,44,192,85,54,5,91,61,105,73,90,53,132,109,26,110,129,7,39,185,29,70,123,31,37,18,0,111,181,15,106,143,168,23,162,123,168,96,185,20,43,188,22,162,152,102,11,20,33,190,47,126,191,42,164,56,111,31,63,110,36,87,131,7,17,152,117,193,102,179,71,162,83,31,162,37,89,184,185,102,0,71,96,164,79,142,134,39,134,117,10,142,55,12,0,141,116,51,0,6,168,7,146,69,141,115,118,42,108,63,142,181,12
24,64,53,176,182,160,91,86,45,120,135,105,78,170,60,92,73,14,150,91,150,41,154,103,155,98,82,25,197,73,197,91,101,163,149,160,120,41,28,124,98,196,73,16,66,1,82,197,178,50,155,24,14,103,132,92,77,157,92,156,139,195,132,62,128,3,50,93,171,187,170,91,112,120,85,1,112,160,155,135,151,196,98,92,77,74,128,170,176,105,124,88,9,9,104,140,45,61,44,24,106,46,158,19,143,29,113,147,166,107,162,12,10,36,121,143,76,130,107,142,4,183,158,75,186,10,114,59,36,131,184,179,130,181,23,179,126,52,121,6,23,0,138,148,110,131,167,131,102,111,127,46,55,126,49,166,37,127,117,167,26,185,111,31,11,117,39,179,110,31,102,48,147,184,126,52,30,117,26,11,26,49,17,193,38,52,167,36,185,109,190,70,76,138,70,188,129,94,143,116
124,180,103,27,44,44,2,35,92,133,93,192,3,122,197,73,72,3,149,198,3,16,120,154,178,92,95,95,85,34,24,65,73,93,163,120,177,101,151,133,101,54,157,128,35,178,133,176,41,73,2,136,50,120,13,176,91,103,58,5,58,103,24,154,137,14,196,171,5,105,140,192,112,40,91,68,21,101,45,25,35,16,145,197,1,92,66,34,125,112,175,133,160,151,45,103,99,120,58,78,7,43,106,46,79,179,130,39,69,110,107,131,71,6,199,142,191,22,97,108,166,23,179,121,107,0,20,12,190,39,52,11,116,32,181,168,71,186,19,158,71,100,148,107,38,191,168,63,113,168,113,12,181,162,191,114,185,118,167,166,115,96,152,23,199,33,12,48,26,30,138,142,184,146,39,20,30,166,141,121,179,193,20,184,46,100,10,23,166,15,22,94,129,134,4,23,134,96,129,63
85,66,125,176,58,196,21,170,180,155,54,194,13,58,104,62,159,98,120,25,50,125,125,90,133,40,99,85,103,105,9,194,44,67,172,196,192,125,64,13,82,78,125,45,34,85,28,128,194,58,175,198,58,67,122,14,137,74,165,3,64,120,120,194,156,92,155,78,16,133,132,72,112,45,95,137,132,133,25,67,104,197,61,68,197,93,82,53,44,53,41,137,187,165,178,85,67,159,60,150,102,70,152,48,38,127,188,186,193,38,121,18,43,117,71,79,22,141,179,138,4,17,199,141,63,190,141,142,169,6,47,106,111,143,111,116,76,32,130,188,191,147,138,55,76,79,33,36,199,141,76,106,141,107,108,32,94,42,100,75,18,113,100,51,87,164,19,11,179,59,43,33,142,186,107,75,49,23,114,6,147,126,89,153,184,59,89,111,107,193,18,141,42,138,19,153,111,47,38,48
136,156,68,170,150,3,3,44,53,172,73,24,159,53,139,194,198,155,174,88,150,136,119,172,103,90,16,140,68,156,57,1,66,14,132,74,176,25,1,135,66,16,177,8,88,40,136,9,65,103,136,78,50,45,195,86,165,5,140,90,77,165,5,174,163,88,157,41,80,112,28,101,195,9,128,9,103,58,58,132,8,34,172,86,35,180,50,74,68,95,73,144,187,135,44,91,73,176,8,92,127,20,118,117,108,188,76,89,186,46,126,42,22,169,162,115,52,188,12,63,70,47,189,166,183,70,0,188,129,59,134,56,146,141,142,29,69,56,31,115,7,33,116,169,148,185,162,118,129,108,70,116,89,31,56,43,138,20,191,141,188,59,152,168,114,33,55,185,111,166,126,164,26,118,70,153,31,199,31,31,191,106,188,130,30,113,4,130,141,193,97,75,51,7,4,164,169,129,109,81
172,137,170,99,28,90,133,125,91,172,151,120,165,82,21,25,86,14,77,53,171,2,35,91,28,137,112,68,194,144,161,177,133,149,8,156,137,57,77,78,74,101,163,72,172,187,67,90,125,197,128,80,2,9,177,103,80,156,173,112,175,140,150,73,85,98,50,68,125,136,104,68,64,157,124,136,35,137,137,66,182,192,57,160,175,68,91,171,103,137,165,27,53,3,16,182,85,197,25,124,94,186,89,48,55,146,179,26,75,123,121,59,114,32,183,115,63,37,153,17,81,94,138,115,46,52,153,12,46,102,63,131,115,56,12,38,59,36,4,114,184,10,49,188,123,47,193,148,97,11,146,32,111,162,94,106,188,190,134,127,109,116,12,18,42,184,162,4,71,87,123,12,111,141,59,0,20,162,116,130,189,117,107,181,115,81,46,37,75,31,4,48,89,19,189,199,183,138,10,138
86,64,98,77,8,82,9,163,144,159,41,135,1,159,101,155,135,154,172,145,54,103,197,27,41,68,137,151,8,9,73,14,16,86,195,61,58,21,3,196,159,82,67,170,66,44,14,66,196,160,91,24,13,57,93,9,139,119,85,73,165,159,54,45,149,5,128,197,149,85,128,173,156,195,101,60,9,45,16,3,57,60,72,16,28,74,101,86,104,172,122,175,93,175,155,91,14,120,24,53,189,109,96,32,6,4,26,23,121,126,23,153,55,193,22,22,71,121,32,147,49,117,113,33,12,127,168,7,7,190,71,100,20,169,69,23,33,31,190,94,83,186,189,142,131,127,138,55,10,18,111,12,30,32,47,147,12,134,162,121,42,17,81,39,97,81,18,141,121,49,69,181,63,87,123,146,71,162,141,129,59,166,51,123,17,143,42,183,179,59,168,63,76,168,17,118,186,32,39,94
124,40,177,145,133,91,150,24,105,136,34,136,180,8,196,85,28,25,196,98,28,197,135,64,72,192,53,112,196,78,85,1,44,85,112,85,196,74,157,101,136,41,125,58,68,27,44,136,72,136,112,92,187,182,73,60,175,105,82,161,176,21,196,62,112,34,78,91,122,60,125,171,172,182,122,95,8,82,104,154,149,151,156,149,159,86,197,24,156,95,161,64,73,174,177,171,149,170,62,187,126,96,167,94,38,46,110,55,29,142,110,11,142,75,52,106,15,97,123,42,141,199,83,48,11,115,181,17,179,109,59,87,162,79,181,113,141,87,10,12,117,113,152,12,17,0,79,71,146,193,190,76,130,107,37,79,183,83,75,38,188,102,51,129,114,153,189,30,51,32,158,108,56,106,167,36,6,162,141,39,102,56,39,127,70,121,30,12,117,4,142,184,26,4,168,76,164,138,162,32
78,163,95,163,25,132,99,136,16,124,122,61,163,159,99,175,78,120,151,198,119,139,72,160,54,86,57,86,21,112,174,187,105,1,182,80,149,68,85,85,154,68,151,80,50,58,9,177,54,65,135,197,150,132,112,103,104,180,57,171,28,91,91,13,61,197,72,156,82,53,192,88,194,28,50,66,13,103,57,194,124,2,178,40,178,34,137,195,66,72,64,105,112,159,58,99,195,80,154,160,75,107,186,7,153,100,121,134,84,162,26,69,191,49,97,141,75,181,199,59,107,162,22,138,131,146,37,42,51,76,30,20,4,42,114,109,179,111,36,153,30,33,36,69,168,127,83,166,134,4,127,26,32,4,126,52,81,153,20,97,11,7,56,143,146,141,186,18,7,193,189,23,188,29,118,79,32,168,4,10,179,115,181,158,48,189,146,6,84,84,147,47,22,4,97,142,15,46,59,89
136,182,35,159,57,155,16,112,35,21,195,85,82,120,99,68,25,91,124,98,80,176,135,101,66,122,2,151,74,16,98,125,57,175,66,154,180,170,137,57,120,174,14,198,161,182,174,170,104,13,192,92,13,50,139,3,145,160,135,174,93,53,101,88,165,119,13,35,41,5,61,136,173,9,2,122,135,45,73,194,44,180,74,139,14,161,171,28,80,177,54,136,165,149,78,45,173,16,194,3,166,123,199,6,42,142,126,96,10,115,131,96,153,94,191,32,193,42,158,115,6,36,108,106,162,36,152,183,52,189,100,43,109,4,17,143,146,100,193,181,56,189,179,147,76,199,117,19,4,48,51,114,26,118,190,114,131,26,152,7,113,51,169,126,22,38,46,47,89,167,59,18,75,56,79,191,158,142,188,189,42,94,185,6,52,97,100,118,0,76,39,96,20,129,109,190,114,48,162,181
145,73,187,194,62,180,103,150,139,72,170,175,67,136,154,133,9,74,80,91,160,151,5,195,145,44,161,122,40,99,160,192,105,136,180,45,112,92,82,122,92,74,16,67,53,161,187,125,99,53,180,98,54,44,151,101,25,34,93,175,177,92,192,66,85,122,64,182,139,197,74,67,120,1,85,65,8,195,178,61,175,132,161,137,173,68,25,103,120,44,122,192,28,60,14,192,180,44,73,3,26,6,102,81,96,110,109,106,97,123,166,107,69,70,56,111,31,191,84,11,199,107,12,158,183,102,26,188,20,147,184,46,106,23,69,29,87,168,152,11,48,183,126,18,121,169,89,81,38,111,12,46,127,97,11,94,59,46,164,130,191,10,69,117,190,22,164,185,142,30,130,36,169,100,56,169,87,113,31,22,31,15,130,123,39,76,142,10,179,114,0,126,56,18,12,127,186,51,87,179
154,66,14,62,150,187,80,78,180,90,14,13,103,60,72,88,66,194,112,40,192,182,103,196,149,9,144,90,1,82,93,171,77,195,196,122,93,66,99,139,82,90,198,173,136,195,159,61,161,182,122,161,161,44,64,58,68,27,5,124,170,192,119,54,150,13,78,101,174,68,139,163,136,171,140,88,58,163,176,122,25,77,85,35,73,80,175,187,120,160,122,80,159,136,120,136,194,133,27,90,193,141,18,168,199,143,33,46,188,108,114,79,164,153,143,131,79,69,81,117,4,102,134,56,84,127,81,96,36,51,71,162,113,185,7,100,83,37,22,126,42,20,43,181,185,110,87,166,12,167,129,146,12,94,19,37,129,109,94,81,142,17,10,55,130,130,18,18,193,19,76,70,38,147,148,30,121,143,142,37,4,15,108,181,146,142,22,12,46,108,179,87,17,18,38,188,4,89,20,147
67,54,187,103,159,82,196,54,82,137,3,24,139,77,150,95,198,57,112,66,103,187,78,92,9,85,132,62,163,74,68,28,53,144,174,159,40,137,8,91,172,182,16,2,54,72,57,198,28,137,192,180,80,91,24,68,27,3,174,73,24,13,174,119,91,192,155,133,103,86,65,104,175,62,101,40,160,93,3,165,160,25,137,82,171,198,175,2,91,157,180,160,119,3,16,180,145,60,91,176,76,164,179,6,33,129,134,52,89,142,52,123,189,100,46,83,131,113,22,131,83,121,199,153,162,59,63,118,111,126,81,48,89,7,15,123,96,6,169,30,190,114,29,10,193,134,166,162,153,89,48,162,134,158,115,19,19,121,76,4,147,148,107,167,100,29,4,158,12,47,100,15,76,52,38,47,126,37,18,193,114,17,55,23,142,42,110,188,127,81,20,49,146,71,143,6,18,107,81,123
192,125,50,154,44,80,91,172,64,139,194,74,27,196,14,3,82,5,194,160,133,62,120,50,88,145,135,119,24,45,88,13,150,91,136,135,53,198,154,78,67,197,105,88,171,180,53,21,105,132,175,176,172,57,145,78,198,151,159,80,1,172,73,125,86,178,67,21,135,170,57,187,163,194,133,151,150,172,180,182,86,172,34,195,149,140,133,155,64,149,9,14,101,50,182,60,27,91,170,122,83,148,146,130,46,126,38,102,43,33,81,188,129,148,56,152,167,118,29,166,97,190,162,126,127,29,183,185,51,32,47,11,59,186,148,115,12,6,96,183,49,158,33,190,106,59,123,193,184,127,199,158,127,153,70,121,75,113,48,81,43,127,167,89,37,75,116,108,130,162,4,20,0,111,71,52,11,10,117,146,43,31,130,106,81,47,108,167,146,166,43,71,38,51,185,49,32,42,6,179
60,88,14,172,112,136,157,44,95,66,9,101,40,60,170,77,128,137,155,78,157,3,187,159,128,197,91,14,175,187,161,34,90,180,140,91,92,172,72,151,3,66,74,171,180,8,133,187,5,124,192,1,139,104,25,154,140,73,101,90,67,50,182,53,151,28,165,3,67,86,78,35,135,50,85,67,99,139,54,78,105,44,53,53,21,77,35,145,35,14,13,122,104,154,137,88,77,175,67,192,152,130,190,32,184,33,129,186,141,123,102,7,19,143,193,168,141,69,110,167,84,83,51,46,37,84,96,130,89,46,107,75,69,162,189,186,129,186,127,123,12,111,121,18,152,18,153,11,55,102,17,191,43,106,185,30,146,10,63,147,7,38,89,15,113,121,38,10,109,83,158,75,123,147,12,11,181,110,71,190,184,43,11,147,4,116,189,148,81,138,183,47,36,69,108,143,11,11,106,69
112,9,14,99,77,139,74,180,105,196,60,170,194,99,151,151,154,196,99,61,67,197,28,174,41,104,25,133,61,177,35,80,21,187,25,68,132,93,58,8,175,91,50,175,85,128,194,150,82,104,128,93,77,160,8,133,137,60,154,140,40,28,13,1,86,157,137,195,119,198,155,182,8,132,139,128,119,177,34,74,120,86,95,95,90,125,150,104,65,45,98,90,80,13,50,34,73,171,161,195,164,158,123,75,110,6,51,147,193,97,29,15,113,12,11,158,81,181,134,6,11,167,110,18,169,22,0,113,186,102,37,121,186,26,190,123,15,76,81,15,0,59,81,111,19,107,46,107,18,81,152,55,115,69,168,114,102,114,108,152,70,181,84,115,188,118,52,51,106,188,59,94,189,100,42,17,109,190,10,15,193,83,167,70,191,75,158,130,184,199,114,36,18,69,181,81,55,169,166,121
178,176,197,101,175,5,178,160,101,82,9,67,157,77,122,25,137,45,27,161,187,128,173,119,196,99,80,128,57,133,35,9,98,86,40,60,5,66,192,156,187,194,65,16,105,132,28,136,35,157,154,2,68,135,157,9,98,53,160,93,35,136,133,160,140,16,104,175,194,9,180,194,21,156,132,163,192,14,73,173,105,105,77,85,40,25,160,156,120,101,105,139,151,25,34,58,195,60,1,173,89,138,20,36,131,169,10,127,162,190,113,89,23,6,193,56,96,6,47,94,12,167,29,199,4,37,138,108,183,121,39,49,107,97,89,15,79,148,15,63,117,47,164,169,158,185,123,188,42,162,147,118,46,118,71,84,39,76,81,89,143,134,49,190,22,59,43,63,109,110,183,184,143,63,46,164,89,131,87,129,189,63,153,109,199,141,39,70,107,106,52,75,100,109,179,185,39,118,39,18
165,98,145,176,25,150,182,171,139,88,24,62,92,133,74,3,95,140,161,154,112,137,73,157,44,78,139,92,72,196,133,122,85,196,68,136,41,28,192,62,73,95,170,159,25,88,72,177,78,21,93,151,74,67,112,3,198,1,58,163,61,159,2,9,44,150,156,154,21,122,66,159,53,90,73,198,92,85,180,170,144,80,1,2,54,159,68,120,58,155,103,124,174,139,163,62,170,50,25,172,89,31,191,148,81,152,51,84,10,11,158,108,169,15,69,186,123,117,96,158,181,188,43,39,48,118,79,189,111,148,52,36,70,12,147,31,18,193,31,7,199,38,106,142,152,23,115,75,56,32,102,33,31,109,56,186,79,19,102,146,107,4,179,81,167,107,10,89,162,4,146,36,37,19,113,179,126,164,100,152,183,4,146,12,166,193,118,185,55,188,70,106,115,109,118,31,12,131,113,142
35,105,198,197,93,8,5,157,133,78,133,101,40,170,195,196,80,125,72,171,98,34,135,68,165,174,197,80,58,77,72,112,5,77,178,86,124,74,9,3,34,196,154,145,140,77,144,105,92,122,128,156,132,78,101,177,101,13,120,128,67,92,90,74,122,54,174,194,9,172,165,60,41,14,154,98,160,103,144,25,156,125,198,150,85,192,62,64,85,57,86,133,9,154,196,28,77,136,8,98,162,59,84,37,97,71,108,4,84,83,147,38,56,10,164,100,26,51,188,121,47,48,97,188,108,147,142,191,89,75,84,17,71,76,87,100,11,185,22,63,169,18,15,153,94,63,147,130,0,117,193,38,10,179,109,181,153,18,22,75,185,87,7,148,96,71,131,126,108,153,168,70,152,134,89,70,162,70,31,38,102,22,97,130,47,169,37,146,81,121,116,106,168,59,148,39,111,75,81,75
67,176,50,57,120,103,9,120,82,195,2,119,171,45,154,151,77,175,72,149,176,151,65,44,177,34,9,64,160,136,165,194,194,145,62,161,3,72,140,196,135,125,53,58,157,144,124,67,21,180,172,144,192,44,103,177,98,151,14,78,67,132,196,21,133,187,150,93,80,171,178,40,73,92,93,197,101,28,128,122,175,151,145,77,157,177,21,58,14,99,150,132,150,25,149,53,60,16,82,170,47,121,179,11,113,38,17,29,56,141,22,143,70,147,191,18,26,30,79,79,185,26,116,114,31,179,106,111,108,148,10,127,185,110,94,193,96,152,166,186,7,81,37,143,19,23,114,84,51,84,115,118,107,29,96,75,79,102,97,123,168,71,22,164,126,181,131,134,179,167,189,123,169,142,36,0,162,7,148,193,118,76,31,10,79,31,141,162,102,184,199,190,52,83,100,168,94,100,23,71
156,182,151,82,86,101,197,112,44,88,44,163,160,40,137,80,60,25,194,58,150,150,57,140,58,34,139,112,133,151,125,194,133,192,8,119,174,180,2,197,90,155,90,149,140,163,136,194,178,139,98,86,44,172,92,139,27,180,57,92,13,41,16,72,74,133,16,133,40,124,66,62,53,192,5,34,174,136,139,104,104,58,34,128,151,145,159,74,99,122,135,25,112,65,135,14,112,60,27,60,42,162,107,193,111,43,147,42,142,15,143,83,188,42,134,38,181,115,71,142,131,87,116,116,32,32,10,97,26,168,131,143,191,107,38,23,102,188,52,181,22,117,142,123,164,10,146,134,117,152,158,4,121,0,48,102,22,121,30,186,111,153,169,30,127,108,79,186,118,188,84,117,29,43,138,26,71,19,147,15,63,146,190,116,48,129,59,6,115,123,37,38,168,152,167,63,121,191,131,183
176,91,25,136,53,14,44,40,171,155,140,54,171,149,68,40,137,101,174,198,67,194,54,82,53,163,88,171,150,25,119,135,119,16,137,144,157,98,156,124,67,82,98,74,163,173,120,120,194,175,198,124,9,165,88,150,99,173,13,24,174,25,60,9,41,88,171,144,14,58,16,14,27,161,145,13,41,157,50,145,128,154,133,82,67,170,159,13,72,122,177,27,128,104,8,187,175,73,177,98,56,47,184,162,83,115,164,33,114,31,39,148,131,76,23,42,185,47,162,51,184,10,70,33,130,116,152,114,181,147,19,179,121,141,148,7,111,134,56,146,84,188,113,118,39,79,130,111,186,70,84,186,51,69,167,17,36,179,115,71,193,18,193,49,43,118,87,23,138,70,158,186,107,183,23,148,17,12,97,39,100,110,117,23,190,121,121,43,188,162,30,46,188,191,20,109,191,55,79,109
198,86,54,192,86,16,67,133,156,80,156,14,172,155,101,74,61,150,16,174,175,150,195,171,86,1,197,98,27,45,160,16,156,50,58,145,13,160,14,180,149,66,5,85,78,136,150,192,95,90,176,112,13,180,154,74,163,91,64,60,65,155,62,35,73,67,122,68,73,187,170,144,182,187,174,66,28,177,34,16,155,149,154,2,16,149,173,25,165,172,180,86,122,5,60,99,13,53,64,151,169,138,183,59,36,36,158,52,69,33,32,48,59,15,158,59,33,100,19,141,169,94,115,79,22,126,183,75,39,79,123,47,113,108,10,6,36,107,63,48,143,134,76,49,63,6,71,15,113,70,146,113,46,114,48,6,89,108,31,148,118,43,38,126,83,18,118,129,110,81,129,169,108,184,71,138,141,164,4,185,33,102,30,52,30,141,134,11,83,37,37,131,181,36,51,158,37,100,162,189
45,28,14,57,8,144,60,92,99,135,124,28,95,66,57,60,73,149,197,24,73,156,88,77,144,128,170,3,101,62,93,150,156,78,137,135,88,65,151,5,50,50,66,195,165,50,178,99,157,27,119,66,125,135,104,28,2,77,2,180,120,86,172,172,44,174,64,177,34,156,8,133,105,180,13,150,125,149,103,98,170,27,159,3,149,124,45,68,182,128,78,119,66,145,174,198,61,194,128,140,87,71,114,19,193,52,168,158,116,31,109,32,185,118,130,148,23,193,20,70,114,115,46,158,129,89,79,39,114,69,111,63,89,19,33,76,116,33,59,30,138,33,106,20,26,147,110,94,51,22,185,185,185,69,110,22,32,42,18,4,36,121,83,84,147,146,189,184,102,59,118,117,33,184,49,193,69,12,129,38,70,42,81,38,11,30,190,169,55,142,199,30,162,152,23,87,169,32,142,153
73,172,105,57,194,93,5,53,145,62,103,73,99,154,165,187,149,104,104,61,196,159,93,176,53,92,90,21,125,28,62,27,57,177,85,3,66,156,150,149,154,171,192,50,1,175,103,198,41,16,172,177,187,88,149,149,61,176,53,144,72,13,180,8,173,53,157,1,150,178,82,35,86,136,172,74,172,50,173,9,160,5,182,25,60,73,125,159,98,24,132,44,35,14,197,3,194,187,25,128,33,6,59,55,114,96,184,70,4,123,18,83,185,167,31,30,84,11,166,94,109,143,26,191,158,114,56,97,97,84,7,36,166,191,76,59,17,29,22,138,17,102,143,183,10,33,31,118,37,118,63,32,138,51,121,147,70,141,19,33,186,110,114,23,76,189,185,83,100,199,7,94,71,142,37,55,31,0,76,59,191,87,39,167,121,146,169,146,134,17,121,76,55,97,106,75,11,89,79,190
132,128,14,112,73,91,8,8,25,103,161,80,132,133,161,67,155,80,174,68,91,45,137,93,28,136,149,14,124,174,62,73,144,74,145,192,165,91,67,177,54,145,16,61,9,198,157,61,178,150,157,154,68,132,145,93,88,171,170,45,135,161,25,122,28,73,154,53,198,101,9,35,173,91,125,170,178,192,175,68,176,3,198,170,174,192,58,53,196,128,124,187,172,187,8,133,161,176,68,90,146,193,121,191,131,110,152,32,186,4,70,83,152,121,141,168,56,19,131,22,131,51,43,0,76,56,48,23,108,75,51,32,123,131,141,37,142,118,22,116,63,109,117,97,134,36,147,152,131,131,32,134,147,70,158,191,107,48,199,143,97,183,18,43,0,179,116,4,55,23,191,47,114,30,146,46,129,94,4,102,143,166,37,164,70,138,87,59,6,152,55,96,117,164,46,87,26,87,183,193
64,196,85,9,1,60,88,86,195,174,57,21,198,155,73,192,178,112,80,58,65,54,144,145,197,53,66,175,194,57,140,154,165,173,172,60,120,88,82,28,172,86,80,122,157,99,35,91,66,120,125,125,92,194,182,57,144,177,66,35,187,62,53,53,73,92,45,74,82,120,196,196,101,45,80,144,163,5,132,24,74,86,154,58,77,145,28,128,137,140,135,174,145,66,175,53,132,14,21,144,164,108,22,113,190,0,38,190,190,102,138,158,31,152,18,100,107,189,108,55,69,76,10,102,75,107,97,75,186,184,33,129,22,111,7,17,131,152,121,116,126,106,33,43,46,51,15,121,43,131,18,110,46,89,71,87,17,184,70,47,129,121,76,143,190,114,30,52,18,48,43,153,37,33,100,0,12,189,29,59,11,164,96,181,121,20,199,118,148,11,18,12,126,193,106,32,111,84,71,37
58,14,104,157,58,144,177,175,120,40,99,66,159,86,8,61,135,160,13,175,74,98,67,159,60,62,175,27,78,151,122,165,72,136,171,68,64,198,68,135,196,182,74,95,177,192,65,197,21,139,9,161,95,80,122,45,67,91,45,90,41,57,73,172,176,61,61,80,165,14,176,1,198,163,1,105,120,1,172,135,95,198,159,13,170,103,60,25,120,192,34,91,90,173,154,28,80,77,74,159,169,0,32,164,199,166,10,191,48,94,43,30,29,83,185,116,126,36,89,20,146,111,56,131,123,189,167,143,89,138,199,33,94,11,141,75,131,106,46,129,84,26,138,17,49,184,75,109,26,96,110,148,188,146,38,193,51,129,42,51,148,94,39,148,108,153,42,33,12,37,199,141,107,116,79,131,126,129,87,22,169,94,130,118,199,37,100,32,142,4,123,7,134,4,42,199,0,131,143,39
154,163,195,144,192,2,14,157,101,197,68,27,95,80,77,198,197,182,170,182,174,68,159,172,45,125,13,5,8,101,125,40,35,136,159,13,154,161,54,198,112,170,24,73,24,137,57,98,112,21,137,128,16,82,104,24,128,34,165,157,160,182,95,175,103,187,174,77,60,5,2,145,132,105,62,170,155,196,93,150,132,122,88,27,132,112,145,99,98,41,24,66,120,122,178,27,72,53,161,80,76,147,117,130,32,55,17,37,38,22,131,22,89,49,102,114,153,89,55,55,153,59,126,162,162,190,186,71,146,32,39,70,199,63,0,181,36,26,186,123,63,167,20,102,71,63,33,181,129,166,17,39,181,148,23,142,15,33,143,127,108,100,189,76,84,52,102,94,169,102,138,51,59,114,199,10,115,81,168,52,102,146,89,126,30,123,188,110,190,123,193,39,111,153,142,162,29,110,6,97
27,35,35,174,125,161,66,41,62,177,144,173,174,67,128,64,196,133,119,27,105,196,25,132,122,74,125,58,136,172,61,128,82,198,177,122,57,16,50,198,57,25,163,170,119,170,34,112,124,139,135,1,173,198,5,61,119,78,45,173,157,150,133,165,2,9,58,197,67,177,95,120,149,61,98,45,175,60,82,136,150,90,154,90,60,77,182,197,14,163,180,194,3,145,85,78,14,160,21,16,55,32,56,102,130,167,100,59,6,32,110,11,188,189,0,143,96,12,100,185,94,76,162,47,164,12,152,189,148,162,18,107,23,42,126,69,141,129,114,33,130,87,143,6,11,33,33,36,109,79,113,39,121,32,52,123,162,32,96,109,111,26,127,56,76,76,193,39,193,7,162,127,121,141,185,11,37,17,191,193,146,199,158,146,96,71,134,147,107,43,84,89,107,127,36,189,71,89,113,193
67,25,196,2,98,112,157,16,91,176,92,67,196,159,177,144,54,9,171,178,24,170,88,197,67,35,149,27,88,176,165,145,172,145,88,74,65,50,122,41,101,58,174,82,34,3,21,5,176,57,91,157,57,57,198,40,99,50,171,66,180,103,128,25,99,198,88,178,157,139,119,103,163,27,171,145,165,176,2,122,62,194,112,133,165,139,192,41,50,144,104,9,180,104,21,145,78,198,27,74,97,111,76,126,19,6,89,75,7,48,38,19,179,11,138,121,189,166,130,193,19,188,184,111,31,11,37,138,141,56,46,81,15,185,190,19,107,29,84,118,169,47,142,118,131,109,23,110,33,47,4,148,130,70,162,110,52,52,138,127,4,167,123,6,184,108,158,15,26,76,162,19,33,127,56,169,30,126,76,20,94,4,143,109,15,153,29,111,189,162,109,179,42,153,109,96,49,22,49,51
64,67,16,1,50,182,170,16,154,174,16,1,198,195,174,41,187,157,68,74,122,67,80,67,3,95,171,196,34,45,175,170,13,5,85,177,95,35,150,67,135,44,66,88,13,136,171,149,73,104,98,27,24,155,53,132,157,136,58,85,122,67,171,180,133,150,159,128,21,34,156,2,159,103,136,24,151,120,77,91,101,178,135,90,58,151,173,171,112,28,163,156,119,175,176,101,177,122,139,187,114,31,49,46,59,26,15,87,48,108,0,109,121,166,109,19,116,114,190,30,138,79,179,87,185,36,153,183,49,199,71,188,49,100,29,15,106,51,43,110,6,109,75,191,36,102,130,19,59,29,134,116,118,131,48,142,116,69,152,107,69,32,22,6,168,10,94,189,121,158,116,127,129,19,89,32,138,0,148,152,199,158,164,17,23,169,69,29,81,184,179,83,6,185,127,169,183,22,94,87
90,194,13,173,128,174,86,104,180,155,170,8,25,105,105,173,120,145,98,197,173,65,91,3,2,57,85,170,40,53,128,82,174,156,151,120,156,192,92,98,120,93,151,62,93,66,145,196,139,93,175,135,170,112,105,161,156,156,176,182,198,101,155,99,196,92,57,194,35,98,44,92,136,1,151,172,93,90,177,196,41,136,5,198,90,151,21,135,35,66,175,176,88,120,139,155,150,25,54,68,26,19,69,70,141,130,52,11,121,32,186,76,141,0,6,69,123,113,4,20,79,29,114,184,87,167,129,189,76,48,96,138,11,31,126,11,75,69,87,38,185,18,94,75,89,42,39,12,10,19,36,106,89,15,11,188,127,127,20,141,75,42,32,168,100,100,52,100,11,107,10,46,191,143,162,162,114,143,106,75,22,188,130,126,32,22,56,46,153,55,96,12,69,117,70,102,17,107,23,164
144,171,86,122,74,178,45,86,77,35,60,60,180,101,182,8,136,137,72,151,68,192,88,180,192,78,170,176,35,104,135,65,92,74,3,150,57,68,8,154,88,85,182,8,73,150,156,104,14,103,145,163,103,91,61,125,50,80,135,28,144,2,95,194,196,170,192,90,90,197,53,68,88,120,68,74,176,135,82,60,144,159,172,151,151,180,54,86,157,194,5,3,16,144,175,62,119,151,125,98,142,152,164,10,26,142,10,131,153,100,142,51,166,141,96,152,153,111,193,179,116,138,109,107,183,181,97,7,23,23,148,49,169,0,107,55,31,142,49,146,36,29,20,26,191,97,22,33,47,106,127,20,46,94,39,169,109,43,183,152,106,37,30,121,63,130,89,102,114,79,36,123,59,121,63,114,51,83,32,55,142,17,118,147,43,129,123,143,94,56,10,181,138,190,115,22,71,183,97,10
171,197,125,137,124,57,45,35,28,91,175,124,85,174,80,8,103,50,149,172,173,9,192,119,105,72,14,86,16,194,16,50,178,58,163,88,90,156,72,154,35,14,21,45,154,25,54,156,161,144,35,176,101,85,139,9,1,35,86,177,27,165,73,5,196,144,149,41,151,112,5,136,137,105,67,25,86,160,172,2,92,136,9,88,93,8,45,74,174,133,93,173,103,176,88,54,88,60,34,78,191,51,84,134,127,158,190,63,4,55,110,117,138,189,55,148,71,152,106,10,117,126,121,110,131,127,75,142,193,76,49,38,126,179,115,96,22,31,75,143,79,31,127,121,126,48,167,22,131,138,191,87,188,46,96,49,181,87,152,127,79,71,190,166,138,106,129,52,94,153,79,115,168,185,55,121,164,152,87,147,37,97,79,7,188,168,138,164,167,189,190,130,29,110,167,6,63,51,32,115
8,93,175,53,119,14,198,99,173,154,112,157,122,65,101,74,86,173,120,24,140,44,3,149,34,154,194,195,195,159,137,62,125,137,24,170,24,1,8,54,91,173,50,58,50,101,27,92,177,170,95,197,137,157,177,119,14,88,156,92,132,85,161,66,104,21,85,112,160,182,182,125,92,74,174,154,1,78,40,35,74,136,9,2,120,3,13,172,16,21,73,85,124,139,67,132,86,25,98,66,107,4,100,185,30,102,153,6,141,109,116,42,7,59,15,199,17,83,129,96,23,147,71,181,148,22,69,39,87,111,79,38,17,190,22,166,146,184,75,111,141,49,121,130,70,134,29,71,32,31,109,79,185,129,130,81,152,108,100,89,158,185,10,56,117,138,126,94,63,59,47,56,126,22,97,127,96,79,190,127,199,89,141,189,158,69,130,59,114,87,29,84,166,87,107,168,18,162,4,126
176,176,58,77,21,136,160,60,151,105,13,120,159,45,73,104,85,120,80,27,99,187,170,28,103,175,78,154,124,88,2,85,91,128,27,122,41,151,65,155,25,40,41,61,80,163,139,3,41,135,195,8,172,78,157,5,98,140,196,60,176,172,195,174,80,1,156,124,195,151,44,99,182,3,21,150,82,88,99,156,57,174,35,85,161,132,125,187,133,173,27,44,72,91,27,13,170,25,196,41,141,134,130,31,158,193,29,46,114,26,138,148,96,89,18,152,84,126,70,116,189,76,51,126,113,188,19,37,32,130,81,96,191,69,147,36,20,146,19,12,184,153,188,185,152,47,23,190,169,23,33,0,83,131,114,43,183,71,96,47,106,87,100,71,168,179,71,20,81,75,147,59,186,111,162,11,36,126,106,186,193,166,87,127,37,118,36,143,52,111,96,29,153,164,179,190,153,55,188,146
156,54,68,77,67,28,178,120,82,192,95,80,163,195,77,175,65,5,9,88,155,104,25,5,112,61,45,66,35,161,41,150,53,74,67,27,149,101,196,194,112,139,149,13,93,66,149,24,150,57,197,165,101,174,44,125,34,157,180,65,73,73,154,163,104,77,182,5,28,197,74,124,50,40,16,196,128,137,172,197,98,151,144,163,101,95,154,101,40,28,78,104,3,99,104,149,101,156,93,3,183,83,169,121,32,22,42,108,158,168,76,131,129,153,167,87,185,143,49,102,153,100,30,56,110,107,123,81,142,181,169,7,48,51,30,55,36,39,12,193,97,158,110,130,107,76,166,51,114,51,6,63,113,127,141,70,23,117,166,199,113,129,75,33,4,106,79,131,84,127,11,56,142,108,113,199,186,185,190,114,94,48,168,20,184,131,123,12,169,109,0,162,167,6,131,129,153,12,100,32
178,160,78,149,176,177,88,176,62,144,140,57,58,28,45,159,133,95,44,62,128,157,35,119,62,28,65,13,182,99,45,120,91,182,160,133,196,174,91,124,149,104,35,21,178,154,25,68,68,171,50,9,161,44,159,150,140,88,112,128,174,176,176,13,195,58,3,154,163,44,150,160,195,28,54,198,62,93,78,176,151,187,174,156,60,28,194,105,182,171,178,170,85,9,66,140,74,172,178,16,52,31,97,142,87,186,168,30,96,38,138,152,36,113,193,113,168,107,32,33,106,181,22,183,49,111,146,20,185,69,94,108,59,36,59,10,153,127,114,89,138,193,15,23,46,158,189,76,4,38,23,87,6,46,186,129,23,6,191,63,107,191,164,117,89,107,59,199,94,46,126,10,184,83,52,0,126,46,30,114,97,32,117,33,102,94,83,143,51,96,32,39,94,0,47,22,107,39,83,127
8,2,50,174,57,93,149,151,133,62,150,2,80,57,24,13,35,54,73,172,135,101,88,192,88,172,82,16,176,150,14,171,3,171,175,25,92,57,176,45,154,16,95,41,60,159,182,80,44,27,192,171,176,58,14,62,62,156,78,9,125,74,170,1,187,177,72,139,192,197,57,104,67,159,77,53,124,98,95,62,155,53,61,57,9,145,112,120,91,34,163,180,187,112,61,14,101,149,35,178,131,183,4,36,143,89,32,10,56,189,193,33,84,42,111,118,30,143,37,42,114,138,7,69,169,18,110,127,134,55,55,107,169,7,10,102,87,0,129,130,38,31,43,43,42,55,4,87,37,115,33,130,158,162,190,191,113,63,164,71,168,19,23,10,79,162,188,147,55,188,75,130,7,56,115,83,29,152,143,123,96,75,83,108,76,22,31,162,39,36,48,129,81,147,81,19,146,43,31,129
25,66,64,112,67,135,90,53,82,88,163,163,174,119,195,175,35,157,154,2,40,91,44,119,163,175,144,112,34,145,61,72,174,171,173,13,88,171,154,44,58,176,58,136,34,155,145,122,192,104,24,104,82,68,122,28,103,13,66,21,137,80,99,86,149,197,65,60,163,35,67,54,34,82,2,119,150,86,197,194,104,103,133,103,170,155,104,58,78,25,13,28,195,45,194,16,197,78,73,149,117,4,123,110,55,164,26,69,107,83,109,143,190,168,181,108,49,6,18,23,48,52,52,18,113,56,100,69,115,89,107,0,164,43,18,4,7,108,164,43,49,20,6,131,118,109,147,168,31,71,162,10,143,114,76,32,129,123,186,143,162,116,96,55,179,31,113,11,47,55,81,179,126,59,184,23,26,126,143,183,167,96,152,94,109,162,55,19,51,181,31,84,186,142,31,51,115,15,118,100
95,128,136,61,88,54,101,171,65,156,197,45,2,65,145,192,136,135,173,78,86,175,196,45,128,24,61,8,21,62,135,151,14,78,198,99,133,54,196,173,85,80,67,159,92,72,86,1,104,86,178,78,133,28,82,62,198,140,1,155,144,136,78,92,173,101,156,155,150,177,34,133,78,136,66,145,78,91,57,74,122,24,24,137,25,125,135,60,174,161,119,68,175,155,64,57,119,149,178,194,81,37,36,146,56,168,4,127,19,59,56,126,138,11,39,79,23,179,33,143,116,138,116,186,118,69,0,83,114,47,18,186,147,11,89,142,108,102,167,30,169,52,107,89,127,102,12,11,79,116,131,96,179,168,83,89,168,114,97,51,141,179,199,29,199,188,33,17,89,193,22,127,152,138,23,169,63,114,100,111,126,106,26,33,111,109,121,191,146,63,116,97,158,138,143,131,183,46,23,56
177,151,25,119,35,194,112,95,41,124,27,119,171,24,171,170,150,61,128,24,170,182,195,16,132,65,68,88,157,151,112,172,34,196,62,155,195,90,125,73,165,74,5,125,177,128,86,91,159,13,165,154,2,58,120,139,182,35,125,40,58,172,60,8,195,50,103,175,101,124,196,172,197,144,78,144,73,44,99,41,194,139,41,154,157,3,124,174,156,163,57,95,98,8,178,72,67,95,103,192,23,10,188,126,131,148,190,30,141,184,110,108,164,126,96,152,43,141,20,199,123,183,38,75,15,46,185,59,94,19,185,96,47,89,22,32,33,102,75,55,37,10,18,190,19,31,39,10,123,126,191,59,84,164,83,110,89,52,110,110,17,97,188,117,107,162,94,129,166,183,116,69,107,81,26,42,26,59,107,81,113,42,191,96,31,190,164,33,89,70,152,162,70,4,81,81,12,46,7,75
5,171,41,103,101,50,195,103,180,62,74,66,176,28,14,53,159,154,172,139,172,145,159,136,34,68,3,172,154,27,197,74,165,187,101,155,173,67,103,105,2,25,57,99,154,154,165,154,175,61,128,13,82,99,176,40,90,178,139,119,72,9,44,136,3,120,80,27,74,40,2,1,151,149,8,132,176,194,92,91,2,72,195,92,72,9,124,120,27,125,93,192,58,9,5,132,128,2,53,85,32,59,15,169,48,46,169,83,33,79,49,186,191,153,75,115,76,166,23,38,22,162,70,17,26,37,183,109,107,51,0,42,185,56,181,117,52,11,89,134,110,7,69,123,167,127,47,22,52,79,49,96,142,116,96,168,18,70,89,100,51,55,83,107,143,75,126,179,96,10,32,38,148,169,6,71,130,181,79,108,100,127,110,190,51,126,96,23,56,184,110,108,130,22,153,51,193,47,4,141
177,5,124,95,139,150,86,35,72,170,192,171,136,40,140,156,112,103,35,150,122,180,40,119,145,192,44,159,74,95,173,9,155,53,119,175,160,45,196,93,21,53,154,125,172,163,27,150,93,80,128,82,90,5,5,175,105,180,155,155,173,93,85,150,54,53,45,172,90,133,120,80,171,62,5,112,173,85,91,62,73,103,133,140,78,90,135,27,8,136,165,105,72,176,170,157,187,177,73,85,71,110,110,10,129,108,96,6,7,199,17,83,6,190,117,191,166,131,59,108,121,89,26,4,130,30,141,56,52,111,31,20,15,79,63,162,138,69,167,102,32,114,71,148,89,148,48,63,96,0,162,48,4,158,129,100,26,37,114,63,39,87,129,42,193,186,184,152,87,87,110,46,83,30,19,109,127,51,166,184,38,185,121,186,19,79,20,158,51,18,47,81,87,131,84,199,33,97,83,46
21,16,28,112,28,21,61,92,40,68,155,197,187,182,171,154,91,99,86,61,2,82,139,124,155,101,140,180,41,82,41,165,90,154,198,122,80,5,27,5,8,155,60,40,61,72,93,175,77,93,182,35,28,157,150,67,170,3,104,65,198,68,165,103,86,196,150,151,27,137,54,155,165,25,2,119,140,66,13,34,57,88,192,149,187,68,135,85,64,44,196,93,3,154,197,57,137,34,128,68,18,59,81,121,70,164,94,123,30,127,110,117,123,102,23,15,33,186,117,117,168,111,168,168,166,7,179,102,168,185,106,153,190,164,110,22,106,7,12,23,48,94,32,71,32,162,38,115,42,158,129,152,117,181,12,166,22,169,121,4,84,116,111,96,168,94,107,87,38,111,148,106,56,162,38,15,71,190,188,29,52,191,179,79,42,7,63,179,184,59,147,56,87,142,97,147,141,106,0,179
3,95,35,99,112,156,99,154,157,112,86,34,35,178,137,177,98,35,120,192,120,137,145,13,137,54,177,62,135,120,171,136,172,44,61,28,195,103,119,61,194,187,91,28,91,45,98,85,3,177,21,35,3,27,154,165,85,165,161,68,60,64,195,8,159,176,16,159,80,161,161,174,119,157,161,197,172,41,64,156,170,35,92,8,196,50,132,92,78,62,160,72,58,144,24,172,88,120,77,140,83,96,115,142,31,179,36,31,130,47,121,141,131,22,76,47,0,32,83,117,0,63,162,18,84,79,193,49,97,51,84,191,87,10,169,39,146,7,22,47,111,15,32,84,33,76,111,17,148,56,164,4,188,69,131,69,129,6,0,11,142,76,186,158,0,87,36,81,110,146,76,79,152,185,127,46,191,164,117,152,52,184,164,146,115,166,185,164,162,108,79,59,109,37,10,109,167,10,84,49
154,112,62,74,60,78,104,182,67,14,44,58,155,16,144,132,145,170,80,187,150,90,156,58,92,176,54,86,95,27,77,160,150,124,62,194,88,175,24,24,159,119,61,198,54,128,86,25,155,140,192,132,157,60,101,149,82,78,163,120,160,174,5,156,62,144,1,8,41,25,25,197,165,13,120,151,66,92,178,5,1,91,54,1,57,67,145,82,155,175,27,119,180,74,180,105,173,1,133,13,83,121,121,43,71,184,185,162,10,46,17,199,32,31,134,148,100,81,113,166,107,113,39,20,71,152,107,15,59,190,89,118,69,114,87,130,97,56,32,46,185,87,183,193,115,94,70,11,71,114,36,110,46,32,81,168,37,7,190,42,11,69,47,7,48,186,46,110,191,130,138,148,199,146,179,121,158,71,71,186,76,83,169,11,111,84,107,79,75,29,108,32,69,19,84,12,188,106,83,189
180,174,187,175,176,139,156,133,40,124,101,171,136,50,195,103,90,41,159,161,3,192,119,151,125,151,120,124,124,137,34,175,159,112,41,41,157,103,44,45,112,27,8,173,24,124,1,64,90,145,196,137,174,174,156,187,175,139,64,187,177,45,197,91,120,145,21,124,50,44,136,45,105,175,176,80,44,64,16,78,53,68,21,78,24,95,35,171,40,177,62,88,176,77,170,65,16,160,174,196,147,87,87,48,185,167,148,186,31,48,31,36,39,89,83,6,148,42,185,123,143,42,110,102,183,147,4,4,55,162,89,81,179,153,142,152,48,117,33,94,6,96,183,17,158,31,75,191,123,167,148,71,52,117,43,26,51,20,10,113,193,69,111,69,141,106,6,138,169,142,38,52,48,42,118,162,146,138,38,87,168,29,129,199,199,134,113,69,46,96,30,69,43,109,141,17,59,11,189,107
151,159,155,34,50,98,58,74,85,125,163,86,57,119,172,67,125,99,170,176,170,45,54,34,60,85,68,139,198,41,82,21,86,99,136,73,92,78,154,105,82,78,132,92,197,98,28,104,50,86,16,172,103,66,50,86,135,50,160,180,65,66,194,119,135,170,98,77,34,174,150,196,124,198,172,172,41,50,98,40,86,132,9,8,50,24,93,21,27,5,119,88,57,66,195,16,144,35,98,150,152,47,22,11,56,46,48,130,117,113,184,71,131,38,26,162,63,75,26,94,36,129,158,147,146,121,167,184,107,96,75,115,38,59,166,81,43,89,109,17,48,79,43,39,186,199,110,166,117,42,83,0,18,7,164,43,188,32,185,143,47,56,106,126,115,11,63,52,116,123,148,59,184,158,123,56,193,191,113,117,121,141,81,6,97,31,87,199,123,22,114,18,148,36,56,31,56,31,116,131
161,159,86,187,78,135,159,72,154,1,28,172,9,155,24,145,66,44,25,8,133,60,28,54,40,105,85,136,78,103,77,196,145,67,28,180,54,85,90,174,140,177,151,98,140,101,101,120,44,154,85,124,105,21,151,144,140,194,40,14,198,150,92,145,62,74,170,132,136,66,122,74,58,122,86,145,91,54,24,175,13,3,66,192,145,149,177,61,24,34,180,1,174,174,170,34,65,149,98,157,55,134,81,102,4,87,23,129,87,6,84,153,166,131,183,152,186,142,4,142,134,26,20,7,49,188,32,83,181,83,39,70,52,138,152,162,116,166,39,30,116,18,22,87,193,37,134,127,131,115,12,70,113,141,181,152,30,158,32,190,36,31,38,17,48,17,83,84,75,147,18,158,130,51,15,18,79,111,183,102,130,69,46,100,36,30,109,191,129,117,71,23,191,12,130,12,33,70,188,76
98,65,68,174,54,34,101,133,98,103,151,73,156,175,82,151,195,5,157,14,170,3,90,194,135,9,174,120,105,196,67,65,122,172,8,139,157,137,91,171,103,35,58,34,92,187,80,171,98,103,80,54,187,92,77,140,175,74,178,60,198,154,41,90,5,86,40,9,24,172,74,62,151,174,105,195,74,1,28,159,50,196,176,91,159,120,2,196,171,58,122,163,172,21,67,45,73,95,58,13,164,55,18,94,52,59,23,130,22,189,10,153,127,153,199,23,116,118,6,127,39,106,29,121,59,143,117,7,168,148,4,100,107,30,109,29,7,123,20,186,166,63,116,7,121,116,168,46,49,83,48,185,96,84,126,10,49,75,51,143,63,188,96,116,164,118,168,11,183,18,189,113,42,138,47,30,166,79,7,142,75,131,83,15,134,38,138,189,19,166,75,22,19,94,29,138,110,19,15,36
66,95,45,125,140,78,98,77,155,85,5,195,95,159,67,103,103,57,177,24,66,74,57,34,172,45,90,157,61,77,90,91,34,176,104,140,2,99,90,27,175,60,180,160,68,196,68,165,21,54,8,64,171,8,197,72,187,119,192,57,82,34,172,21,132,61,198,124,60,144,173,8,58,133,28,16,178,13,128,154,175,60,187,28,82,24,5,159,95,177,174,156,135,2,99,25,154,41,165,195,37,169,23,108,4,158,76,127,56,181,22,147,39,168,146,138,126,188,127,31,26,127,30,84,117,71,158,87,118,107,126,117,121,129,169,49,18,189,142,55,42,126,31,191,59,52,169,81,76,199,191,153,51,169,75,199,79,190,31,199,188,114,46,148,96,36,189,18,166,38,15,0,12,19,184,39,184,199,4,113,36,166,126,107,31,162,152,55,38,42,181,190,30,193,70,36,32,23,38,59
91,58,16,13,150,93,45,90,154,176,74,177,198,86,53,8,99,93,13,1,195,14,66,92,119,101,40,35,86,175,175,149,159,154,3,180,93,197,192,178,197,103,65,91,24,3,91,45,120,112,170,177,159,73,73,171,122,105,154,16,159,125,173,177,60,73,58,194,119,197,119,9,187,119,149,1,192,178,160,159,151,73,135,90,163,74,8,144,176,98,86,82,74,140,74,62,122,95,195,101,26,7,114,63,83,148,46,38,169,81,143,129,114,10,130,83,83,38,96,31,117,190,118,96,158,158,10,164,116,114,46,183,102,185,84,37,18,108,26,84,146,55,189,166,42,22,190,130,39,12,46,102,121,152,48,96,83,42,199,169,81,143,184,181,15,146,147,113,59,148,138,75,115,148,127,109,109,18,126,129,69,152,111,38,26,117,79,164,183,71,55,183,76,30,96,17,146,4,108,11
25,163,64,62,133,151,27,13,57,58,21,161,57,1,64,196,58,66,160,194,82,124,135,132,40,44,139,103,91,178,159,196,60,67,175,92,92,40,176,135,57,122,180,16,95,93,85,67,50,44,13,99,9,65,173,85,99,128,2,1,85,128,62,82,187,93,57,65,171,8,44,54,105,105,150,197,155,133,16,178,187,161,65,67,145,88,145,44,61,151,13,27,66,104,40,112,73,173,45,136,134,48,127,190,181,4,0,166,37,56,59,20,31,7,43,129,59,52,164,49,20,153,22,18,186,191,116,167,76,143,4,23,141,70,89,46,63,22,52,118,126,0,11,11,83,134,0,146,121,4,71,36,12,109,94,11,118,113,138,79,146,188,153,107,97,96,75,76,75,199,49,190,100,129,81,162,111,29,199,39,169,100,11,94,130,49,168,42,158,162,169,184,146,166,134,158,71,12,4,70
2,124,66,104,82,180,13,54,180,171,124,50,161,144,170,135,1,160,54,62,2,91,90,8,98,137,58,53,91,151,103,57,160,157,21,58,82,150,101,198,163,197,137,66,125,125,40,176,178,112,66,35,8,194,57,78,44,180,57,21,104,28,5,14,178,9,156,150,163,13,156,92,136,155,154,16,171,160,50,128,72,171,103,14,173,3,161,58,112,90,192,178,161,50,64,156,180,16,178,196,31,6,87,69,183,184,179,39,116,11,84,33,146,69,152,127,29,167,42,193,153,141,79,18,167,191,186,111,96,79,38,63,89,142,37,63,152,69,169,142,69,185,181,162,166,69,79,181,32,184,126,188,4,6,20,167,79,17,89,20,199,30,29,168,71,38,118,146,94,79,138,7,188,108,20,179,46,148,169,191,115,71,114,49,48,117,158,114,131,115,15,142,109,0,46,49,94,191,146,59
101,178,171,95,85,196,149,140,25,34,92,2,50,35,128,92,5,64,13,165,1,45,155,35,98,86,91,198,35,145,41,145,50,54,14,173,161,197,150,2,73,67,104,65,61,139,163,25,154,124,101,24,144,145,150,198,88,192,1,132,91,14,72,88,178,161,136,41,177,163,195,45,120,65,93,88,171,197,165,104,104,174,78,86,50,149,14,139,21,171,24,155,5,40,150,163,5,2,5,3,193,32,142,110,29,83,113,185,75,110,69,47,116,15,143,166,121,153,81,87,70,10,107,183,97,17,15,118,166,37,189,56,162,131,184,97,118,199,4,55,166,162,138,167,117,108,33,188,46,42,199,12,108,162,114,17,48,152,179,169,107,186,189,96,117,152,162,115,118,126,22,11,75,7,152,179,39,37,51,166,138,199,18,17,123,48,63,142,106,81,191,33,17,30,38,7,107,108,130,147
194,24,88,53,155,187,133,85,13,104,50,21,154,155,14,132,180,78,73,197,50,177,149,149,16,27,112,154,24,155,28,192,98,78,173,154,58,25,3,120,99,139,176,172,50,175,177,145,149,9,160,132,192,78,88,149,24,16,77,34,34,182,91,103,3,187,120,149,86,25,82,8,192,73,58,187,112,68,58,151,137,57,13,2,170,13,40,98,160,128,40,64,1,73,195,25,73,174,155,182,188,118,114,76,185,23,169,31,84,18,59,23,115,190,168,4,130,179,37,7,114,167,12,188,26,76,15,106,11,52,107,138,152,71,7,47,69,113,0,130,26,52,12,38,23,108,52,51,188,109,22,181,138,19,48,191,152,166,111,97,121,193,31,188,81,46,109,15,70,23,109,152,33,0,168,48,188,52,32,47,81,179,147,51,12,121,46,190,30,83,79,79,46,179,183,146,15,126,75,185
145,180,119,41,74,128,50,137,176,136,103,14,155,92,98,58,133,105,194,104,178,163,149,14,92,82,170,177,35,57,137,45,25,54,145,125,177,104,105,92,174,157,53,74,170,98,61,192,139,60,24,182,174,21,155,77,90,16,144,182,92,145,165,54,170,174,21,95,103,93,66,170,155,73,128,151,163,174,135,196,34,86,173,180,157,180,58,16,54,170,180,163,50,105,192,93,120,161,196,41,102,39,20,18,118,193,189,183,183,38,148,4,167,71,183,51,43,188,121,97,69,49,166,191,97,83,36,38,55,4,183,56,29,30,185,18,63,193,116,75,191,184,97,111,131,130,117,32,118,59,129,117,29,166,33,146,110,31,70,100,158,114,42,111,167,146,181,31,152,193,108,164,121,110,94,36,42,89,148,47,71,115,26,39,81,32,142,59,42,17,193,179,38,83,49,39,26,153,117,181
14,45,150,2,41,65,34,90,125,40,159,157,173,64,173,124,177,24,120,24,57,72,65,53,174,92,92,16,149,139,159,140,125,178,149,16,198,145,125,124,41,2,16,90,13,9,98,125,64,119,74,77,125,5,9,14,68,27,62,73,9,86,25,74,9,86,66,72,170,80,149,88,161,178,35,64,16,16,120,195,77,176,65,160,192,53,41,62,119,112,67,92,160,14,3,60,120,80,27,120,167,55,121,33,38,121,22,123,102,11,113,36,70,152,42,94,37,7,166,47,17,169,102,10,75,0,76,71,169,100,179,189,134,18,142,191,76,29,113,131,48,96,183,83,32,0,148,130,0,79,63,114,141,113,190,63,168,102,168,4,179,162,164,97,138,20,191,48,43,59,48,69,56,148,166,83,131,110,162,36,142,162,127,76,55,100,188,26,199,185,106,39,184,127,7,199,69,23,184,36
120,149,174,41,139,16,57,93,78,135,104,77,157,103,176,112,25,9,163,24,1,57,86,112,74,68,175,157,140,157,104,99,180,62,196,9,156,91,194,165,45,124,45,170,171,14,88,178,13,73,187,54,135,66,62,3,99,44,9,74,16,187,124,103,86,198,80,198,132,160,103,25,72,139,45,182,74,99,187,65,160,40,175,54,28,137,124,196,120,160,27,171,172,72,99,156,53,3,58,198,141,107,142,142,183,158,169,51,6,63,56,12,102,97,36,179,0,81,76,51,56,110,130,12,11,15,113,108,102,12,138,115,55,87,102,146,76,184,116,148,56,89,168,49,18,184,141,69,84,189,38,22,76,113,49,4,193,121,18,33,138,83,11,49,188,188,169,94,30,43,59,100,29,47,186,89,79,102,113,147,55,141,189,142,49,131,23,146,7,111,113,167,164,39,164,134,184,48,143,113
145,72,180,194,28,125,78,159,2,165,1,128,14,177,2,25,78,145,137,155,66,120,80,80,139,174,72,195,95,14,140,171,105,187,44,175,128,198,73,163,176,3,90,104,137,24,161,198,92,177,1,8,73,125,13,165,62,125,53,173,192,50,74,8,99,136,145,28,9,155,61,157,5,154,35,27,192,85,54,98,72,156,150,45,99,139,136,155,135,112,101,44,149,101,90,40,40,24,176,25,147,169,79,51,39,138,166,100,147,30,111,49,33,113,143,167,129,184,152,42,84,10,37,147,109,166,116,83,134,107,12,63,108,110,166,131,123,15,39,83,94,69,31,166,0,42,96,0,96,12,185,23,96,127,199,108,115,183,185,146,134,96,138,46,102,100,22,70,55,87,32,108,158,39,148,55,96,48,134,153,39,108,69,97,17,7,162,11,107,185,118,70,56,11,188,113,123,169,118,26
163,9,132,44,177,57,175,173,93,99,137,176,62,95,62,120,176,72,196,171,112,27,65,28,140,14,176,21,95,104,178,28,133,24,150,163,77,72,101,197,99,156,44,151,9,165,5,40,195,65,72,14,165,62,136,92,170,41,65,103,124,92,68,41,174,187,78,60,92,165,161,165,177,160,155,180,122,135,85,86,178,2,24,149,155,145,50,54,77,124,53,173,156,16,159,44,133,1,74,119,79,36,147,162,167,39,186,130,23,55,109,29,113,118,100,29,42,46,52,141,12,126,32,76,32,75,199,97,42,33,59,32,15,107,26,106,199,146,19,36,20,29,167,158,97,52,191,164,110,42,190,83,141,108,31,127,115,76,189,131,167,167,148,143,63,199,56,32,162,79,23,193,84,193,191,168,31,134,17,152,107,138,26,152,42,100,46,55,23,102,158,108,17,30,141,63,79,164,185,38
13,178,174,171,41,145,21,8,140,92,180,128,105,160,170,1,177,14,160,16,187,139,174,151,25,171,9,21,177,182,66,170,61,78,196,160,16,128,21,53,53,119,66,119,80,62,112,159,54,173,128,176,35,64,44,60,86,57,194,160,9,132,150,103,160,156,125,60,122,90,171,41,13,139,99,93,54,91,182,157,135,34,53,1,65,178,73,122,54,149,14,177,14,45,24,40,73,78,165,41,12,185,97,38,76,179,109,147,185,51,184,121,11,121,97,146,102,130,97,179,152,107,166,83,138,59,102,20,19,42,146,130,100,153,15,7,134,37,38,148,118,29,129,75,188,75,188,29,30,46,106,115,32,193,0,46,116,42,141,100,169,11,113,94,184,153,127,63,71,56,126,131,116,56,130,20,38,152,49,118,148,167,84,167,131,26,71,147,148,18,148,102,70,4,118,36,185,191,32,4
154,93,41,133,95,122,2,174,176,171,177,21,155,41,62,40,135,88,80,120,159,132,95,88,58,99,171,103,112,135,93,9,27,196,66,195,132,92,67,163,150,85,88,64,178,88,140,144,101,27,125,157,21,90,171,88,86,187,74,154,105,45,93,187,139,25,14,187,104,136,125,194,149,128,172,198,144,180,154,132,150,50,157,53,74,68,77,112,88,54,73,133,57,133,58,101,171,93,16,25,148,42,188,117,33,6,199,4,109,0,148,164,43,33,118,10,121,7,188,94,26,143,179,87,7,111,191,179,143,75,22,179,11,189,146,130,0,181,193,111,167,81,169,59,184,26,114,123,96,36,190,42,129,188,186,147,127,47,179,10,193,143,20,75,52,184,4,131,81,48,147,59,20,191,51,167,142,63,48,10,22,83,189,188,51,51,186,183,38,141,186,48,168,115,191,47,141,89,193,37
101,16,133,157,119,192,120,3,194,133,135,73,112,80,197,187,27,187,128,151,198,91,16,50,14,90,53,173,85,50,53,177,151,67,173,35,2,192,34,171,57,66,136,34,136,150,139,67,27,90,93,105,197,192,104,14,159,62,144,197,78,86,120,44,125,14,16,172,41,103,65,8,65,172,196,160,8,145,8,14,104,156,132,156,101,2,1,41,54,156,128,50,173,101,171,86,24,53,2,27,63,42,121,142,147,12,18,142,10,179,84,37,131,129,188,167,49,152,134,130,126,38,123,102,109,42,123,39,100,181,148,26,131,185,164,147,199,130,134,152,30,181,185,113,189,190,10,7,131,55,167,147,169,189,190,94,94,162,127,32,18,164,116,43,102,70,148,70,0,143,71,18,109,109,11,110,130,11,121,42,38,148,181,39,162,111,185,143,130,4,102,81,108,33,63,49,71,69,7,164
13,149,60,1,135,24,68,5,133,58,8,68,90,92,104,98,44,171,124,125,103,88,136,122,119,177,175,98,86,133,3,54,187,68,86,73,177,101,60,163,90,122,74,105,74,151,136,170,163,34,64,163,41,103,176,149,192,165,58,65,3,178,137,62,53,160,156,24,133,125,77,195,54,60,64,16,195,101,54,196,57,195,25,62,41,91,159,137,104,73,112,124,132,99,174,67,53,157,93,62,71,33,146,71,49,138,37,107,29,169,84,191,48,49,83,33,31,55,18,56,83,121,87,18,116,70,164,129,51,70,29,100,75,102,141,31,123,83,29,190,51,94,87,166,76,38,111,199,146,166,108,184,71,33,83,183,15,89,131,115,7,131,20,109,129,30,10,146,7,114,23,76,49,84,158,129,69,113,26,75,71,59,166,52,147,147,18,113,63,94,109,32,97,43,127,51,75,19,114,126
95,135,196,50,91,161,45,41,137,182,21,35,165,73,24,88,174,105,194,159,125,67,8,3,93,65,41,54,145,13,73,171,9,65,99,98,14,101,77,8,145,40,28,21,82,27,73,82,8,140,133,132,95,144,170,73,27,180,163,57,149,92,44,5,61,34,50,14,177,136,175,16,28,45,1,21,177,174,119,90,172,1,67,25,41,73,25,172,177,165,2,25,21,98,103,174,171,35,144,135,55,131,55,31,29,185,107,183,89,188,84,169,183,19,56,33,38,115,183,169,18,199,48,185,26,118,100,166,43,30,146,169,191,129,52,69,4,38,20,70,121,75,142,117,79,118,31,89,153,4,48,33,10,121,97,42,164,114,181,146,141,69,94,36,15,113,56,115,48,56,113,0,51,18,106,121,106,188,153,89,56,59,113,42,121,106,70,106,19,186,147,117,36,152,17,117,47,75,164,117
163,34,165,5,154,91,151,182,61,177,16,60,93,182,67,8,50,28,77,93,160,156,187,9,72,149,161,68,151,3,151,72,1,54,34,132,25,27,44,61,165,1,53,95,171,24,178,27,78,93,50,27,187,53,177,28,177,122,192,171,27,171,21,145,41,135,74,92,156,61,160,86,150,173,139,159,156,149,91,34,124,41,119,150,176,196,1,159,177,24,72,125,90,172,175,50,27,40,41,60,18,63,71,76,23,123,71,32,134,116,55,188,81,168,118,15,4,134,11,38,96,52,36,46,49,96,0,22,81,185,71,126,184,83,51,63,102,169,191,0,106,39,199,49,116,51,114,106,15,29,138,109,115,158,38,46,22,43,36,46,117,179,109,189,199,164,153,184,70,0,47,84,100,10,191,56,126,76,143,17,100,117,63,96,96,49,75,36,100,71,142,116,18,69,148,134,70,193,33,37
93,77,41,40,98,192,196,64,173,194,72,40,27,16,53,24,67,122,93,9,101,171,58,1,24,14,98,14,58,14,78,5,72,73,192,9,5,98,40,160,171,53,104,136,92,104,135,61,2,13,9,156,120,53,34,13,195,132,78,136,65,3,1,35,112,65,77,151,104,92,122,93,98,27,82,68,180,54,93,182,53,28,105,41,3,105,77,160,173,91,101,88,154,175,139,25,196,139,139,62,142,29,49,55,75,185,70,100,148,51,6,94,96,87,193,70,19,108,129,169,164,100,71,152,36,130,37,102,87,193,108,87,126,49,189,108,89,138,114,130,129,4,181,100,126,23,118,153,126,17,33,7,97,7,69,56,193,131,49,55,18,148,47,193,121,43,167,36,184,97,83,76,15,188,46,146,30,146,166,30,42,146,75,129,42,131,138,179,81,19,4,26,126,18,71,109,114,147,147,127
73,195,182,77,151,53,172,104,27,165,163,174,74,28,28,176,170,24,64,95,195,65,136,140,3,80,133,122,25,98,66,177,93,2,151,187,34,64,139,78,3,156,135,101,35,135,72,135,99,139,95,154,60,103,192,53,180,160,98,163,3,136,58,154,74,176,157,140,170,40,98,25,90,2,93,112,105,9,62,57,154,54,21,145,198,155,159,187,161,68,150,27,1,80,175,173,165,165,3,197,179,46,181,117,94,199,168,48,89,7,71,75,179,15,129,12,71,100,126,10,127,32,75,76,186,184,115,56,129,100,4,113,70,131,127,193,123,89,158,23,42,152,7,152,70,52,37,166,29,38,55,179,108,115,189,185,30,23,162,4,199,130,129,123,89,184,48,147,185,142,138,134,84,141,127,158,168,168,118,52,134,39,59,123,22,18,6,153,39,179,183,6,39,79,12,184,11,183,87,110
145,21,40,35,98,34,80,64,1,9,50,154,119,98,124,119,101,122,120,194,192,170,92,145,2,174,27,120,194,16,198,73,35,137,2,176,53,178,151,163,28,172,25,21,73,178,159,101,139,139,57,128,170,135,101,44,119,40,178,74,5,192,82,103,35,77,91,66,173,73,35,174,173,44,170,145,66,137,54,98,14,9,145,112,45,149,1,41,90,92,80,86,14,99,82,103,128,128,104,13,185,6,32,52,186,162,152,12,33,113,0,162,126,183,49,49,75,52,148,166,123,10,15,102,193,11,108,6,55,52,142,111,49,49,116,100,18,148,30,114,102,100,26,118,129,107,97,126,31,97,30,46,143,7,56,130,81,152,114,29,10,134,81,109,6,164,118,89,153,84,33,183,19,37,46,83,185,123,47,6,199,181,130,152,23,110,184,118,123,134,56,49,49,55,102,69,190,75,167,29
103,133,2,93,92,161,139,86,124,160,98,9,159,72,149,182,61,104,68,112,61,60,194,161,178,104,90,128,58,140,90,101,135,54,93,88,74,1,35,8,34,53,50,174,41,82,34,156,104,14,85,77,34,180,151,140,176,45,95,21,195,198,21,156,195,101,8,68,35,9,34,154,40,61,85,194,135,1,187,149,103,16,80,65,124,60,60,3,57,85,150,135,135,80,88,145,27,24,16,8,127,142,117,123,10,22,179,134,134,4,147,181,183,166,190,189,142,126,19,36,191,111,102,37,47,158,142,164,6,102,52,4,31,11,191,89,130,47,46,0,23,47,114,190,106,185,186,126,38,63,33,193,79,116,20,20,109,30,42,185,123,179,152,169,107,79,29,109,121,143,110,22,148,110,43,37,130,76,37,47,116,110,76,115,186,56,39,141,37,83,81,102,94,69,18,168,75,118,183,138
171,112,28,58,58,160,170,139,64,91,95,112,155,150,178,86,101,173,95,133,74,173,187,196,73,73,163,160,112,197,165,95,91,192,182,66,173,25,194,128,125,104,24,45,194,137,40,67,64,156,27,165,14,174,176,64,54,122,195,151,44,154,178,198,194,128,120,104,91,180,182,68,72,151,78,57,66,25,64,103,80,45,160,9,182,112,25,120,74,132,66,156,68,163,77,105,139,192,61,159,188,76,4,179,18,153,153,146,83,12,12,42,183,189,96,20,30,162,19,110,169,19,11,59,18,94,79,47,100,70,52,107,29,185,184,49,108,38,18,71,134,188,51,55,84,83,7,108,102,188,43,143,108,19,75,183,29,26,87,143,110,10,46,164,56,75,131,100,97,152,26,190,141,97,42,143,56,193,158,164,147,107,6,185,87,51,48,115,48,167,23,84,4,108,96,123,126,142,56,118
