model,stage,replicate,delta
ResNet-18,s1,0,-0.03170586502466166
ResNet-18,s1,1,-0.04501436184794805
ResNet-18,s1,2,-0.04871966712175002
ResNet-18,s1,3,-0.028885404303327422
ResNet-18,s1,4,-0.05492074546588077
ResNet-18,s1,5,-0.034665605737752125
ResNet-18,s1,6,-0.037383823871156685
ResNet-18,s1,7,-0.05245852479261248
ResNet-18,s1,8,-0.03545510763550652
ResNet-18,s1,9,-0.03919419822072501
ResNet-18,s1,10,-0.057634714139077725
ResNet-18,s1,11,-0.06453039625685952
ResNet-18,s1,12,-0.05376319927192341
ResNet-18,s1,13,-0.04543020520346841
ResNet-18,s1,14,-0.04627037873429529
ResNet-18,s1,15,-0.018151187237275157
ResNet-18,s1,16,-0.06067144452553852
ResNet-18,s1,17,-0.0638071670617254
ResNet-18,s1,18,-0.03904271916231972
ResNet-18,s1,19,-0.012015852063410937
ResNet-18,s1,20,-0.03969641613539343
ResNet-18,s1,21,-0.04737992016329273
ResNet-18,s1,22,-0.04668096039877756
ResNet-18,s1,23,-0.06205598028223469
ResNet-18,s1,24,-0.05838845145687954
ResNet-18,s1,25,-0.04557068065568992
ResNet-18,s1,26,-0.0431098380758449
ResNet-18,s1,27,-0.04843494477885579
ResNet-18,s1,28,-0.06582247805312413
ResNet-18,s1,29,-0.03613954753665971
ResNet-18,s1,30,-0.058391345580934395
ResNet-18,s1,31,-0.04573461768778353
ResNet-18,s1,32,-0.05841788129254433
ResNet-18,s1,33,-0.052803204105850265
ResNet-18,s1,34,-0.020121080965866733
ResNet-18,s1,35,-0.0346670174543483
ResNet-18,s1,36,-0.05353467966967862
ResNet-18,s1,37,-0.06349228946806174
ResNet-18,s1,38,-0.05155130334654301
ResNet-18,s1,39,-0.054249831722597786
ResNet-18,s1,40,-0.03794240499796098
ResNet-18,s1,41,-0.049410550710832224
ResNet-18,s1,42,-0.04134922705377719
ResNet-18,s1,43,-0.036552896975003524
ResNet-18,s1,44,-0.03914852452870643
ResNet-18,s1,45,-0.03273814828438182
ResNet-18,s1,46,-0.0634073931746908
ResNet-18,s1,47,-0.0450138563305339
ResNet-18,s1,48,-0.03302742016498095
ResNet-18,s1,49,-0.03709575127687481
ResNet-18,s1,50,-0.03598724263129904
ResNet-18,s1,51,-0.06419909532841517
ResNet-18,s1,52,-0.052329924481552936
ResNet-18,s1,53,-0.02775971062151883
ResNet-18,s1,54,-0.04806131749634868
ResNet-18,s1,55,-0.04383659225839687
ResNet-18,s1,56,-0.03768853586503251
ResNet-18,s1,57,-0.06604036170960659
ResNet-18,s1,58,-0.0331871909129654
ResNet-18,s1,59,-0.05835617815736838
ResNet-18,s1,60,-0.017732147788738217
ResNet-18,s1,61,-0.05024734393487129
ResNet-18,s1,62,-0.05006345015353919
ResNet-18,s1,63,-0.057786528731317954
ResNet-18,s1,64,-0.05642721464989797
ResNet-18,s1,65,-0.03314639241276185
ResNet-18,s1,66,-0.05284061936650264
ResNet-18,s1,67,-0.033759066996733034
ResNet-18,s1,68,-0.04538949646082158
ResNet-18,s1,69,-0.03301578288574181
ResNet-18,s1,70,-0.036188913034383874
ResNet-18,s1,71,-0.03021587267594983
ResNet-18,s1,72,-0.030351595574985568
ResNet-18,s1,73,-0.03778692533626382
ResNet-18,s1,74,-0.07759053722977494
ResNet-18,s1,75,-0.052419940865136905
ResNet-18,s1,76,-0.028770142755905503
ResNet-18,s1,77,-0.04617865347404526
ResNet-18,s1,78,-0.045752186535436556
ResNet-18,s1,79,-0.05275407335353066
ResNet-18,s1,80,-0.061861110224669
ResNet-18,s1,81,-0.05068958031942872
ResNet-18,s1,82,-0.03278291702583003
ResNet-18,s1,83,-0.07691483130615273
ResNet-18,s1,84,-0.05253266567022319
ResNet-18,s1,85,-0.05059235341623047
ResNet-18,s1,86,-0.05861630699823628
ResNet-18,s1,87,-0.05413126411119662
ResNet-18,s1,88,-0.03582307738683088
ResNet-18,s1,89,-0.04233338553959509
ResNet-18,s1,90,-0.06854454338581817
ResNet-18,s1,91,-0.03964512376941387
ResNet-18,s1,92,-0.044261054718426784
ResNet-18,s1,93,-0.030025621497407506
ResNet-18,s1,94,-0.03461510831796444
ResNet-18,s1,95,-0.035306161838683736
ResNet-18,s1,96,-0.06127800869841138
ResNet-18,s1,97,-0.04512876955865308
ResNet-18,s1,98,-0.03887374305102387
ResNet-18,s1,99,-0.04315450692080336
ResNet-18,s1,100,-0.034499750219624925
ResNet-18,s1,101,-0.05368589056601114
ResNet-18,s1,102,-0.051019007089680324
ResNet-18,s1,103,-0.049586557650679985
ResNet-18,s1,104,-0.05816476502707779
ResNet-18,s1,105,-0.05568371848475395
ResNet-18,s1,106,-0.04365780383202722
ResNet-18,s1,107,-0.054559329367432796
ResNet-18,s1,108,-0.03278853680804639
ResNet-18,s1,109,-0.053020044106185105
ResNet-18,s1,110,-0.029741978694824978
ResNet-18,s1,111,-0.06812860150668643
ResNet-18,s1,112,-0.04266648742197576
ResNet-18,s1,113,-0.03963240886931463
ResNet-18,s1,114,-0.06432028015602442
ResNet-18,s1,115,-0.01987612993887211
ResNet-18,s1,116,-0.045118426175796755
ResNet-18,s1,117,-0.03777574455131383
ResNet-18,s1,118,-0.02945738748906046
ResNet-18,s1,119,-0.029112062784440895
ResNet-18,s1,120,-0.03966449479034917
ResNet-18,s1,121,-0.07272791331135542
ResNet-18,s1,122,-0.05623657797611714
ResNet-18,s1,123,-0.05268081320178242
ResNet-18,s1,124,-0.06870189759012724
ResNet-18,s1,125,-0.04145356138316525
ResNet-18,s1,126,-0.04177357648005375
ResNet-18,s1,127,-0.03151833489338873
ResNet-18,s1,128,-0.014333070796009317
ResNet-18,s1,129,-0.07314252293019141
ResNet-18,s1,130,-0.04671980583000057
ResNet-18,s1,131,-0.06810826744359122
ResNet-18,s1,132,-0.040658757374220755
ResNet-18,s1,133,-0.03473571034631617
ResNet-18,s1,134,-0.040813234820459954
ResNet-18,s1,135,-0.038833431780930905
ResNet-18,s1,136,-0.048173053882327066
ResNet-18,s1,137,-0.02766258607594918
ResNet-18,s1,138,-0.04070533891636674
ResNet-18,s1,139,-0.04738393097774418
ResNet-18,s1,140,-0.03364648536105097
ResNet-18,s1,141,-0.03254950336188134
ResNet-18,s1,142,-0.06606016729024322
ResNet-18,s1,143,-0.021012223745243475
ResNet-18,s1,144,-0.04490630817336416
ResNet-18,s1,145,-0.042904100559023384
ResNet-18,s1,146,-0.05296671988701018
ResNet-18,s1,147,-0.05982682112483595
ResNet-18,s1,148,-0.04769851159953531
ResNet-18,s1,149,-0.03571356136254056
ResNet-18,s1,150,-0.02827035761071861
ResNet-18,s1,151,-0.039808998520555416
ResNet-18,s1,152,-0.03822541046409389
ResNet-18,s1,153,-0.025498624791549518
ResNet-18,s1,154,-0.050099565963416914
ResNet-18,s1,155,-0.04523018979688376
ResNet-18,s1,156,-0.04387238936177995
ResNet-18,s1,157,-0.05657772841603481
ResNet-18,s1,158,-0.04976455766734811
ResNet-18,s1,159,-0.03951560292338829
ResNet-18,s1,160,-0.046106323979223984
ResNet-18,s1,161,-0.05949818881519475
ResNet-18,s1,162,-0.04209511449012604
ResNet-18,s1,163,-0.06564893564830088
ResNet-18,s1,164,-0.035933245421259974
ResNet-18,s1,165,-0.04995023971590373
ResNet-18,s1,166,-0.06492901259543404
ResNet-18,s1,167,-0.0447164846647764
ResNet-18,s1,168,-0.04868322414735049
ResNet-18,s1,169,-0.0746855377138329
ResNet-18,s1,170,-0.03437034806316208
ResNet-18,s1,171,-0.00905915263946766
ResNet-18,s1,172,-0.02631976900849331
ResNet-18,s1,173,-0.036279829756702964
ResNet-18,s1,174,-0.05116583129743835
ResNet-18,s1,175,-0.022898151417801937
ResNet-18,s1,176,-0.057114263744214355
ResNet-18,s1,177,-0.030530567716685164
ResNet-18,s1,178,-0.052117941199185225
ResNet-18,s1,179,-0.04664792016638908
ResNet-18,s1,180,-0.045700849302386715
ResNet-18,s1,181,-0.050119821792325325
ResNet-18,s1,182,-0.05130487916486315
ResNet-18,s1,183,-0.024386919740567725
ResNet-18,s1,184,-0.05944270272861907
ResNet-18,s1,185,-0.052108747173302716
ResNet-18,s1,186,-0.03691399831671449
ResNet-18,s1,187,-0.0323709264345764
ResNet-18,s1,188,-0.044308889636426096
ResNet-18,s1,189,-0.020295322454189968
ResNet-18,s1,190,-0.0658669672994352
ResNet-18,s1,191,-0.0371940760215097
ResNet-18,s1,192,-0.054893332949920826
ResNet-18,s1,193,-0.026467428507628954
ResNet-18,s1,194,-0.052211933911831765
ResNet-18,s1,195,-0.044931669738591085
ResNet-18,s1,196,-0.05177083813990324
ResNet-18,s1,197,-0.034232231323366835
ResNet-18,s1,198,-0.036241970463408935
ResNet-18,s1,199,-0.029970685975751032
ResNet-18,s1,200,-0.03451204323659374
ResNet-18,s1,201,-0.03395555088105462
ResNet-18,s1,202,-0.03508498849463959
ResNet-18,s1,203,-0.0391372411442491
ResNet-18,s1,204,-0.0571698972418645
ResNet-18,s1,205,-0.06984751401108114
ResNet-18,s1,206,-0.03673626835263322
ResNet-18,s1,207,-0.0665035175741111
ResNet-18,s1,208,-0.061465366767159635
ResNet-18,s1,209,-0.05380521493083146
ResNet-18,s1,210,-0.05391864279163461
ResNet-18,s1,211,-0.040347380422558476
ResNet-18,s1,212,-0.04278176439987813
ResNet-18,s1,213,-0.04035404401222897
ResNet-18,s1,214,-0.02224166148128226
ResNet-18,s1,215,-0.04897332066585758
ResNet-18,s1,216,-0.02555328187761574
ResNet-18,s1,217,-0.03328763444233851
ResNet-18,s1,218,-0.05867575903537969
ResNet-18,s1,219,-0.044043066162579914
ResNet-18,s1,220,-0.06477845043575892
ResNet-18,s1,221,-0.04593980204882331
ResNet-18,s1,222,-0.05034176346949104
ResNet-18,s1,223,-0.030626447378877764
ResNet-18,s1,224,-0.05515507439867984
ResNet-18,s1,225,-0.0511313118781791
ResNet-18,s1,226,-0.0493241283738326
ResNet-18,s1,227,-0.04308898570549213
ResNet-18,s1,228,-0.029526719260350887
ResNet-18,s1,229,-0.04880543189387665
ResNet-18,s1,230,-0.042673314929801864
ResNet-18,s1,231,-0.03923030151428042
ResNet-18,s1,232,-0.033886914817286895
ResNet-18,s1,233,-0.019059430345320316
ResNet-18,s1,234,-0.027798215737902088
ResNet-18,s1,235,-0.06418595515139625
ResNet-18,s1,236,-0.06111410799312367
ResNet-18,s1,237,-0.054683309246254974
ResNet-18,s1,238,-0.023787867937738016
ResNet-18,s1,239,-0.04838587941317729
ResNet-18,s1,240,-0.04765723823911183
ResNet-18,s1,241,-0.04414578284200754
ResNet-18,s1,242,-0.04044799405134647
ResNet-18,s1,243,-0.03611939567522382
ResNet-18,s1,244,-0.033507373727010514
ResNet-18,s1,245,-0.04524374591465574
ResNet-18,s1,246,-0.04902498294354085
ResNet-18,s1,247,-0.03635916933121841
ResNet-18,s1,248,-0.03133343067257521
ResNet-18,s1,249,-0.05240733633006456
ResNet-18,s1,250,-0.04181618480172311
ResNet-18,s1,251,-0.04199930229537918
ResNet-18,s1,252,-0.02665312892157856
ResNet-18,s1,253,-0.043230736468852116
ResNet-18,s1,254,-0.028987043807015
ResNet-18,s1,255,-0.05654001115302043
ResNet-18,s1,256,-0.05313217312017582
ResNet-18,s1,257,-0.03206684354565292
ResNet-18,s1,258,-0.033684984027684495
ResNet-18,s1,259,-0.05033105957744766
ResNet-18,s1,260,-0.04065575592923887
ResNet-18,s1,261,-0.026954355065244684
ResNet-18,s1,262,-0.04516201101403705
ResNet-18,s1,263,-0.05411857932905906
ResNet-18,s1,264,-0.03187489006084143
ResNet-18,s1,265,-0.04650412359415401
ResNet-18,s1,266,-0.04665942782782306
ResNet-18,s1,267,-0.043407820806925956
ResNet-18,s1,268,-0.054777823373372
ResNet-18,s1,269,-0.03898905408541531
ResNet-18,s1,270,-0.05537686669512032
ResNet-18,s1,271,-0.02386428499838389
ResNet-18,s1,272,-0.05798454230739469
ResNet-18,s1,273,-0.02988198102471673
ResNet-18,s1,274,-0.04165798856462766
ResNet-18,s1,275,-0.03624268879750803
ResNet-18,s1,276,-0.034023809226279345
ResNet-18,s1,277,-0.0692509705532276
ResNet-18,s1,278,-0.024641266302040332
ResNet-18,s1,279,-0.04317503853414473
ResNet-18,s1,280,-0.056895296688539876
ResNet-18,s1,281,-0.0597902726746572
ResNet-18,s1,282,-0.04056963287532833
ResNet-18,s1,283,-0.05686523872695448
ResNet-18,s1,284,-0.05766281944935314
ResNet-18,s1,285,-0.030335931637821223
ResNet-18,s1,286,-0.033947012583040115
ResNet-18,s1,287,-0.05007322384020774
ResNet-18,s1,288,-0.03713296681329736
ResNet-18,s1,289,-0.044558199620168826
ResNet-18,s1,290,-0.03811880582524141
ResNet-18,s1,291,-0.0694845199626517
ResNet-18,s1,292,-0.0377402200904734
ResNet-18,s1,293,-0.03962112282664809
ResNet-18,s1,294,-0.05682638734759804
ResNet-18,s1,295,-0.049742452307869
ResNet-18,s1,296,-0.03079675793204073
ResNet-18,s1,297,-0.027348529825386048
ResNet-18,s1,298,-0.035137924109661545
ResNet-18,s1,299,-0.04322888678454173
ResNet-18,s1,300,-0.04481842851771578
ResNet-18,s1,301,-0.0730234929186484
ResNet-18,s1,302,-0.06398552809594249
ResNet-18,s1,303,-0.03271820843422202
ResNet-18,s1,304,-0.033144176439385165
ResNet-18,s1,305,-0.03922912042205129
ResNet-18,s1,306,-0.04237850637221707
ResNet-18,s1,307,-0.039690081449112125
ResNet-18,s1,308,-0.05781449752506973
ResNet-18,s1,309,-0.06069606802792116
ResNet-18,s1,310,-0.025690012749669644
ResNet-18,s1,311,-0.05086305371488731
ResNet-18,s1,312,-0.06436448642887438
ResNet-18,s1,313,-0.05171963867904705
ResNet-18,s1,314,-0.049919361592734024
ResNet-18,s1,315,-0.03030691893224846
ResNet-18,s1,316,-0.04413049176631201
ResNet-18,s1,317,-0.03846611915419318
ResNet-18,s1,318,-0.04130974147024735
ResNet-18,s1,319,-0.04930796521062075
ResNet-18,s1,320,-0.04152228639454725
ResNet-18,s1,321,-0.027432499029319102
ResNet-18,s1,322,-0.03298321002630211
ResNet-18,s1,323,-0.06650577086047704
ResNet-18,s1,324,-0.05386460292576922
ResNet-18,s1,325,-0.03941766832009019
ResNet-18,s1,326,-0.042811972586191294
ResNet-18,s1,327,-0.037762725171982536
ResNet-18,s1,328,-0.06268553567151247
ResNet-18,s1,329,-0.049576493131130994
ResNet-18,s1,330,-0.044300932849419716
ResNet-18,s1,331,-0.015454481227538897
ResNet-18,s1,332,-0.029107986887585757
ResNet-18,s1,333,-0.0617539454698004
ResNet-18,s1,334,-0.03609646562842739
ResNet-18,s1,335,-0.04260426165698317
ResNet-18,s1,336,-0.07670943874227443
ResNet-18,s1,337,-0.04764895031007743
ResNet-18,s1,338,-0.0645504654910034
ResNet-18,s1,339,-0.02212320532176626
ResNet-18,s1,340,-0.05149388266589061
ResNet-18,s1,341,-0.030860273553757644
ResNet-18,s1,342,-0.04513000248275012
ResNet-18,s1,343,-0.058702872350763435
ResNet-18,s1,344,-0.039624173340297775
ResNet-18,s1,345,-0.046269733516513534
ResNet-18,s1,346,-0.05536070997274056
ResNet-18,s1,347,-0.028658955064752245
ResNet-18,s1,348,-0.03512328296508338
ResNet-18,s1,349,-0.05651526291173192
ResNet-18,s1,350,-0.03351621823281814
ResNet-18,s1,351,-0.04914548769750371
ResNet-18,s1,352,-0.04865296754010595
ResNet-18,s1,353,-0.009468930945161214
ResNet-18,s1,354,-0.034117129067043006
ResNet-18,s1,355,-0.04675740275699369
ResNet-18,s1,356,-0.04687958297191008
ResNet-18,s1,357,-0.05522420537166273
ResNet-18,s1,358,-0.05212286928291443
ResNet-18,s1,359,-0.05329094863212269
ResNet-18,s1,360,-0.0530686746122071
ResNet-18,s1,361,-0.04137097478466145
ResNet-18,s1,362,-0.041314951364060715
ResNet-18,s1,363,-0.04485116044748805
ResNet-18,s1,364,-0.0410237464074239
ResNet-18,s1,365,-0.06635670990978892
ResNet-18,s1,366,-0.05587955857422533
ResNet-18,s1,367,-0.06590209527801016
ResNet-18,s1,368,-0.03986847396303794
ResNet-18,s1,369,-0.02976064706135173
ResNet-18,s1,370,-0.030432811494728873
ResNet-18,s1,371,-0.03618970242162023
ResNet-18,s1,372,-0.06170159823221866
ResNet-18,s1,373,-0.05540990500130549
ResNet-18,s1,374,-0.04382388827597683
ResNet-18,s1,375,-0.05996857640860942
ResNet-18,s1,376,-0.0465033190083497
ResNet-18,s1,377,-0.04727724309669201
ResNet-18,s1,378,-0.030561216463298235
ResNet-18,s1,379,-0.0290133195550627
ResNet-18,s1,380,-0.04425598670836606
ResNet-18,s1,381,-0.0672918308181748
ResNet-18,s1,382,-0.02440575964503988
ResNet-18,s1,383,-0.04080031568577769
ResNet-18,s1,384,-0.0561859919633394
ResNet-18,s1,385,-0.06085639663774978
ResNet-18,s1,386,-0.06511425542055893
ResNet-18,s1,387,-0.06699965633214955
ResNet-18,s1,388,-0.05756043157431878
ResNet-18,s1,389,-0.025341310038162645
ResNet-18,s1,390,-0.03982121319637
ResNet-18,s1,391,-0.03859362410110334
ResNet-18,s1,392,-0.03919595729841552
ResNet-18,s1,393,-0.04873551810270371
ResNet-18,s1,394,-0.03983098857664524
ResNet-18,s1,395,-0.05622001381082331
ResNet-18,s1,396,-0.04325790536960539
ResNet-18,s1,397,-0.05009731780516724
ResNet-18,s1,398,-0.06601260749697269
ResNet-18,s1,399,-0.04776418639719204
ResNet-18,s1,400,-0.027515682523703844
ResNet-18,s1,401,-0.0475280886452113
ResNet-18,s1,402,-0.023503255058521466
ResNet-18,s1,403,-0.07739156424949001
ResNet-18,s1,404,-0.06562914364854489
ResNet-18,s1,405,-0.04162105751772205
ResNet-18,s1,406,-0.05576069569774145
ResNet-18,s1,407,-0.058027214621800716
ResNet-18,s1,408,-0.05101123449469058
ResNet-18,s1,409,-0.05180453004852015
ResNet-18,s1,410,-0.04421215899648134
ResNet-18,s1,411,-0.05895257320016878
ResNet-18,s1,412,-0.037310154577358534
ResNet-18,s1,413,-0.04641689468899779
ResNet-18,s1,414,-0.033228110617994355
ResNet-18,s1,415,-0.06004147408578664
ResNet-18,s1,416,-0.03952110197042624
ResNet-18,s1,417,-0.047155147628044625
ResNet-18,s1,418,-0.027762958382663183
ResNet-18,s1,419,-0.04538062697183809
ResNet-18,s1,420,-0.053646466656322
ResNet-18,s1,421,-0.03524203468638498
ResNet-18,s1,422,-0.026482240377062816
ResNet-18,s1,423,-0.04360845510904332
ResNet-18,s1,424,-0.046358641619414165
ResNet-18,s1,425,-0.048603500134970834
ResNet-18,s1,426,-0.04196853207006623
ResNet-18,s1,427,-0.020991100217975123
ResNet-18,s1,428,-0.05666909101233042
ResNet-18,s1,429,-0.02623756417531209
ResNet-18,s1,430,-0.04458706289041836
ResNet-18,s1,431,-0.0440972528330712
ResNet-18,s1,432,-0.03749211582681655
ResNet-18,s1,433,-0.030584901050854096
ResNet-18,s1,434,-0.04405795656959366
ResNet-18,s1,435,-0.05072146516529907
ResNet-18,s1,436,-0.03908218156640464
ResNet-18,s1,437,-0.04884927319791732
ResNet-18,s1,438,-0.036373424522192055
ResNet-18,s1,439,-0.05054946893582046
ResNet-18,s1,440,-0.03912181723121766
ResNet-18,s1,441,-0.03582295434591354
ResNet-18,s1,442,-0.03381835062466654
ResNet-18,s1,443,-0.044235768514549134
ResNet-18,s1,444,-0.03150291855626597
ResNet-18,s1,445,-0.0487349870993542
ResNet-18,s1,446,-0.04766882476612477
ResNet-18,s1,447,-0.045305241695573706
ResNet-18,s1,448,-0.015655987686435502
ResNet-18,s1,449,-0.04329168002132322
ResNet-18,s1,450,-0.06504452468274435
ResNet-18,s1,451,-0.04798919270709234
ResNet-18,s1,452,-0.0576523000435204
ResNet-18,s1,453,-0.044107673249566104
ResNet-18,s1,454,-0.04631558846120376
ResNet-18,s1,455,-0.04578222350344274
ResNet-18,s1,456,-0.0402607574581032
ResNet-18,s1,457,-0.05405957051049892
ResNet-18,s1,458,-0.05154629441584224
ResNet-18,s1,459,-0.08663047876202146
ResNet-18,s1,460,-0.047169720852744956
ResNet-18,s1,461,-0.06947843244378116
ResNet-18,s1,462,-0.02690095885417987
ResNet-18,s1,463,-0.0735498520128619
ResNet-18,s1,464,-0.05151702221181309
ResNet-18,s1,465,-0.0498651512883026
ResNet-18,s1,466,-0.0295179715460282
ResNet-18,s1,467,-0.05109438198556138
ResNet-18,s1,468,-0.0457981412307934
ResNet-18,s1,469,-0.03846545605382434
ResNet-18,s1,470,-0.036977993198539005
ResNet-18,s1,471,-0.03048849101510931
ResNet-18,s1,472,-0.04822607307582838
ResNet-18,s1,473,-0.05453616822206686
ResNet-18,s1,474,-0.03468569783811715
ResNet-18,s1,475,-0.03989368226986523
ResNet-18,s1,476,-0.036688255718993035
ResNet-18,s1,477,-0.035816886240970236
ResNet-18,s1,478,-0.04464923240484342
ResNet-18,s1,479,-0.02956245002524216
ResNet-18,s1,480,-0.0334542416011967
ResNet-18,s1,481,-0.025045943845160457
ResNet-18,s1,482,-0.03633864385658947
ResNet-18,s1,483,-0.04446449378832584
ResNet-18,s1,484,-0.08196651423071444
ResNet-18,s1,485,-0.025696443156515203
ResNet-18,s1,486,-0.05774168601724794
ResNet-18,s1,487,-0.049492316727669405
ResNet-18,s1,488,-0.04405921360582332
ResNet-18,s1,489,-0.046435321960212605
ResNet-18,s1,490,-0.028998697999147227
ResNet-18,s1,491,-0.05150405352401688
ResNet-18,s1,492,-0.043035216469186066
ResNet-18,s1,493,-0.051555064534250405
ResNet-18,s1,494,-0.05546272693323684
ResNet-18,s1,495,-0.0753926453110153
ResNet-18,s1,496,-0.0555862605576628
ResNet-18,s1,497,-0.04424017596996832
ResNet-18,s1,498,-0.03994476326143215
ResNet-18,s1,499,-0.0496649385732183
ResNet-18,s1,500,-0.056279767418122795
ResNet-18,s1,501,-0.03714967563361482
ResNet-18,s1,502,-0.0453418505704728
ResNet-18,s1,503,-0.04524570965298458
ResNet-18,s1,504,-0.049030958445883455
ResNet-18,s1,505,-0.054262817135234176
ResNet-18,s1,506,-0.028508543288890298
ResNet-18,s1,507,-0.04369754668715509
ResNet-18,s1,508,-0.05745179504311815
ResNet-18,s1,509,-0.06223245604644734
ResNet-18,s1,510,-0.03629950180683039
ResNet-18,s1,511,-0.034945401400750975
ResNet-18,s1,512,-0.02793677926769711
ResNet-18,s1,513,-0.017929858926737374
ResNet-18,s1,514,-0.06452713601521176
ResNet-18,s1,515,-0.05303612663834967
ResNet-18,s1,516,-0.05260302320153276
ResNet-18,s1,517,-0.07185759988026752
ResNet-18,s1,518,-0.03968375310501926
ResNet-18,s1,519,-0.03161294688529093
ResNet-18,s1,520,-0.035777542586971856
ResNet-18,s1,521,-0.045538639492812116
ResNet-18,s1,522,-0.034971326846576
ResNet-18,s1,523,-0.04498840445900265
ResNet-18,s1,524,-0.05513099398208199
ResNet-18,s1,525,-0.030339916784123067
ResNet-18,s1,526,-0.02986406638170236
ResNet-18,s1,527,-0.03465597548375399
ResNet-18,s1,528,-0.039585176294472224
ResNet-18,s1,529,-0.04390014031420819
ResNet-18,s1,530,-0.03325160737971411
ResNet-18,s1,531,-0.047722708809283976
ResNet-18,s1,532,-0.05027282114645837
ResNet-18,s1,533,-0.06281502465792133
ResNet-18,s1,534,-0.03268112283366709
ResNet-18,s1,535,-0.08217335844801954
ResNet-18,s1,536,-0.0542878035447687
ResNet-18,s1,537,-0.04112183244946099
ResNet-18,s1,538,-0.05342804186605321
ResNet-18,s1,539,-0.03842380264947143
ResNet-18,s1,540,-0.04892982041414784
ResNet-18,s1,541,-0.057017626797631116
ResNet-18,s1,542,-0.027189747966930744
ResNet-18,s1,543,-0.05268827576230084
ResNet-18,s1,544,-0.052249635213498125
ResNet-18,s1,545,-0.06845977529517855
ResNet-18,s1,546,-0.025110310272311254
ResNet-18,s1,547,-0.045180017597210576
ResNet-18,s1,548,-0.04853916784146661
ResNet-18,s1,549,-0.0472922913967222
ResNet-18,s1,550,-0.04154193766388914
ResNet-18,s1,551,-0.027487569884375063
ResNet-18,s1,552,-0.04744925564700442
ResNet-18,s1,553,-0.05935203514561527
ResNet-18,s1,554,-0.05081688692549091
ResNet-18,s1,555,-0.05248307507644201
ResNet-18,s1,556,-0.04366740285700865
ResNet-18,s1,557,-0.060854773561913156
ResNet-18,s1,558,-0.03479245866539882
ResNet-18,s1,559,-0.03393506541346669
ResNet-18,s1,560,-0.0539897917862715
ResNet-18,s1,561,-0.0516996357691385
ResNet-18,s1,562,-0.02374631538670502
ResNet-18,s1,563,-0.059298030053640094
ResNet-18,s1,564,-0.05800768480624674
ResNet-18,s1,565,-0.06244146877066015
ResNet-18,s1,566,-0.04098290935754478
ResNet-18,s1,567,-0.03289910548033359
ResNet-18,s1,568,-0.05321652764071838
ResNet-18,s1,569,-0.06431343824049518
ResNet-18,s1,570,-0.04992787925533482
ResNet-18,s1,571,-0.05948802462308567
ResNet-18,s1,572,-0.02443906576239796
ResNet-18,s1,573,-0.05816349173943991
ResNet-18,s1,574,-0.03962688756284849
ResNet-18,s1,575,-0.040497066543595306
ResNet-18,s1,576,-0.03760138748864228
ResNet-18,s1,577,-0.06850059563289079
ResNet-18,s1,578,-0.03536799038194316
ResNet-18,s1,579,-0.033791944884603575
ResNet-18,s1,580,-0.0260030931085945
ResNet-18,s1,581,-0.05515709242413036
ResNet-18,s1,582,-0.035295356924619825
ResNet-18,s1,583,-0.019214874870833842
ResNet-18,s1,584,-0.02410582439849418
ResNet-18,s1,585,-0.051958710242041795
ResNet-18,s1,586,-0.05803144464993015
ResNet-18,s1,587,-0.054927626470708146
ResNet-18,s1,588,-0.02898461888494508
ResNet-18,s1,589,-0.04844766154405411
ResNet-18,s1,590,-0.052658364328243
ResNet-18,s1,591,-0.04097087362648233
ResNet-18,s1,592,-0.0591817429925362
ResNet-18,s1,593,-0.030904297361861843
ResNet-18,s1,594,-0.03970120137928568
ResNet-18,s1,595,-0.05379520495588197
ResNet-18,s1,596,-0.04423551877817855
ResNet-18,s1,597,-0.06175569737834552
ResNet-18,s1,598,-0.0460534885861591
ResNet-18,s1,599,-0.041977110696982844
ResNet-18,s1,600,-0.026376830958120934
ResNet-18,s1,601,-0.042507678040277885
ResNet-18,s1,602,-0.045006672552130644
ResNet-18,s1,603,-0.04813351298456048
ResNet-18,s1,604,-0.037724445537053564
ResNet-18,s1,605,-0.06273684266649038
ResNet-18,s1,606,-0.03519001840502145
ResNet-18,s1,607,-0.03882969361583544
ResNet-18,s1,608,-0.030718855787955968
ResNet-18,s1,609,-0.04331434139932255
ResNet-18,s1,610,-0.03111699025202097
ResNet-18,s1,611,-0.05104853591806202
ResNet-18,s1,612,-0.030307615149790412
ResNet-18,s1,613,-0.05015066021804626
ResNet-18,s1,614,-0.053217799526942056
ResNet-18,s1,615,-0.041411507986955476
ResNet-18,s1,616,-0.03471348550896314
ResNet-18,s1,617,-0.045457324346302896
ResNet-18,s1,618,-0.04682286201556929
ResNet-18,s1,619,-0.03556013256092139
ResNet-18,s1,620,-0.03448764310464225
ResNet-18,s1,621,-0.02453898609600136
ResNet-18,s1,622,-0.051273650280880934
ResNet-18,s1,623,-0.016208056226901024
ResNet-18,s1,624,-0.04203598278616316
ResNet-18,s1,625,-0.04700457835528582
ResNet-18,s1,626,-0.0361979453304363
ResNet-18,s1,627,-0.03014274183212884
ResNet-18,s1,628,-0.0320078302582798
ResNet-18,s1,629,-0.04294896322074404
ResNet-18,s1,630,-0.055197140744336126
ResNet-18,s1,631,-0.055085950766674996
ResNet-18,s1,632,-0.031014144923052323
ResNet-18,s1,633,-0.06450184574155582
ResNet-18,s1,634,-0.04035812434311936
ResNet-18,s1,635,-0.04509227636302082
ResNet-18,s1,636,-0.056704454093543744
ResNet-18,s1,637,-0.018270021281847626
ResNet-18,s1,638,-0.06431832733922771
ResNet-18,s1,639,-0.03996975536613545
ResNet-18,s1,640,-0.044317391106210136
ResNet-18,s1,641,-0.03662723148026403
ResNet-18,s1,642,-0.03933998303081909
ResNet-18,s1,643,-0.048503238187708964
ResNet-18,s1,644,-0.04308141560936973
ResNet-18,s1,645,-0.038093382805787446
ResNet-18,s1,646,-0.035749955610768436
ResNet-18,s1,647,-0.07203120693977094
ResNet-18,s1,648,-0.044134366720248064
ResNet-18,s1,649,-0.03465491221760919
ResNet-18,s1,650,-0.030769789547971493
ResNet-18,s1,651,-0.026307347394040614
ResNet-18,s1,652,-0.055785504806784125
ResNet-18,s1,653,-0.06710019143286117
ResNet-18,s1,654,-0.03934330699194444
ResNet-18,s1,655,-0.04889245956950505
ResNet-18,s1,656,-0.053072652914268326
ResNet-18,s1,657,-0.027773180004034614
ResNet-18,s1,658,-0.05935603682023083
ResNet-18,s1,659,-0.044308127518691176
ResNet-18,s1,660,-0.051561681108472035
ResNet-18,s1,661,-0.040643545093676625
ResNet-18,s1,662,-0.024710225387261087
ResNet-18,s1,663,-0.033013666775168704
ResNet-18,s1,664,-0.04484185205589464
ResNet-18,s1,665,-0.051644172053897375
ResNet-18,s1,666,-0.04504532775609604
ResNet-18,s1,667,-0.03289845663680446
ResNet-18,s1,668,-0.058433821818103304
ResNet-18,s1,669,-0.03723260717838317
ResNet-18,s1,670,-0.041651367158908714
ResNet-18,s1,671,-0.04130698862063997
ResNet-18,s1,672,-0.022062634656353164
ResNet-18,s1,673,-0.042107462703465326
ResNet-18,s1,674,-0.039196245157305576
ResNet-18,s1,675,-0.028183808871284577
ResNet-18,s1,676,-0.04562499736668024
ResNet-18,s1,677,-0.0532813325891911
ResNet-18,s1,678,-0.06150706562930597
ResNet-18,s1,679,-0.023146872118632977
ResNet-18,s1,680,-0.04281050013255383
ResNet-18,s1,681,-0.034704929777545246
ResNet-18,s1,682,-0.04889485406768712
ResNet-18,s1,683,-0.02924717390478415
ResNet-18,s1,684,-0.03384455385123908
ResNet-18,s1,685,-0.04693842406894111
ResNet-18,s1,686,-0.040750688483410014
ResNet-18,s1,687,-0.04352298378607011
ResNet-18,s1,688,-0.05485610126335694
ResNet-18,s1,689,-0.02481611921503679
ResNet-18,s1,690,-0.03931757877895903
ResNet-18,s1,691,-0.03813059638355154
ResNet-18,s1,692,-0.03496955845369987
ResNet-18,s1,693,-0.03310773607893769
ResNet-18,s1,694,-0.06744344187803941
ResNet-18,s1,695,-0.037728754226401096
ResNet-18,s1,696,-0.053327558022773
ResNet-18,s1,697,-0.05948237040460669
ResNet-18,s1,698,-0.03758154579055961
ResNet-18,s1,699,-0.04923456133380222
ResNet-18,s1,700,-0.0405741283479486
ResNet-18,s1,701,-0.04445304740420153
ResNet-18,s1,702,-0.045582969694506925
ResNet-18,s1,703,-0.03930716763492981
ResNet-18,s1,704,-0.05283575524268991
ResNet-18,s1,705,-0.025966874592342704
ResNet-18,s1,706,-0.051027831424786174
ResNet-18,s1,707,-0.04809174122357418
ResNet-18,s1,708,-0.07182647064773895
ResNet-18,s1,709,-0.053645184286902015
ResNet-18,s1,710,0.001486530364402494
ResNet-18,s1,711,-0.04823261715743643
ResNet-18,s1,712,-0.057265520844927975
ResNet-18,s1,713,-0.043625501535043965
ResNet-18,s1,714,-0.029071180811082953
ResNet-18,s1,715,-0.03636877096202751
ResNet-18,s1,716,-0.030270244381118916
ResNet-18,s1,717,-0.04517751839817419
ResNet-18,s1,718,-0.0348199920587835
ResNet-18,s1,719,-0.025770288501704486
ResNet-18,s1,720,-0.0519650887904789
ResNet-18,s1,721,-0.0501576619663926
ResNet-18,s1,722,-0.06358867213110442
ResNet-18,s1,723,-0.018378320566726503
ResNet-18,s1,724,-0.04144976114825871
ResNet-18,s1,725,-0.04634801064710259
ResNet-18,s1,726,-0.04105494074859384
ResNet-18,s1,727,-0.0519945899384896
ResNet-18,s1,728,-0.037822391284951795
ResNet-18,s1,729,-0.0709357679752074
ResNet-18,s1,730,-0.0342799476458191
ResNet-18,s1,731,-0.06158731827186914
ResNet-18,s1,732,-0.01300821112940942
ResNet-18,s1,733,-0.04027937917873836
ResNet-18,s1,734,-0.06218275049386357
ResNet-18,s1,735,-0.04184778009476775
ResNet-18,s1,736,-0.05089902077954955
ResNet-18,s1,737,-0.024683700995651536
ResNet-18,s1,738,-0.058426652636175413
ResNet-18,s1,739,-0.03267918347383969
ResNet-18,s1,740,-0.035518814430246404
ResNet-18,s1,741,-0.05073258279118642
ResNet-18,s1,742,-0.04956076404626386
ResNet-18,s1,743,-0.06259779145111899
ResNet-18,s1,744,-0.05459439464762861
ResNet-18,s1,745,-0.0663682174117316
ResNet-18,s1,746,-0.044855029002971336
ResNet-18,s1,747,-0.060915784680677376
ResNet-18,s1,748,-0.053471702176288716
ResNet-18,s1,749,-0.045170906679294465
ResNet-18,s1,750,-0.0413517936979938
ResNet-18,s1,751,-0.03744082894710765
ResNet-18,s1,752,-0.08079088427674175
ResNet-18,s1,753,-0.04591382656814058
ResNet-18,s1,754,-0.03505621391834235
ResNet-18,s1,755,-0.0383418006740337
ResNet-18,s1,756,-0.061993116743672805
ResNet-18,s1,757,-0.0610714797431583
ResNet-18,s1,758,-0.05356126657353455
ResNet-18,s1,759,-0.048556570879444316
ResNet-18,s1,760,-0.029824403259013144
ResNet-18,s1,761,-0.01852885630118739
ResNet-18,s1,762,-0.04063784152726957
ResNet-18,s1,763,-0.03847706342165025
ResNet-18,s1,764,-0.059804754960690154
ResNet-18,s1,765,-0.05451700234098278
ResNet-18,s1,766,-0.040871698047014404
ResNet-18,s1,767,-0.0549446338268329
ResNet-18,s1,768,-0.04457228735690366
ResNet-18,s1,769,-0.020272093533772906
ResNet-18,s1,770,-0.024892175786596415
ResNet-18,s1,771,-0.00816803403280919
ResNet-18,s1,772,-0.03410599476051257
ResNet-18,s1,773,-0.04920312926384618
ResNet-18,s1,774,-0.04893710798391637
ResNet-18,s1,775,-0.06931351531947227
ResNet-18,s1,776,-0.03523969876632793
ResNet-18,s1,777,-0.057768499963544606
ResNet-18,s1,778,-0.021067819816508626
ResNet-18,s1,779,-0.031023954451090963
ResNet-18,s1,780,-0.08858991575212871
ResNet-18,s1,781,-0.02968226838963295
ResNet-18,s1,782,-0.02651002090013077
ResNet-18,s1,783,-0.014505079645908192
ResNet-18,s1,784,-0.05882476515637136
ResNet-18,s1,785,-0.04391530277398625
ResNet-18,s1,786,-0.031382496551539574
ResNet-18,s1,787,-0.05661684000397804
ResNet-18,s1,788,-0.043075138584907635
ResNet-18,s1,789,-0.03779444084747541
ResNet-18,s1,790,-0.05289779697135255
ResNet-18,s1,791,-0.05436697476565322
ResNet-18,s1,792,-0.008831025544511206
ResNet-18,s1,793,-0.04474081685880482
ResNet-18,s1,794,-0.033619027314607974
ResNet-18,s1,795,-0.04627827727521994
ResNet-18,s1,796,-0.02312260981063452
ResNet-18,s1,797,-0.03678230169670216
ResNet-18,s1,798,-0.03776137215063413
ResNet-18,s1,799,-0.03986553402538373
ResNet-18,s1,800,-0.03862929595706954
ResNet-18,s1,801,-0.04376091097788248
ResNet-18,s1,802,-0.06389821844180565
ResNet-18,s1,803,-0.06839213854563364
ResNet-18,s1,804,-0.04090544817396613
ResNet-18,s1,805,-0.05835854148038866
ResNet-18,s1,806,-0.053805532694928604
ResNet-18,s1,807,-0.05609551034148319
ResNet-18,s1,808,-0.01402344391422572
ResNet-18,s1,809,-0.058405875283622954
ResNet-18,s1,810,-0.05828623617416184
ResNet-18,s1,811,-0.015883806956143
ResNet-18,s1,812,-0.06285756117569452
ResNet-18,s1,813,-0.05382198590068088
ResNet-18,s1,814,-0.04669200868634338
ResNet-18,s1,815,-0.05947578902652206
ResNet-18,s1,816,-0.04525815726087745
ResNet-18,s1,817,-0.05767814725677711
ResNet-18,s1,818,-0.05018624946818395
ResNet-18,s1,819,-0.043555203354231686
ResNet-18,s1,820,-0.04159931533832251
ResNet-18,s1,821,-0.06824673097885448
ResNet-18,s1,822,-0.03046457609563602
ResNet-18,s1,823,-0.03761587400494815
ResNet-18,s1,824,-0.03807657041365009
ResNet-18,s1,825,-0.02155014595328908
ResNet-18,s1,826,-0.01102853028462103
ResNet-18,s1,827,-0.03750280482309187
ResNet-18,s1,828,-0.04947193608607203
ResNet-18,s1,829,-0.05125406180124903
ResNet-18,s1,830,-0.036551024236647245
ResNet-18,s1,831,-0.049848295695939626
ResNet-18,s1,832,-0.03489719990103313
ResNet-18,s1,833,-0.03412429975359743
ResNet-18,s1,834,-0.04292919687523222
ResNet-18,s1,835,-0.03817016983384347
ResNet-18,s1,836,-0.05719928439535438
ResNet-18,s1,837,-0.04771679969898235
ResNet-18,s1,838,-0.03059199469049334
ResNet-18,s1,839,-0.03240526734684912
ResNet-18,s1,840,-0.02647480883345199
ResNet-18,s1,841,-0.05172146690534374
ResNet-18,s1,842,-0.048323194629484756
ResNet-18,s1,843,-0.051469845279654924
ResNet-18,s1,844,-0.05359280314034742
ResNet-18,s1,845,-0.04475734891200789
ResNet-18,s1,846,-0.04771498006579189
ResNet-18,s1,847,-0.035338474078398185
ResNet-18,s1,848,-0.0739763209405847
ResNet-18,s1,849,-0.05301686254036564
ResNet-18,s1,850,-0.020898358897007197
ResNet-18,s1,851,-0.05059100261518823
ResNet-18,s1,852,-0.05331151667902656
ResNet-18,s1,853,-0.05429786062198416
ResNet-18,s1,854,-0.028541745645402017
ResNet-18,s1,855,-0.02264710991484875
ResNet-18,s1,856,-0.049564377860846665
ResNet-18,s1,857,-0.05155188550736023
ResNet-18,s1,858,-0.05017737982532122
ResNet-18,s1,859,-0.04786393343902884
ResNet-18,s1,860,-0.06388178939503963
ResNet-18,s1,861,-0.0046497864991938975
ResNet-18,s1,862,-0.04264495440602112
ResNet-18,s1,863,-0.02915815676883693
ResNet-18,s1,864,-0.0387970171144556
ResNet-18,s1,865,-0.056632502727943845
ResNet-18,s1,866,-0.04761287051249763
ResNet-18,s1,867,-0.03723580005735505
ResNet-18,s1,868,-0.04346206154010557
ResNet-18,s1,869,-0.03837779441410816
ResNet-18,s1,870,-0.03522336294337369
ResNet-18,s1,871,-0.04589646004403647
ResNet-18,s1,872,-0.03786475336181194
ResNet-18,s1,873,-0.04044983420658521
ResNet-18,s1,874,-0.04850688116218349
ResNet-18,s1,875,-0.030840841718538403
ResNet-18,s1,876,-0.0572673496238808
ResNet-18,s1,877,-0.05964082342783317
ResNet-18,s1,878,-0.044329946308772405
ResNet-18,s1,879,-0.03973783017567989
ResNet-18,s1,880,-0.04022076922582829
ResNet-18,s1,881,-0.061581740289725406
ResNet-18,s1,882,-0.07452539405544423
ResNet-18,s1,883,-0.054913478235031676
ResNet-18,s1,884,-0.039153336923940296
ResNet-18,s1,885,-0.05219803633561715
ResNet-18,s1,886,-0.05475272162813183
ResNet-18,s1,887,-0.041938025826325775
ResNet-18,s1,888,-0.034622319556737
ResNet-18,s1,889,-0.024253317317643575
ResNet-18,s1,890,-0.049372408483027375
ResNet-18,s1,891,-0.04941454267299583
ResNet-18,s1,892,-0.04034314884006751
ResNet-18,s1,893,-0.04767231196654398
ResNet-18,s1,894,-0.031641622246012635
ResNet-18,s1,895,-0.040314732271443665
ResNet-18,s1,896,-0.040306414863395146
ResNet-18,s1,897,-0.06846618420694306
ResNet-18,s1,898,-0.023374722473494258
ResNet-18,s1,899,-0.04315767347185129
ResNet-18,s1,900,-0.04375645037972076
ResNet-18,s1,901,-0.03768527667873678
ResNet-18,s1,902,-0.04323980397241811
ResNet-18,s1,903,-0.04493113310326846
ResNet-18,s1,904,-0.05430111017852224
ResNet-18,s1,905,-0.07218382877260077
ResNet-18,s1,906,-0.043057118279058004
ResNet-18,s1,907,-0.04873328855391934
ResNet-18,s1,908,-0.04225029401886915
ResNet-18,s1,909,-0.05288396433630005
ResNet-18,s1,910,-0.03682780154783172
ResNet-18,s1,911,-0.06499078640727263
ResNet-18,s1,912,-0.03266684379992624
ResNet-18,s1,913,-0.04408366754275039
ResNet-18,s1,914,-0.029033960418925808
ResNet-18,s1,915,-0.04855862109381914
ResNet-18,s1,916,-0.026198656834022782
ResNet-18,s1,917,-0.04749311710797188
ResNet-18,s1,918,-0.04884824945943522
ResNet-18,s1,919,-0.04201430818195129
ResNet-18,s1,920,-0.0633617724676655
ResNet-18,s1,921,-0.050368351532918854
ResNet-18,s1,922,-0.028007080823815755
ResNet-18,s1,923,-0.05727287097881628
ResNet-18,s1,924,-0.039031374971048916
ResNet-18,s1,925,-0.022239250021898416
ResNet-18,s1,926,-0.034017928637864236
ResNet-18,s1,927,-0.03599185556107343
ResNet-18,s1,928,-0.04558244347805762
ResNet-18,s1,929,-0.033393260618992615
ResNet-18,s1,930,-0.052808819385674055
ResNet-18,s1,931,-0.043084597153016935
ResNet-18,s1,932,-0.03938885403982806
ResNet-18,s1,933,-0.049250642510493825
ResNet-18,s1,934,-0.04775452631190591
ResNet-18,s1,935,-0.0334985000094189
ResNet-18,s1,936,-0.03803729100614728
ResNet-18,s1,937,-0.0633486085657341
ResNet-18,s1,938,-0.03642442945236091
ResNet-18,s1,939,-0.052746819915433396
ResNet-18,s1,940,-0.0438928910773404
ResNet-18,s1,941,-0.04284788634035319
ResNet-18,s1,942,-0.03262925837914121
ResNet-18,s1,943,-0.05453431331585268
ResNet-18,s1,944,-0.06367142455077124
ResNet-18,s1,945,-0.041571152873039696
ResNet-18,s1,946,-0.02956693006228961
ResNet-18,s1,947,-0.05850381526867865
ResNet-18,s1,948,-0.06988816465874892
ResNet-18,s1,949,-0.05325853008677761
ResNet-18,s1,950,-0.03667618137126538
ResNet-18,s1,951,-0.02379214663625895
ResNet-18,s1,952,-0.04806443938635119
ResNet-18,s1,953,-0.049205110018501586
ResNet-18,s1,954,-0.04196661721322059
ResNet-18,s1,955,-0.047427118291218706
ResNet-18,s1,956,-0.036520197993795134
ResNet-18,s1,957,-0.057661972091200275
ResNet-18,s1,958,-0.051603596987464306
ResNet-18,s1,959,-0.04698498362623893
ResNet-18,s1,960,-0.04892756340639537
ResNet-18,s1,961,-0.0613608733462816
ResNet-18,s1,962,-0.06310649180380867
ResNet-18,s1,963,-0.06215262415799061
ResNet-18,s1,964,-0.033743621749136476
ResNet-18,s1,965,-0.057003302881858064
ResNet-18,s1,966,-0.029128396377646304
ResNet-18,s1,967,-0.05645918180309395
ResNet-18,s1,968,-0.036198590309230005
ResNet-18,s1,969,-0.046231320617021954
ResNet-18,s1,970,-0.03732454792589468
ResNet-18,s1,971,-0.0471771432400202
ResNet-18,s1,972,-0.06625405379040972
ResNet-18,s1,973,-0.07551758364042249
ResNet-18,s1,974,-0.035865707639261224
ResNet-18,s1,975,-0.047344993119513124
ResNet-18,s1,976,-0.06419040627149308
ResNet-18,s1,977,-0.04691028540866349
ResNet-18,s1,978,-0.06343743793375567
ResNet-18,s1,979,-0.028476913380078406
ResNet-18,s1,980,-0.04915997613237544
ResNet-18,s1,981,-0.05012884351638591
ResNet-18,s1,982,-0.04039929279827814
ResNet-18,s1,983,-0.050472569275337054
ResNet-18,s1,984,-0.037206536862601114
ResNet-18,s1,985,-0.040450917803498854
ResNet-18,s1,986,-0.03403774378251978
ResNet-18,s1,987,-0.04253460349570137
ResNet-18,s1,988,-0.04473940179449831
ResNet-18,s1,989,-0.04308868814113065
ResNet-18,s1,990,-0.03059660644994522
ResNet-18,s1,991,-0.0354231772400917
ResNet-18,s1,992,-0.05388987445631921
ResNet-18,s1,993,-0.04434339051314928
ResNet-18,s1,994,-0.06446236365056024
ResNet-18,s1,995,-0.039832101843352063
ResNet-18,s1,996,-0.053336877652338854
ResNet-18,s1,997,-0.03645239707303394
ResNet-18,s1,998,-0.05049070472766859
ResNet-18,s1,999,-0.02441753402374247
ResNet-18,s2,0,0.1531044325306119
ResNet-18,s2,1,0.13087194609894537
ResNet-18,s2,2,0.07388223264145488
ResNet-18,s2,3,0.11201197450574851
ResNet-18,s2,4,0.10119553764380806
ResNet-18,s2,5,0.10473332594529117
ResNet-18,s2,6,0.06503622202865511
ResNet-18,s2,7,0.06666299859284464
ResNet-18,s2,8,0.14438280134772818
ResNet-18,s2,9,0.06356529077477313
ResNet-18,s2,10,0.1060707343478009
ResNet-18,s2,11,0.09359479150028593
ResNet-18,s2,12,0.08204899050951653
ResNet-18,s2,13,0.06778800373929994
ResNet-18,s2,14,0.0824227855015972
ResNet-18,s2,15,0.05628855733935367
ResNet-18,s2,16,0.07287096655734304
ResNet-18,s2,17,0.11285566438266581
ResNet-18,s2,18,0.07584211704919819
ResNet-18,s2,19,0.0847377264678113
ResNet-18,s2,20,0.09520083396206502
ResNet-18,s2,21,0.05335372632458091
ResNet-18,s2,22,0.07790138523087142
ResNet-18,s2,23,0.1121432895010036
ResNet-18,s2,24,0.10903182704304959
ResNet-18,s2,25,0.11294848361436982
ResNet-18,s2,26,0.08544468930609839
ResNet-18,s2,27,0.0701486061486345
ResNet-18,s2,28,0.05697660059647014
ResNet-18,s2,29,0.1083360357087082
ResNet-18,s2,30,0.1251357975679399
ResNet-18,s2,31,0.06812128175175525
ResNet-18,s2,32,0.08360684296492538
ResNet-18,s2,33,0.09675790770083315
ResNet-18,s2,34,0.12216384229656785
ResNet-18,s2,35,0.10150913842453824
ResNet-18,s2,36,0.06879685501566901
ResNet-18,s2,37,0.059114641039058946
ResNet-18,s2,38,0.08002648808274548
ResNet-18,s2,39,0.1377076114440281
ResNet-18,s2,40,0.13070430076663286
ResNet-18,s2,41,0.047771759268194325
ResNet-18,s2,42,0.07903897444515329
ResNet-18,s2,43,0.1095472812938556
ResNet-18,s2,44,0.06046820801120234
ResNet-18,s2,45,0.115185207366574
ResNet-18,s2,46,0.06303724811571187
ResNet-18,s2,47,0.07483453782123028
ResNet-18,s2,48,0.0848149169497634
ResNet-18,s2,49,0.09872106618658905
ResNet-18,s2,50,0.12426447787287642
ResNet-18,s2,51,0.05305604889344273
ResNet-18,s2,52,0.08361327348806491
ResNet-18,s2,53,0.08459010983305304
ResNet-18,s2,54,0.12286647706139553
ResNet-18,s2,55,0.08888317153812353
ResNet-18,s2,56,0.09075152087532057
ResNet-18,s2,57,0.10526085117321715
ResNet-18,s2,58,0.1010877322286845
ResNet-18,s2,59,0.04632541534333279
ResNet-18,s2,60,0.14614614085409727
ResNet-18,s2,61,0.0957166246164477
ResNet-18,s2,62,0.12983918292457353
ResNet-18,s2,63,0.08422806403878547
ResNet-18,s2,64,0.09824652387993371
ResNet-18,s2,65,0.0868454980516552
ResNet-18,s2,66,0.06363425077197116
ResNet-18,s2,67,0.07392139835857847
ResNet-18,s2,68,0.09316120134509942
ResNet-18,s2,69,0.09419026724714308
ResNet-18,s2,70,0.11023465696449108
ResNet-18,s2,71,0.054961128488305144
ResNet-18,s2,72,0.10683507637143641
ResNet-18,s2,73,0.08519351391462171
ResNet-18,s2,74,0.08804555750235177
ResNet-18,s2,75,0.06623632341738606
ResNet-18,s2,76,0.1076173303437532
ResNet-18,s2,77,0.057726381821938344
ResNet-18,s2,78,0.06052839361625639
ResNet-18,s2,79,0.12780129081236447
ResNet-18,s2,80,0.05428886885055628
ResNet-18,s2,81,0.13699995702679313
ResNet-18,s2,82,0.05981335478316596
ResNet-18,s2,83,0.1195170045948808
ResNet-18,s2,84,0.07540341089508762
ResNet-18,s2,85,0.07331067412779124
ResNet-18,s2,86,0.08386776598979084
ResNet-18,s2,87,0.06144435821529193
ResNet-18,s2,88,0.13436616203632412
ResNet-18,s2,89,0.07644894855399076
ResNet-18,s2,90,0.10334287108891016
ResNet-18,s2,91,0.11049758007991095
ResNet-18,s2,92,0.051758390486363104
ResNet-18,s2,93,0.09221037180595837
ResNet-18,s2,94,0.07509675085395928
ResNet-18,s2,95,0.14413061990753395
ResNet-18,s2,96,0.06916231825736019
ResNet-18,s2,97,0.09781344448274998
ResNet-18,s2,98,0.0690727352611108
ResNet-18,s2,99,0.06556789976423394
ResNet-18,s2,100,0.06551859759880008
ResNet-18,s2,101,0.07188225399258019
ResNet-18,s2,102,0.07929647985502863
ResNet-18,s2,103,0.11351114699219167
ResNet-18,s2,104,0.08715304102042376
ResNet-18,s2,105,0.08859002303615093
ResNet-18,s2,106,0.08536553335357266
ResNet-18,s2,107,0.04713460815386217
ResNet-18,s2,108,0.07160041313775589
ResNet-18,s2,109,0.09811504427461393
ResNet-18,s2,110,0.08150027303499174
ResNet-18,s2,111,0.06637620680820988
ResNet-18,s2,112,0.08252419216995166
ResNet-18,s2,113,0.1486387513636208
ResNet-18,s2,114,0.054754430145794175
ResNet-18,s2,115,0.06412959651534955
ResNet-18,s2,116,0.057799645602069294
ResNet-18,s2,117,0.06464537174094576
ResNet-18,s2,118,0.08802416140244496
ResNet-18,s2,119,0.06320651435570401
ResNet-18,s2,120,0.07154377118922728
ResNet-18,s2,121,0.08515519227007973
ResNet-18,s2,122,0.13449750597274068
ResNet-18,s2,123,0.060777230965005646
ResNet-18,s2,124,0.06771125994263782
ResNet-18,s2,125,0.1135814069781852
ResNet-18,s2,126,0.05976064062312991
ResNet-18,s2,127,0.09364202059439086
ResNet-18,s2,128,0.07025823923971708
ResNet-18,s2,129,0.08797701730814089
ResNet-18,s2,130,0.06478717461258598
ResNet-18,s2,131,0.07482404490483985
ResNet-18,s2,132,0.07183677553731338
ResNet-18,s2,133,0.10848878236416515
ResNet-18,s2,134,0.12445193464760274
ResNet-18,s2,135,0.05503434206106639
ResNet-18,s2,136,0.08988892355834843
ResNet-18,s2,137,0.1693542957459494
ResNet-18,s2,138,0.06413547903252848
ResNet-18,s2,139,0.09118158479899297
ResNet-18,s2,140,0.07911366859030666
ResNet-18,s2,141,0.061255295265834064
ResNet-18,s2,142,0.050063938894060134
ResNet-18,s2,143,0.12249913619039232
ResNet-18,s2,144,0.10880425407413852
ResNet-18,s2,145,0.12476535775530206
ResNet-18,s2,146,0.1081747858110873
ResNet-18,s2,147,0.08013116434240453
ResNet-18,s2,148,0.12476845284635152
ResNet-18,s2,149,0.06055188798974087
ResNet-18,s2,150,0.08117919756096947
ResNet-18,s2,151,0.06286551262734064
ResNet-18,s2,152,0.08198730507624608
ResNet-18,s2,153,0.060119140110136304
ResNet-18,s2,154,0.08334914701253082
ResNet-18,s2,155,0.06615593723027047
ResNet-18,s2,156,0.06576034748581261
ResNet-18,s2,157,0.07503257507147831
ResNet-18,s2,158,0.12152228869768089
ResNet-18,s2,159,0.07682627655401053
ResNet-18,s2,160,0.06442457494128506
ResNet-18,s2,161,0.0584038151563816
ResNet-18,s2,162,0.14672102138426057
ResNet-18,s2,163,0.08253421822606255
ResNet-18,s2,164,0.054494430651868764
ResNet-18,s2,165,0.08944809084069527
ResNet-18,s2,166,0.0802404704716091
ResNet-18,s2,167,0.06243174545168395
ResNet-18,s2,168,0.09081440166005472
ResNet-18,s2,169,0.07877699126549254
ResNet-18,s2,170,0.0899116158462151
ResNet-18,s2,171,0.08495388243206192
ResNet-18,s2,172,0.05745902651235879
ResNet-18,s2,173,0.10705029692199297
ResNet-18,s2,174,0.08653786819788256
ResNet-18,s2,175,0.11375181872766205
ResNet-18,s2,176,0.102964291313828
ResNet-18,s2,177,0.07359542100269945
ResNet-18,s2,178,0.059197072058144395
ResNet-18,s2,179,0.18853245404476904
ResNet-18,s2,180,0.062406098762986306
ResNet-18,s2,181,0.0673353107929674
ResNet-18,s2,182,0.05097975483586936
ResNet-18,s2,183,0.08917010649028101
ResNet-18,s2,184,0.0628537648605646
ResNet-18,s2,185,0.0779166914834849
ResNet-18,s2,186,0.07144734861264057
ResNet-18,s2,187,0.09795699299030414
ResNet-18,s2,188,0.07109744641977411
ResNet-18,s2,189,0.09518465971224266
ResNet-18,s2,190,0.08718727289218042
ResNet-18,s2,191,0.14866236243548292
ResNet-18,s2,192,0.07689381203587597
ResNet-18,s2,193,0.08904041039813815
ResNet-18,s2,194,0.12316414098898343
ResNet-18,s2,195,0.07192893320913363
ResNet-18,s2,196,0.10565778902075551
ResNet-18,s2,197,0.10005983231493931
ResNet-18,s2,198,0.09489695243330065
ResNet-18,s2,199,0.06297070377210368
ResNet-18,s2,200,0.14053824353124156
ResNet-18,s2,201,0.0798461129682192
ResNet-18,s2,202,0.08018661459463161
ResNet-18,s2,203,0.06574845220843395
ResNet-18,s2,204,0.0699788431381052
ResNet-18,s2,205,0.08153478346780019
ResNet-18,s2,206,0.08168253023873018
ResNet-18,s2,207,0.05939086337801336
ResNet-18,s2,208,0.08521051886701958
ResNet-18,s2,209,0.084092805187435
ResNet-18,s2,210,0.07577681849658713
ResNet-18,s2,211,0.05873561343204836
ResNet-18,s2,212,0.11245228627680759
ResNet-18,s2,213,0.13722720319009718
ResNet-18,s2,214,0.0779085166394109
ResNet-18,s2,215,0.12460538310145108
ResNet-18,s2,216,0.12463296361070009
ResNet-18,s2,217,0.10719268943157423
ResNet-18,s2,218,0.06963835020690579
ResNet-18,s2,219,0.09663476028442375
ResNet-18,s2,220,0.05395332169292155
ResNet-18,s2,221,0.062117566705150784
ResNet-18,s2,222,0.10055850704501434
ResNet-18,s2,223,0.06557235222046132
ResNet-18,s2,224,0.0679720304478113
ResNet-18,s2,225,0.11808273469603647
ResNet-18,s2,226,0.0751740391326492
ResNet-18,s2,227,0.09293328748467045
ResNet-18,s2,228,0.1217455912921448
ResNet-18,s2,229,0.07387070154485564
ResNet-18,s2,230,0.07575889176377293
ResNet-18,s2,231,0.10511381362674066
ResNet-18,s2,232,0.07268615289590219
ResNet-18,s2,233,0.07750017850552748
ResNet-18,s2,234,0.0768662510767546
ResNet-18,s2,235,0.06756296576374388
ResNet-18,s2,236,0.05909302260377958
ResNet-18,s2,237,0.1066527641094085
ResNet-18,s2,238,0.10725432969630944
ResNet-18,s2,239,0.08999766546637722
ResNet-18,s2,240,0.06523559873987028
ResNet-18,s2,241,0.0498836974310739
ResNet-18,s2,242,0.0771455569904329
ResNet-18,s2,243,0.08359824830738705
ResNet-18,s2,244,0.07345624640231063
ResNet-18,s2,245,0.08502186752261331
ResNet-18,s2,246,0.0693064561366864
ResNet-18,s2,247,0.10755772905924099
ResNet-18,s2,248,0.07254427225631577
ResNet-18,s2,249,0.06825272192402865
ResNet-18,s2,250,0.10482922660017002
ResNet-18,s2,251,0.06463183058217248
ResNet-18,s2,252,0.0764223527633251
ResNet-18,s2,253,0.1010483243619763
ResNet-18,s2,254,0.07981234990179997
ResNet-18,s2,255,0.08617242922742963
ResNet-18,s2,256,0.07256211133610624
ResNet-18,s2,257,0.06677195956191795
ResNet-18,s2,258,0.057952835877913
ResNet-18,s2,259,0.08892927708594889
ResNet-18,s2,260,0.1018163026506167
ResNet-18,s2,261,0.08858099199615466
ResNet-18,s2,262,0.07846265843107347
ResNet-18,s2,263,0.11788721168079119
ResNet-18,s2,264,0.07964096970328571
ResNet-18,s2,265,0.05899909339372822
ResNet-18,s2,266,0.13271004549200027
ResNet-18,s2,267,0.053905804096842536
ResNet-18,s2,268,0.04508469689107908
ResNet-18,s2,269,0.06305615461689595
ResNet-18,s2,270,0.06748192690763899
ResNet-18,s2,271,0.10105454517519041
ResNet-18,s2,272,0.0722874735366078
ResNet-18,s2,273,0.06362306232652515
ResNet-18,s2,274,0.12118517718531518
ResNet-18,s2,275,0.06194458682890103
ResNet-18,s2,276,0.06713880219564405
ResNet-18,s2,277,0.07049673930264477
ResNet-18,s2,278,0.06431597289219948
ResNet-18,s2,279,0.058813773174672956
ResNet-18,s2,280,0.07201735622142746
ResNet-18,s2,281,0.0729803516471027
ResNet-18,s2,282,0.08081739905664576
ResNet-18,s2,283,0.1251198107794843
ResNet-18,s2,284,0.07764226642393479
ResNet-18,s2,285,0.08235946504327085
ResNet-18,s2,286,0.09446414442194828
ResNet-18,s2,287,0.062113461084312926
ResNet-18,s2,288,0.08109607549730868
ResNet-18,s2,289,0.15636905270604484
ResNet-18,s2,290,0.05416534874330803
ResNet-18,s2,291,0.09876984701927494
ResNet-18,s2,292,0.0691785064462388
ResNet-18,s2,293,0.05792882008164746
ResNet-18,s2,294,0.09752668803973497
ResNet-18,s2,295,0.12640353256092463
ResNet-18,s2,296,0.1618484549316196
ResNet-18,s2,297,0.12569832595672015
ResNet-18,s2,298,0.08506381920530581
ResNet-18,s2,299,0.06428763619085598
ResNet-18,s2,300,0.07307116766542632
ResNet-18,s2,301,0.055877315299504016
ResNet-18,s2,302,0.09590962713067264
ResNet-18,s2,303,0.12862791692851705
ResNet-18,s2,304,0.07801879964868341
ResNet-18,s2,305,0.09519425581847818
ResNet-18,s2,306,0.07010876832098822
ResNet-18,s2,307,0.08177921649976438
ResNet-18,s2,308,0.05410965124180034
ResNet-18,s2,309,0.07272045280902417
ResNet-18,s2,310,0.09953005475231758
ResNet-18,s2,311,0.05878904894929349
ResNet-18,s2,312,0.08428184191489285
ResNet-18,s2,313,0.12096302976590156
ResNet-18,s2,314,0.09580803994996911
ResNet-18,s2,315,0.11254347006703924
ResNet-18,s2,316,0.15053390792440136
ResNet-18,s2,317,0.09536645645650899
ResNet-18,s2,318,0.08884506668566705
ResNet-18,s2,319,0.0741412940404198
ResNet-18,s2,320,0.05146496663157496
ResNet-18,s2,321,0.05625082567463835
ResNet-18,s2,322,0.09326238098704931
ResNet-18,s2,323,0.06428031988471838
ResNet-18,s2,324,0.06608524751475309
ResNet-18,s2,325,0.08002187469651334
ResNet-18,s2,326,0.06442209938611032
ResNet-18,s2,327,0.10305535383252684
ResNet-18,s2,328,0.10125525823851433
ResNet-18,s2,329,0.06927542821024035
ResNet-18,s2,330,0.08134497392810025
ResNet-18,s2,331,0.07053350893628296
ResNet-18,s2,332,0.06703659299704345
ResNet-18,s2,333,0.09174304860245908
ResNet-18,s2,334,0.11744056224713217
ResNet-18,s2,335,0.09250452619611793
ResNet-18,s2,336,0.0896327743449149
ResNet-18,s2,337,0.09785726825258723
ResNet-18,s2,338,0.08496166593513654
ResNet-18,s2,339,0.059738493238677415
ResNet-18,s2,340,0.06730122834336882
ResNet-18,s2,341,0.08123542271043949
ResNet-18,s2,342,0.09733005960676566
ResNet-18,s2,343,0.06298836877173564
ResNet-18,s2,344,0.1015887252517862
ResNet-18,s2,345,0.06685502773934471
ResNet-18,s2,346,0.09824909015725769
ResNet-18,s2,347,0.05425462618165611
ResNet-18,s2,348,0.07389501412050758
ResNet-18,s2,349,0.05664125997270664
ResNet-18,s2,350,0.08509571443105779
ResNet-18,s2,351,0.06056165903352606
ResNet-18,s2,352,0.07176250647519722
ResNet-18,s2,353,0.0868909839181603
ResNet-18,s2,354,0.063400446901413
ResNet-18,s2,355,0.15351355441241032
ResNet-18,s2,356,0.06165760851808222
ResNet-18,s2,357,0.09585801079962508
ResNet-18,s2,358,0.06521895332814687
ResNet-18,s2,359,0.11313894122152279
ResNet-18,s2,360,0.08890341089484832
ResNet-18,s2,361,0.10130539501167612
ResNet-18,s2,362,0.0685661579350838
ResNet-18,s2,363,0.09164682735079965
ResNet-18,s2,364,0.07025284147759703
ResNet-18,s2,365,0.06946343234626817
ResNet-18,s2,366,0.05865511658473965
ResNet-18,s2,367,0.06591069235279978
ResNet-18,s2,368,0.12213956604702714
ResNet-18,s2,369,0.0574958667888017
ResNet-18,s2,370,0.08692985003275666
ResNet-18,s2,371,0.07031408136277328
ResNet-18,s2,372,0.08607805455771711
ResNet-18,s2,373,0.04831892816355943
ResNet-18,s2,374,0.07865235710281149
ResNet-18,s2,375,0.04961091078611346
ResNet-18,s2,376,0.07879560210595671
ResNet-18,s2,377,0.10682789750850641
ResNet-18,s2,378,0.060870365723037834
ResNet-18,s2,379,0.05896051026536342
ResNet-18,s2,380,0.13765583403282866
ResNet-18,s2,381,0.10076887166098258
ResNet-18,s2,382,0.10923222914881714
ResNet-18,s2,383,0.06247056590887912
ResNet-18,s2,384,0.06174756601133413
ResNet-18,s2,385,0.08337848319452701
ResNet-18,s2,386,0.0708107990991218
ResNet-18,s2,387,0.07648496067542654
ResNet-18,s2,388,0.05960552145443654
ResNet-18,s2,389,0.04254542794333793
ResNet-18,s2,390,0.0656802021702313
ResNet-18,s2,391,0.12118681201176673
ResNet-18,s2,392,0.14579175064456207
ResNet-18,s2,393,0.105906236126725
ResNet-18,s2,394,0.06837306025055345
ResNet-18,s2,395,0.09871653378525291
ResNet-18,s2,396,0.10203600895585696
ResNet-18,s2,397,0.06666988741663482
ResNet-18,s2,398,0.10073086178820145
ResNet-18,s2,399,0.06134194980507579
ResNet-18,s2,400,0.08613971376165308
ResNet-18,s2,401,0.06319089892996055
ResNet-18,s2,402,0.11102921965451118
ResNet-18,s2,403,0.08879087320152057
ResNet-18,s2,404,0.10656094568650198
ResNet-18,s2,405,0.09159029210718284
ResNet-18,s2,406,0.05932525442151648
ResNet-18,s2,407,0.09679617116936678
ResNet-18,s2,408,0.08719993261266934
ResNet-18,s2,409,0.057982981175624504
ResNet-18,s2,410,0.06631438252101951
ResNet-18,s2,411,0.13741449203597433
ResNet-18,s2,412,0.0611097279195989
ResNet-18,s2,413,0.13884697758183107
ResNet-18,s2,414,0.0551482362995428
ResNet-18,s2,415,0.062068729901911146
ResNet-18,s2,416,0.1309171369079477
ResNet-18,s2,417,0.08894382600867834
ResNet-18,s2,418,0.10181289107066627
ResNet-18,s2,419,0.061363593500245894
ResNet-18,s2,420,0.062102169976677835
ResNet-18,s2,421,0.12539806331008818
ResNet-18,s2,422,0.08108927702597857
ResNet-18,s2,423,0.09454548933095219
ResNet-18,s2,424,0.10034032728627451
ResNet-18,s2,425,0.11643748038206803
ResNet-18,s2,426,0.056369443621139825
ResNet-18,s2,427,0.09800378427079737
ResNet-18,s2,428,0.08709980503015446
ResNet-18,s2,429,0.07701001079411429
ResNet-18,s2,430,0.09887000804475021
ResNet-18,s2,431,0.0735002642681829
ResNet-18,s2,432,0.17140351527021658
ResNet-18,s2,433,0.07814606009783742
ResNet-18,s2,434,0.12068718547082224
ResNet-18,s2,435,0.05265029676975297
ResNet-18,s2,436,0.06233107016034811
ResNet-18,s2,437,0.05376505572059975
ResNet-18,s2,438,0.07099717768990221
ResNet-18,s2,439,0.09114550917457098
ResNet-18,s2,440,0.07670894475556933
ResNet-18,s2,441,0.0953442034295583
ResNet-18,s2,442,0.10847838835949475
ResNet-18,s2,443,0.06659085434659129
ResNet-18,s2,444,0.1370594133635068
ResNet-18,s2,445,0.0821874757228106
ResNet-18,s2,446,0.05068857705537111
ResNet-18,s2,447,0.06615383275435383
ResNet-18,s2,448,0.09037671845429573
ResNet-18,s2,449,0.09985320688240895
ResNet-18,s2,450,0.07011448480684868
ResNet-18,s2,451,0.0964085231246189
ResNet-18,s2,452,0.06326583544987296
ResNet-18,s2,453,0.11497741621508084
ResNet-18,s2,454,0.08060248645772905
ResNet-18,s2,455,0.06429649173818375
ResNet-18,s2,456,0.08647676263741433
ResNet-18,s2,457,0.08817049239874186
ResNet-18,s2,458,0.07648773677948983
ResNet-18,s2,459,0.06284398485945453
ResNet-18,s2,460,0.0645649096566907
ResNet-18,s2,461,0.05819070687596506
ResNet-18,s2,462,0.1081793147468546
ResNet-18,s2,463,0.06668996175307462
ResNet-18,s2,464,0.06727565885673825
ResNet-18,s2,465,0.09688940581835925
ResNet-18,s2,466,0.15200104732603292
ResNet-18,s2,467,0.05749620070124295
ResNet-18,s2,468,0.05413186259004188
ResNet-18,s2,469,0.07129301000997168
ResNet-18,s2,470,0.08898452642272481
ResNet-18,s2,471,0.0687562818345746
ResNet-18,s2,472,0.09835029220630864
ResNet-18,s2,473,0.10853504454681007
ResNet-18,s2,474,0.09652502229552784
ResNet-18,s2,475,0.08782463089231074
ResNet-18,s2,476,0.051536364459385475
ResNet-18,s2,477,0.1116915437319349
ResNet-18,s2,478,0.11583825470642384
ResNet-18,s2,479,0.08908017609357766
ResNet-18,s2,480,0.051977898496020636
ResNet-18,s2,481,0.10267361127130714
ResNet-18,s2,482,0.07170266294860628
ResNet-18,s2,483,0.094816671176711
ResNet-18,s2,484,0.04785538958931623
ResNet-18,s2,485,0.0842248177480146
ResNet-18,s2,486,0.09307296727477632
ResNet-18,s2,487,0.044055469728269125
ResNet-18,s2,488,0.1126845017610465
ResNet-18,s2,489,0.10642888216694679
ResNet-18,s2,490,0.09427893564638934
ResNet-18,s2,491,0.07841234080058779
ResNet-18,s2,492,0.059672486618702614
ResNet-18,s2,493,0.11865770481577853
ResNet-18,s2,494,0.08002260106308134
ResNet-18,s2,495,0.05105217700529174
ResNet-18,s2,496,0.07158013629418047
ResNet-18,s2,497,0.1463060977836601
ResNet-18,s2,498,0.07437086887031863
ResNet-18,s2,499,0.08568148283255983
ResNet-18,s2,500,0.0745665422131796
ResNet-18,s2,501,0.09604982110074889
ResNet-18,s2,502,0.08137304003943813
ResNet-18,s2,503,0.08171997844034729
ResNet-18,s2,504,0.04451829420807729
ResNet-18,s2,505,0.06480699089138653
ResNet-18,s2,506,0.07326542730741625
ResNet-18,s2,507,0.06608213568404675
ResNet-18,s2,508,0.09804017753915828
ResNet-18,s2,509,0.06527788012869029
ResNet-18,s2,510,0.07188460314347611
ResNet-18,s2,511,0.07635242420978183
ResNet-18,s2,512,0.07866229561357074
ResNet-18,s2,513,0.11662071632342763
ResNet-18,s2,514,0.08196679848168609
ResNet-18,s2,515,0.08777427048938757
ResNet-18,s2,516,0.0742459832599035
ResNet-18,s2,517,0.04627892221195751
ResNet-18,s2,518,0.09381164815036125
ResNet-18,s2,519,0.1303252373273982
ResNet-18,s2,520,0.07668070726498055
ResNet-18,s2,521,0.06390005818303202
ResNet-18,s2,522,0.10328830923065568
ResNet-18,s2,523,0.15335526416018241
ResNet-18,s2,524,0.12488990549598755
ResNet-18,s2,525,0.12336356938004345
ResNet-18,s2,526,0.10199713667619481
ResNet-18,s2,527,0.09274783669522058
ResNet-18,s2,528,0.10797876002128481
ResNet-18,s2,529,0.08916071571579398
ResNet-18,s2,530,0.17782707509252227
ResNet-18,s2,531,0.09523538560854727
ResNet-18,s2,532,0.09000954604378053
ResNet-18,s2,533,0.06355785433912053
ResNet-18,s2,534,0.06072538542393768
ResNet-18,s2,535,0.07262611703572974
ResNet-18,s2,536,0.16120532733157455
ResNet-18,s2,537,0.08966220077398246
ResNet-18,s2,538,0.07081644555895028
ResNet-18,s2,539,0.0868912429191594
ResNet-18,s2,540,0.08456950749556436
ResNet-18,s2,541,0.06337548527486525
ResNet-18,s2,542,0.07222951893707419
ResNet-18,s2,543,0.09087347724939987
ResNet-18,s2,544,0.07227981515147586
ResNet-18,s2,545,0.10990918083406243
ResNet-18,s2,546,0.06529185672264215
ResNet-18,s2,547,0.06528029150506665
ResNet-18,s2,548,0.11014791557886805
ResNet-18,s2,549,0.07929478327940331
ResNet-18,s2,550,0.05270240501336454
ResNet-18,s2,551,0.0923187640911799
ResNet-18,s2,552,0.1144022070838081
ResNet-18,s2,553,0.07100718590726807
ResNet-18,s2,554,0.10114156184645962
ResNet-18,s2,555,0.12368851593737251
ResNet-18,s2,556,0.08018256343570074
ResNet-18,s2,557,0.07523401815487196
ResNet-18,s2,558,0.06463061734399245
ResNet-18,s2,559,0.17154842550422922
ResNet-18,s2,560,0.09095765385256749
ResNet-18,s2,561,0.09357330226406624
ResNet-18,s2,562,0.13487801460947924
ResNet-18,s2,563,0.07913889941134711
ResNet-18,s2,564,0.053402605049145846
ResNet-18,s2,565,0.12945689275712235
ResNet-18,s2,566,0.0960674327208858
ResNet-18,s2,567,0.083276944910045
ResNet-18,s2,568,0.0958522374944627
ResNet-18,s2,569,0.05382061168728258
ResNet-18,s2,570,0.08406802538517633
ResNet-18,s2,571,0.12224803829224529
ResNet-18,s2,572,0.10823309906897871
ResNet-18,s2,573,0.079028358592797
ResNet-18,s2,574,0.09858803329899501
ResNet-18,s2,575,0.08614205835932975
ResNet-18,s2,576,0.09199429442001539
ResNet-18,s2,577,0.06730801870027459
ResNet-18,s2,578,0.08697494833209385
ResNet-18,s2,579,0.0857020680252567
ResNet-18,s2,580,0.10890435257302555
ResNet-18,s2,581,0.06474519323786065
ResNet-18,s2,582,0.11929821589519607
ResNet-18,s2,583,0.07242125036313274
ResNet-18,s2,584,0.07489558744951519
ResNet-18,s2,585,0.060698494439891726
ResNet-18,s2,586,0.09068670564973724
ResNet-18,s2,587,0.1702367060542448
ResNet-18,s2,588,0.058299883931245966
ResNet-18,s2,589,0.071557163375633
ResNet-18,s2,590,0.05184285061055993
ResNet-18,s2,591,0.10515190799252316
ResNet-18,s2,592,0.07206720589651339
ResNet-18,s2,593,0.09091184238833383
ResNet-18,s2,594,0.11917751971774881
ResNet-18,s2,595,0.08423374243565729
ResNet-18,s2,596,0.06819454766696709
ResNet-18,s2,597,0.06498187819726053
ResNet-18,s2,598,0.08007890147871721
ResNet-18,s2,599,0.05272571861532516
ResNet-18,s2,600,0.07080392854018525
ResNet-18,s2,601,0.07193930366157575
ResNet-18,s2,602,0.0591336079064847
ResNet-18,s2,603,0.06240103373037886
ResNet-18,s2,604,0.12360431569932107
ResNet-18,s2,605,0.07768151099196674
ResNet-18,s2,606,0.1121115477851099
ResNet-18,s2,607,0.06030704894586936
ResNet-18,s2,608,0.0877386425102894
ResNet-18,s2,609,0.09553521416551836
ResNet-18,s2,610,0.0547131715892577
ResNet-18,s2,611,0.12172689692901173
ResNet-18,s2,612,0.08452210321876974
ResNet-18,s2,613,0.03655715230408718
ResNet-18,s2,614,0.05960104448740233
ResNet-18,s2,615,0.06012938742283913
ResNet-18,s2,616,0.07498436945686449
ResNet-18,s2,617,0.06376012351779226
ResNet-18,s2,618,0.06868293411792648
ResNet-18,s2,619,0.06655979274504586
ResNet-18,s2,620,0.11335522680910814
ResNet-18,s2,621,0.05691887054028166
ResNet-18,s2,622,0.07963313361235047
ResNet-18,s2,623,0.09116190915010447
ResNet-18,s2,624,0.11917761344682998
ResNet-18,s2,625,0.0698923867071054
ResNet-18,s2,626,0.0578406221460257
ResNet-18,s2,627,0.08372955893631961
ResNet-18,s2,628,0.05384420681463664
ResNet-18,s2,629,0.05590801006162316
ResNet-18,s2,630,0.08345077017012037
ResNet-18,s2,631,0.05575399751412746
ResNet-18,s2,632,0.0758119870089532
ResNet-18,s2,633,0.039901443352044486
ResNet-18,s2,634,0.1218302050218304
ResNet-18,s2,635,0.08226363696252159
ResNet-18,s2,636,0.09506100055901034
ResNet-18,s2,637,0.06165443506071855
ResNet-18,s2,638,0.08364367355630664
ResNet-18,s2,639,0.06792952074512126
ResNet-18,s2,640,0.11578547862822208
ResNet-18,s2,641,0.08855043984898303
ResNet-18,s2,642,0.044695552566781815
ResNet-18,s2,643,0.06426175370160192
ResNet-18,s2,644,0.05858437352323631
ResNet-18,s2,645,0.08532486798105932
ResNet-18,s2,646,0.13050084194065237
ResNet-18,s2,647,0.09574206796830009
ResNet-18,s2,648,0.09283871165313817
ResNet-18,s2,649,0.11182762931829637
ResNet-18,s2,650,0.09035947494796692
ResNet-18,s2,651,0.07738677112309567
ResNet-18,s2,652,0.07429316023983001
ResNet-18,s2,653,0.07253731201919433
ResNet-18,s2,654,0.08704205118911845
ResNet-18,s2,655,0.06277138948509309
ResNet-18,s2,656,0.12608342048944843
ResNet-18,s2,657,0.06164124027012552
ResNet-18,s2,658,0.0640041660218943
ResNet-18,s2,659,0.07393468387024127
ResNet-18,s2,660,0.08374134843584524
ResNet-18,s2,661,0.09731058860268826
ResNet-18,s2,662,0.11796327099423676
ResNet-18,s2,663,0.10034532940607632
ResNet-18,s2,664,0.045935812147277044
ResNet-18,s2,665,0.1234415288680989
ResNet-18,s2,666,0.11392200756621407
ResNet-18,s2,667,0.06773615812171097
ResNet-18,s2,668,0.057763574588897026
ResNet-18,s2,669,0.055724968162156
ResNet-18,s2,670,0.06125074283197218
ResNet-18,s2,671,0.06936907061768005
ResNet-18,s2,672,0.07862258988690662
ResNet-18,s2,673,0.060543565174351555
ResNet-18,s2,674,0.10433150821798964
ResNet-18,s2,675,0.17101592103169194
ResNet-18,s2,676,0.0649803134638417
ResNet-18,s2,677,0.09960385872706945
ResNet-18,s2,678,0.0578588867553087
ResNet-18,s2,679,0.11518716119799943
ResNet-18,s2,680,0.09064245206650334
ResNet-18,s2,681,0.11562771575457875
ResNet-18,s2,682,0.06647973020238684
ResNet-18,s2,683,0.07311642445032462
ResNet-18,s2,684,0.07897732269490576
ResNet-18,s2,685,0.1378071613090791
ResNet-18,s2,686,0.06946064818991249
ResNet-18,s2,687,0.0875118278597683
ResNet-18,s2,688,0.05967247903881456
ResNet-18,s2,689,0.07268211458427443
ResNet-18,s2,690,0.10698955426140955
ResNet-18,s2,691,0.12905073224358143
ResNet-18,s2,692,0.09566578052821517
ResNet-18,s2,693,0.12585873019538663
ResNet-18,s2,694,0.09448909326231547
ResNet-18,s2,695,0.123334956897587
ResNet-18,s2,696,0.0861462795657042
ResNet-18,s2,697,0.1216086694912838
ResNet-18,s2,698,0.11644038270250578
ResNet-18,s2,699,0.09153729077907713
ResNet-18,s2,700,0.07290911180269422
ResNet-18,s2,701,0.1131107331672313
ResNet-18,s2,702,0.1334843069087468
ResNet-18,s2,703,0.08241029692210544
ResNet-18,s2,704,0.055893814052652147
ResNet-18,s2,705,0.09937374240163088
ResNet-18,s2,706,0.06968320380949411
ResNet-18,s2,707,0.07310212208084432
ResNet-18,s2,708,0.12169999848780633
ResNet-18,s2,709,0.12384448646145607
ResNet-18,s2,710,0.10806016997936707
ResNet-18,s2,711,0.08000467759796714
ResNet-18,s2,712,0.07845302928840481
ResNet-18,s2,713,0.06690143160614814
ResNet-18,s2,714,0.0982694777473937
ResNet-18,s2,715,0.057515902178900125
ResNet-18,s2,716,0.10502221590905403
ResNet-18,s2,717,0.07271000835275776
ResNet-18,s2,718,0.15559438506680923
ResNet-18,s2,719,0.09063165515633143
ResNet-18,s2,720,0.06446871329809478
ResNet-18,s2,721,0.07672702290047995
ResNet-18,s2,722,0.10325166879687464
ResNet-18,s2,723,0.07563284957996308
ResNet-18,s2,724,0.11134195933749091
ResNet-18,s2,725,0.05231191438756122
ResNet-18,s2,726,0.07115750407682375
ResNet-18,s2,727,0.11233304295179247
ResNet-18,s2,728,0.10779553078246329
ResNet-18,s2,729,0.058631172890682426
ResNet-18,s2,730,0.10753113628276822
ResNet-18,s2,731,0.11399374847527466
ResNet-18,s2,732,0.10830895456518819
ResNet-18,s2,733,0.0670215966236426
ResNet-18,s2,734,0.08448081360494131
ResNet-18,s2,735,0.06698384459466422
ResNet-18,s2,736,0.05703103026478762
ResNet-18,s2,737,0.09121272293651961
ResNet-18,s2,738,0.1578540099544612
ResNet-18,s2,739,0.11467866261407911
ResNet-18,s2,740,0.09107129118888724
ResNet-18,s2,741,0.09884231270117416
ResNet-18,s2,742,0.0971272974217583
ResNet-18,s2,743,0.08717006267982541
ResNet-18,s2,744,0.07772576504127948
ResNet-18,s2,745,0.07371889661183528
ResNet-18,s2,746,0.10549573541220392
ResNet-18,s2,747,0.06352607436333035
ResNet-18,s2,748,0.06276437975821292
ResNet-18,s2,749,0.06665106882904637
ResNet-18,s2,750,0.06441400129825303
ResNet-18,s2,751,0.1373013919351267
ResNet-18,s2,752,0.0780329368673468
ResNet-18,s2,753,0.07517584634055696
ResNet-18,s2,754,0.06683120259695641
ResNet-18,s2,755,0.07052316166219186
ResNet-18,s2,756,0.07618657273954821
ResNet-18,s2,757,0.061912580886251956
ResNet-18,s2,758,0.09550001290949262
ResNet-18,s2,759,0.11980698243604859
ResNet-18,s2,760,0.06892848679131458
ResNet-18,s2,761,0.0760594332816793
ResNet-18,s2,762,0.094524880277715
ResNet-18,s2,763,0.06609041003926885
ResNet-18,s2,764,0.08296095654666935
ResNet-18,s2,765,0.0633524066737221
ResNet-18,s2,766,0.07976768881393093
ResNet-18,s2,767,0.053607143619537556
ResNet-18,s2,768,0.11647133172712554
ResNet-18,s2,769,0.08072403701514153
ResNet-18,s2,770,0.11019530381805676
ResNet-18,s2,771,0.08127388774777766
ResNet-18,s2,772,0.06255263644875153
ResNet-18,s2,773,0.060107463013653106
ResNet-18,s2,774,0.12302169446322875
ResNet-18,s2,775,0.04209625511265025
ResNet-18,s2,776,0.09400821910199819
ResNet-18,s2,777,0.08372773235573472
ResNet-18,s2,778,0.08645120464860678
ResNet-18,s2,779,0.06804588738272599
ResNet-18,s2,780,0.07033297466092492
ResNet-18,s2,781,0.10913069910356243
ResNet-18,s2,782,0.10007529289761807
ResNet-18,s2,783,0.07208839855759397
ResNet-18,s2,784,0.08017204072448136
ResNet-18,s2,785,0.13308519305769528
ResNet-18,s2,786,0.056953457432665666
ResNet-18,s2,787,0.08251364492405466
ResNet-18,s2,788,0.16834873362506741
ResNet-18,s2,789,0.0711578927649914
ResNet-18,s2,790,0.14523923496059243
ResNet-18,s2,791,0.12900720646923314
ResNet-18,s2,792,0.12615495652260622
ResNet-18,s2,793,0.06506304900834192
ResNet-18,s2,794,0.11548760859179696
ResNet-18,s2,795,0.11550557409627893
ResNet-18,s2,796,0.1147646688114714
ResNet-18,s2,797,0.05587345235844543
ResNet-18,s2,798,0.04424899808016225
ResNet-18,s2,799,0.08882424546195455
ResNet-18,s2,800,0.07672148971366444
ResNet-18,s2,801,0.08316576103270568
ResNet-18,s2,802,0.10818173219352034
ResNet-18,s2,803,0.0867606874904776
ResNet-18,s2,804,0.06867777091298632
ResNet-18,s2,805,0.09266859787273896
ResNet-18,s2,806,0.12645394816423128
ResNet-18,s2,807,0.08162758101368006
ResNet-18,s2,808,0.07871237220703742
ResNet-18,s2,809,0.09374680093497212
ResNet-18,s2,810,0.059197015559616095
ResNet-18,s2,811,0.07318951533031537
ResNet-18,s2,812,0.08170627271586006
ResNet-18,s2,813,0.08488017271563841
ResNet-18,s2,814,0.061074166771672767
ResNet-18,s2,815,0.06289659624715938
ResNet-18,s2,816,0.12068170506879927
ResNet-18,s2,817,0.06196295820008857
ResNet-18,s2,818,0.06443569187580966
ResNet-18,s2,819,0.11075987927185027
ResNet-18,s2,820,0.11198199471968162
ResNet-18,s2,821,0.08564027814862774
ResNet-18,s2,822,0.09699841399282938
ResNet-18,s2,823,0.0558587894107192
ResNet-18,s2,824,0.06515994727632113
ResNet-18,s2,825,0.12918174304365226
ResNet-18,s2,826,0.14028225938190075
ResNet-18,s2,827,0.07380739798087521
ResNet-18,s2,828,0.09586679579459567
ResNet-18,s2,829,0.06514190613683435
ResNet-18,s2,830,0.0680234870611981
ResNet-18,s2,831,0.08370940026971951
ResNet-18,s2,832,0.07154715178927706
ResNet-18,s2,833,0.07071998143732627
ResNet-18,s2,834,0.06814834515648927
ResNet-18,s2,835,0.07847830788050225
ResNet-18,s2,836,0.07569036669142504
ResNet-18,s2,837,0.10586937343948144
ResNet-18,s2,838,0.06434324401080083
ResNet-18,s2,839,0.06976903902595999
ResNet-18,s2,840,0.0566851569645076
ResNet-18,s2,841,0.05542310620247837
ResNet-18,s2,842,0.10055748802705211
ResNet-18,s2,843,0.06495035368870761
ResNet-18,s2,844,0.10598273289489235
ResNet-18,s2,845,0.11747864527063057
ResNet-18,s2,846,0.11326730565792209
ResNet-18,s2,847,0.06157643791224032
ResNet-18,s2,848,0.07598457988928953
ResNet-18,s2,849,0.12005416527112656
ResNet-18,s2,850,0.149020681222353
ResNet-18,s2,851,0.06782885651668136
ResNet-18,s2,852,0.07849852814871772
ResNet-18,s2,853,0.08329817461662936
ResNet-18,s2,854,0.07260019116519634
ResNet-18,s2,855,0.12905959851169346
ResNet-18,s2,856,0.06798714600308942
ResNet-18,s2,857,0.09869109365203343
ResNet-18,s2,858,0.08464623304904373
ResNet-18,s2,859,0.1176113180818914
ResNet-18,s2,860,0.06621882310567495
ResNet-18,s2,861,0.11184244296660462
ResNet-18,s2,862,0.06592213809883218
ResNet-18,s2,863,0.07174313697372692
ResNet-18,s2,864,0.09239141237748594
ResNet-18,s2,865,0.13875857908063527
ResNet-18,s2,866,0.06415832541536981
ResNet-18,s2,867,0.1090888306825969
ResNet-18,s2,868,0.06974022414891745
ResNet-18,s2,869,0.07176861582164329
ResNet-18,s2,870,0.04168964553740562
ResNet-18,s2,871,0.08090778202387172
ResNet-18,s2,872,0.07783968149574572
ResNet-18,s2,873,0.0780043335871663
ResNet-18,s2,874,0.09235494370924702
ResNet-18,s2,875,0.09043710070953381
ResNet-18,s2,876,0.1028963807408172
ResNet-18,s2,877,0.08844893224128592
ResNet-18,s2,878,0.07968033511642192
ResNet-18,s2,879,0.07017879239003044
ResNet-18,s2,880,0.08066996807863125
ResNet-18,s2,881,0.056316875907144515
ResNet-18,s2,882,0.09304473698995308
ResNet-18,s2,883,0.057164084801343495
ResNet-18,s2,884,0.047346534773351934
ResNet-18,s2,885,0.1057396330360505
ResNet-18,s2,886,0.07520309752460919
ResNet-18,s2,887,0.05327737884885331
ResNet-18,s2,888,0.08319889125370705
ResNet-18,s2,889,0.05327320451587414
ResNet-18,s2,890,0.13951649534841493
ResNet-18,s2,891,0.0652447993609977
ResNet-18,s2,892,0.0782029190929927
ResNet-18,s2,893,0.11037717291156368
ResNet-18,s2,894,0.08633201159668569
ResNet-18,s2,895,0.07092879299569832
ResNet-18,s2,896,0.11229948092739384
ResNet-18,s2,897,0.12260640929872269
ResNet-18,s2,898,0.06429211573304594
ResNet-18,s2,899,0.09404027727391517
ResNet-18,s2,900,0.07976497179433129
ResNet-18,s2,901,0.08128032277895725
ResNet-18,s2,902,0.08882798113614454
ResNet-18,s2,903,0.09224251806334827
ResNet-18,s2,904,0.05232937724963227
ResNet-18,s2,905,0.09872476367199401
ResNet-18,s2,906,0.09389073076079246
ResNet-18,s2,907,0.10680106683881152
ResNet-18,s2,908,0.07852317804213771
ResNet-18,s2,909,0.07595534291248995
ResNet-18,s2,910,0.10698135323445701
ResNet-18,s2,911,0.08722147499651745
ResNet-18,s2,912,0.05627600883173223
ResNet-18,s2,913,0.074387315343862
ResNet-18,s2,914,0.09885310670059089
ResNet-18,s2,915,0.06939171496728458
ResNet-18,s2,916,0.12109685659820169
ResNet-18,s2,917,0.1175612238504653
ResNet-18,s2,918,0.1226490156626926
ResNet-18,s2,919,0.12814595491291092
ResNet-18,s2,920,0.06002001038232685
ResNet-18,s2,921,0.08869779751319307
ResNet-18,s2,922,0.04575908122769201
ResNet-18,s2,923,0.054432125508510065
ResNet-18,s2,924,0.08884737849812019
ResNet-18,s2,925,0.11359303518585995
ResNet-18,s2,926,0.06158868831398101
ResNet-18,s2,927,0.06348378721847303
ResNet-18,s2,928,0.0655115325405381
ResNet-18,s2,929,0.04395904264133399
ResNet-18,s2,930,0.07556346560268212
ResNet-18,s2,931,0.06256142733816927
ResNet-18,s2,932,0.08241672858863902
ResNet-18,s2,933,0.0567715492773232
ResNet-18,s2,934,0.07053029356319152
ResNet-18,s2,935,0.12270580603153791
ResNet-18,s2,936,0.06204377111093451
ResNet-18,s2,937,0.08657975428262499
ResNet-18,s2,938,0.06668328237883792
ResNet-18,s2,939,0.05457536959357734
ResNet-18,s2,940,0.060987000554964865
ResNet-18,s2,941,0.06494508669660404
ResNet-18,s2,942,0.15496075220833905
ResNet-18,s2,943,0.09889468277883273
ResNet-18,s2,944,0.053053879040091845
ResNet-18,s2,945,0.07468250410360211
ResNet-18,s2,946,0.05905205882900233
ResNet-18,s2,947,0.12968085614782832
ResNet-18,s2,948,0.08879507730694569
ResNet-18,s2,949,0.09161773565472886
ResNet-18,s2,950,0.10944503816976425
ResNet-18,s2,951,0.08923848383414879
ResNet-18,s2,952,0.0640461012560648
ResNet-18,s2,953,0.06789804336476313
ResNet-18,s2,954,0.0664698224131054
ResNet-18,s2,955,0.12945479991408426
ResNet-18,s2,956,0.09445919093841315
ResNet-18,s2,957,0.101003578991258
ResNet-18,s2,958,0.10864549173352855
ResNet-18,s2,959,0.06745979409277891
ResNet-18,s2,960,0.06529128308452359
ResNet-18,s2,961,0.12515279532112733
ResNet-18,s2,962,0.08462803223569815
ResNet-18,s2,963,0.06616477731455706
ResNet-18,s2,964,0.059125697576043135
ResNet-18,s2,965,0.07325738613781596
ResNet-18,s2,966,0.1034502731297341
ResNet-18,s2,967,0.128237548156653
ResNet-18,s2,968,0.052019452177368586
ResNet-18,s2,969,0.062227407600618845
ResNet-18,s2,970,0.13065157077826295
ResNet-18,s2,971,0.06911234362647167
ResNet-18,s2,972,0.05590438072012249
ResNet-18,s2,973,0.09294797654510656
ResNet-18,s2,974,0.07581280768291354
ResNet-18,s2,975,0.06844439165243654
ResNet-18,s2,976,0.06729689300480746
ResNet-18,s2,977,0.06597907530238989
ResNet-18,s2,978,0.06823942199718369
ResNet-18,s2,979,0.08578721972045067
ResNet-18,s2,980,0.12013311821486128
ResNet-18,s2,981,0.10309554540220267
ResNet-18,s2,982,0.11070606922709336
ResNet-18,s2,983,0.10585263518988386
ResNet-18,s2,984,0.10091545318586437
ResNet-18,s2,985,0.07738480812706194
ResNet-18,s2,986,0.05350264935861759
ResNet-18,s2,987,0.08562206592730692
ResNet-18,s2,988,0.10482722620166318
ResNet-18,s2,989,0.10637359047258876
ResNet-18,s2,990,0.07143931626819655
ResNet-18,s2,991,0.11917455621543249
ResNet-18,s2,992,0.07458427275440505
ResNet-18,s2,993,0.06702885487938914
ResNet-18,s2,994,0.08934754875285689
ResNet-18,s2,995,0.10465268727582777
ResNet-18,s2,996,0.08152257513248862
ResNet-18,s2,997,0.12459458778987242
ResNet-18,s2,998,0.05959157331814757
ResNet-18,s2,999,0.13039461992708823
ResNet-18,s3,0,0.05997662507198376
ResNet-18,s3,1,0.0602097864212614
ResNet-18,s3,2,0.045403331510066924
ResNet-18,s3,3,0.038102153062280486
ResNet-18,s3,4,0.04555508136187769
ResNet-18,s3,5,0.0639309547465714
ResNet-18,s3,6,0.04195346408514489
ResNet-18,s3,7,0.02067498394180911
ResNet-18,s3,8,0.05587702749415202
ResNet-18,s3,9,0.030286202368478454
ResNet-18,s3,10,0.054853690109804565
ResNet-18,s3,11,0.06024337295141158
ResNet-18,s3,12,0.04248187765357647
ResNet-18,s3,13,0.038666246132213256
ResNet-18,s3,14,0.04270369456421608
ResNet-18,s3,15,0.023743410300604895
ResNet-18,s3,16,0.03699163762409474
ResNet-18,s3,17,0.05288222491046646
ResNet-18,s3,18,0.029155525281807426
ResNet-18,s3,19,0.03822035371162036
ResNet-18,s3,20,0.038513282155007156
ResNet-18,s3,21,0.043802884738811665
ResNet-18,s3,22,0.05074306676255502
ResNet-18,s3,23,0.050669183011462615
ResNet-18,s3,24,0.04772474628092527
ResNet-18,s3,25,0.04033396451909488
ResNet-18,s3,26,0.04839701811320252
ResNet-18,s3,27,0.022805605804666063
ResNet-18,s3,28,0.02825607366223437
ResNet-18,s3,29,0.05142247692560331
ResNet-18,s3,30,0.04740681636547517
ResNet-18,s3,31,0.04014550974189246
ResNet-18,s3,32,0.048033659580697385
ResNet-18,s3,33,0.05312804600455223
ResNet-18,s3,34,0.04678558671769184
ResNet-18,s3,35,0.05444679313848788
ResNet-18,s3,36,0.053040351272806374
ResNet-18,s3,37,0.036365861412767764
ResNet-18,s3,38,0.05320222967152677
ResNet-18,s3,39,0.045037554940027924
ResNet-18,s3,40,0.05411220874725864
ResNet-18,s3,41,0.030545967246889405
ResNet-18,s3,42,0.052211801461620744
ResNet-18,s3,43,0.040220170807612865
ResNet-18,s3,44,0.02572363581012649
ResNet-18,s3,45,0.04167975205534702
ResNet-18,s3,46,0.02967280141162687
ResNet-18,s3,47,0.05097964223400275
ResNet-18,s3,48,0.05188467201039071
ResNet-18,s3,49,0.04644194676511004
ResNet-18,s3,50,0.04805567397005239
ResNet-18,s3,51,0.04729268183284274
ResNet-18,s3,52,0.0393162383168274
ResNet-18,s3,53,0.04536468045884412
ResNet-18,s3,54,0.05447368075733461
ResNet-18,s3,55,0.05628355614452263
ResNet-18,s3,56,0.050025253487764765
ResNet-18,s3,57,0.052803202599816856
ResNet-18,s3,58,0.05531919403471264
ResNet-18,s3,59,0.033625987777554656
ResNet-18,s3,60,0.04563981525803473
ResNet-18,s3,61,0.033484138640508476
ResNet-18,s3,62,0.059586402273140826
ResNet-18,s3,63,0.05015633980311929
ResNet-18,s3,64,0.047216052384976503
ResNet-18,s3,65,0.034121030751832815
ResNet-18,s3,66,0.046545784325317974
ResNet-18,s3,67,0.03436460765806204
ResNet-18,s3,68,0.043040162077972566
ResNet-18,s3,69,0.03900562319353118
ResNet-18,s3,70,0.06091644627435111
ResNet-18,s3,71,0.04289537844414326
ResNet-18,s3,72,0.06216515926070676
ResNet-18,s3,73,0.03556427509871973
ResNet-18,s3,74,0.04246723113697182
ResNet-18,s3,75,0.0359067779268909
ResNet-18,s3,76,0.04328466543187959
ResNet-18,s3,77,0.05229700713627472
ResNet-18,s3,78,0.026042917753307138
ResNet-18,s3,79,0.05756321746032922
ResNet-18,s3,80,0.035542199937948604
ResNet-18,s3,81,0.06324983340968204
ResNet-18,s3,82,0.029307064491846058
ResNet-18,s3,83,0.06043801982564534
ResNet-18,s3,84,0.023918525987702277
ResNet-18,s3,85,0.04586826026112811
ResNet-18,s3,86,0.04423296507910757
ResNet-18,s3,87,0.044948624201102905
ResNet-18,s3,88,0.05940035041209568
ResNet-18,s3,89,0.03263810295368641
ResNet-18,s3,90,0.042127232273736714
ResNet-18,s3,91,0.04906265968213963
ResNet-18,s3,92,0.030328096647901925
ResNet-18,s3,93,0.049097660289394995
ResNet-18,s3,94,0.056580709358766024
ResNet-18,s3,95,0.05974777194726777
ResNet-18,s3,96,0.0306894787498575
ResNet-18,s3,97,0.06527941625694134
ResNet-18,s3,98,0.030265089800163403
ResNet-18,s3,99,0.045617396512265596
ResNet-18,s3,100,0.0416304627471058
ResNet-18,s3,101,0.03411840092642504
ResNet-18,s3,102,0.04687397323205944
ResNet-18,s3,103,0.0471326204578284
ResNet-18,s3,104,0.058525256795038394
ResNet-18,s3,105,0.04609835904787196
ResNet-18,s3,106,0.02754828926628261
ResNet-18,s3,107,0.024761951860838294
ResNet-18,s3,108,0.03557644965310869
ResNet-18,s3,109,0.042972360847439384
ResNet-18,s3,110,0.053938583378884575
ResNet-18,s3,111,0.04385602855397286
ResNet-18,s3,112,0.044131157066281124
ResNet-18,s3,113,0.05558636904631653
ResNet-18,s3,114,0.045683046636771696
ResNet-18,s3,115,0.04515078601351108
ResNet-18,s3,116,0.0197093073106267
ResNet-18,s3,117,0.03412709693722593
ResNet-18,s3,118,0.043203770362257865
ResNet-18,s3,119,0.05253903993983333
ResNet-18,s3,120,0.026360703980561007
ResNet-18,s3,121,0.05068756650804451
ResNet-18,s3,122,0.06625076179723788
ResNet-18,s3,123,0.0418996664643132
ResNet-18,s3,124,0.024292197273472538
ResNet-18,s3,125,0.042650449659860534
ResNet-18,s3,126,0.03505466505860022
ResNet-18,s3,127,0.05191279468481513
ResNet-18,s3,128,0.025107277069285172
ResNet-18,s3,129,0.0434568468147124
ResNet-18,s3,130,0.03392687375891901
ResNet-18,s3,131,0.03738434866696638
ResNet-18,s3,132,0.038979532610985745
ResNet-18,s3,133,0.031646068047891496
ResNet-18,s3,134,0.05188392189303159
ResNet-18,s3,135,0.03604653842242378
ResNet-18,s3,136,0.04803019368137229
ResNet-18,s3,137,0.054909400954731735
ResNet-18,s3,138,0.04088442422024241
ResNet-18,s3,139,0.032902355911739845
ResNet-18,s3,140,0.04747075386806754
ResNet-18,s3,141,0.03996461212143154
ResNet-18,s3,142,0.03689781110471857
ResNet-18,s3,143,0.044706378370605204
ResNet-18,s3,144,0.05112895262399819
ResNet-18,s3,145,0.03987930413291185
ResNet-18,s3,146,0.04888995123938655
ResNet-18,s3,147,0.059431470241081086
ResNet-18,s3,148,0.06513078929259153
ResNet-18,s3,149,0.0470121475289863
ResNet-18,s3,150,0.0271238855311855
ResNet-18,s3,151,0.030894011662185306
ResNet-18,s3,152,0.033409987455730095
ResNet-18,s3,153,0.03135325551946899
ResNet-18,s3,154,0.03971321701106445
ResNet-18,s3,155,0.04556521911643019
ResNet-18,s3,156,0.026265326456340277
ResNet-18,s3,157,0.03911003729641371
ResNet-18,s3,158,0.04810727589127284
ResNet-18,s3,159,0.04624070143798653
ResNet-18,s3,160,0.03390310617617276
ResNet-18,s3,161,0.053511733377462734
ResNet-18,s3,162,0.06127380111414171
ResNet-18,s3,163,0.04282469343198825
ResNet-18,s3,164,0.030363896819646352
ResNet-18,s3,165,0.052346472551265344
ResNet-18,s3,166,0.045534409007696675
ResNet-18,s3,167,0.047679956549587676
ResNet-18,s3,168,0.04694631283946049
ResNet-18,s3,169,0.048739584168655314
ResNet-18,s3,170,0.05004740374946237
ResNet-18,s3,171,0.03833619372319097
ResNet-18,s3,172,0.03781620373654071
ResNet-18,s3,173,0.028383399025051492
ResNet-18,s3,174,0.04875820478786064
ResNet-18,s3,175,0.026378665644915977
ResNet-18,s3,176,0.03314810487005615
ResNet-18,s3,177,0.03368375760315834
ResNet-18,s3,178,0.027425193297399342
ResNet-18,s3,179,0.060337269083714506
ResNet-18,s3,180,0.03337319363101621
ResNet-18,s3,181,0.04096599816093027
ResNet-18,s3,182,0.02618613779770007
ResNet-18,s3,183,0.06707813233290083
ResNet-18,s3,184,0.04363583839552321
ResNet-18,s3,185,0.04551647205541742
ResNet-18,s3,186,0.04666267988539208
ResNet-18,s3,187,0.038667676418546515
ResNet-18,s3,188,0.04425155969478878
ResNet-18,s3,189,0.04667353004299435
ResNet-18,s3,190,0.05814577074059124
ResNet-18,s3,191,0.06338354391843182
ResNet-18,s3,192,0.0478803988336558
ResNet-18,s3,193,0.04444211543598764
ResNet-18,s3,194,0.054838991745150834
ResNet-18,s3,195,0.045350885479281455
ResNet-18,s3,196,0.05464226508686698
ResNet-18,s3,197,0.04394771325521507
ResNet-18,s3,198,0.049139537888410745
ResNet-18,s3,199,0.02878502678350492
ResNet-18,s3,200,0.06099440580828408
ResNet-18,s3,201,0.05235837094854745
ResNet-18,s3,202,0.01826122620707893
ResNet-18,s3,203,0.03629368662235111
ResNet-18,s3,204,0.04012374627657611
ResNet-18,s3,205,0.053455510230907444
ResNet-18,s3,206,0.04273651018247637
ResNet-18,s3,207,0.035502488696934065
ResNet-18,s3,208,0.05531907591777474
ResNet-18,s3,209,0.031104572034218014
ResNet-18,s3,210,0.05661353859275087
ResNet-18,s3,211,0.048364369119995865
ResNet-18,s3,212,0.05683931379779705
ResNet-18,s3,213,0.05006980760219959
ResNet-18,s3,214,0.040360933607087035
ResNet-18,s3,215,0.050826284759831086
ResNet-18,s3,216,0.0623755434679073
ResNet-18,s3,217,0.04881194098644248
ResNet-18,s3,218,0.02710995665754201
ResNet-18,s3,219,0.047204744793953535
ResNet-18,s3,220,0.05444929529418163
ResNet-18,s3,221,0.015096018344424533
ResNet-18,s3,222,0.047583635596916585
ResNet-18,s3,223,0.03862299931511115
ResNet-18,s3,224,0.04569508773357378
ResNet-18,s3,225,0.04381174483064576
ResNet-18,s3,226,0.04194339057751917
ResNet-18,s3,227,0.05037886474206943
ResNet-18,s3,228,0.046123185728096594
ResNet-18,s3,229,0.03800445331205471
ResNet-18,s3,230,0.028371354477873312
ResNet-18,s3,231,0.0649221651158971
ResNet-18,s3,232,0.03724116527547883
ResNet-18,s3,233,0.04814354512440844
ResNet-18,s3,234,0.04560608435727187
ResNet-18,s3,235,0.045275442237863284
ResNet-18,s3,236,0.04129309004948856
ResNet-18,s3,237,0.04817722334004526
ResNet-18,s3,238,0.050280020732523356
ResNet-18,s3,239,0.044424137039818845
ResNet-18,s3,240,0.040006599299064804
ResNet-18,s3,241,0.06133095649091436
ResNet-18,s3,242,0.04281263234268451
ResNet-18,s3,243,0.041614300681731775
ResNet-18,s3,244,0.0358795973832311
ResNet-18,s3,245,0.022477917843281237
ResNet-18,s3,246,0.02406014629389419
ResNet-18,s3,247,0.0431521886390982
ResNet-18,s3,248,0.022609824499086217
ResNet-18,s3,249,0.03417790955453959
ResNet-18,s3,250,0.03051365629391689
ResNet-18,s3,251,0.032731417391517637
ResNet-18,s3,252,0.05374563994428272
ResNet-18,s3,253,0.06106351620843353
ResNet-18,s3,254,0.043030019344945436
ResNet-18,s3,255,0.026176968040865334
ResNet-18,s3,256,0.05100662826106661
ResNet-18,s3,257,0.0428495107232707
ResNet-18,s3,258,0.027546995917412165
ResNet-18,s3,259,0.0533672646126121
ResNet-18,s3,260,0.04817267653337498
ResNet-18,s3,261,0.023845234801105786
ResNet-18,s3,262,0.042215172653853106
ResNet-18,s3,263,0.040764950498423214
ResNet-18,s3,264,0.04674170978596548
ResNet-18,s3,265,0.02844504882474097
ResNet-18,s3,266,0.057104629858244715
ResNet-18,s3,267,0.0367989021353754
ResNet-18,s3,268,0.044355570385485765
ResNet-18,s3,269,0.04157904085208475
ResNet-18,s3,270,0.030147794816651974
ResNet-18,s3,271,0.04063535844471522
ResNet-18,s3,272,0.04523231848223652
ResNet-18,s3,273,0.024914105736271952
ResNet-18,s3,274,0.05549155681774598
ResNet-18,s3,275,0.021302302934731676
ResNet-18,s3,276,0.022907242965442887
ResNet-18,s3,277,0.03386400877762663
ResNet-18,s3,278,0.030038692974973524
ResNet-18,s3,279,0.020346541451606304
ResNet-18,s3,280,0.0311079183596753
ResNet-18,s3,281,0.032735447344449886
ResNet-18,s3,282,0.04013612982565673
ResNet-18,s3,283,0.06859678271474157
ResNet-18,s3,284,0.044956682747986365
ResNet-18,s3,285,0.041236803387170395
ResNet-18,s3,286,0.0365373942022994
ResNet-18,s3,287,0.03900345518422499
ResNet-18,s3,288,0.045838050399190644
ResNet-18,s3,289,0.05982843750309852
ResNet-18,s3,290,0.029014165899065247
ResNet-18,s3,291,0.044139943877184784
ResNet-18,s3,292,0.02739195352848589
ResNet-18,s3,293,0.0312956086423013
ResNet-18,s3,294,0.0546296123452048
ResNet-18,s3,295,0.057334060368531725
ResNet-18,s3,296,0.06994929260237792
ResNet-18,s3,297,0.027667449627968965
ResNet-18,s3,298,0.06333738088528618
ResNet-18,s3,299,0.029877442923924247
ResNet-18,s3,300,0.03813187948873109
ResNet-18,s3,301,0.030078387407638574
ResNet-18,s3,302,0.04272597796919053
ResNet-18,s3,303,0.056748281776489606
ResNet-18,s3,304,0.030889145662099438
ResNet-18,s3,305,0.0600984231143894
ResNet-18,s3,306,0.02963015253057033
ResNet-18,s3,307,0.04867369695613777
ResNet-18,s3,308,0.030905231106317932
ResNet-18,s3,309,0.03939099444720473
ResNet-18,s3,310,0.040727535121361846
ResNet-18,s3,311,0.03398522590587072
ResNet-18,s3,312,0.0505696351767676
ResNet-18,s3,313,0.04276881214264161
ResNet-18,s3,314,0.053753501711788165
ResNet-18,s3,315,0.035357657831330824
ResNet-18,s3,316,0.05364794162471642
ResNet-18,s3,317,0.05325502760492096
ResNet-18,s3,318,0.06193053451925645
ResNet-18,s3,319,0.06031282789844783
ResNet-18,s3,320,0.03972684126400883
ResNet-18,s3,321,0.015598466109970288
ResNet-18,s3,322,0.027075538889202888
ResNet-18,s3,323,0.048416223486951404
ResNet-18,s3,324,0.03663094921289556
ResNet-18,s3,325,0.0331327649321016
ResNet-18,s3,326,0.03902236302834705
ResNet-18,s3,327,0.05739944287474763
ResNet-18,s3,328,0.0676551093084653
ResNet-18,s3,329,0.03819016202405234
ResNet-18,s3,330,0.022808051323052192
ResNet-18,s3,331,0.02199919014802998
ResNet-18,s3,332,0.04212443731081472
ResNet-18,s3,333,0.04768402930815152
ResNet-18,s3,334,0.03782631784041934
ResNet-18,s3,335,0.043170504277550426
ResNet-18,s3,336,0.04868230654103345
ResNet-18,s3,337,0.05758405516026521
ResNet-18,s3,338,0.04977001757586097
ResNet-18,s3,339,0.0131515345114106
ResNet-18,s3,340,0.01861758601289576
ResNet-18,s3,341,0.06161251945795565
ResNet-18,s3,342,0.04679451908795407
ResNet-18,s3,343,0.04599043013383797
ResNet-18,s3,344,0.056424324999699405
ResNet-18,s3,345,0.03510102296822859
ResNet-18,s3,346,0.03445104633712359
ResNet-18,s3,347,0.03332654854070516
ResNet-18,s3,348,0.03139848858629135
ResNet-18,s3,349,0.01953464053056142
ResNet-18,s3,350,0.04468406750200338
ResNet-18,s3,351,0.0449152965478502
ResNet-18,s3,352,0.03742697101736714
ResNet-18,s3,353,0.033321766538543796
ResNet-18,s3,354,0.04692618749560473
ResNet-18,s3,355,0.049725141459566746
ResNet-18,s3,356,0.031020707954833138
ResNet-18,s3,357,0.05143242998116648
ResNet-18,s3,358,0.036150729535158965
ResNet-18,s3,359,0.05364812941678976
ResNet-18,s3,360,0.0441407707714051
ResNet-18,s3,361,0.03550719034639516
ResNet-18,s3,362,0.029447983813105205
ResNet-18,s3,363,0.03620150065695549
ResNet-18,s3,364,0.027694531702556535
ResNet-18,s3,365,0.038859745093056675
ResNet-18,s3,366,0.032310792241119546
ResNet-18,s3,367,0.04232633475866876
ResNet-18,s3,368,0.058459549093538454
ResNet-18,s3,369,0.04506603850245905
ResNet-18,s3,370,0.0478112349006663
ResNet-18,s3,371,0.04213893191927953
ResNet-18,s3,372,0.058900135571348766
ResNet-18,s3,373,0.03402987132788393
ResNet-18,s3,374,0.024466943266750696
ResNet-18,s3,375,0.039329202656960494
ResNet-18,s3,376,0.044134862684800935
ResNet-18,s3,377,0.05888667158164829
ResNet-18,s3,378,0.043463157506834715
ResNet-18,s3,379,0.015997758326700806
ResNet-18,s3,380,0.05041357173301242
ResNet-18,s3,381,0.04990106161890939
ResNet-18,s3,382,0.03699592404650598
ResNet-18,s3,383,0.030310130214569297
ResNet-18,s3,384,0.04007163062799146
ResNet-18,s3,385,0.03610005418910234
ResNet-18,s3,386,0.020997348154563333
ResNet-18,s3,387,0.03359869488892886
ResNet-18,s3,388,0.036223668490095284
ResNet-18,s3,389,0.03139049958768414
ResNet-18,s3,390,0.034737485802516344
ResNet-18,s3,391,0.05207975700640377
ResNet-18,s3,392,0.07155132137196785
ResNet-18,s3,393,0.04731759565145288
ResNet-18,s3,394,0.028662870484320813
ResNet-18,s3,395,0.03526011363918058
ResNet-18,s3,396,0.05970303286481693
ResNet-18,s3,397,0.05065118323320916
ResNet-18,s3,398,0.05985623212222768
ResNet-18,s3,399,0.032766688823689716
ResNet-18,s3,400,0.05413155399608205
ResNet-18,s3,401,0.04984279278656356
ResNet-18,s3,402,0.04391858435662466
ResNet-18,s3,403,0.050521704788161204
ResNet-18,s3,404,0.0422276856004824
ResNet-18,s3,405,0.04359942962289365
ResNet-18,s3,406,0.05603123800341736
ResNet-18,s3,407,0.03519486416391504
ResNet-18,s3,408,0.030133649848648858
ResNet-18,s3,409,0.01711834989665273
ResNet-18,s3,410,0.02923264012775817
ResNet-18,s3,411,0.06642351852598183
ResNet-18,s3,412,0.029535253703346087
ResNet-18,s3,413,0.04485889031472312
ResNet-18,s3,414,0.034857722508949696
ResNet-18,s3,415,0.029652412177084475
ResNet-18,s3,416,0.04678931809311859
ResNet-18,s3,417,0.0631381064661225
ResNet-18,s3,418,0.041317382063026376
ResNet-18,s3,419,0.04536145173454287
ResNet-18,s3,420,0.05219526653320128
ResNet-18,s3,421,0.05004155883520012
ResNet-18,s3,422,0.0288196352989053
ResNet-18,s3,423,0.050850007104983774
ResNet-18,s3,424,0.052066474712091804
ResNet-18,s3,425,0.048530702178753105
ResNet-18,s3,426,0.03664080360272559
ResNet-18,s3,427,0.04102999502873306
ResNet-18,s3,428,0.039196342363867265
ResNet-18,s3,429,0.03522640982476877
ResNet-18,s3,430,0.05995271376232758
ResNet-18,s3,431,0.04515113078848443
ResNet-18,s3,432,0.058790370790193
ResNet-18,s3,433,0.04639010472186278
ResNet-18,s3,434,0.04715726935343101
ResNet-18,s3,435,0.03957391651103781
ResNet-18,s3,436,0.05211877432218537
ResNet-18,s3,437,0.032370363687130865
ResNet-18,s3,438,0.03818904901001141
ResNet-18,s3,439,0.04638079755695401
ResNet-18,s3,440,0.033660824927639
ResNet-18,s3,441,0.04836957444767043
ResNet-18,s3,442,0.045136345467638894
ResNet-18,s3,443,0.04548660058865117
ResNet-18,s3,444,0.041878164165737974
ResNet-18,s3,445,0.038156819514076123
ResNet-18,s3,446,0.039767625856484745
ResNet-18,s3,447,0.018848755320779564
ResNet-18,s3,448,0.05284312564350935
ResNet-18,s3,449,0.03699333513981762
ResNet-18,s3,450,0.05270483887776389
ResNet-18,s3,451,0.06460126220122886
ResNet-18,s3,452,0.04049029515740865
ResNet-18,s3,453,0.049480891700296126
ResNet-18,s3,454,0.05497616100644942
ResNet-18,s3,455,0.035291128785630566
ResNet-18,s3,456,0.03636502665209007
ResNet-18,s3,457,0.04780500007231692
ResNet-18,s3,458,0.04091162421637473
ResNet-18,s3,459,0.04521867373012922
ResNet-18,s3,460,0.03679463381139336
ResNet-18,s3,461,0.04637123607898863
ResNet-18,s3,462,0.056296481717683644
ResNet-18,s3,463,0.03710879304525361
ResNet-18,s3,464,0.035176643209742675
ResNet-18,s3,465,0.03989813674577658
ResNet-18,s3,466,0.049884874361037834
ResNet-18,s3,467,0.02713794245312473
ResNet-18,s3,468,0.030716923418934394
ResNet-18,s3,469,0.04248772721591354
ResNet-18,s3,470,0.04469619310048423
ResNet-18,s3,471,0.031067660351747906
ResNet-18,s3,472,0.052226739456395554
ResNet-18,s3,473,0.05636849835987223
ResNet-18,s3,474,0.043845631685158426
ResNet-18,s3,475,0.03868102442969068
ResNet-18,s3,476,0.03225272903061682
ResNet-18,s3,477,0.04736936228354627
ResNet-18,s3,478,0.061198852636591416
ResNet-18,s3,479,0.034206348039825474
ResNet-18,s3,480,0.032153804729819324
ResNet-18,s3,481,0.05232097597396357
ResNet-18,s3,482,0.044105305620475765
ResNet-18,s3,483,0.05808859753939111
ResNet-18,s3,484,0.027919087593107905
ResNet-18,s3,485,0.03313723287067494
ResNet-18,s3,486,0.0631246806806891
ResNet-18,s3,487,0.02530598352180513
ResNet-18,s3,488,0.042520679677905626
ResNet-18,s3,489,0.0392014787579128
ResNet-18,s3,490,0.04981259875221655
ResNet-18,s3,491,0.03271106883761399
ResNet-18,s3,492,0.030666163295149262
ResNet-18,s3,493,0.0489206905380426
ResNet-18,s3,494,0.035618187180351035
ResNet-18,s3,495,0.030776095833615957
ResNet-18,s3,496,0.03882089916170217
ResNet-18,s3,497,0.06660165395569273
ResNet-18,s3,498,0.042544786822452996
ResNet-18,s3,499,0.04875747675501929
ResNet-18,s3,500,0.04072207774291947
ResNet-18,s3,501,0.03957215096822564
ResNet-18,s3,502,0.03207386336103557
ResNet-18,s3,503,0.03712230044328746
ResNet-18,s3,504,0.02550258754348178
ResNet-18,s3,505,0.05094348599856857
ResNet-18,s3,506,0.04278855897431377
ResNet-18,s3,507,0.020559420535651407
ResNet-18,s3,508,0.03546118767442774
ResNet-18,s3,509,0.05578937657905314
ResNet-18,s3,510,0.02177323827483757
ResNet-18,s3,511,0.04358765931790198
ResNet-18,s3,512,0.04153733371994006
ResNet-18,s3,513,0.03090522060721268
ResNet-18,s3,514,0.0498934015977609
ResNet-18,s3,515,0.055497869003011346
ResNet-18,s3,516,0.04807127168084968
ResNet-18,s3,517,0.029941355557624005
ResNet-18,s3,518,0.03809930530139605
ResNet-18,s3,519,0.05085668871463411
ResNet-18,s3,520,0.04234361419618449
ResNet-18,s3,521,0.047574389291460295
ResNet-18,s3,522,0.033940417501743037
ResNet-18,s3,523,0.07166438633191663
ResNet-18,s3,524,0.05855435734429659
ResNet-18,s3,525,0.060665930702855864
ResNet-18,s3,526,0.06633665778719522
ResNet-18,s3,527,0.05237913562780139
ResNet-18,s3,528,0.0523416417655459
ResNet-18,s3,529,0.03032609920889362
ResNet-18,s3,530,0.07233484085299935
ResNet-18,s3,531,0.049650335489293096
ResNet-18,s3,532,0.04244176247043174
ResNet-18,s3,533,0.03762802856180869
ResNet-18,s3,534,0.02605019174205503
ResNet-18,s3,535,0.028643041162961125
ResNet-18,s3,536,0.05862635974784414
ResNet-18,s3,537,0.05330045432735098
ResNet-18,s3,538,0.05691454854093525
ResNet-18,s3,539,0.053018516895869894
ResNet-18,s3,540,0.05137421891769045
ResNet-18,s3,541,0.03560106478080527
ResNet-18,s3,542,0.02726924236875261
ResNet-18,s3,543,0.04541501393069547
ResNet-18,s3,544,0.02249366583656487
ResNet-18,s3,545,0.05459042190406804
ResNet-18,s3,546,0.03208483842387877
ResNet-18,s3,547,0.029600883311278636
ResNet-18,s3,548,0.08238409697136906
ResNet-18,s3,549,0.051679318820914144
ResNet-18,s3,550,0.01298787018391967
ResNet-18,s3,551,0.05619906498458893
ResNet-18,s3,552,0.05454297875399072
ResNet-18,s3,553,0.04553373335790856
ResNet-18,s3,554,0.054095936557576274
ResNet-18,s3,555,0.049054475653723895
ResNet-18,s3,556,0.035086265467682676
ResNet-18,s3,557,0.04418322879809733
ResNet-18,s3,558,0.03571595712905595
ResNet-18,s3,559,0.057736710869705554
ResNet-18,s3,560,0.05682358511467955
ResNet-18,s3,561,0.04614708853060845
ResNet-18,s3,562,0.048504726476123694
ResNet-18,s3,563,0.039978191454379086
ResNet-18,s3,564,0.045358165578773924
ResNet-18,s3,565,0.058168105761797095
ResNet-18,s3,566,0.0409682053773478
ResNet-18,s3,567,0.033339526408592834
ResNet-18,s3,568,0.009825835189494425
ResNet-18,s3,569,0.024167762420507888
ResNet-18,s3,570,0.04227459908836473
ResNet-18,s3,571,0.061550022638760304
ResNet-18,s3,572,0.05663983185240784
ResNet-18,s3,573,0.04268962317374003
ResNet-18,s3,574,0.06500525742434904
ResNet-18,s3,575,0.03501354689567282
ResNet-18,s3,576,0.042629914145742576
ResNet-18,s3,577,0.050821999419014996
ResNet-18,s3,578,0.04792184481504058
ResNet-18,s3,579,0.017262745597527718
ResNet-18,s3,580,0.05212106893238677
ResNet-18,s3,581,0.05363174449967345
ResNet-18,s3,582,0.046896106868545284
ResNet-18,s3,583,0.05373624959802514
ResNet-18,s3,584,0.03115406315803604
ResNet-18,s3,585,0.0445701460046557
ResNet-18,s3,586,0.041417745030162934
ResNet-18,s3,587,0.06628828445131807
ResNet-18,s3,588,0.04406863974311215
ResNet-18,s3,589,0.0625852281800896
ResNet-18,s3,590,0.03177788058466924
ResNet-18,s3,591,0.03511191167295302
ResNet-18,s3,592,0.041905965051149074
ResNet-18,s3,593,0.05057453558788394
ResNet-18,s3,594,0.057917178367109634
ResNet-18,s3,595,0.03405667321128869
ResNet-18,s3,596,0.046379732894304304
ResNet-18,s3,597,0.03609296089097769
ResNet-18,s3,598,0.035590073355577734
ResNet-18,s3,599,0.025588935747562047
ResNet-18,s3,600,0.017046302560247528
ResNet-18,s3,601,0.05316474254086967
ResNet-18,s3,602,0.024166271023124963
ResNet-18,s3,603,0.03989589334786803
ResNet-18,s3,604,0.04502120337976223
ResNet-18,s3,605,0.026926538763179075
ResNet-18,s3,606,0.05388961233999601
ResNet-18,s3,607,0.028211657363028664
ResNet-18,s3,608,0.055223200260616445
ResNet-18,s3,609,0.054763355539998226
ResNet-18,s3,610,0.014360249831572691
ResNet-18,s3,611,0.056843156571452
ResNet-18,s3,612,0.0390524262768972
ResNet-18,s3,613,0.05039008830550562
ResNet-18,s3,614,0.02678132655322507
ResNet-18,s3,615,0.04065632221544935
ResNet-18,s3,616,0.05465683971457791
ResNet-18,s3,617,0.04288760010033199
ResNet-18,s3,618,0.04367451716633197
ResNet-18,s3,619,0.04875929073312224
ResNet-18,s3,620,0.03364327591802363
ResNet-18,s3,621,0.024987947478796624
ResNet-18,s3,622,0.029585199680492003
ResNet-18,s3,623,0.033124685196262216
ResNet-18,s3,624,0.055807310397628984
ResNet-18,s3,625,0.03751591052928849
ResNet-18,s3,626,0.026738773802629345
ResNet-18,s3,627,0.0393553312324989
ResNet-18,s3,628,0.023000622196040044
ResNet-18,s3,629,0.03682729475298341
ResNet-18,s3,630,0.06577112053795453
ResNet-18,s3,631,0.023895382819238864
ResNet-18,s3,632,0.03191740741814808
ResNet-18,s3,633,0.027986218466945934
ResNet-18,s3,634,0.06388116627713158
ResNet-18,s3,635,0.0429233508220811
ResNet-18,s3,636,0.06035893999096276
ResNet-18,s3,637,0.03272588866196624
ResNet-18,s3,638,0.04959132919921738
ResNet-18,s3,639,0.03568068702074534
ResNet-18,s3,640,0.06757676771686949
ResNet-18,s3,641,0.027063502193735545
ResNet-18,s3,642,0.030498163424640623
ResNet-18,s3,643,0.028419739719346526
ResNet-18,s3,644,0.029661610822333984
ResNet-18,s3,645,0.04302749647750048
ResNet-18,s3,646,0.03472283841807422
ResNet-18,s3,647,0.04696437774709605
ResNet-18,s3,648,0.04405003664276674
ResNet-18,s3,649,0.05018360469898486
ResNet-18,s3,650,0.026566368907079307
ResNet-18,s3,651,0.046064449042526934
ResNet-18,s3,652,0.031478834260548316
ResNet-18,s3,653,0.05009546501595041
ResNet-18,s3,654,0.0402976017986576
ResNet-18,s3,655,0.047547471716646195
ResNet-18,s3,656,0.03781811783349209
ResNet-18,s3,657,0.01955110515210945
ResNet-18,s3,658,0.056495784526502946
ResNet-18,s3,659,0.04425897521964528
ResNet-18,s3,660,0.06265940036462558
ResNet-18,s3,661,0.039967565826885876
ResNet-18,s3,662,0.06194710144995663
ResNet-18,s3,663,0.0539150335415608
ResNet-18,s3,664,0.030018408049613088
ResNet-18,s3,665,0.048072549499941886
ResNet-18,s3,666,0.04615222128409857
ResNet-18,s3,667,0.02424630179209364
ResNet-18,s3,668,0.021739292086223494
ResNet-18,s3,669,0.027217799890643435
ResNet-18,s3,670,0.04675789204450398
ResNet-18,s3,671,0.040354429674037795
ResNet-18,s3,672,0.042060255350438114
ResNet-18,s3,673,0.032433508103010045
ResNet-18,s3,674,0.04022251991523784
ResNet-18,s3,675,0.05796156669203412
ResNet-18,s3,676,0.031212631432123716
ResNet-18,s3,677,0.05361610811936568
ResNet-18,s3,678,0.02930311217751591
ResNet-18,s3,679,0.059010801254941736
ResNet-18,s3,680,0.04941201303963705
ResNet-18,s3,681,0.06046802001023821
ResNet-18,s3,682,0.034196488950406834
ResNet-18,s3,683,0.022980249301568723
ResNet-18,s3,684,0.04786201460846817
ResNet-18,s3,685,0.060651750386844894
ResNet-18,s3,686,0.03966197841990682
ResNet-18,s3,687,0.03772010146526694
ResNet-18,s3,688,0.042195125781794185
ResNet-18,s3,689,0.0385184725554063
ResNet-18,s3,690,0.04223831351655527
ResNet-18,s3,691,0.061322891733551765
ResNet-18,s3,692,0.03769488785572028
ResNet-18,s3,693,0.056596576017598266
ResNet-18,s3,694,0.05041812713756544
ResNet-18,s3,695,0.03940272810683498
ResNet-18,s3,696,0.03240694309611869
ResNet-18,s3,697,0.058051499603417045
ResNet-18,s3,698,0.050622822525624556
ResNet-18,s3,699,0.04109699516872323
ResNet-18,s3,700,0.030449644756767813
ResNet-18,s3,701,0.0614580390449021
ResNet-18,s3,702,0.07216171903054747
ResNet-18,s3,703,0.03795503265328193
ResNet-18,s3,704,0.02344029512966972
ResNet-18,s3,705,0.028484646880366782
ResNet-18,s3,706,0.038881207463370204
ResNet-18,s3,707,0.033105999662706664
ResNet-18,s3,708,0.06294656779522334
ResNet-18,s3,709,0.03868273821794932
ResNet-18,s3,710,0.04263791588824195
ResNet-18,s3,711,0.06806836440674346
ResNet-18,s3,712,0.04765783537271295
ResNet-18,s3,713,0.056644697842259895
ResNet-18,s3,714,0.05991407338543686
ResNet-18,s3,715,0.03425349219102547
ResNet-18,s3,716,0.05112114657174649
ResNet-18,s3,717,0.025202795741185335
ResNet-18,s3,718,0.057467482271745474
ResNet-18,s3,719,0.03746768854298255
ResNet-18,s3,720,0.025894904746482927
ResNet-18,s3,721,0.04261134390344479
ResNet-18,s3,722,0.05194752066842745
ResNet-18,s3,723,0.04392542581678838
ResNet-18,s3,724,0.056728558150931585
ResNet-18,s3,725,0.019490747377828188
ResNet-18,s3,726,0.05440266526116433
ResNet-18,s3,727,0.030825007717940278
ResNet-18,s3,728,0.05105102298265085
ResNet-18,s3,729,0.051206662406249936
ResNet-18,s3,730,0.05288360932727909
ResNet-18,s3,731,0.04356101669793322
ResNet-18,s3,732,0.03470346098007038
ResNet-18,s3,733,0.02097086008717919
ResNet-18,s3,734,0.06062776243046286
ResNet-18,s3,735,0.03504977584715718
ResNet-18,s3,736,0.02921070128409131
ResNet-18,s3,737,0.037955113118002926
ResNet-18,s3,738,0.06276943795870449
ResNet-18,s3,739,0.06143392024911154
ResNet-18,s3,740,0.040731296710914244
ResNet-18,s3,741,0.04146070210357311
ResNet-18,s3,742,0.05247762067640949
ResNet-18,s3,743,0.035777097279373615
ResNet-18,s3,744,0.03109406983867391
ResNet-18,s3,745,0.04211088230138671
ResNet-18,s3,746,0.033763215244061784
ResNet-18,s3,747,0.023752610983185707
ResNet-18,s3,748,0.0345831464610038
ResNet-18,s3,749,0.03543041564798244
ResNet-18,s3,750,0.04138016548065149
ResNet-18,s3,751,0.0594110613752068
ResNet-18,s3,752,0.03706531047853023
ResNet-18,s3,753,0.025095320610659222
ResNet-18,s3,754,0.025337393987639345
ResNet-18,s3,755,0.03499523905188817
ResNet-18,s3,756,0.05436585065477806
ResNet-18,s3,757,0.04192455275044926
ResNet-18,s3,758,0.03827123204933014
ResNet-18,s3,759,0.05582830417434792
ResNet-18,s3,760,0.036503386797314574
ResNet-18,s3,761,0.03861703809509087
ResNet-18,s3,762,0.030927913279536257
ResNet-18,s3,763,0.021743979855399553
ResNet-18,s3,764,0.049628505242442555
ResNet-18,s3,765,0.03602494482294394
ResNet-18,s3,766,0.04686382267011624
ResNet-18,s3,767,0.04403150678125223
ResNet-18,s3,768,0.04975282401998338
ResNet-18,s3,769,0.03338892002650784
ResNet-18,s3,770,0.030770544266534472
ResNet-18,s3,771,0.04735259246387258
ResNet-18,s3,772,0.02973773727056328
ResNet-18,s3,773,0.013618189759037058
ResNet-18,s3,774,0.04979942706449081
ResNet-18,s3,775,0.03342603605545247
ResNet-18,s3,776,0.03971777698143808
ResNet-18,s3,777,0.028400830522807174
ResNet-18,s3,778,0.04367180211453803
ResNet-18,s3,779,0.06230230322902397
ResNet-18,s3,780,0.042135404634260465
ResNet-18,s3,781,0.046675025832793926
ResNet-18,s3,782,0.03642318848269144
ResNet-18,s3,783,0.05686969140368603
ResNet-18,s3,784,0.04291463691998876
ResNet-18,s3,785,0.06166948781646664
ResNet-18,s3,786,0.03709339564051872
ResNet-18,s3,787,0.03462598748259005
ResNet-18,s3,788,0.06706198457010248
ResNet-18,s3,789,0.030686409227924094
ResNet-18,s3,790,0.06929059905354118
ResNet-18,s3,791,0.05582165850597143
ResNet-18,s3,792,0.052395848042888216
ResNet-18,s3,793,0.06427641995509914
ResNet-18,s3,794,0.05154835548947756
ResNet-18,s3,795,0.045319068413483654
ResNet-18,s3,796,0.04532976750868822
ResNet-18,s3,797,0.03311871070630945
ResNet-18,s3,798,0.029085179198499622
ResNet-18,s3,799,0.03616434144368119
ResNet-18,s3,800,0.044891970757887756
ResNet-18,s3,801,0.04311715021923357
ResNet-18,s3,802,0.04326759008750858
ResNet-18,s3,803,0.032867403615314705
ResNet-18,s3,804,0.018152299591872922
ResNet-18,s3,805,0.031299426653268125
ResNet-18,s3,806,0.06660693452680166
ResNet-18,s3,807,0.033840479645932287
ResNet-18,s3,808,0.051920717732378274
ResNet-18,s3,809,0.03569185757481719
ResNet-18,s3,810,0.0426629841554752
ResNet-18,s3,811,0.02082499617735445
ResNet-18,s3,812,0.05335662718300316
ResNet-18,s3,813,0.04119202363402341
ResNet-18,s3,814,0.05110296959347371
ResNet-18,s3,815,0.02667383727240802
ResNet-18,s3,816,0.046008442936182226
ResNet-18,s3,817,0.033985489401025415
ResNet-18,s3,818,0.03894176838111596
ResNet-18,s3,819,0.0672547870602972
ResNet-18,s3,820,0.056563409012309496
ResNet-18,s3,821,0.04881988475992183
ResNet-18,s3,822,0.06468783138039846
ResNet-18,s3,823,0.04251634061424148
ResNet-18,s3,824,0.027055867868563288
ResNet-18,s3,825,0.06150258122878549
ResNet-18,s3,826,0.051948393655099956
ResNet-18,s3,827,0.043609332088973884
ResNet-18,s3,828,0.041091920400993964
ResNet-18,s3,829,0.034489509336436686
ResNet-18,s3,830,0.03691319884710176
ResNet-18,s3,831,0.03916964978661586
ResNet-18,s3,832,0.023181333519214586
ResNet-18,s3,833,0.04037009935269331
ResNet-18,s3,834,0.03141567672548784
ResNet-18,s3,835,0.05413430216873216
ResNet-18,s3,836,0.0428522612137433
ResNet-18,s3,837,0.056765297746277366
ResNet-18,s3,838,0.04002174117972912
ResNet-18,s3,839,0.02437438803673364
ResNet-18,s3,840,0.03552334638012278
ResNet-18,s3,841,0.03289350054882434
ResNet-18,s3,842,0.060213569889032814
ResNet-18,s3,843,0.03595878447015921
ResNet-18,s3,844,0.05190408247612388
ResNet-18,s3,845,0.0646254128154341
ResNet-18,s3,846,0.055413205404328814
ResNet-18,s3,847,0.03026974570372587
ResNet-18,s3,848,0.037996540097194
ResNet-18,s3,849,0.05719510007288431
ResNet-18,s3,850,0.04974113890264975
ResNet-18,s3,851,0.042699233669706294
ResNet-18,s3,852,0.03148386240526002
ResNet-18,s3,853,0.049197156377863926
ResNet-18,s3,854,0.02948265517593618
ResNet-18,s3,855,0.04631467212826268
ResNet-18,s3,856,0.03364207202984604
ResNet-18,s3,857,0.05997924798515819
ResNet-18,s3,858,0.047174009845041054
ResNet-18,s3,859,0.04594798650759713
ResNet-18,s3,860,0.027992162021495237
ResNet-18,s3,861,0.04983774168996247
ResNet-18,s3,862,0.022796385013892473
ResNet-18,s3,863,0.034668260304306475
ResNet-18,s3,864,0.06214862066688265
ResNet-18,s3,865,0.05054146900958956
ResNet-18,s3,866,0.0350909637831176
ResNet-18,s3,867,0.05576441158065415
ResNet-18,s3,868,0.034183080294511226
ResNet-18,s3,869,0.03323788812414652
ResNet-18,s3,870,0.0373241057101511
ResNet-18,s3,871,0.02590737798304077
ResNet-18,s3,872,0.04676700521151944
ResNet-18,s3,873,0.03967997554181513
ResNet-18,s3,874,0.053994617328766426
ResNet-18,s3,875,0.032217434798039624
ResNet-18,s3,876,0.0577335693847818
ResNet-18,s3,877,0.038678556076202186
ResNet-18,s3,878,0.05033220987905429
ResNet-18,s3,879,0.02777810381087764
ResNet-18,s3,880,0.05317789650688587
ResNet-18,s3,881,0.0286239397246425
ResNet-18,s3,882,0.05208251897647742
ResNet-18,s3,883,0.05781368907878126
ResNet-18,s3,884,0.024065435908425803
ResNet-18,s3,885,0.05246245812054473
ResNet-18,s3,886,0.02975939928034932
ResNet-18,s3,887,0.017788086665561753
ResNet-18,s3,888,0.02891892993782974
ResNet-18,s3,889,0.03229629173885151
ResNet-18,s3,890,0.055412905019535885
ResNet-18,s3,891,0.040094977346599725
ResNet-18,s3,892,0.04907832988866623
ResNet-18,s3,893,0.04476244266637952
ResNet-18,s3,894,0.043478213882486294
ResNet-18,s3,895,0.02562173713724114
ResNet-18,s3,896,0.043229357602487806
ResNet-18,s3,897,0.046362620443394675
ResNet-18,s3,898,0.031185174926200654
ResNet-18,s3,899,0.02938225368525893
ResNet-18,s3,900,0.052083392301630504
ResNet-18,s3,901,0.03427591817502629
ResNet-18,s3,902,0.0356062147340509
ResNet-18,s3,903,0.04205183954593916
ResNet-18,s3,904,0.06298000969576889
ResNet-18,s3,905,0.04675269541093008
ResNet-18,s3,906,0.04497147986500738
ResNet-18,s3,907,0.047564704457437657
ResNet-18,s3,908,0.04254464308437855
ResNet-18,s3,909,0.043204404478437874
ResNet-18,s3,910,0.04146889304838952
ResNet-18,s3,911,0.02957411754037853
ResNet-18,s3,912,0.026552142928000566
ResNet-18,s3,913,0.048650829832290965
ResNet-18,s3,914,0.048249860063186434
ResNet-18,s3,915,0.057899902845121254
ResNet-18,s3,916,0.05277763232647781
ResNet-18,s3,917,0.06068110469566179
ResNet-18,s3,918,0.06520525666261245
ResNet-18,s3,919,0.05134443256234089
ResNet-18,s3,920,0.03604613085451336
ResNet-18,s3,921,0.05780307483383218
ResNet-18,s3,922,0.05117816483193893
ResNet-18,s3,923,0.03330441938183715
ResNet-18,s3,924,0.033300098337963324
ResNet-18,s3,925,0.03925721971411622
ResNet-18,s3,926,0.027964114593125644
ResNet-18,s3,927,0.02864439953859632
ResNet-18,s3,928,0.037018459022250205
ResNet-18,s3,929,0.028866267756300523
ResNet-18,s3,930,0.0416437251572892
ResNet-18,s3,931,0.0522670888391602
ResNet-18,s3,932,0.0380244663867092
ResNet-18,s3,933,0.014225896975501029
ResNet-18,s3,934,0.033357600519823616
ResNet-18,s3,935,0.05426255774151645
ResNet-18,s3,936,0.04853546068909931
ResNet-18,s3,937,0.04715845449983702
ResNet-18,s3,938,0.048646257961513784
ResNet-18,s3,939,0.03229165358773356
ResNet-18,s3,940,0.02976697298398978
ResNet-18,s3,941,0.029647052406633567
ResNet-18,s3,942,0.04595079390243839
ResNet-18,s3,943,0.055763927986078876
ResNet-18,s3,944,0.037144691225717175
ResNet-18,s3,945,0.02861123117037878
ResNet-18,s3,946,0.0359054457971385
ResNet-18,s3,947,0.05069100826789974
ResNet-18,s3,948,0.03588364624408413
ResNet-18,s3,949,0.05128269199141278
ResNet-18,s3,950,0.053543897242032235
ResNet-18,s3,951,0.04867768178499565
ResNet-18,s3,952,0.05250925104988102
ResNet-18,s3,953,0.03720549407953766
ResNet-18,s3,954,0.02495343760497226
ResNet-18,s3,955,0.05350905450392185
ResNet-18,s3,956,0.03881585531512621
ResNet-18,s3,957,0.05107387372985195
ResNet-18,s3,958,0.05515368812319876
ResNet-18,s3,959,0.036062524808713636
ResNet-18,s3,960,0.055324569300930104
ResNet-18,s3,961,0.06933029522293177
ResNet-18,s3,962,0.04739536762466212
ResNet-18,s3,963,0.02922208720469821
ResNet-18,s3,964,0.03920904787491031
ResNet-18,s3,965,0.013104066265533842
ResNet-18,s3,966,0.04423733163224741
ResNet-18,s3,967,0.055371626769896265
ResNet-18,s3,968,0.023130709333667565
ResNet-18,s3,969,0.05012625752550137
ResNet-18,s3,970,0.060128261981602704
ResNet-18,s3,971,0.026990839462416205
ResNet-18,s3,972,0.049094275959371325
ResNet-18,s3,973,0.046951552990816214
ResNet-18,s3,974,0.027860247941899452
ResNet-18,s3,975,0.024578553514930546
ResNet-18,s3,976,0.04101978003554185
ResNet-18,s3,977,0.038971006251954154
ResNet-18,s3,978,0.04116319740295926
ResNet-18,s3,979,0.04085057187473817
ResNet-18,s3,980,0.0650630799711428
ResNet-18,s3,981,0.0526740007217541
ResNet-18,s3,982,0.04436893883070825
ResNet-18,s3,983,0.046098044465146315
ResNet-18,s3,984,0.06282868780940243
ResNet-18,s3,985,0.03532493742804066
ResNet-18,s3,986,0.028946172790076052
ResNet-18,s3,987,0.057841851529010335
ResNet-18,s3,988,0.04677341700452953
ResNet-18,s3,989,0.04037059967190393
ResNet-18,s3,990,0.030142922420292706
ResNet-18,s3,991,0.04411094554679351
ResNet-18,s3,992,0.044927921597409215
ResNet-18,s3,993,0.04046600219916985
ResNet-18,s3,994,0.052743378251520645
ResNet-18,s3,995,0.04896775013885235
ResNet-18,s3,996,0.05010814909304506
ResNet-18,s3,997,0.05693139912020939
ResNet-18,s3,998,0.021052079738130614
ResNet-18,s3,999,0.051731652801146555
ResNet-18,s4,0,0.03932656998400086
ResNet-18,s4,1,0.05261071732698863
ResNet-18,s4,2,0.036685483423484544
ResNet-18,s4,3,0.02006740822297115
ResNet-18,s4,4,0.024520455198098867
ResNet-18,s4,5,0.0342373853453013
ResNet-18,s4,6,0.0019762288446900644
ResNet-18,s4,7,-0.001717275309078392
ResNet-18,s4,8,0.03060297032892101
ResNet-18,s4,9,0.02141793324762431
ResNet-18,s4,10,0.03837451532813063
ResNet-18,s4,11,0.006971857935830994
ResNet-18,s4,12,0.013987162977361134
ResNet-18,s4,13,0.016748926886234305
ResNet-18,s4,14,0.03549173711410614
ResNet-18,s4,15,-0.0029531813477808866
ResNet-18,s4,16,0.027165447895417083
ResNet-18,s4,17,-0.008536990651714205
ResNet-18,s4,18,0.009613053555527884
ResNet-18,s4,19,0.02382848249544567
ResNet-18,s4,20,0.022897907659898076
ResNet-18,s4,21,0.03330955550587822
ResNet-18,s4,22,0.01772056649342335
ResNet-18,s4,23,-0.009126084294406756
ResNet-18,s4,24,0.022777292192785237
ResNet-18,s4,25,0.039146145100821594
ResNet-18,s4,26,-0.011537457239069848
ResNet-18,s4,27,0.009158448638196925
ResNet-18,s4,28,0.006614417062528188
ResNet-18,s4,29,0.04791707686265412
ResNet-18,s4,30,0.05631912292727481
ResNet-18,s4,31,0.013900217990832187
ResNet-18,s4,32,0.035067938886418126
ResNet-18,s4,33,0.014524731958079129
ResNet-18,s4,34,0.060387927352784976
ResNet-18,s4,35,0.023416213678993825
ResNet-18,s4,36,0.04808663228454102
ResNet-18,s4,37,0.03197175384212003
ResNet-18,s4,38,0.0004612204504313988
ResNet-18,s4,39,0.08300078309346004
ResNet-18,s4,40,0.043508924011984584
ResNet-18,s4,41,-0.005798809958539319
ResNet-18,s4,42,0.009920301105265206
ResNet-18,s4,43,0.04686621736822505
ResNet-18,s4,44,0.018640091894542632
ResNet-18,s4,45,0.038445400211974734
ResNet-18,s4,46,0.028178475730613717
ResNet-18,s4,47,0.01188198942907448
ResNet-18,s4,48,0.012415122437985593
ResNet-18,s4,49,0.002889394190341288
ResNet-18,s4,50,0.01811219858110613
ResNet-18,s4,51,0.047972290522754424
ResNet-18,s4,52,0.023732505685476912
ResNet-18,s4,53,0.038501360184244104
ResNet-18,s4,54,0.04851526798457195
ResNet-18,s4,55,0.03857879216534088
ResNet-18,s4,56,0.0073856964494707356
ResNet-18,s4,57,0.03203580525643379
ResNet-18,s4,58,0.007768898243447286
ResNet-18,s4,59,0.006078245369775859
ResNet-18,s4,60,0.05310728131130993
ResNet-18,s4,61,0.05477613254844127
ResNet-18,s4,62,0.07225781586263114
ResNet-18,s4,63,0.035090670203468566
ResNet-18,s4,64,0.03699108169272314
ResNet-18,s4,65,0.043750230020313974
ResNet-18,s4,66,-0.012684164563567912
ResNet-18,s4,67,0.026296450393640813
ResNet-18,s4,68,0.03549035075980567
ResNet-18,s4,69,-0.0074395331661779585
ResNet-18,s4,70,0.05686877212826602
ResNet-18,s4,71,-0.01331251128397648
ResNet-18,s4,72,0.0024933766157162474
ResNet-18,s4,73,0.00917147259261275
ResNet-18,s4,74,0.041625742420689615
ResNet-18,s4,75,0.03215871144466542
ResNet-18,s4,76,0.03659022852684535
ResNet-18,s4,77,0.014337277205105137
ResNet-18,s4,78,0.003859396430278106
ResNet-18,s4,79,0.02801533015746882
ResNet-18,s4,80,0.014922981723161866
ResNet-18,s4,81,0.053603051042574124
ResNet-18,s4,82,0.01726030838366177
ResNet-18,s4,83,0.035950426839652994
ResNet-18,s4,84,0.005678100018884802
ResNet-18,s4,85,0.004469567812220854
ResNet-18,s4,86,0.04521180338020969
ResNet-18,s4,87,-0.00513875487388038
ResNet-18,s4,88,0.03822498252570794
ResNet-18,s4,89,0.03141273237758546
ResNet-18,s4,90,0.02498302038094824
ResNet-18,s4,91,0.00944919543809486
ResNet-18,s4,92,-0.009161453706629907
ResNet-18,s4,93,0.0021563323460486172
ResNet-18,s4,94,0.004983594064212227
ResNet-18,s4,95,0.030453718135367236
ResNet-18,s4,96,0.00481081269932937
ResNet-18,s4,97,0.023127452040106133
ResNet-18,s4,98,0.018378237064464842
ResNet-18,s4,99,0.0154044298574606
ResNet-18,s4,100,0.02995249850995718
ResNet-18,s4,101,-0.010490287939916354
ResNet-18,s4,102,0.014375962072407877
ResNet-18,s4,103,0.03246234547015925
ResNet-18,s4,104,0.03428888094789728
ResNet-18,s4,105,0.0037428870807549863
ResNet-18,s4,106,0.026894532679209493
ResNet-18,s4,107,-0.0033828825359902837
ResNet-18,s4,108,0.019591722371380182
ResNet-18,s4,109,0.0023995115891682905
ResNet-18,s4,110,0.0051832391206665385
ResNet-18,s4,111,0.02893956982703083
ResNet-18,s4,112,0.017799197485756646
ResNet-18,s4,113,0.051755735013727766
ResNet-18,s4,114,0.021819062560258895
ResNet-18,s4,115,-0.0006234441950678793
ResNet-18,s4,116,-0.021100735598740927
ResNet-18,s4,117,-0.010283653902303791
ResNet-18,s4,118,-0.0025244868261935505
ResNet-18,s4,119,-0.014303387725177918
ResNet-18,s4,120,0.01658192979944728
ResNet-18,s4,121,0.027125513252262312
ResNet-18,s4,122,0.015245381835518379
ResNet-18,s4,123,0.035093577574234036
ResNet-18,s4,124,0.018838208708445103
ResNet-18,s4,125,0.03570670696543354
ResNet-18,s4,126,0.019171518595465176
ResNet-18,s4,127,0.022347760283166762
ResNet-18,s4,128,0.022959481044923402
ResNet-18,s4,129,0.01089790605717722
ResNet-18,s4,130,0.03228768210668653
ResNet-18,s4,131,0.03661580668142661
ResNet-18,s4,132,0.043365144485015494
ResNet-18,s4,133,0.0413321988795321
ResNet-18,s4,134,0.022922118996763885
ResNet-18,s4,135,0.006583013168928398
ResNet-18,s4,136,0.04346438117639584
ResNet-18,s4,137,0.05767245192155823
ResNet-18,s4,138,0.012293270268044831
ResNet-18,s4,139,0.041314072081618414
ResNet-18,s4,140,0.0343367710223651
ResNet-18,s4,141,0.015914752360461137
ResNet-18,s4,142,0.013667695124460422
ResNet-18,s4,143,0.05029752628373374
ResNet-18,s4,144,0.0436920388267128
ResNet-18,s4,145,0.04759273476654269
ResNet-18,s4,146,0.04737677609934399
ResNet-18,s4,147,0.011757829809356801
ResNet-18,s4,148,0.01483547919159467
ResNet-18,s4,149,0.026548435184664987
ResNet-18,s4,150,0.01546635967576826
ResNet-18,s4,151,0.037412300878290505
ResNet-18,s4,152,0.00928465726946448
ResNet-18,s4,153,-0.006580756968598056
ResNet-18,s4,154,0.031389891264078096
ResNet-18,s4,155,0.0005564541232181419
ResNet-18,s4,156,0.024606271982362427
ResNet-18,s4,157,0.0011655559086540812
ResNet-18,s4,158,0.058141660166350806
ResNet-18,s4,159,0.0210035096914587
ResNet-18,s4,160,0.0175005179005977
ResNet-18,s4,161,0.021061102078813176
ResNet-18,s4,162,0.07986337248383024
ResNet-18,s4,163,0.03868773877494769
ResNet-18,s4,164,-0.0008022509214190565
ResNet-18,s4,165,0.01831347189120569
ResNet-18,s4,166,0.04210976158449975
ResNet-18,s4,167,0.007550540825948859
ResNet-18,s4,168,0.022155819161064794
ResNet-18,s4,169,0.049140870901906
ResNet-18,s4,170,0.03156857881536301
ResNet-18,s4,171,0.03024465850825586
ResNet-18,s4,172,-0.00485358339583275
ResNet-18,s4,173,0.05005325471352906
ResNet-18,s4,174,2.1844975785723086e-05
ResNet-18,s4,175,0.03101611392503878
ResNet-18,s4,176,0.030400687734105758
ResNet-18,s4,177,0.035498186626219064
ResNet-18,s4,178,0.06341919736741974
ResNet-18,s4,179,0.07000506276934326
ResNet-18,s4,180,0.014898238469717606
ResNet-18,s4,181,0.040320664568396336
ResNet-18,s4,182,0.004184749102831398
ResNet-18,s4,183,-0.004498213450112809
ResNet-18,s4,184,0.0010518597122065598
ResNet-18,s4,185,0.03622351044179073
ResNet-18,s4,186,0.048067752902903216
ResNet-18,s4,187,0.007437656815820315
ResNet-18,s4,188,0.005560510704920474
ResNet-18,s4,189,0.017063734414200393
ResNet-18,s4,190,0.03234641982382602
ResNet-18,s4,191,0.034213563360418364
ResNet-18,s4,192,0.013148655335992743
ResNet-18,s4,193,0.016275248941734155
ResNet-18,s4,194,0.013302569891651461
ResNet-18,s4,195,0.034069733105990596
ResNet-18,s4,196,0.046888532515998005
ResNet-18,s4,197,0.031847776619208235
ResNet-18,s4,198,0.031167376902057176
ResNet-18,s4,199,-0.003925646991115084
ResNet-18,s4,200,0.03105798666468107
ResNet-18,s4,201,0.00861585480457594
ResNet-18,s4,202,0.001887163502970246
ResNet-18,s4,203,0.028156319574136335
ResNet-18,s4,204,0.009075132366255456
ResNet-18,s4,205,0.01879546378479069
ResNet-18,s4,206,0.01937815762061268
ResNet-18,s4,207,0.041816955213029194
ResNet-18,s4,208,0.033356021843643946
ResNet-18,s4,209,0.05497814671389989
ResNet-18,s4,210,0.031247589403590625
ResNet-18,s4,211,0.005402356836052502
ResNet-18,s4,212,0.005144116150503697
ResNet-18,s4,213,0.033328204381245397
ResNet-18,s4,214,0.01476026570240263
ResNet-18,s4,215,0.018976512505375465
ResNet-18,s4,216,0.02851891933039019
ResNet-18,s4,217,0.04286918933912076
ResNet-18,s4,218,0.017308955369419787
ResNet-18,s4,219,0.06398923108846244
ResNet-18,s4,220,0.028777434552787584
ResNet-18,s4,221,-0.02401941105066252
ResNet-18,s4,222,0.05082903710745357
ResNet-18,s4,223,0.04076526913780132
ResNet-18,s4,224,0.022866261647420894
ResNet-18,s4,225,0.04681716237609035
ResNet-18,s4,226,0.01941636308045469
ResNet-18,s4,227,-0.0009558020939314238
ResNet-18,s4,228,0.05860395080146019
ResNet-18,s4,229,0.03657207723903122
ResNet-18,s4,230,0.04658062369282445
ResNet-18,s4,231,0.031893380493676626
ResNet-18,s4,232,0.02881730297622498
ResNet-18,s4,233,0.011233737150993628
ResNet-18,s4,234,0.033982205719814695
ResNet-18,s4,235,-0.0003798523685545341
ResNet-18,s4,236,0.0034076995652796427
ResNet-18,s4,237,0.05263013547194584
ResNet-18,s4,238,0.034297512748241
ResNet-18,s4,239,0.017608824029688996
ResNet-18,s4,240,0.03385238352693043
ResNet-18,s4,241,0.007217181852986587
ResNet-18,s4,242,-0.002564545940782592
ResNet-18,s4,243,0.022003927296468717
ResNet-18,s4,244,0.03309010158880943
ResNet-18,s4,245,0.0027571167502932203
ResNet-18,s4,246,0.030141372051523452
ResNet-18,s4,247,0.039491343898968134
ResNet-18,s4,248,0.02735178696589413
ResNet-18,s4,249,0.0008379157012567973
ResNet-18,s4,250,0.050542063937855986
ResNet-18,s4,251,0.030825911317425847
ResNet-18,s4,252,0.01234624444400434
ResNet-18,s4,253,0.00981547056038834
ResNet-18,s4,254,0.015517588023037931
ResNet-18,s4,255,0.06064191716709688
ResNet-18,s4,256,0.031128167275352836
ResNet-18,s4,257,0.014380652052289444
ResNet-18,s4,258,0.008411666399413598
ResNet-18,s4,259,0.019878102066316905
ResNet-18,s4,260,0.021932587004013904
ResNet-18,s4,261,0.029637728739181912
ResNet-18,s4,262,0.056850039414265585
ResNet-18,s4,263,0.022491837737049325
ResNet-18,s4,264,0.018064304463600966
ResNet-18,s4,265,0.01470844472981958
ResNet-18,s4,266,0.03684480466625184
ResNet-18,s4,267,0.009565586243607371
ResNet-18,s4,268,0.03148646188781734
ResNet-18,s4,269,0.029238218126118598
ResNet-18,s4,270,0.01890779300633938
ResNet-18,s4,271,0.0002807705036115271
ResNet-18,s4,272,0.02890630573149755
ResNet-18,s4,273,0.036670515895457
ResNet-18,s4,274,0.028583952909074894
ResNet-18,s4,275,0.039447519867814695
ResNet-18,s4,276,0.030405048848395455
ResNet-18,s4,277,0.03386286693116636
ResNet-18,s4,278,0.037570740206765874
ResNet-18,s4,279,0.045726558023718056
ResNet-18,s4,280,-0.008395411935811059
ResNet-18,s4,281,0.010010687560575438
ResNet-18,s4,282,0.015489895264635178
ResNet-18,s4,283,0.044647069980389364
ResNet-18,s4,284,0.06492561328002733
ResNet-18,s4,285,0.04880107657701083
ResNet-18,s4,286,-0.0010488211035062367
ResNet-18,s4,287,0.022355554247429743
ResNet-18,s4,288,0.022985188109492016
ResNet-18,s4,289,0.062227496677700445
ResNet-18,s4,290,-0.0051512767312626995
ResNet-18,s4,291,0.03217651207656347
ResNet-18,s4,292,-0.006233933178478868
ResNet-18,s4,293,-0.01544190305101012
ResNet-18,s4,294,0.015563475367498136
ResNet-18,s4,295,0.03862230254349708
ResNet-18,s4,296,0.07197930466754143
ResNet-18,s4,297,0.06443634279786192
ResNet-18,s4,298,0.02196991886355404
ResNet-18,s4,299,0.01836350111875895
ResNet-18,s4,300,-0.0017700372531164188
ResNet-18,s4,301,0.004829833692959196
ResNet-18,s4,302,0.012757004631304136
ResNet-18,s4,303,0.02607715939835642
ResNet-18,s4,304,0.015122459215836881
ResNet-18,s4,305,0.05030229898040184
ResNet-18,s4,306,0.02620147470910572
ResNet-18,s4,307,0.04961571865318326
ResNet-18,s4,308,-0.013557465309106398
ResNet-18,s4,309,0.020154076873148408
ResNet-18,s4,310,0.030599609379763137
ResNet-18,s4,311,0.020771183358330725
ResNet-18,s4,312,0.0007690469825626378
ResNet-18,s4,313,0.03373848139393343
ResNet-18,s4,314,0.02515401091870384
ResNet-18,s4,315,0.055293168085036815
ResNet-18,s4,316,0.057717306145090186
ResNet-18,s4,317,0.031449390523165865
ResNet-18,s4,318,0.03588024845221871
ResNet-18,s4,319,0.041116143483094336
ResNet-18,s4,320,0.05381861405338151
ResNet-18,s4,321,-0.020078931356434127
ResNet-18,s4,322,0.028138362877903278
ResNet-18,s4,323,0.02430201528751963
ResNet-18,s4,324,0.04446990548141605
ResNet-18,s4,325,0.006916253384820825
ResNet-18,s4,326,-0.0024005081946554263
ResNet-18,s4,327,0.05311782460398029
ResNet-18,s4,328,0.05680062999808266
ResNet-18,s4,329,0.013252067458271677
ResNet-18,s4,330,0.00046145949805542763
ResNet-18,s4,331,0.02653713618148834
ResNet-18,s4,332,0.04502239042834244
ResNet-18,s4,333,0.011226955199551858
ResNet-18,s4,334,0.0729146731274618
ResNet-18,s4,335,0.023592639751561673
ResNet-18,s4,336,0.01198957332925521
ResNet-18,s4,337,0.025655574417709937
ResNet-18,s4,338,0.01659562554452254
ResNet-18,s4,339,0.00987080286071973
ResNet-18,s4,340,0.039552202545452664
ResNet-18,s4,341,0.03259207133088482
ResNet-18,s4,342,0.050585704891007666
ResNet-18,s4,343,0.012873099308975733
ResNet-18,s4,344,0.03755143532744043
ResNet-18,s4,345,-0.002765114433227245
ResNet-18,s4,346,0.050545403811766865
ResNet-18,s4,347,0.005186067913183101
ResNet-18,s4,348,0.006777518686255202
ResNet-18,s4,349,-0.01896241237504126
ResNet-18,s4,350,0.034163355312682886
ResNet-18,s4,351,0.011136105102669158
ResNet-18,s4,352,0.013353518631246786
ResNet-18,s4,353,0.017331374398846244
ResNet-18,s4,354,0.030580226952789835
ResNet-18,s4,355,0.07577685221961639
ResNet-18,s4,356,0.032900051603985236
ResNet-18,s4,357,0.0193012652849609
ResNet-18,s4,358,0.00014991643753026196
ResNet-18,s4,359,0.02489186310203584
ResNet-18,s4,360,0.03562399160462437
ResNet-18,s4,361,0.07790944650361054
ResNet-18,s4,362,0.018578092973605687
ResNet-18,s4,363,0.016094445170537597
ResNet-18,s4,364,0.0012510329284237676
ResNet-18,s4,365,0.01670095873277866
ResNet-18,s4,366,0.001039553347399358
ResNet-18,s4,367,-0.017359938031958233
ResNet-18,s4,368,0.029843087309881944
ResNet-18,s4,369,0.0007928655725594203
ResNet-18,s4,370,0.02700148516783174
ResNet-18,s4,371,0.022203754670954368
ResNet-18,s4,372,0.02589581296297061
ResNet-18,s4,373,0.00901785431049229
ResNet-18,s4,374,0.04986631703050859
ResNet-18,s4,375,0.010868508803923649
ResNet-18,s4,376,0.012399504277490925
ResNet-18,s4,377,0.048903868995974875
ResNet-18,s4,378,0.03777220493912814
ResNet-18,s4,379,-0.002280133417333685
ResNet-18,s4,380,0.05236136069995401
ResNet-18,s4,381,0.021987048136417164
ResNet-18,s4,382,0.02913825677897175
ResNet-18,s4,383,0.0038184533509549867
ResNet-18,s4,384,0.0189499847525596
ResNet-18,s4,385,0.04673896129160815
ResNet-18,s4,386,0.010371340319122124
ResNet-18,s4,387,0.01960826170179142
ResNet-18,s4,388,0.021240616076929397
ResNet-18,s4,389,-0.012078302410109987
ResNet-18,s4,390,-0.003015024893220586
ResNet-18,s4,391,0.028849161038356885
ResNet-18,s4,392,0.01507720406308588
ResNet-18,s4,393,0.03582188880301751
ResNet-18,s4,394,0.019961843131776402
ResNet-18,s4,395,0.08346009686258316
ResNet-18,s4,396,0.04109601403314245
ResNet-18,s4,397,0.02154242780980975
ResNet-18,s4,398,0.007363115037376078
ResNet-18,s4,399,0.009259126885950097
ResNet-18,s4,400,0.015102489980752587
ResNet-18,s4,401,-0.0057250825854413545
ResNet-18,s4,402,0.035664455104777226
ResNet-18,s4,403,0.04357361091646039
ResNet-18,s4,404,0.04883095616084876
ResNet-18,s4,405,0.03839418074893741
ResNet-18,s4,406,0.05182627159629927
ResNet-18,s4,407,0.01953855900431356
ResNet-18,s4,408,0.02929317071128168
ResNet-18,s4,409,-0.000532346395975547
ResNet-18,s4,410,0.04202583447515784
ResNet-18,s4,411,0.046418021583933045
ResNet-18,s4,412,0.0024620280354400448
ResNet-18,s4,413,0.04279522921943402
ResNet-18,s4,414,0.024350153591644497
ResNet-18,s4,415,0.0158075153527657
ResNet-18,s4,416,0.05685158209468999
ResNet-18,s4,417,0.028990897474299282
ResNet-18,s4,418,0.05704542725645212
ResNet-18,s4,419,0.01048686989686698
ResNet-18,s4,420,-0.008319210519209141
ResNet-18,s4,421,0.037431627600011286
ResNet-18,s4,422,0.0014610027405236314
ResNet-18,s4,423,0.0006510054375926666
ResNet-18,s4,424,0.030570289385437155
ResNet-18,s4,425,0.022033357663452824
ResNet-18,s4,426,0.040453067484145566
ResNet-18,s4,427,0.021443273756510117
ResNet-18,s4,428,0.048930305512893124
ResNet-18,s4,429,0.004044425825524334
ResNet-18,s4,430,-0.00570658830233961
ResNet-18,s4,431,0.0006045169511885717
ResNet-18,s4,432,0.08368479491721714
ResNet-18,s4,433,0.0015807445273777754
ResNet-18,s4,434,0.04956409350194546
ResNet-18,s4,435,0.01498700975546119
ResNet-18,s4,436,0.005968519830604091
ResNet-18,s4,437,-0.010476145279806115
ResNet-18,s4,438,0.004792037570347407
ResNet-18,s4,439,0.008306032604641134
ResNet-18,s4,440,0.0023103094041131422
ResNet-18,s4,441,0.03768085165827173
ResNet-18,s4,442,0.02631494111060584
ResNet-18,s4,443,0.0299549612271649
ResNet-18,s4,444,0.06437401876002147
ResNet-18,s4,445,0.021539089253232224
ResNet-18,s4,446,0.01140607148864703
ResNet-18,s4,447,-0.0025661021241355497
ResNet-18,s4,448,0.04438225501959747
ResNet-18,s4,449,0.016797892328727082
ResNet-18,s4,450,0.024025753918542447
ResNet-18,s4,451,0.028220417932835695
ResNet-18,s4,452,0.02562362830304943
ResNet-18,s4,453,0.03531274953900809
ResNet-18,s4,454,0.0196159240497511
ResNet-18,s4,455,0.022688851398003584
ResNet-18,s4,456,0.042797724192363495
ResNet-18,s4,457,-0.0018382943958257236
ResNet-18,s4,458,0.04417550786485913
ResNet-18,s4,459,0.012630061488429711
ResNet-18,s4,460,0.018441837088623902
ResNet-18,s4,461,0.016521725040722024
ResNet-18,s4,462,0.01343932803591974
ResNet-18,s4,463,0.008041766117331983
ResNet-18,s4,464,-0.013880063599105874
ResNet-18,s4,465,0.03583657074056046
ResNet-18,s4,466,0.06556877808692763
ResNet-18,s4,467,0.038440356373084184
ResNet-18,s4,468,0.030636879326036204
ResNet-18,s4,469,0.023690332498850886
ResNet-18,s4,470,-0.0019379781853581246
ResNet-18,s4,471,0.027532018046778073
ResNet-18,s4,472,0.02258212870496401
ResNet-18,s4,473,0.0679057955221416
ResNet-18,s4,474,0.008847640086050768
ResNet-18,s4,475,0.01869820569283598
ResNet-18,s4,476,0.012175759720570278
ResNet-18,s4,477,0.047944363256070543
ResNet-18,s4,478,0.03052216334614688
ResNet-18,s4,479,0.034320110182960106
ResNet-18,s4,480,0.004968079786603075
ResNet-18,s4,481,0.019912337098655253
ResNet-18,s4,482,0.017242386257836806
ResNet-18,s4,483,0.011207298231499796
ResNet-18,s4,484,0.01125423801014347
ResNet-18,s4,485,0.015689050369142032
ResNet-18,s4,486,0.036558572220143803
ResNet-18,s4,487,-0.022219801222541635
ResNet-18,s4,488,0.032503360571507156
ResNet-18,s4,489,0.08122733762565482
ResNet-18,s4,490,0.04314591137933299
ResNet-18,s4,491,0.016439661919341764
ResNet-18,s4,492,0.022944717771130385
ResNet-18,s4,493,0.026404972051814912
ResNet-18,s4,494,-0.011435286557692437
ResNet-18,s4,495,0.008239843032760374
ResNet-18,s4,496,-0.011118607722897855
ResNet-18,s4,497,0.05034730391215669
ResNet-18,s4,498,0.015505285399971203
ResNet-18,s4,499,0.005349504834013752
ResNet-18,s4,500,0.04349454294458721
ResNet-18,s4,501,0.026060454102995956
ResNet-18,s4,502,0.022805600490006794
ResNet-18,s4,503,0.01508348084812372
ResNet-18,s4,504,-0.002980810191669847
ResNet-18,s4,505,-0.0019751776009953037
ResNet-18,s4,506,-0.00834132268201615
ResNet-18,s4,507,0.050654357714009834
ResNet-18,s4,508,0.05203387691127326
ResNet-18,s4,509,0.020375793969537703
ResNet-18,s4,510,0.0362333510247832
ResNet-18,s4,511,0.042374569992766675
ResNet-18,s4,512,0.033719417329198476
ResNet-18,s4,513,0.005519099108308501
ResNet-18,s4,514,0.033058304694664864
ResNet-18,s4,515,0.03478410635280127
ResNet-18,s4,516,0.03474504359848807
ResNet-18,s4,517,0.009275862142259395
ResNet-18,s4,518,0.03668055842157014
ResNet-18,s4,519,0.05987595481840646
ResNet-18,s4,520,0.004208105205012691
ResNet-18,s4,521,0.01918950339241343
ResNet-18,s4,522,0.050478353668856446
ResNet-18,s4,523,0.02985100831533649
ResNet-18,s4,524,0.039748566183980705
ResNet-18,s4,525,0.02127152483708261
ResNet-18,s4,526,-0.007832799031460946
ResNet-18,s4,527,0.01741306553592925
ResNet-18,s4,528,0.028794747385518904
ResNet-18,s4,529,0.028336747625143044
ResNet-18,s4,530,0.029408595737252963
ResNet-18,s4,531,0.05026039835041729
ResNet-18,s4,532,0.052099256697032637
ResNet-18,s4,533,-0.010846772062954813
ResNet-18,s4,534,0.004754166300961926
ResNet-18,s4,535,-0.0005837114618313377
ResNet-18,s4,536,0.07840352507369475
ResNet-18,s4,537,0.028874131793134805
ResNet-18,s4,538,0.03126092923237889
ResNet-18,s4,539,0.02753355020942938
ResNet-18,s4,540,0.015947955753313203
ResNet-18,s4,541,-0.009929234477186633
ResNet-18,s4,542,0.04805922095343851
ResNet-18,s4,543,0.019504318248414476
ResNet-18,s4,544,0.0005840769338772978
ResNet-18,s4,545,0.043927920847248836
ResNet-18,s4,546,-0.002358571669537568
ResNet-18,s4,547,0.002134577924977732
ResNet-18,s4,548,0.034779918565313483
ResNet-18,s4,549,0.022614873285575432
ResNet-18,s4,550,0.02734398877519595
ResNet-18,s4,551,0.048786469386386755
ResNet-18,s4,552,0.04179485715873543
ResNet-18,s4,553,0.02724483332984029
ResNet-18,s4,554,0.02214042663667959
ResNet-18,s4,555,0.028305446653087096
ResNet-18,s4,556,0.0017008021650977145
ResNet-18,s4,557,0.0008879627032033488
ResNet-18,s4,558,0.0036855093286718432
ResNet-18,s4,559,0.07608347197142651
ResNet-18,s4,560,0.03265202756304675
ResNet-18,s4,561,0.052975487607904714
ResNet-18,s4,562,0.024044507179493246
ResNet-18,s4,563,0.0118272857748557
ResNet-18,s4,564,0.0036743605596454287
ResNet-18,s4,565,0.05405998641038168
ResNet-18,s4,566,0.033699613279000284
ResNet-18,s4,567,0.007614297916963553
ResNet-18,s4,568,0.057898623970054186
ResNet-18,s4,569,0.021488912874219612
ResNet-18,s4,570,0.03806028197760103
ResNet-18,s4,571,0.03916583535564122
ResNet-18,s4,572,0.03942736363075494
ResNet-18,s4,573,-0.005071387891182999
ResNet-18,s4,574,0.019185303373135176
ResNet-18,s4,575,0.04501624872679122
ResNet-18,s4,576,-0.0006283898093968343
ResNet-18,s4,577,0.03890145473001516
ResNet-18,s4,578,0.04781628551041983
ResNet-18,s4,579,0.00911150172979247
ResNet-18,s4,580,0.011892014253771621
ResNet-18,s4,581,0.019086218020571644
ResNet-18,s4,582,0.019800970689922703
ResNet-18,s4,583,0.01313767550306022
ResNet-18,s4,584,0.03499540755670716
ResNet-18,s4,585,0.026899079846576024
ResNet-18,s4,586,0.05423871960030424
ResNet-18,s4,587,0.058469275067015825
ResNet-18,s4,588,0.01858764033887339
ResNet-18,s4,589,0.03828706203486887
ResNet-18,s4,590,0.04278104584582021
ResNet-18,s4,591,0.02644284194385227
ResNet-18,s4,592,0.03878171622145665
ResNet-18,s4,593,-0.0021164701248930218
ResNet-18,s4,594,0.052352076882117515
ResNet-18,s4,595,0.019965400014678836
ResNet-18,s4,596,0.008110847577541436
ResNet-18,s4,597,0.02346559085681965
ResNet-18,s4,598,0.021334179575300816
ResNet-18,s4,599,-0.0026504452289072278
ResNet-18,s4,600,0.03178970277622051
ResNet-18,s4,601,0.019620067015724607
ResNet-18,s4,602,-0.0051163128017776005
ResNet-18,s4,603,0.017335258439276635
ResNet-18,s4,604,0.03600804155330395
ResNet-18,s4,605,0.042004222348082765
ResNet-18,s4,606,0.05042649515490849
ResNet-18,s4,607,0.0028053055062498
ResNet-18,s4,608,0.019270070034980158
ResNet-18,s4,609,0.014220725018405211
ResNet-18,s4,610,-0.0019589654646968713
ResNet-18,s4,611,-3.6774089207658456e-05
ResNet-18,s4,612,0.02373044810198177
ResNet-18,s4,613,-0.0038465975806846187
ResNet-18,s4,614,0.012459913913196341
ResNet-18,s4,615,0.02584223733286295
ResNet-18,s4,616,0.019368365627969397
ResNet-18,s4,617,0.004383820671389205
ResNet-18,s4,618,0.021759046857246722
ResNet-18,s4,619,0.009913234859422082
ResNet-18,s4,620,0.027243557716590483
ResNet-18,s4,621,0.0117233534952077
ResNet-18,s4,622,0.06814392724755125
ResNet-18,s4,623,0.03171566174898277
ResNet-18,s4,624,0.03552945117685724
ResNet-18,s4,625,0.04550653991028031
ResNet-18,s4,626,-0.01413186605525707
ResNet-18,s4,627,0.011334961453642878
ResNet-18,s4,628,0.01544380206129048
ResNet-18,s4,629,0.014368169013785792
ResNet-18,s4,630,0.020070036724535445
ResNet-18,s4,631,0.02498155071874386
ResNet-18,s4,632,-0.018415095481518984
ResNet-18,s4,633,0.037271198202478484
ResNet-18,s4,634,0.033211960555260545
ResNet-18,s4,635,0.010198420616715942
ResNet-18,s4,636,0.028523486293673517
ResNet-18,s4,637,0.024959537041091773
ResNet-18,s4,638,0.02164340625344452
ResNet-18,s4,639,0.010286410205664454
ResNet-18,s4,640,0.053237968560741145
ResNet-18,s4,641,0.039465128827139484
ResNet-18,s4,642,0.005764397022630208
ResNet-18,s4,643,-0.004234141365758171
ResNet-18,s4,644,-0.008969600395350774
ResNet-18,s4,645,0.0346200522665856
ResNet-18,s4,646,0.04998578938830822
ResNet-18,s4,647,0.042214111510877284
ResNet-18,s4,648,0.02253644504437502
ResNet-18,s4,649,0.03685031769018576
ResNet-18,s4,650,0.012028677302752255
ResNet-18,s4,651,0.05156222660089704
ResNet-18,s4,652,0.03840189594926313
ResNet-18,s4,653,0.016009308710885573
ResNet-18,s4,654,0.02237479341298254
ResNet-18,s4,655,0.01281308123305469
ResNet-18,s4,656,0.02698783084445122
ResNet-18,s4,657,0.012030066434725706
ResNet-18,s4,658,0.045856181558816655
ResNet-18,s4,659,0.04110202193917023
ResNet-18,s4,660,0.025860426177436002
ResNet-18,s4,661,0.011938548907676205
ResNet-18,s4,662,0.043372080685908365
ResNet-18,s4,663,0.005766613997279957
ResNet-18,s4,664,0.027841658795547564
ResNet-18,s4,665,0.04897474382049327
ResNet-18,s4,666,0.026609712439276456
ResNet-18,s4,667,0.002932251036866562
ResNet-18,s4,668,0.002300726093352745
ResNet-18,s4,669,0.05830776045822961
ResNet-18,s4,670,-0.012985525941664688
ResNet-18,s4,671,0.0072389169770716855
ResNet-18,s4,672,0.01415778389154998
ResNet-18,s4,673,0.008581890315731866
ResNet-18,s4,674,0.020806700326740035
ResNet-18,s4,675,0.061541410612898306
ResNet-18,s4,676,0.019529659225365092
ResNet-18,s4,677,0.01928761845184035
ResNet-18,s4,678,0.011600533041213223
ResNet-18,s4,679,0.029315657186338218
ResNet-18,s4,680,0.01899969556351022
ResNet-18,s4,681,0.044279713275204635
ResNet-18,s4,682,0.0060861474751541245
ResNet-18,s4,683,0.008569054555273792
ResNet-18,s4,684,0.009997789393718537
ResNet-18,s4,685,0.04431893133873521
ResNet-18,s4,686,0.040276534252072005
ResNet-18,s4,687,0.04403947611651893
ResNet-18,s4,688,0.038876727649909126
ResNet-18,s4,689,0.005389716565532221
ResNet-18,s4,690,0.04897393423218743
ResNet-18,s4,691,0.047544250042851344
ResNet-18,s4,692,0.023735808357921773
ResNet-18,s4,693,0.046326164887962595
ResNet-18,s4,694,0.02628867968712778
ResNet-18,s4,695,0.06686301476963652
ResNet-18,s4,696,0.0219470045562713
ResNet-18,s4,697,0.029526667060531753
ResNet-18,s4,698,0.03649920205618673
ResNet-18,s4,699,0.05642353542823808
ResNet-18,s4,700,0.015071510076002048
ResNet-18,s4,701,0.012583925581293953
ResNet-18,s4,702,0.02892336957344499
ResNet-18,s4,703,0.021838389832036564
ResNet-18,s4,704,0.03056563745747587
ResNet-18,s4,705,0.051008826288088116
ResNet-18,s4,706,0.016956825411293508
ResNet-18,s4,707,0.010665806640455466
ResNet-18,s4,708,0.005490128722444698
ResNet-18,s4,709,0.0755098698722505
ResNet-18,s4,710,0.03988192540692803
ResNet-18,s4,711,0.03779951888993005
ResNet-18,s4,712,0.02591510790451057
ResNet-18,s4,713,-0.0026264383564079674
ResNet-18,s4,714,0.051688981767122444
ResNet-18,s4,715,0.01633888654700577
ResNet-18,s4,716,6.223947114347705e-05
ResNet-18,s4,717,0.014930131290929682
ResNet-18,s4,718,0.06356911037298618
ResNet-18,s4,719,0.034238888091565056
ResNet-18,s4,720,0.030365401772821654
ResNet-18,s4,721,0.06702989405039939
ResNet-18,s4,722,0.03993859911542463
ResNet-18,s4,723,0.0015849663910252332
ResNet-18,s4,724,0.02172387875807158
ResNet-18,s4,725,0.0044583591364363295
ResNet-18,s4,726,0.03376556498356342
ResNet-18,s4,727,0.039469920878810405
ResNet-18,s4,728,0.03675697493334573
ResNet-18,s4,729,0.04307010762766483
ResNet-18,s4,730,0.025337694547984402
ResNet-18,s4,731,0.04259972146887703
ResNet-18,s4,732,0.03535220540625661
ResNet-18,s4,733,0.040052104306546044
ResNet-18,s4,734,0.01059309680770959
ResNet-18,s4,735,0.022810192046920252
ResNet-18,s4,736,0.0268880753612587
ResNet-18,s4,737,-0.005418273752917591
ResNet-18,s4,738,0.04058120315821512
ResNet-18,s4,739,0.05229248879055781
ResNet-18,s4,740,0.0051656433614591935
ResNet-18,s4,741,-0.008471765506178563
ResNet-18,s4,742,0.028580459187791063
ResNet-18,s4,743,0.019043507643745072
ResNet-18,s4,744,0.03163070388040223
ResNet-18,s4,745,0.05312937048247657
ResNet-18,s4,746,0.048789547572272496
ResNet-18,s4,747,-0.007921115946829427
ResNet-18,s4,748,0.006630718480219011
ResNet-18,s4,749,0.011582626223024528
ResNet-18,s4,750,0.03836951484651341
ResNet-18,s4,751,0.045444990113823414
ResNet-18,s4,752,0.034960421040103995
ResNet-18,s4,753,0.03809514357700472
ResNet-18,s4,754,0.019346839324426712
ResNet-18,s4,755,-0.00557628133092658
ResNet-18,s4,756,-0.017563110501230828
ResNet-18,s4,757,0.017416762148371623
ResNet-18,s4,758,0.004932461234910757
ResNet-18,s4,759,0.04231146499985183
ResNet-18,s4,760,0.01545788091002942
ResNet-18,s4,761,0.021064787768502846
ResNet-18,s4,762,0.04109882424966638
ResNet-18,s4,763,-0.0155669063943501
ResNet-18,s4,764,-0.03106115326975034
ResNet-18,s4,765,0.0027806326530608327
ResNet-18,s4,766,0.0318003669579594
ResNet-18,s4,767,0.008391453077423838
ResNet-18,s4,768,0.05191178443083766
ResNet-18,s4,769,0.010475999899439703
ResNet-18,s4,770,0.053113596359996684
ResNet-18,s4,771,0.039954432549349606
ResNet-18,s4,772,0.007852465657051333
ResNet-18,s4,773,0.011426597822440376
ResNet-18,s4,774,0.0596750577306705
ResNet-18,s4,775,0.028472139763633164
ResNet-18,s4,776,0.025702988351058775
ResNet-18,s4,777,0.03465347445441047
ResNet-18,s4,778,0.03973132885785702
ResNet-18,s4,779,0.025179991123974843
ResNet-18,s4,780,0.024089620350982943
ResNet-18,s4,781,0.016014731053469733
ResNet-18,s4,782,0.031826069732553086
ResNet-18,s4,783,-0.0030657445574872044
ResNet-18,s4,784,0.02561309268399692
ResNet-18,s4,785,0.02351854050562341
ResNet-18,s4,786,-0.01848994527979153
ResNet-18,s4,787,0.038188041609858114
ResNet-18,s4,788,0.034108145826819425
ResNet-18,s4,789,0.0009440535503387748
ResNet-18,s4,790,0.010785576244114248
ResNet-18,s4,791,0.032686751198128694
ResNet-18,s4,792,0.050938511201540915
ResNet-18,s4,793,0.004902816781737873
ResNet-18,s4,794,0.02037186164045579
ResNet-18,s4,795,0.048961332106760236
ResNet-18,s4,796,0.05243285679395027
ResNet-18,s4,797,0.03797249991941076
ResNet-18,s4,798,-0.002958249898711851
ResNet-18,s4,799,0.029155433530346553
ResNet-18,s4,800,0.0040095757179514635
ResNet-18,s4,801,0.017857815452841708
ResNet-18,s4,802,0.07218375827840184
ResNet-18,s4,803,0.0331813696224712
ResNet-18,s4,804,0.042778501698757854
ResNet-18,s4,805,0.03622698046329975
ResNet-18,s4,806,0.04162103303623288
ResNet-18,s4,807,-0.006475644091219479
ResNet-18,s4,808,0.017500624980588464
ResNet-18,s4,809,0.059332948400417806
ResNet-18,s4,810,0.01662886564030941
ResNet-18,s4,811,0.0201883716387945
ResNet-18,s4,812,0.0015697895792421424
ResNet-18,s4,813,0.017575399667878355
ResNet-18,s4,814,-0.0012989831882719294
ResNet-18,s4,815,0.024386289152537488
ResNet-18,s4,816,0.04201054429879958
ResNet-18,s4,817,0.02625541956407862
ResNet-18,s4,818,0.0470350254536569
ResNet-18,s4,819,0.018000570951904105
ResNet-18,s4,820,0.03474722236047756
ResNet-18,s4,821,0.031080707891798842
ResNet-18,s4,822,0.035621375918779674
ResNet-18,s4,823,0.020723518940962915
ResNet-18,s4,824,0.014027620556937959
ResNet-18,s4,825,0.07894634748652596
ResNet-18,s4,826,0.028989943042764033
ResNet-18,s4,827,0.06448459778118365
ResNet-18,s4,828,0.045148689778468976
ResNet-18,s4,829,-0.012235571217815044
ResNet-18,s4,830,0.028772031084498773
ResNet-18,s4,831,0.008305841295352279
ResNet-18,s4,832,0.026411015419374517
ResNet-18,s4,833,0.004749263168372098
ResNet-18,s4,834,0.021327045067510708
ResNet-18,s4,835,0.013943990388359806
ResNet-18,s4,836,0.025010334239042642
ResNet-18,s4,837,0.030015142877554468
ResNet-18,s4,838,0.049336560297825294
ResNet-18,s4,839,0.01511383775019004
ResNet-18,s4,840,-0.002968804888749954
ResNet-18,s4,841,0.02311545236502588
ResNet-18,s4,842,0.006421870419815678
ResNet-18,s4,843,0.023440533792637108
ResNet-18,s4,844,0.04116846259333107
ResNet-18,s4,845,0.030441481768619494
ResNet-18,s4,846,0.04736327526127693
ResNet-18,s4,847,0.019658649152442198
ResNet-18,s4,848,0.04318897134898747
ResNet-18,s4,849,0.02408948841532388
ResNet-18,s4,850,0.058868724791790394
ResNet-18,s4,851,-0.0031842872620527762
ResNet-18,s4,852,0.011347779654342527
ResNet-18,s4,853,0.04411951482894183
ResNet-18,s4,854,0.024805586701331483
ResNet-18,s4,855,0.03905721624568437
ResNet-18,s4,856,-0.009512862441794945
ResNet-18,s4,857,0.029918312602417618
ResNet-18,s4,858,0.049990193327221655
ResNet-18,s4,859,0.05238275918001123
ResNet-18,s4,860,0.02485330294255661
ResNet-18,s4,861,0.022111634237740097
ResNet-18,s4,862,-0.0032951024121492534
ResNet-18,s4,863,-0.006030324658456543
ResNet-18,s4,864,0.028083190398018765
ResNet-18,s4,865,0.02554262260326079
ResNet-18,s4,866,0.016876004129619426
ResNet-18,s4,867,0.020526530368844886
ResNet-18,s4,868,0.02959276805619393
ResNet-18,s4,869,0.017178771001947757
ResNet-18,s4,870,0.009254349102463366
ResNet-18,s4,871,0.035028692606515754
ResNet-18,s4,872,0.02081003744739429
ResNet-18,s4,873,0.013686653600496257
ResNet-18,s4,874,0.037033428732967
ResNet-18,s4,875,0.02827080034866125
ResNet-18,s4,876,0.041765141305411535
ResNet-18,s4,877,0.015489200700651962
ResNet-18,s4,878,0.029624770248188437
ResNet-18,s4,879,0.017106513918996202
ResNet-18,s4,880,0.01996533084689689
ResNet-18,s4,881,0.024146231732842915
ResNet-18,s4,882,0.04950246903166089
ResNet-18,s4,883,0.011846039669827224
ResNet-18,s4,884,-0.003638336701497935
ResNet-18,s4,885,0.021143994948696565
ResNet-18,s4,886,0.020268839979651787
ResNet-18,s4,887,0.005746453577328614
ResNet-18,s4,888,-0.010839421259376092
ResNet-18,s4,889,0.00285412612612046
ResNet-18,s4,890,0.051589408608921805
ResNet-18,s4,891,0.034143812497547166
ResNet-18,s4,892,0.014254059665085528
ResNet-18,s4,893,0.020069229882508255
ResNet-18,s4,894,0.020548643558621293
ResNet-18,s4,895,0.007038055816069977
ResNet-18,s4,896,0.05133957173322168
ResNet-18,s4,897,0.06914433355662486
ResNet-18,s4,898,0.026532354972700456
ResNet-18,s4,899,0.02206720784994487
ResNet-18,s4,900,0.05446377045696771
ResNet-18,s4,901,-0.01021154783236744
ResNet-18,s4,902,0.050607849233011204
ResNet-18,s4,903,0.0399618261382475
ResNet-18,s4,904,0.0172977631911152
ResNet-18,s4,905,0.0401376462791565
ResNet-18,s4,906,0.020157285423377913
ResNet-18,s4,907,0.0183522054194305
ResNet-18,s4,908,0.0011217180454322628
ResNet-18,s4,909,0.03253746148296044
ResNet-18,s4,910,0.06590274122044115
ResNet-18,s4,911,0.04183486847585405
ResNet-18,s4,912,0.0007451117834633703
ResNet-18,s4,913,0.046721707187384665
ResNet-18,s4,914,0.05036167279822035
ResNet-18,s4,915,0.012704309845389172
ResNet-18,s4,916,0.04534353420387505
ResNet-18,s4,917,0.029124180772152397
ResNet-18,s4,918,0.044026682597012035
ResNet-18,s4,919,0.0533387800254459
ResNet-18,s4,920,-0.01900961927993472
ResNet-18,s4,921,0.00507384882941575
ResNet-18,s4,922,-0.004833304243594627
ResNet-18,s4,923,-0.02882740711336451
ResNet-18,s4,924,0.011056736117183386
ResNet-18,s4,925,0.0013230178160819062
ResNet-18,s4,926,0.0019073880354509853
ResNet-18,s4,927,0.02934276234062705
ResNet-18,s4,928,0.02644197525272307
ResNet-18,s4,929,0.0007595142133913768
ResNet-18,s4,930,0.025769754466713257
ResNet-18,s4,931,0.01715993889769918
ResNet-18,s4,932,0.01633371061580491
ResNet-18,s4,933,0.012640951995422478
ResNet-18,s4,934,0.028445047324734962
ResNet-18,s4,935,0.034774899570628404
ResNet-18,s4,936,0.018737751788496904
ResNet-18,s4,937,0.01299215101091633
ResNet-18,s4,938,0.02914392173221958
ResNet-18,s4,939,0.007631875190530213
ResNet-18,s4,940,0.005069033187525385
ResNet-18,s4,941,0.001486271763029401
ResNet-18,s4,942,0.04346868301278162
ResNet-18,s4,943,0.04560457040152677
ResNet-18,s4,944,0.004191198267216589
ResNet-18,s4,945,0.03519478917685026
ResNet-18,s4,946,-0.006124677909436604
ResNet-18,s4,947,0.036382692135287664
ResNet-18,s4,948,0.017410809338551214
ResNet-18,s4,949,0.008186920334560255
ResNet-18,s4,950,0.04858906276914532
ResNet-18,s4,951,0.026011511495895645
ResNet-18,s4,952,0.002901994491332216
ResNet-18,s4,953,0.01688967237040606
ResNet-18,s4,954,-0.004383989778450004
ResNet-18,s4,955,0.01795080149732131
ResNet-18,s4,956,0.047978292498602304
ResNet-18,s4,957,0.04281956348461191
ResNet-18,s4,958,-0.0021173023253900913
ResNet-18,s4,959,0.021013580944017063
ResNet-18,s4,960,0.029784547447695875
ResNet-18,s4,961,0.030367518069699284
ResNet-18,s4,962,0.015496805599463537
ResNet-18,s4,963,0.021681280790800006
ResNet-18,s4,964,-0.004798604027939857
ResNet-18,s4,965,0.022083928415378318
ResNet-18,s4,966,0.05603700269271872
ResNet-18,s4,967,0.036995378971607096
ResNet-18,s4,968,0.012763224058383149
ResNet-18,s4,969,0.038633131211809
ResNet-18,s4,970,0.008149590707956067
ResNet-18,s4,971,0.027539258940980527
ResNet-18,s4,972,0.010167508996209773
ResNet-18,s4,973,0.012958315654496788
ResNet-18,s4,974,0.015310468551048118
ResNet-18,s4,975,0.011655622037371915
ResNet-18,s4,976,0.013593679997190411
ResNet-18,s4,977,0.042247413455718474
ResNet-18,s4,978,0.023642092281769056
ResNet-18,s4,979,0.05195010367243569
ResNet-18,s4,980,0.050303543092398595
ResNet-18,s4,981,0.024311884246768112
ResNet-18,s4,982,0.04935030121833439
ResNet-18,s4,983,0.059573240521255566
ResNet-18,s4,984,0.01825345338954998
ResNet-18,s4,985,-0.009488266886071295
ResNet-18,s4,986,0.005257860848154272
ResNet-18,s4,987,0.04017686696303713
ResNet-18,s4,988,0.025189890592363984
ResNet-18,s4,989,0.03685846678545124
ResNet-18,s4,990,0.04401762349417804
ResNet-18,s4,991,0.05123587903892568
ResNet-18,s4,992,0.020174675868191883
ResNet-18,s4,993,0.0201243217729854
ResNet-18,s4,994,0.055183524761118985
ResNet-18,s4,995,0.025772311543270976
ResNet-18,s4,996,0.015287084670864814
ResNet-18,s4,997,0.04091560445417075
ResNet-18,s4,998,0.04031622557621106
ResNet-18,s4,999,0.04230986427777361
ResNet-152,s1,0,0.5828839743851111
ResNet-152,s1,1,0.5849092801350976
ResNet-152,s1,2,0.59844940652203
ResNet-152,s1,3,0.6144856115215765
ResNet-152,s1,4,0.5922386567074852
ResNet-152,s1,5,0.5840147612578473
ResNet-152,s1,6,0.5770291639173901
ResNet-152,s1,7,0.5843461434250548
ResNet-152,s1,8,0.5377337635865961
ResNet-152,s1,9,0.589619316497034
ResNet-152,s1,10,0.6124489847529635
ResNet-152,s1,11,0.5926483152948799
ResNet-152,s1,12,0.6298301275515688
ResNet-152,s1,13,0.576228156947801
ResNet-152,s1,14,0.5706186089601538
ResNet-152,s1,15,0.550695944500857
ResNet-152,s1,16,0.6133536322456545
ResNet-152,s1,17,0.5960905882611779
ResNet-152,s1,18,0.5834073428236026
ResNet-152,s1,19,0.4691998420297112
ResNet-152,s1,20,0.5793796305645411
ResNet-152,s1,21,0.6005590128347433
ResNet-152,s1,22,0.64066837887163
ResNet-152,s1,23,0.5934292574029332
ResNet-152,s1,24,0.577379463990564
ResNet-152,s1,25,0.5609807222567229
ResNet-152,s1,26,0.5994920157303674
ResNet-152,s1,27,0.5691091240854369
ResNet-152,s1,28,0.602610039321681
ResNet-152,s1,29,0.5784546840185438
ResNet-152,s1,30,0.5781831502944511
ResNet-152,s1,31,0.5876109117787627
ResNet-152,s1,32,0.6318710368422887
ResNet-152,s1,33,0.5361180670071749
ResNet-152,s1,34,0.5983282126991991
ResNet-152,s1,35,0.6185122226288313
ResNet-152,s1,36,0.623135349640292
ResNet-152,s1,37,0.6071858055393968
ResNet-152,s1,38,0.6226629489524707
ResNet-152,s1,39,0.5603516814858818
ResNet-152,s1,40,0.5746421538782416
ResNet-152,s1,41,0.6099231357395165
ResNet-152,s1,42,0.5747458650658699
ResNet-152,s1,43,0.6012298699513481
ResNet-152,s1,44,0.577195470702144
ResNet-152,s1,45,0.6005565726908421
ResNet-152,s1,46,0.5924721707207118
ResNet-152,s1,47,0.5861564794499732
ResNet-152,s1,48,0.6145277841583455
ResNet-152,s1,49,0.572306311483534
ResNet-152,s1,50,0.5884831476628745
ResNet-152,s1,51,0.6350612733354377
ResNet-152,s1,52,0.613431580544243
ResNet-152,s1,53,0.5652696552315923
ResNet-152,s1,54,0.6003725820175495
ResNet-152,s1,55,0.6286424494214238
ResNet-152,s1,56,0.5928511095193034
ResNet-152,s1,57,0.6187339425018881
ResNet-152,s1,58,0.5628199387281079
ResNet-152,s1,59,0.596445934933042
ResNet-152,s1,60,0.5603017712502362
ResNet-152,s1,61,0.617685125501483
ResNet-152,s1,62,0.5855928825001998
ResNet-152,s1,63,0.5836061867049585
ResNet-152,s1,64,0.5788959645480023
ResNet-152,s1,65,0.537686166235189
ResNet-152,s1,66,0.5916509872872046
ResNet-152,s1,67,0.5556067285754748
ResNet-152,s1,68,0.5798014038221178
ResNet-152,s1,69,0.5648051357150883
ResNet-152,s1,70,0.5729193950429385
ResNet-152,s1,71,0.5553240705556696
ResNet-152,s1,72,0.5539834425358078
ResNet-152,s1,73,0.5794600611469645
ResNet-152,s1,74,0.5870543977889582
ResNet-152,s1,75,0.6049801244408487
ResNet-152,s1,76,0.5369268955268098
ResNet-152,s1,77,0.5647965254662888
ResNet-152,s1,78,0.6074434218078193
ResNet-152,s1,79,0.6119905673170168
ResNet-152,s1,80,0.6248988628646373
ResNet-152,s1,81,0.5984251735229269
ResNet-152,s1,82,0.5432152421528124
ResNet-152,s1,83,0.634018506362814
ResNet-152,s1,84,0.6056813108416567
ResNet-152,s1,85,0.6156302985593205
ResNet-152,s1,86,0.595624941790874
ResNet-152,s1,87,0.5966041213969555
ResNet-152,s1,88,0.5403887876938542
ResNet-152,s1,89,0.5777096071288118
ResNet-152,s1,90,0.6210051819165356
ResNet-152,s1,91,0.5984213273215186
ResNet-152,s1,92,0.6149236135436988
ResNet-152,s1,93,0.5510308808727611
ResNet-152,s1,94,0.5903959326304502
ResNet-152,s1,95,0.5850346568589192
ResNet-152,s1,96,0.5806256262764435
ResNet-152,s1,97,0.5805815164403596
ResNet-152,s1,98,0.5935199785361319
ResNet-152,s1,99,0.59586960010854
ResNet-152,s1,100,0.5846998629533806
ResNet-152,s1,101,0.6012397400015328
ResNet-152,s1,102,0.5785222753990128
ResNet-152,s1,103,0.585178594479145
ResNet-152,s1,104,0.5928991622881478
ResNet-152,s1,105,0.5859590912909804
ResNet-152,s1,106,0.6164681051039937
ResNet-152,s1,107,0.6026026541497527
ResNet-152,s1,108,0.5680911493737922
ResNet-152,s1,109,0.5733247164970595
ResNet-152,s1,110,0.582348155345198
ResNet-152,s1,111,0.6268918164834455
ResNet-152,s1,112,0.5636725898925123
ResNet-152,s1,113,0.5703076475083759
ResNet-152,s1,114,0.6179539331763287
ResNet-152,s1,115,0.5692198223931275
ResNet-152,s1,116,0.573978412548275
ResNet-152,s1,117,0.5719581810686541
ResNet-152,s1,118,0.5711204661883825
ResNet-152,s1,119,0.5541970202196335
ResNet-152,s1,120,0.5744657673136645
ResNet-152,s1,121,0.5893738329490243
ResNet-152,s1,122,0.603136337972765
ResNet-152,s1,123,0.6518770194158223
ResNet-152,s1,124,0.6267034968332397
ResNet-152,s1,125,0.601174170712605
ResNet-152,s1,126,0.624415584260414
ResNet-152,s1,127,0.5860200282565591
ResNet-152,s1,128,0.5115591406316853
ResNet-152,s1,129,0.6274588723476054
ResNet-152,s1,130,0.6084409282546288
ResNet-152,s1,131,0.5925736101913723
ResNet-152,s1,132,0.5810317735177347
ResNet-152,s1,133,0.5744283248637171
ResNet-152,s1,134,0.6203307412984749
ResNet-152,s1,135,0.5649946982330116
ResNet-152,s1,136,0.607653139407361
ResNet-152,s1,137,0.5693331208413238
ResNet-152,s1,138,0.5971932340533762
ResNet-152,s1,139,0.646189300333434
ResNet-152,s1,140,0.5733564794033555
ResNet-152,s1,141,0.550011809459984
ResNet-152,s1,142,0.6048241872536976
ResNet-152,s1,143,0.5357898199422998
ResNet-152,s1,144,0.5945408837084675
ResNet-152,s1,145,0.5783453034890269
ResNet-152,s1,146,0.6206086278167503
ResNet-152,s1,147,0.6195600253615647
ResNet-152,s1,148,0.5824170252527705
ResNet-152,s1,149,0.5428916670878233
ResNet-152,s1,150,0.5967389014684203
ResNet-152,s1,151,0.5688679478217545
ResNet-152,s1,152,0.5562258193103825
ResNet-152,s1,153,0.5083587183004726
ResNet-152,s1,154,0.6180126400688762
ResNet-152,s1,155,0.5674739528869162
ResNet-152,s1,156,0.5068686613796181
ResNet-152,s1,157,0.5883360473145983
ResNet-152,s1,158,0.5620177811477918
ResNet-152,s1,159,0.6375631799419621
ResNet-152,s1,160,0.5910973513523319
ResNet-152,s1,161,0.6163598182163519
ResNet-152,s1,162,0.5662004835324568
ResNet-152,s1,163,0.6157916102483459
ResNet-152,s1,164,0.5889773633714469
ResNet-152,s1,165,0.5880003212423566
ResNet-152,s1,166,0.6198295943315606
ResNet-152,s1,167,0.5614029996480008
ResNet-152,s1,168,0.5598250747214024
ResNet-152,s1,169,0.6201263919560536
ResNet-152,s1,170,0.5859947128440047
ResNet-152,s1,171,0.5259844268648808
ResNet-152,s1,172,0.5008537918112635
ResNet-152,s1,173,0.5193872431725932
ResNet-152,s1,174,0.6255024834695211
ResNet-152,s1,175,0.5558350872969655
ResNet-152,s1,176,0.6223670549747249
ResNet-152,s1,177,0.5913501909206915
ResNet-152,s1,178,0.6117200687758708
ResNet-152,s1,179,0.6139312129992828
ResNet-152,s1,180,0.591391581705371
ResNet-152,s1,181,0.5776093436635402
ResNet-152,s1,182,0.6222690799966317
ResNet-152,s1,183,0.564132003296746
ResNet-152,s1,184,0.6172147232308556
ResNet-152,s1,185,0.5865929160309344
ResNet-152,s1,186,0.5845285406299172
ResNet-152,s1,187,0.5685958626075474
ResNet-152,s1,188,0.5781866766999073
ResNet-152,s1,189,0.5767889143266725
ResNet-152,s1,190,0.613723045224103
ResNet-152,s1,191,0.5519007305990029
ResNet-152,s1,192,0.6286774181933947
ResNet-152,s1,193,0.5745320031786014
ResNet-152,s1,194,0.6079949713368965
ResNet-152,s1,195,0.6050012838743063
ResNet-152,s1,196,0.5568573360554547
ResNet-152,s1,197,0.5439223430244604
ResNet-152,s1,198,0.5582918676841682
ResNet-152,s1,199,0.5711028326324715
ResNet-152,s1,200,0.627883678378837
ResNet-152,s1,201,0.565958346811353
ResNet-152,s1,202,0.5324499065748317
ResNet-152,s1,203,0.5787772969515423
ResNet-152,s1,204,0.6287670508093204
ResNet-152,s1,205,0.6244137067472759
ResNet-152,s1,206,0.5868217050239941
ResNet-152,s1,207,0.6333484606239976
ResNet-152,s1,208,0.628858902919244
ResNet-152,s1,209,0.6210548810042869
ResNet-152,s1,210,0.6052989218984219
ResNet-152,s1,211,0.5648200348194224
ResNet-152,s1,212,0.5934179949014876
ResNet-152,s1,213,0.5890072946451008
ResNet-152,s1,214,0.5727113228560519
ResNet-152,s1,215,0.6097712897044598
ResNet-152,s1,216,0.5988294282108392
ResNet-152,s1,217,0.569310014691021
ResNet-152,s1,218,0.6057431483540608
ResNet-152,s1,219,0.6103052586351961
ResNet-152,s1,220,0.622345038108508
ResNet-152,s1,221,0.6138475256023623
ResNet-152,s1,222,0.5727667449781841
ResNet-152,s1,223,0.5577959779952602
ResNet-152,s1,224,0.6353602765756675
ResNet-152,s1,225,0.5794710384809764
ResNet-152,s1,226,0.6092763178630631
ResNet-152,s1,227,0.585736667712782
ResNet-152,s1,228,0.5261706243854929
ResNet-152,s1,229,0.6130624738723052
ResNet-152,s1,230,0.591426369675083
ResNet-152,s1,231,0.6031830388559039
ResNet-152,s1,232,0.585766203116305
ResNet-152,s1,233,0.5761694023955629
ResNet-152,s1,234,0.6111673442309178
ResNet-152,s1,235,0.5955721180328175
ResNet-152,s1,236,0.5990382409820898
ResNet-152,s1,237,0.5667403915738571
ResNet-152,s1,238,0.5447607020967313
ResNet-152,s1,239,0.5744019914724009
ResNet-152,s1,240,0.5473629509730792
ResNet-152,s1,241,0.6337315108007704
ResNet-152,s1,242,0.5834310087278334
ResNet-152,s1,243,0.5815152172252036
ResNet-152,s1,244,0.5740161288733865
ResNet-152,s1,245,0.5805262457585257
ResNet-152,s1,246,0.6072141833637879
ResNet-152,s1,247,0.5532200819313792
ResNet-152,s1,248,0.5619312967654432
ResNet-152,s1,249,0.6403691526420214
ResNet-152,s1,250,0.565769564778841
ResNet-152,s1,251,0.5585222640625808
ResNet-152,s1,252,0.5291520909561114
ResNet-152,s1,253,0.5882648486019314
ResNet-152,s1,254,0.5784689151005148
ResNet-152,s1,255,0.6049764555421557
ResNet-152,s1,256,0.6126483235458167
ResNet-152,s1,257,0.5672856133197648
ResNet-152,s1,258,0.5763261226206783
ResNet-152,s1,259,0.6361070250176516
ResNet-152,s1,260,0.5515342880567143
ResNet-152,s1,261,0.5415397701644822
ResNet-152,s1,262,0.6215566213491297
ResNet-152,s1,263,0.599765107679038
ResNet-152,s1,264,0.5632357019695523
ResNet-152,s1,265,0.6049938767096346
ResNet-152,s1,266,0.6048295996449619
ResNet-152,s1,267,0.6353098014914719
ResNet-152,s1,268,0.5650658492446691
ResNet-152,s1,269,0.5990376320472968
ResNet-152,s1,270,0.624626928470109
ResNet-152,s1,271,0.6124394328607098
ResNet-152,s1,272,0.6262912069006059
ResNet-152,s1,273,0.5690150669241522
ResNet-152,s1,274,0.5876314275396909
ResNet-152,s1,275,0.5537075277206336
ResNet-152,s1,276,0.5286230861149945
ResNet-152,s1,277,0.6056070902844108
ResNet-152,s1,278,0.566547100744175
ResNet-152,s1,279,0.6116368328722637
ResNet-152,s1,280,0.6297084881177318
ResNet-152,s1,281,0.5953410273098563
ResNet-152,s1,282,0.5533152596931761
ResNet-152,s1,283,0.6330832669897586
ResNet-152,s1,284,0.5611600574290474
ResNet-152,s1,285,0.5722719864665903
ResNet-152,s1,286,0.5803769495230825
ResNet-152,s1,287,0.6078561491632812
ResNet-152,s1,288,0.5861362771154782
ResNet-152,s1,289,0.5518028036869042
ResNet-152,s1,290,0.5493319201140734
ResNet-152,s1,291,0.6259184879347361
ResNet-152,s1,292,0.5699032044032432
ResNet-152,s1,293,0.5269909870503353
ResNet-152,s1,294,0.6604752996917984
ResNet-152,s1,295,0.619255993342568
ResNet-152,s1,296,0.5627957120482662
ResNet-152,s1,297,0.5952834222943613
ResNet-152,s1,298,0.6058489116308937
ResNet-152,s1,299,0.5395168719172636
ResNet-152,s1,300,0.5798634676822586
ResNet-152,s1,301,0.6125814915044565
ResNet-152,s1,302,0.6152847113954114
ResNet-152,s1,303,0.5660561039550532
ResNet-152,s1,304,0.552435213815091
ResNet-152,s1,305,0.58627306331126
ResNet-152,s1,306,0.5857561615057559
ResNet-152,s1,307,0.6153077506700894
ResNet-152,s1,308,0.5026793668126306
ResNet-152,s1,309,0.6149507275636046
ResNet-152,s1,310,0.561745150334392
ResNet-152,s1,311,0.615509082972443
ResNet-152,s1,312,0.5618565964238867
ResNet-152,s1,313,0.5912672057122818
ResNet-152,s1,314,0.5920651373907344
ResNet-152,s1,315,0.5791946666474138
ResNet-152,s1,316,0.5756049397225512
ResNet-152,s1,317,0.5634197125622378
ResNet-152,s1,318,0.6144268780410855
ResNet-152,s1,319,0.5791464632891489
ResNet-152,s1,320,0.5528051000142586
ResNet-152,s1,321,0.49679573776737457
ResNet-152,s1,322,0.5597719719899522
ResNet-152,s1,323,0.6165512125562198
ResNet-152,s1,324,0.6016388972826989
ResNet-152,s1,325,0.5928932269743841
ResNet-152,s1,326,0.5507731186827107
ResNet-152,s1,327,0.5962966080238254
ResNet-152,s1,328,0.6142099667820113
ResNet-152,s1,329,0.5934158552220716
ResNet-152,s1,330,0.5905943818512126
ResNet-152,s1,331,0.5222987861806783
ResNet-152,s1,332,0.5751658418290839
ResNet-152,s1,333,0.6057175293228553
ResNet-152,s1,334,0.5890160772005721
ResNet-152,s1,335,0.5857118827992738
ResNet-152,s1,336,0.6169279384557002
ResNet-152,s1,337,0.5661149912357887
ResNet-152,s1,338,0.6350015849438485
ResNet-152,s1,339,0.5616671671926328
ResNet-152,s1,340,0.6006083437862308
ResNet-152,s1,341,0.5800861829501212
ResNet-152,s1,342,0.614569342438537
ResNet-152,s1,343,0.6137633342323731
ResNet-152,s1,344,0.6085420888898657
ResNet-152,s1,345,0.5772832240611419
ResNet-152,s1,346,0.6078009602459296
ResNet-152,s1,347,0.5515334195975955
ResNet-152,s1,348,0.5526454883762667
ResNet-152,s1,349,0.6123018812827857
ResNet-152,s1,350,0.5946704850173433
ResNet-152,s1,351,0.5932062449922262
ResNet-152,s1,352,0.6287779655211541
ResNet-152,s1,353,0.5304886503977877
ResNet-152,s1,354,0.5550070506169835
ResNet-152,s1,355,0.5801722631343219
ResNet-152,s1,356,0.6022822486199331
ResNet-152,s1,357,0.6199633795619224
ResNet-152,s1,358,0.585982868997662
ResNet-152,s1,359,0.6115219378910779
ResNet-152,s1,360,0.6135068174892181
ResNet-152,s1,361,0.5811171433196556
ResNet-152,s1,362,0.5903082012421415
ResNet-152,s1,363,0.5982194308399797
ResNet-152,s1,364,0.5969329897751726
ResNet-152,s1,365,0.6181498709908824
ResNet-152,s1,366,0.6004700478235813
ResNet-152,s1,367,0.6180985778063335
ResNet-152,s1,368,0.5504402022768766
ResNet-152,s1,369,0.5766022658567558
ResNet-152,s1,370,0.5966152410283884
ResNet-152,s1,371,0.5607385134273634
ResNet-152,s1,372,0.5912336539948022
ResNet-152,s1,373,0.6165827124390328
ResNet-152,s1,374,0.5648116611254198
ResNet-152,s1,375,0.588388312634438
ResNet-152,s1,376,0.6007770836515086
ResNet-152,s1,377,0.6343812792290138
ResNet-152,s1,378,0.6067870838514067
ResNet-152,s1,379,0.5310412252077644
ResNet-152,s1,380,0.6299354578900639
ResNet-152,s1,381,0.583772702008599
ResNet-152,s1,382,0.5835403146737169
ResNet-152,s1,383,0.5628297460341808
ResNet-152,s1,384,0.6017302769864015
ResNet-152,s1,385,0.5993342416707281
ResNet-152,s1,386,0.5828711583566472
ResNet-152,s1,387,0.5898943456131825
ResNet-152,s1,388,0.5921327744381437
ResNet-152,s1,389,0.5290321139996363
ResNet-152,s1,390,0.5607430435865243
ResNet-152,s1,391,0.5839038413787268
ResNet-152,s1,392,0.5663248697057073
ResNet-152,s1,393,0.5977432128631045
ResNet-152,s1,394,0.5562934929760457
ResNet-152,s1,395,0.6241349073762544
ResNet-152,s1,396,0.6077526352098835
ResNet-152,s1,397,0.5805013944662578
ResNet-152,s1,398,0.6208238335016225
ResNet-152,s1,399,0.5792101084193244
ResNet-152,s1,400,0.5600984692794404
ResNet-152,s1,401,0.6097454434990301
ResNet-152,s1,402,0.5500005201011602
ResNet-152,s1,403,0.6140979021275252
ResNet-152,s1,404,0.6057960029834064
ResNet-152,s1,405,0.5899965521358645
ResNet-152,s1,406,0.5987395375297362
ResNet-152,s1,407,0.6131780600854069
ResNet-152,s1,408,0.6005027597989396
ResNet-152,s1,409,0.5788606357561195
ResNet-152,s1,410,0.5966253523110374
ResNet-152,s1,411,0.6033453585474728
ResNet-152,s1,412,0.583062831029697
ResNet-152,s1,413,0.5964226503929062
ResNet-152,s1,414,0.5733849672417116
ResNet-152,s1,415,0.6014463805267789
ResNet-152,s1,416,0.6146281147760603
ResNet-152,s1,417,0.5636584419093786
ResNet-152,s1,418,0.6469527222782336
ResNet-152,s1,419,0.575893935500825
ResNet-152,s1,420,0.6111053774505539
ResNet-152,s1,421,0.5814417757786038
ResNet-152,s1,422,0.573095196451478
ResNet-152,s1,423,0.5606115353169956
ResNet-152,s1,424,0.5820484917450972
ResNet-152,s1,425,0.6033015785709346
ResNet-152,s1,426,0.6030385725695365
ResNet-152,s1,427,0.5139368926338066
ResNet-152,s1,428,0.6229326356529742
ResNet-152,s1,429,0.5457041419066508
ResNet-152,s1,430,0.5817856176715452
ResNet-152,s1,431,0.5910699402400766
ResNet-152,s1,432,0.6084510388093533
ResNet-152,s1,433,0.5531606019921375
ResNet-152,s1,434,0.5813653856420091
ResNet-152,s1,435,0.5917508501498292
ResNet-152,s1,436,0.5864036169432338
ResNet-152,s1,437,0.5852839532179294
ResNet-152,s1,438,0.5875495787896947
ResNet-152,s1,439,0.5810936831941446
ResNet-152,s1,440,0.5866053309854335
ResNet-152,s1,441,0.5514789942298302
ResNet-152,s1,442,0.5806660916932982
ResNet-152,s1,443,0.591816390912667
ResNet-152,s1,444,0.5522577200859382
ResNet-152,s1,445,0.6046525618054366
ResNet-152,s1,446,0.6017493439659396
ResNet-152,s1,447,0.5595826160074386
ResNet-152,s1,448,0.5995763761832219
ResNet-152,s1,449,0.5610563235770919
ResNet-152,s1,450,0.6349927689115933
ResNet-152,s1,451,0.6221053819313787
ResNet-152,s1,452,0.6044715632903934
ResNet-152,s1,453,0.5855575957348437
ResNet-152,s1,454,0.5786612582313257
ResNet-152,s1,455,0.6318321550091387
ResNet-152,s1,456,0.5863766562769668
ResNet-152,s1,457,0.5662457820080652
ResNet-152,s1,458,0.6046217039539437
ResNet-152,s1,459,0.6312308148359341
ResNet-152,s1,460,0.5686570211188677
ResNet-152,s1,461,0.6455959132797238
ResNet-152,s1,462,0.5289035162759006
ResNet-152,s1,463,0.628177461185466
ResNet-152,s1,464,0.5261219542964386
ResNet-152,s1,465,0.5660472202660246
ResNet-152,s1,466,0.5495345942792662
ResNet-152,s1,467,0.6306869339250896
ResNet-152,s1,468,0.6144425014938213
ResNet-152,s1,469,0.6097516690550471
ResNet-152,s1,470,0.5797988436090373
ResNet-152,s1,471,0.6146796331376271
ResNet-152,s1,472,0.5823701186370613
ResNet-152,s1,473,0.5769814912700477
ResNet-152,s1,474,0.5572598724765009
ResNet-152,s1,475,0.5849770061830184
ResNet-152,s1,476,0.5902028137315577
ResNet-152,s1,477,0.5642836700976572
ResNet-152,s1,478,0.560132789426195
ResNet-152,s1,479,0.589001463539591
ResNet-152,s1,480,0.5704778382179714
ResNet-152,s1,481,0.5471355831477406
ResNet-152,s1,482,0.5747384890727355
ResNet-152,s1,483,0.6294903427143176
ResNet-152,s1,484,0.6597869311443645
ResNet-152,s1,485,0.5407725748229817
ResNet-152,s1,486,0.5995474798365598
ResNet-152,s1,487,0.5477068620880359
ResNet-152,s1,488,0.5878281476514011
ResNet-152,s1,489,0.5969235637972318
ResNet-152,s1,490,0.5413841767489693
ResNet-152,s1,491,0.6038981850903777
ResNet-152,s1,492,0.5692779918245436
ResNet-152,s1,493,0.5933034062630346
ResNet-152,s1,494,0.6056497489734505
ResNet-152,s1,495,0.6213405299071504
ResNet-152,s1,496,0.6042538144266896
ResNet-152,s1,497,0.574528410973449
ResNet-152,s1,498,0.5840340089742511
ResNet-152,s1,499,0.618836139716552
ResNet-152,s1,500,0.5907127325562864
ResNet-152,s1,501,0.5887659630275588
ResNet-152,s1,502,0.6041225069308596
ResNet-152,s1,503,0.6260686808337994
ResNet-152,s1,504,0.5912897854776625
ResNet-152,s1,505,0.5862088401005385
ResNet-152,s1,506,0.5770719246563651
ResNet-152,s1,507,0.5749682339936313
ResNet-152,s1,508,0.6239196939655485
ResNet-152,s1,509,0.5992125053274111
ResNet-152,s1,510,0.5685144892080258
ResNet-152,s1,511,0.5827278083785437
ResNet-152,s1,512,0.5621532500126115
ResNet-152,s1,513,0.5868732396202969
ResNet-152,s1,514,0.5828987922538982
ResNet-152,s1,515,0.6115321429097277
ResNet-152,s1,516,0.6005883006389181
ResNet-152,s1,517,0.5975222300920862
ResNet-152,s1,518,0.5401888464971066
ResNet-152,s1,519,0.5956934419382943
ResNet-152,s1,520,0.5713295769277934
ResNet-152,s1,521,0.6247928267798482
ResNet-152,s1,522,0.5980852147294121
ResNet-152,s1,523,0.6089310573259689
ResNet-152,s1,524,0.5883274409272385
ResNet-152,s1,525,0.559875201212177
ResNet-152,s1,526,0.5653083332244698
ResNet-152,s1,527,0.563775812923911
ResNet-152,s1,528,0.5888671379872146
ResNet-152,s1,529,0.6088054606917775
ResNet-152,s1,530,0.5742674594151678
ResNet-152,s1,531,0.5619179777603147
ResNet-152,s1,532,0.5619666835758839
ResNet-152,s1,533,0.6184423176263414
ResNet-152,s1,534,0.5650909679135929
ResNet-152,s1,535,0.6550436258747786
ResNet-152,s1,536,0.6239324047220649
ResNet-152,s1,537,0.5655527376973493
ResNet-152,s1,538,0.6003511805790851
ResNet-152,s1,539,0.5626346636680792
ResNet-152,s1,540,0.5929905138552243
ResNet-152,s1,541,0.6013412475409095
ResNet-152,s1,542,0.5730982908076641
ResNet-152,s1,543,0.5844657779070296
ResNet-152,s1,544,0.6170201317831723
ResNet-152,s1,545,0.583988326945217
ResNet-152,s1,546,0.5628529381317237
ResNet-152,s1,547,0.5894467559062521
ResNet-152,s1,548,0.615098028522246
ResNet-152,s1,549,0.5912095337510771
ResNet-152,s1,550,0.5594978260792006
ResNet-152,s1,551,0.5313940092342504
ResNet-152,s1,552,0.5678631618472627
ResNet-152,s1,553,0.6114258504711536
ResNet-152,s1,554,0.6139677281977217
ResNet-152,s1,555,0.6086504080954316
ResNet-152,s1,556,0.56617898197772
ResNet-152,s1,557,0.6135223209683532
ResNet-152,s1,558,0.5835002624585028
ResNet-152,s1,559,0.5965368155246895
ResNet-152,s1,560,0.6505377891605293
ResNet-152,s1,561,0.624103530461966
ResNet-152,s1,562,0.5850300177521386
ResNet-152,s1,563,0.6307289704234579
ResNet-152,s1,564,0.6326208678214356
ResNet-152,s1,565,0.6010221601927686
ResNet-152,s1,566,0.6128797763009483
ResNet-152,s1,567,0.5689464352864505
ResNet-152,s1,568,0.6177565948738852
ResNet-152,s1,569,0.6114966410043736
ResNet-152,s1,570,0.5709182630596497
ResNet-152,s1,571,0.5924754779307265
ResNet-152,s1,572,0.5375497844328138
ResNet-152,s1,573,0.599311387960931
ResNet-152,s1,574,0.5846119466988523
ResNet-152,s1,575,0.5592387860232186
ResNet-152,s1,576,0.5443672290137845
ResNet-152,s1,577,0.642547797178131
ResNet-152,s1,578,0.5405621672998909
ResNet-152,s1,579,0.5708946131190475
ResNet-152,s1,580,0.5755351879787468
ResNet-152,s1,581,0.5813936811849453
ResNet-152,s1,582,0.6128221887409638
ResNet-152,s1,583,0.5937763762735357
ResNet-152,s1,584,0.5812820954993916
ResNet-152,s1,585,0.6135618610207654
ResNet-152,s1,586,0.6257899334984278
ResNet-152,s1,587,0.6015510701955712
ResNet-152,s1,588,0.5562083998514679
ResNet-152,s1,589,0.6100281822293632
ResNet-152,s1,590,0.6014002017219442
ResNet-152,s1,591,0.593555265906726
ResNet-152,s1,592,0.6151437190601847
ResNet-152,s1,593,0.5827875130350482
ResNet-152,s1,594,0.5820373502874965
ResNet-152,s1,595,0.6359904666478763
ResNet-152,s1,596,0.6004142894515783
ResNet-152,s1,597,0.6236604952366647
ResNet-152,s1,598,0.5610830791502073
ResNet-152,s1,599,0.5654332501019244
ResNet-152,s1,600,0.5891173697703374
ResNet-152,s1,601,0.5198459468233607
ResNet-152,s1,602,0.5616710669052682
ResNet-152,s1,603,0.5934933524802242
ResNet-152,s1,604,0.6115637727965777
ResNet-152,s1,605,0.6040605381570945
ResNet-152,s1,606,0.6249032466846007
ResNet-152,s1,607,0.6018735314485153
ResNet-152,s1,608,0.5499311493758177
ResNet-152,s1,609,0.6080925695130117
ResNet-152,s1,610,0.5486466963055128
ResNet-152,s1,611,0.6187604161600456
ResNet-152,s1,612,0.5980595277163689
ResNet-152,s1,613,0.5735812338374325
ResNet-152,s1,614,0.569496224906138
ResNet-152,s1,615,0.5748054969162946
ResNet-152,s1,616,0.6000436812457098
ResNet-152,s1,617,0.6036064604847231
ResNet-152,s1,618,0.5421400460523806
ResNet-152,s1,619,0.5788948870951814
ResNet-152,s1,620,0.5752287262184436
ResNet-152,s1,621,0.5681291919835828
ResNet-152,s1,622,0.5792262539936045
ResNet-152,s1,623,0.534631737207227
ResNet-152,s1,624,0.5834967686828385
ResNet-152,s1,625,0.6081494692921471
ResNet-152,s1,626,0.5379789448999208
ResNet-152,s1,627,0.6056400571655999
ResNet-152,s1,628,0.5531671104097244
ResNet-152,s1,629,0.5970961830435118
ResNet-152,s1,630,0.5856018352530689
ResNet-152,s1,631,0.6423351177705122
ResNet-152,s1,632,0.5858748839181367
ResNet-152,s1,633,0.6219630167959194
ResNet-152,s1,634,0.5930589194599282
ResNet-152,s1,635,0.6308000943409287
ResNet-152,s1,636,0.606320457765241
ResNet-152,s1,637,0.5579716650904173
ResNet-152,s1,638,0.6103648153161938
ResNet-152,s1,639,0.5254307336548971
ResNet-152,s1,640,0.6336065508005704
ResNet-152,s1,641,0.5701145551204149
ResNet-152,s1,642,0.5588227375950743
ResNet-152,s1,643,0.6390356310332304
ResNet-152,s1,644,0.5534433365275513
ResNet-152,s1,645,0.5858994104641715
ResNet-152,s1,646,0.5842124290911896
ResNet-152,s1,647,0.6053368422563374
ResNet-152,s1,648,0.5349592058738222
ResNet-152,s1,649,0.5812933354147736
ResNet-152,s1,650,0.5251623882498024
ResNet-152,s1,651,0.5474772732171845
ResNet-152,s1,652,0.6423585599515468
ResNet-152,s1,653,0.6183823947002114
ResNet-152,s1,654,0.5907827024196366
ResNet-152,s1,655,0.5854758592861025
ResNet-152,s1,656,0.6016753535079055
ResNet-152,s1,657,0.5889200426521985
ResNet-152,s1,658,0.6100856690392461
ResNet-152,s1,659,0.58801928501317
ResNet-152,s1,660,0.5911621608981226
ResNet-152,s1,661,0.5582394737599218
ResNet-152,s1,662,0.5110359653200468
ResNet-152,s1,663,0.5630010081412451
ResNet-152,s1,664,0.5679204905272448
ResNet-152,s1,665,0.6177707777005339
ResNet-152,s1,666,0.5826297878938926
ResNet-152,s1,667,0.5931080745682935
ResNet-152,s1,668,0.5788042604270377
ResNet-152,s1,669,0.5399304956489184
ResNet-152,s1,670,0.605853715567975
ResNet-152,s1,671,0.6086467056717536
ResNet-152,s1,672,0.5807267501262623
ResNet-152,s1,673,0.6213229969252104
ResNet-152,s1,674,0.5615901696577736
ResNet-152,s1,675,0.5823529348396407
ResNet-152,s1,676,0.5859660301607508
ResNet-152,s1,677,0.5624487615850217
ResNet-152,s1,678,0.6249892977680216
ResNet-152,s1,679,0.5758779735739895
ResNet-152,s1,680,0.5616716648401799
ResNet-152,s1,681,0.5867247879766835
ResNet-152,s1,682,0.6059290977450466
ResNet-152,s1,683,0.5296562503422318
ResNet-152,s1,684,0.5984808701667305
ResNet-152,s1,685,0.5952387542766635
ResNet-152,s1,686,0.6239252793851933
ResNet-152,s1,687,0.6003544775071687
ResNet-152,s1,688,0.6346796210456271
ResNet-152,s1,689,0.5837156161883772
ResNet-152,s1,690,0.616138423323424
ResNet-152,s1,691,0.5897335174392242
ResNet-152,s1,692,0.5993837619929113
ResNet-152,s1,693,0.584400127796513
ResNet-152,s1,694,0.626232950755307
ResNet-152,s1,695,0.595936837813468
ResNet-152,s1,696,0.6115318799707219
ResNet-152,s1,697,0.6327531150997944
ResNet-152,s1,698,0.5752439590226719
ResNet-152,s1,699,0.5910111275700293
ResNet-152,s1,700,0.5934895998705485
ResNet-152,s1,701,0.5659962040694841
ResNet-152,s1,702,0.5640526800127739
ResNet-152,s1,703,0.5775680119978713
ResNet-152,s1,704,0.5856414906299255
ResNet-152,s1,705,0.5448572325246747
ResNet-152,s1,706,0.5763958518104314
ResNet-152,s1,707,0.5741298413636207
ResNet-152,s1,708,0.628931975250807
ResNet-152,s1,709,0.631184839412805
ResNet-152,s1,710,0.549673794980038
ResNet-152,s1,711,0.6358138447182475
ResNet-152,s1,712,0.5827664743494767
ResNet-152,s1,713,0.5767031919945558
ResNet-152,s1,714,0.5931421321191876
ResNet-152,s1,715,0.5783416475731059
ResNet-152,s1,716,0.5841979311992385
ResNet-152,s1,717,0.5943573099377624
ResNet-152,s1,718,0.5760017559097201
ResNet-152,s1,719,0.5195133235212916
ResNet-152,s1,720,0.5602185025280317
ResNet-152,s1,721,0.6351986089546615
ResNet-152,s1,722,0.6331153890569108
ResNet-152,s1,723,0.5753052261098517
ResNet-152,s1,724,0.5885365979309811
ResNet-152,s1,725,0.5945950301397813
ResNet-152,s1,726,0.5958725505048178
ResNet-152,s1,727,0.6125213010592983
ResNet-152,s1,728,0.5516819951427337
ResNet-152,s1,729,0.6172842686305705
ResNet-152,s1,730,0.5507907047967884
ResNet-152,s1,731,0.6034575707688564
ResNet-152,s1,732,0.5490232376775801
ResNet-152,s1,733,0.6004889234229547
ResNet-152,s1,734,0.6081420728374218
ResNet-152,s1,735,0.5754006768955315
ResNet-152,s1,736,0.5746524036593859
ResNet-152,s1,737,0.5636059085616549
ResNet-152,s1,738,0.6047231376903721
ResNet-152,s1,739,0.5624176057513701
ResNet-152,s1,740,0.5774916571296669
ResNet-152,s1,741,0.6102307693912905
ResNet-152,s1,742,0.6145381913115611
ResNet-152,s1,743,0.601248632545184
ResNet-152,s1,744,0.603404519161651
ResNet-152,s1,745,0.6190394569995641
ResNet-152,s1,746,0.5749389472138281
ResNet-152,s1,747,0.5690823040633701
ResNet-152,s1,748,0.5950477066379065
ResNet-152,s1,749,0.5914305549282507
ResNet-152,s1,750,0.5676565821205718
ResNet-152,s1,751,0.5521956834860435
ResNet-152,s1,752,0.5828989967267868
ResNet-152,s1,753,0.5772283182212847
ResNet-152,s1,754,0.5497626488975095
ResNet-152,s1,755,0.5401610288459779
ResNet-152,s1,756,0.6024121856247899
ResNet-152,s1,757,0.5937735428718093
ResNet-152,s1,758,0.5628501181434331
ResNet-152,s1,759,0.595761629069314
ResNet-152,s1,760,0.547577567708049
ResNet-152,s1,761,0.5421608995298366
ResNet-152,s1,762,0.6140428409664711
ResNet-152,s1,763,0.6379710555748035
ResNet-152,s1,764,0.5982288670597651
ResNet-152,s1,765,0.5848999876876593
ResNet-152,s1,766,0.5683572746611241
ResNet-152,s1,767,0.5981406154349153
ResNet-152,s1,768,0.6058221414730338
ResNet-152,s1,769,0.5411889995980717
ResNet-152,s1,770,0.5692241604000436
ResNet-152,s1,771,0.5330815362278454
ResNet-152,s1,772,0.5516154961495372
ResNet-152,s1,773,0.5800495014130349
ResNet-152,s1,774,0.5830482519171017
ResNet-152,s1,775,0.6072407353988619
ResNet-152,s1,776,0.6127141343473669
ResNet-152,s1,777,0.5652934659176161
ResNet-152,s1,778,0.5473281566163276
ResNet-152,s1,779,0.6216083279238038
ResNet-152,s1,780,0.6320330309354334
ResNet-152,s1,781,0.5854943441259025
ResNet-152,s1,782,0.5732428077297326
ResNet-152,s1,783,0.5621702404780737
ResNet-152,s1,784,0.6058664588809028
ResNet-152,s1,785,0.5656959710515427
ResNet-152,s1,786,0.5400222909523373
ResNet-152,s1,787,0.6408708857634854
ResNet-152,s1,788,0.5928939807693724
ResNet-152,s1,789,0.5253471370339154
ResNet-152,s1,790,0.6039603670240778
ResNet-152,s1,791,0.6095229905503845
ResNet-152,s1,792,0.5148888376598066
ResNet-152,s1,793,0.6139987090021919
ResNet-152,s1,794,0.5806011363207143
ResNet-152,s1,795,0.6036198603888884
ResNet-152,s1,796,0.5508788871222572
ResNet-152,s1,797,0.599466870135076
ResNet-152,s1,798,0.555615892503125
ResNet-152,s1,799,0.5248067578433384
ResNet-152,s1,800,0.5795262003099106
ResNet-152,s1,801,0.6156367997462834
ResNet-152,s1,802,0.6401475070497249
ResNet-152,s1,803,0.6095509996186708
ResNet-152,s1,804,0.6126144212345772
ResNet-152,s1,805,0.6059638604912295
ResNet-152,s1,806,0.5835618714539911
ResNet-152,s1,807,0.621299883099516
ResNet-152,s1,808,0.45837067575371293
ResNet-152,s1,809,0.6105327944400887
ResNet-152,s1,810,0.5665289296710354
ResNet-152,s1,811,0.5439715848150153
ResNet-152,s1,812,0.5858461116635241
ResNet-152,s1,813,0.6053473384979842
ResNet-152,s1,814,0.5492660081608227
ResNet-152,s1,815,0.5999610008001738
ResNet-152,s1,816,0.5805043013126271
ResNet-152,s1,817,0.6020580823363206
ResNet-152,s1,818,0.5934048368721435
ResNet-152,s1,819,0.5839610729824851
ResNet-152,s1,820,0.6063289134987297
ResNet-152,s1,821,0.5839335688806885
ResNet-152,s1,822,0.5904667563678668
ResNet-152,s1,823,0.5805639865513098
ResNet-152,s1,824,0.5873530755379824
ResNet-152,s1,825,0.5924360326838448
ResNet-152,s1,826,0.5364843336820871
ResNet-152,s1,827,0.641231494433979
ResNet-152,s1,828,0.565821743003115
ResNet-152,s1,829,0.5731979885455356
ResNet-152,s1,830,0.5695335835267614
ResNet-152,s1,831,0.6002017624455098
ResNet-152,s1,832,0.628259557112379
ResNet-152,s1,833,0.5943288411719944
ResNet-152,s1,834,0.49910593668149383
ResNet-152,s1,835,0.5868574950294253
ResNet-152,s1,836,0.5971752000268766
ResNet-152,s1,837,0.6131598390614963
ResNet-152,s1,838,0.6036080490918246
ResNet-152,s1,839,0.5758209295229928
ResNet-152,s1,840,0.5077901251900443
ResNet-152,s1,841,0.5827530300925696
ResNet-152,s1,842,0.6112013757895669
ResNet-152,s1,843,0.5873049237976602
ResNet-152,s1,844,0.5969789899736
ResNet-152,s1,845,0.6169745103026418
ResNet-152,s1,846,0.5941640222209981
ResNet-152,s1,847,0.5723212177370947
ResNet-152,s1,848,0.5900729085299826
ResNet-152,s1,849,0.5691594884594946
ResNet-152,s1,850,0.5517709176293653
ResNet-152,s1,851,0.6354566528972685
ResNet-152,s1,852,0.6168879355171603
ResNet-152,s1,853,0.6011103444595589
ResNet-152,s1,854,0.5685357605686382
ResNet-152,s1,855,0.5533592712476303
ResNet-152,s1,856,0.5711556035030396
ResNet-152,s1,857,0.6338102834598638
ResNet-152,s1,858,0.5769867647039404
ResNet-152,s1,859,0.6059957787699566
ResNet-152,s1,860,0.6243136541439643
ResNet-152,s1,861,0.5444263677087338
ResNet-152,s1,862,0.5955565050748809
ResNet-152,s1,863,0.533771547320514
ResNet-152,s1,864,0.570995265895041
ResNet-152,s1,865,0.6039833282898577
ResNet-152,s1,866,0.5822725496627037
ResNet-152,s1,867,0.5869102568474237
ResNet-152,s1,868,0.6058131422412631
ResNet-152,s1,869,0.5957004638610244
ResNet-152,s1,870,0.5550327123236627
ResNet-152,s1,871,0.590327476160683
ResNet-152,s1,872,0.6051775932616175
ResNet-152,s1,873,0.5769980269513877
ResNet-152,s1,874,0.6246985352052147
ResNet-152,s1,875,0.540106835887336
ResNet-152,s1,876,0.6007472174861967
ResNet-152,s1,877,0.6285372525820576
ResNet-152,s1,878,0.557061246819437
ResNet-152,s1,879,0.5592724027672085
ResNet-152,s1,880,0.5796709241750391
ResNet-152,s1,881,0.6500822516253268
ResNet-152,s1,882,0.6435405818971942
ResNet-152,s1,883,0.607408387074278
ResNet-152,s1,884,0.5799431376543897
ResNet-152,s1,885,0.5976132473301412
ResNet-152,s1,886,0.6113643722822126
ResNet-152,s1,887,0.5773599106637098
ResNet-152,s1,888,0.5392315821698714
ResNet-152,s1,889,0.5452193085068323
ResNet-152,s1,890,0.6127735748895283
ResNet-152,s1,891,0.6087106936349141
ResNet-152,s1,892,0.5753133323323427
ResNet-152,s1,893,0.6078373052237269
ResNet-152,s1,894,0.6167101180753025
ResNet-152,s1,895,0.5762224139876441
ResNet-152,s1,896,0.5871478890595925
ResNet-152,s1,897,0.6290195005571865
ResNet-152,s1,898,0.5404100348691667
ResNet-152,s1,899,0.5886113870793216
ResNet-152,s1,900,0.5855896461895209
ResNet-152,s1,901,0.5787616943213847
ResNet-152,s1,902,0.5431127927620366
ResNet-152,s1,903,0.580808527591124
ResNet-152,s1,904,0.6193262694590096
ResNet-152,s1,905,0.6215532103517728
ResNet-152,s1,906,0.5909383712944088
ResNet-152,s1,907,0.568294886556717
ResNet-152,s1,908,0.6111099787183779
ResNet-152,s1,909,0.5625066850489113
ResNet-152,s1,910,0.5459597358781783
ResNet-152,s1,911,0.592877016869426
ResNet-152,s1,912,0.5389437767487483
ResNet-152,s1,913,0.5664188445447608
ResNet-152,s1,914,0.5483370264067556
ResNet-152,s1,915,0.5427944538237576
ResNet-152,s1,916,0.5754311855130969
ResNet-152,s1,917,0.6104663153323455
ResNet-152,s1,918,0.6128067723623037
ResNet-152,s1,919,0.5828772968240955
ResNet-152,s1,920,0.6053052669423872
ResNet-152,s1,921,0.5958080044902629
ResNet-152,s1,922,0.5833013543339416
ResNet-152,s1,923,0.5871808562232017
ResNet-152,s1,924,0.5734872562667017
ResNet-152,s1,925,0.5484132701951334
ResNet-152,s1,926,0.5818022529573618
ResNet-152,s1,927,0.5618693424114521
ResNet-152,s1,928,0.6315878127595733
ResNet-152,s1,929,0.5863951757578385
ResNet-152,s1,930,0.6288547148337129
ResNet-152,s1,931,0.5876328579274801
ResNet-152,s1,932,0.5662847318369617
ResNet-152,s1,933,0.592240737437754
ResNet-152,s1,934,0.5941894574201243
ResNet-152,s1,935,0.5646162435646096
ResNet-152,s1,936,0.570619404211655
ResNet-152,s1,937,0.644217652923625
ResNet-152,s1,938,0.5404890350709037
ResNet-152,s1,939,0.5800757900506076
ResNet-152,s1,940,0.5696477758637559
ResNet-152,s1,941,0.5556250965718115
ResNet-152,s1,942,0.5647019732441705
ResNet-152,s1,943,0.6060056524592415
ResNet-152,s1,944,0.6034322811898918
ResNet-152,s1,945,0.5427496158616942
ResNet-152,s1,946,0.580256697912084
ResNet-152,s1,947,0.5837508354262246
ResNet-152,s1,948,0.6109829328158825
ResNet-152,s1,949,0.6282083125449673
ResNet-152,s1,950,0.5794301483511236
ResNet-152,s1,951,0.584622822760577
ResNet-152,s1,952,0.585236735818891
ResNet-152,s1,953,0.5853139805963297
ResNet-152,s1,954,0.5694216962785429
ResNet-152,s1,955,0.5541609334691551
ResNet-152,s1,956,0.6019712754808122
ResNet-152,s1,957,0.60154866260662
ResNet-152,s1,958,0.593437686863583
ResNet-152,s1,959,0.5640467907255866
ResNet-152,s1,960,0.6046032757243947
ResNet-152,s1,961,0.6281903751802742
ResNet-152,s1,962,0.6202149834463799
ResNet-152,s1,963,0.6168938212130486
ResNet-152,s1,964,0.5890959013218011
ResNet-152,s1,965,0.5762606972916983
ResNet-152,s1,966,0.5473342300582433
ResNet-152,s1,967,0.6365084935769201
ResNet-152,s1,968,0.580785065776689
ResNet-152,s1,969,0.584910280793821
ResNet-152,s1,970,0.5870004597906856
ResNet-152,s1,971,0.6440661178628395
ResNet-152,s1,972,0.6399194155417514
ResNet-152,s1,973,0.6283331348776919
ResNet-152,s1,974,0.5674214940678742
ResNet-152,s1,975,0.5360205996512597
ResNet-152,s1,976,0.6008002585416535
ResNet-152,s1,977,0.5877141821802657
ResNet-152,s1,978,0.6122623883498032
ResNet-152,s1,979,0.5837368228188244
ResNet-152,s1,980,0.6375841858229241
ResNet-152,s1,981,0.6260181359187715
ResNet-152,s1,982,0.6143839628829764
ResNet-152,s1,983,0.6274235902698203
ResNet-152,s1,984,0.569344290781298
ResNet-152,s1,985,0.576700922629494
ResNet-152,s1,986,0.6091879180898834
ResNet-152,s1,987,0.592763837867681
ResNet-152,s1,988,0.573856929675018
ResNet-152,s1,989,0.6206214867272252
ResNet-152,s1,990,0.5783039019164951
ResNet-152,s1,991,0.6096780016282141
ResNet-152,s1,992,0.6094977156024328
ResNet-152,s1,993,0.6431921532443887
ResNet-152,s1,994,0.6034555792200987
ResNet-152,s1,995,0.5804922332334455
ResNet-152,s1,996,0.5706562434698785
ResNet-152,s1,997,0.5279618225534017
ResNet-152,s1,998,0.6253514577834509
ResNet-152,s1,999,0.5617983008852031
ResNet-152,s2,0,0.029267562559428306
ResNet-152,s2,1,0.02060499933858273
ResNet-152,s2,2,0.022985681719842832
ResNet-152,s2,3,0.02600310012862117
ResNet-152,s2,4,0.03079423943192905
ResNet-152,s2,5,0.03444357695957434
ResNet-152,s2,6,0.025503366335215882
ResNet-152,s2,7,0.03732821568833533
ResNet-152,s2,8,0.028986147057641243
ResNet-152,s2,9,0.025827763390939618
ResNet-152,s2,10,0.02984910656302886
ResNet-152,s2,11,0.026568470333255156
ResNet-152,s2,12,0.02653267420851102
ResNet-152,s2,13,0.025023165931453817
ResNet-152,s2,14,0.022889093653628345
ResNet-152,s2,15,0.031369775698690594
ResNet-152,s2,16,0.025558345019939588
ResNet-152,s2,17,0.04069260210947623
ResNet-152,s2,18,0.02396872576469078
ResNet-152,s2,19,0.026040923507929414
ResNet-152,s2,20,0.03047443786625148
ResNet-152,s2,21,0.03323781349679589
ResNet-152,s2,22,0.026962577727316472
ResNet-152,s2,23,0.024917552712328428
ResNet-152,s2,24,0.02828514263498272
ResNet-152,s2,25,0.029524253598064765
ResNet-152,s2,26,0.03448819229298361
ResNet-152,s2,27,0.025391364948079698
ResNet-152,s2,28,0.044725566902441116
ResNet-152,s2,29,0.025809169392855158
ResNet-152,s2,30,0.03194791503897976
ResNet-152,s2,31,0.026887363665474395
ResNet-152,s2,32,0.028411189518438573
ResNet-152,s2,33,0.02962897547849186
ResNet-152,s2,34,0.025472886833142305
ResNet-152,s2,35,0.01722111121430825
ResNet-152,s2,36,0.024274149653267796
ResNet-152,s2,37,0.027668816126808604
ResNet-152,s2,38,0.023111906049267827
ResNet-152,s2,39,0.023406654889278178
ResNet-152,s2,40,0.02648478539753185
ResNet-152,s2,41,0.03206450290326868
ResNet-152,s2,42,0.03052612131094845
ResNet-152,s2,43,0.028289436892614095
ResNet-152,s2,44,0.025185177741550713
ResNet-152,s2,45,0.01998159727638893
ResNet-152,s2,46,0.0258696590077242
ResNet-152,s2,47,0.033743975097411116
ResNet-152,s2,48,0.03221893890347416
ResNet-152,s2,49,0.030106307557002387
ResNet-152,s2,50,0.026628377094232047
ResNet-152,s2,51,0.023735882672878628
ResNet-152,s2,52,0.024678518233771873
ResNet-152,s2,53,0.023851839869635683
ResNet-152,s2,54,0.02613099340282443
ResNet-152,s2,55,0.021134760193291635
ResNet-152,s2,56,0.031289434581239006
ResNet-152,s2,57,0.027433008603864106
ResNet-152,s2,58,0.022814955018198302
ResNet-152,s2,59,0.025934860255639847
ResNet-152,s2,60,0.02400283190545005
ResNet-152,s2,61,0.022452377904168985
ResNet-152,s2,62,0.023048547246683926
ResNet-152,s2,63,0.03276001463522871
ResNet-152,s2,64,0.02342395419771026
ResNet-152,s2,65,0.025201999106925665
ResNet-152,s2,66,0.036268886539976175
ResNet-152,s2,67,0.03775175765549221
ResNet-152,s2,68,0.03079211261681991
ResNet-152,s2,69,0.03446421670659039
ResNet-152,s2,70,0.027907527830835166
ResNet-152,s2,71,0.03717749272766846
ResNet-152,s2,72,0.024268922334480414
ResNet-152,s2,73,0.02261049874032195
ResNet-152,s2,74,0.018067712844299644
ResNet-152,s2,75,0.030817532583408136
ResNet-152,s2,76,0.035008139464767773
ResNet-152,s2,77,0.023463968800043866
ResNet-152,s2,78,0.030515623895978727
ResNet-152,s2,79,0.030638664412601213
ResNet-152,s2,80,0.025356458601069498
ResNet-152,s2,81,0.020390447105911758
ResNet-152,s2,82,0.0330394961186955
ResNet-152,s2,83,0.023323684245965537
ResNet-152,s2,84,0.030545988733588048
ResNet-152,s2,85,0.032380228938177935
ResNet-152,s2,86,0.028288377208625648
ResNet-152,s2,87,0.0303501184954037
ResNet-152,s2,88,0.024872935297581278
ResNet-152,s2,89,0.02993159923322264
ResNet-152,s2,90,0.02457620751320011
ResNet-152,s2,91,0.018682041771590496
ResNet-152,s2,92,0.01922500064264454
ResNet-152,s2,93,0.032558729179204327
ResNet-152,s2,94,0.03333131698945824
ResNet-152,s2,95,0.030589795048028723
ResNet-152,s2,96,0.02512640736967897
ResNet-152,s2,97,0.025778444766289765
ResNet-152,s2,98,0.024088206163519588
ResNet-152,s2,99,0.030962569123925143
ResNet-152,s2,100,0.028334420926172665
ResNet-152,s2,101,0.03523775311719746
ResNet-152,s2,102,0.030913843254195106
ResNet-152,s2,103,0.023850242565714774
ResNet-152,s2,104,0.032485084579949475
ResNet-152,s2,105,0.027341022403957416
ResNet-152,s2,106,0.02024932008574254
ResNet-152,s2,107,0.029438648361317155
ResNet-152,s2,108,0.02735113011631196
ResNet-152,s2,109,0.027613519444941836
ResNet-152,s2,110,0.0338141190662864
ResNet-152,s2,111,0.026354222345443268
ResNet-152,s2,112,0.03109675284012481
ResNet-152,s2,113,0.02536267700207695
ResNet-152,s2,114,0.024160455822762827
ResNet-152,s2,115,0.03105331538811651
ResNet-152,s2,116,0.026848141513505674
ResNet-152,s2,117,0.027529110403250567
ResNet-152,s2,118,0.023833205432872595
ResNet-152,s2,119,0.03241053227232282
ResNet-152,s2,120,0.03556780348260158
ResNet-152,s2,121,0.029683967137389966
ResNet-152,s2,122,0.025706209293469673
ResNet-152,s2,123,0.021479399961293666
ResNet-152,s2,124,0.01972229892487687
ResNet-152,s2,125,0.020567745163973417
ResNet-152,s2,126,0.026424979226710055
ResNet-152,s2,127,0.024458510533538647
ResNet-152,s2,128,0.023419360738830886
ResNet-152,s2,129,0.023073520136567938
ResNet-152,s2,130,0.025136531929599748
ResNet-152,s2,131,0.0202660684785525
ResNet-152,s2,132,0.026101148849781652
ResNet-152,s2,133,0.030852445404592976
ResNet-152,s2,134,0.03313105725193999
ResNet-152,s2,135,0.03789932804928009
ResNet-152,s2,136,0.030666860215067482
ResNet-152,s2,137,0.025688028619317627
ResNet-152,s2,138,0.032309487115816604
ResNet-152,s2,139,0.019794061832251852
ResNet-152,s2,140,0.028583393679184943
ResNet-152,s2,141,0.026785469482746294
ResNet-152,s2,142,0.028599707950515363
ResNet-152,s2,143,0.02958903125298995
ResNet-152,s2,144,0.0297954795096258
ResNet-152,s2,145,0.02540279537589929
ResNet-152,s2,146,0.025620706870746912
ResNet-152,s2,147,0.027609604924999198
ResNet-152,s2,148,0.01842222481676481
ResNet-152,s2,149,0.03297950519655357
ResNet-152,s2,150,0.026818718337531244
ResNet-152,s2,151,0.030618814672078387
ResNet-152,s2,152,0.03377887100408283
ResNet-152,s2,153,0.03528772424597981
ResNet-152,s2,154,0.03139673704304646
ResNet-152,s2,155,0.03124689204680864
ResNet-152,s2,156,0.029811175168429793
ResNet-152,s2,157,0.029147811657542322
ResNet-152,s2,158,0.0211748853623277
ResNet-152,s2,159,0.025544868158110412
ResNet-152,s2,160,0.02679931740870234
ResNet-152,s2,161,0.02958158136237965
ResNet-152,s2,162,0.028927578672591436
ResNet-152,s2,163,0.026101969643467227
ResNet-152,s2,164,0.039437190501820485
ResNet-152,s2,165,0.025591616062432876
ResNet-152,s2,166,0.024692204345696522
ResNet-152,s2,167,0.03522800753228639
ResNet-152,s2,168,0.030416549251714775
ResNet-152,s2,169,0.020917343470880922
ResNet-152,s2,170,0.026976238362502847
ResNet-152,s2,171,0.033500330037616766
ResNet-152,s2,172,0.03554479770328489
ResNet-152,s2,173,0.029995302134035895
ResNet-152,s2,174,0.022991454296353853
ResNet-152,s2,175,0.02980513247630434
ResNet-152,s2,176,0.025521622420844325
ResNet-152,s2,177,0.032003112026748326
ResNet-152,s2,178,0.02149965479372906
ResNet-152,s2,179,0.02256921347206775
ResNet-152,s2,180,0.03411295271535775
ResNet-152,s2,181,0.021865295313241884
ResNet-152,s2,182,0.031823065487077695
ResNet-152,s2,183,0.029970550679679242
ResNet-152,s2,184,0.021064841434637827
ResNet-152,s2,185,0.025422037671650743
ResNet-152,s2,186,0.032222291379802925
ResNet-152,s2,187,0.034544931420937286
ResNet-152,s2,188,0.017134760213463274
ResNet-152,s2,189,0.02587606807054743
ResNet-152,s2,190,0.02759377926357398
ResNet-152,s2,191,0.02848919096122393
ResNet-152,s2,192,0.030615841928998577
ResNet-152,s2,193,0.030265197221114426
ResNet-152,s2,194,0.03225846773036989
ResNet-152,s2,195,0.021369282369534504
ResNet-152,s2,196,0.025657117654392603
ResNet-152,s2,197,0.031939784332389975
ResNet-152,s2,198,0.03110756399057435
ResNet-152,s2,199,0.031630323151473405
ResNet-152,s2,200,0.024810623572077195
ResNet-152,s2,201,0.02633860429173851
ResNet-152,s2,202,0.026493145148978825
ResNet-152,s2,203,0.030893639496912484
ResNet-152,s2,204,0.022073905503359414
ResNet-152,s2,205,0.02785210337797428
ResNet-152,s2,206,0.026207805420584096
ResNet-152,s2,207,0.023206801900153118
ResNet-152,s2,208,0.030890806495315948
ResNet-152,s2,209,0.023035307288194917
ResNet-152,s2,210,0.025257830247961466
ResNet-152,s2,211,0.03147251274487384
ResNet-152,s2,212,0.030917929942083866
ResNet-152,s2,213,0.025776736927422217
ResNet-152,s2,214,0.02669342210496095
ResNet-152,s2,215,0.026602282881599937
ResNet-152,s2,216,0.018704852287034557
ResNet-152,s2,217,0.035478509270631786
ResNet-152,s2,218,0.023703973000953615
ResNet-152,s2,219,0.025153620841066315
ResNet-152,s2,220,0.03411047523788335
ResNet-152,s2,221,0.027097951278818422
ResNet-152,s2,222,0.02967005037590764
ResNet-152,s2,223,0.02372387028310574
ResNet-152,s2,224,0.02079089868368611
ResNet-152,s2,225,0.02744851566319595
ResNet-152,s2,226,0.0268795085090191
ResNet-152,s2,227,0.030671938515102304
ResNet-152,s2,228,0.02920009267013124
ResNet-152,s2,229,0.02114085007525357
ResNet-152,s2,230,0.023376803694410753
ResNet-152,s2,231,0.02418785786774591
ResNet-152,s2,232,0.028530698482090222
ResNet-152,s2,233,0.032523656320724736
ResNet-152,s2,234,0.03164081174082867
ResNet-152,s2,235,0.02838884838133149
ResNet-152,s2,236,0.03810846276058211
ResNet-152,s2,237,0.02836273526638844
ResNet-152,s2,238,0.027394804633738223
ResNet-152,s2,239,0.02354974579549074
ResNet-152,s2,240,0.02608548007571021
ResNet-152,s2,241,0.027327490706957724
ResNet-152,s2,242,0.03041053819767403
ResNet-152,s2,243,0.02652068330515389
ResNet-152,s2,244,0.027718874890637846
ResNet-152,s2,245,0.030948618354417978
ResNet-152,s2,246,0.022413786475023234
ResNet-152,s2,247,0.028627963133745493
ResNet-152,s2,248,0.02470865944713796
ResNet-152,s2,249,0.022097110153564303
ResNet-152,s2,250,0.027237983969610413
ResNet-152,s2,251,0.02792222603649963
ResNet-152,s2,252,0.03935503533137241
ResNet-152,s2,253,0.024323646567358526
ResNet-152,s2,254,0.027029621327994247
ResNet-152,s2,255,0.02464073498260766
ResNet-152,s2,256,0.027759871712907835
ResNet-152,s2,257,0.029846561224891155
ResNet-152,s2,258,0.030726252883888083
ResNet-152,s2,259,0.02157209632297563
ResNet-152,s2,260,0.025977060041530775
ResNet-152,s2,261,0.026758940856815072
ResNet-152,s2,262,0.021430891264136998
ResNet-152,s2,263,0.03487405858613002
ResNet-152,s2,264,0.02765542079004757
ResNet-152,s2,265,0.022909792609170587
ResNet-152,s2,266,0.020730622153260603
ResNet-152,s2,267,0.01702543636396714
ResNet-152,s2,268,0.028277541804388684
ResNet-152,s2,269,0.02453507842314595
ResNet-152,s2,270,0.02530008783313553
ResNet-152,s2,271,0.02623534299927499
ResNet-152,s2,272,0.02295563870982731
ResNet-152,s2,273,0.033870531929038994
ResNet-152,s2,274,0.031266901732189045
ResNet-152,s2,275,0.02474886874558324
ResNet-152,s2,276,0.03510615088566904
ResNet-152,s2,277,0.030643833516681318
ResNet-152,s2,278,0.029831482034985646
ResNet-152,s2,279,0.024419427262782345
ResNet-152,s2,280,0.026870168437536535
ResNet-152,s2,281,0.028113872162287667
ResNet-152,s2,282,0.028407847684292387
ResNet-152,s2,283,0.026140445399834622
ResNet-152,s2,284,0.029405404614275654
ResNet-152,s2,285,0.028995978442355685
ResNet-152,s2,286,0.027526675482015706
ResNet-152,s2,287,0.037278063165179676
ResNet-152,s2,288,0.028413739712369712
ResNet-152,s2,289,0.030431834721595163
ResNet-152,s2,290,0.04040687437834278
ResNet-152,s2,291,0.017509604887063768
ResNet-152,s2,292,0.032058285090989735
ResNet-152,s2,293,0.03202292376506566
ResNet-152,s2,294,0.021637727796216866
ResNet-152,s2,295,0.027042396242635047
ResNet-152,s2,296,0.024968200700738796
ResNet-152,s2,297,0.02499089441478819
ResNet-152,s2,298,0.025309530191949814
ResNet-152,s2,299,0.026884418769684837
ResNet-152,s2,300,0.033568159217986726
ResNet-152,s2,301,0.02615815747689698
ResNet-152,s2,302,0.014967824674779528
ResNet-152,s2,303,0.02669253981415387
ResNet-152,s2,304,0.03233591749555609
ResNet-152,s2,305,0.020987769118209987
ResNet-152,s2,306,0.020676629069300456
ResNet-152,s2,307,0.02602936620521712
ResNet-152,s2,308,0.03221508609253887
ResNet-152,s2,309,0.029003892566242473
ResNet-152,s2,310,0.0263624229033107
ResNet-152,s2,311,0.02251518657934415
ResNet-152,s2,312,0.026920235353923072
ResNet-152,s2,313,0.025715601497687146
ResNet-152,s2,314,0.0327349160403807
ResNet-152,s2,315,0.03284556896389379
ResNet-152,s2,316,0.029837983335926133
ResNet-152,s2,317,0.02497479820500559
ResNet-152,s2,318,0.026605730859930787
ResNet-152,s2,319,0.028534325110691428
ResNet-152,s2,320,0.028609734661954045
ResNet-152,s2,321,0.03320485294683828
ResNet-152,s2,322,0.02907900320936485
ResNet-152,s2,323,0.02792092991261952
ResNet-152,s2,324,0.02869901621979354
ResNet-152,s2,325,0.028351472035004877
ResNet-152,s2,326,0.02965328271993506
ResNet-152,s2,327,0.026585991476551274
ResNet-152,s2,328,0.0278208667497557
ResNet-152,s2,329,0.03094061862745434
ResNet-152,s2,330,0.02407483020012524
ResNet-152,s2,331,0.03191865276594252
ResNet-152,s2,332,0.02624079669806001
ResNet-152,s2,333,0.028475166420564135
ResNet-152,s2,334,0.031286118864308654
ResNet-152,s2,335,0.023214236675264788
ResNet-152,s2,336,0.021905928561345434
ResNet-152,s2,337,0.029487623591504586
ResNet-152,s2,338,0.019875910965083343
ResNet-152,s2,339,0.025959684186969256
ResNet-152,s2,340,0.03528071894320206
ResNet-152,s2,341,0.027913025507522615
ResNet-152,s2,342,0.023925581940067664
ResNet-152,s2,343,0.024749492045416877
ResNet-152,s2,344,0.029109609692082872
ResNet-152,s2,345,0.028274594450693025
ResNet-152,s2,346,0.025562310781024777
ResNet-152,s2,347,0.0356650716330853
ResNet-152,s2,348,0.031048358689653943
ResNet-152,s2,349,0.03010331688751644
ResNet-152,s2,350,0.023196293762001052
ResNet-152,s2,351,0.03191890128608166
ResNet-152,s2,352,0.03168635345573212
ResNet-152,s2,353,0.030676659690341834
ResNet-152,s2,354,0.024994768213684404
ResNet-152,s2,355,0.02459537076664864
ResNet-152,s2,356,0.03373902204309809
ResNet-152,s2,357,0.03288518742749158
ResNet-152,s2,358,0.024621345380034465
ResNet-152,s2,359,0.03013053356952311
ResNet-152,s2,360,0.02430107216661659
ResNet-152,s2,361,0.029053160613230267
ResNet-152,s2,362,0.03295808760145724
ResNet-152,s2,363,0.029505921035825167
ResNet-152,s2,364,0.02961628392598037
ResNet-152,s2,365,0.018231626809996793
ResNet-152,s2,366,0.022224965536353558
ResNet-152,s2,367,0.03518795448702383
ResNet-152,s2,368,0.03216489518144727
ResNet-152,s2,369,0.03499067463538341
ResNet-152,s2,370,0.0234483436810069
ResNet-152,s2,371,0.029607780662506578
ResNet-152,s2,372,0.024510777677115736
ResNet-152,s2,373,0.0285585179394533
ResNet-152,s2,374,0.03476453674058633
ResNet-152,s2,375,0.031160235341824327
ResNet-152,s2,376,0.023501457801596404
ResNet-152,s2,377,0.02064469139445979
ResNet-152,s2,378,0.03182728181507677
ResNet-152,s2,379,0.024869288747275564
ResNet-152,s2,380,0.01972481628892464
ResNet-152,s2,381,0.027100232546895198
ResNet-152,s2,382,0.027423178941268556
ResNet-152,s2,383,0.025298967404685846
ResNet-152,s2,384,0.018625978581541136
ResNet-152,s2,385,0.0274352299024474
ResNet-152,s2,386,0.022648747004287317
ResNet-152,s2,387,0.020340340446860505
ResNet-152,s2,388,0.03162381633142741
ResNet-152,s2,389,0.038735356216875516
ResNet-152,s2,390,0.029274334565295268
ResNet-152,s2,391,0.032341789525579645
ResNet-152,s2,392,0.02621363671003807
ResNet-152,s2,393,0.023316773233689747
ResNet-152,s2,394,0.027462084334259007
ResNet-152,s2,395,0.0228797169008238
ResNet-152,s2,396,0.02450598109548563
ResNet-152,s2,397,0.024955295007507483
ResNet-152,s2,398,0.02602819287592084
ResNet-152,s2,399,0.023093127292023063
ResNet-152,s2,400,0.028486436494490786
ResNet-152,s2,401,0.0313031880434268
ResNet-152,s2,402,0.02628814021815784
ResNet-152,s2,403,0.019077567289642494
ResNet-152,s2,404,0.030050441984584064
ResNet-152,s2,405,0.028340573619220044
ResNet-152,s2,406,0.03082502489691319
ResNet-152,s2,407,0.016956646418372356
ResNet-152,s2,408,0.024581425040497873
ResNet-152,s2,409,0.03980598785272338
ResNet-152,s2,410,0.02483962582167465
ResNet-152,s2,411,0.034695510399377794
ResNet-152,s2,412,0.02993492030767908
ResNet-152,s2,413,0.031063451203400927
ResNet-152,s2,414,0.029293169382910933
ResNet-152,s2,415,0.025112471377322643
ResNet-152,s2,416,0.022844258840580056
ResNet-152,s2,417,0.031565930259276676
ResNet-152,s2,418,0.024840838380841057
ResNet-152,s2,419,0.029626702232697033
ResNet-152,s2,420,0.015466216762164975
ResNet-152,s2,421,0.034901163495400844
ResNet-152,s2,422,0.03159139815301859
ResNet-152,s2,423,0.034791394166989176
ResNet-152,s2,424,0.02477566606124393
ResNet-152,s2,425,0.024507502992741514
ResNet-152,s2,426,0.02002179153364747
ResNet-152,s2,427,0.026918838022696567
ResNet-152,s2,428,0.016684738216505623
ResNet-152,s2,429,0.04096686081012468
ResNet-152,s2,430,0.03430101390947038
ResNet-152,s2,431,0.02501357535159965
ResNet-152,s2,432,0.025407890845665748
ResNet-152,s2,433,0.03332245706038428
ResNet-152,s2,434,0.03464468696277323
ResNet-152,s2,435,0.021627987502432666
ResNet-152,s2,436,0.030885439668941195
ResNet-152,s2,437,0.01747442928943277
ResNet-152,s2,438,0.027393572702840263
ResNet-152,s2,439,0.03294247613366741
ResNet-152,s2,440,0.02753131384597063
ResNet-152,s2,441,0.033635578420310175
ResNet-152,s2,442,0.03352011833606272
ResNet-152,s2,443,0.037190134933255625
ResNet-152,s2,444,0.0297291769088468
ResNet-152,s2,445,0.030372508597394487
ResNet-152,s2,446,0.02921231823305559
ResNet-152,s2,447,0.02722966309489927
ResNet-152,s2,448,0.024091154833272066
ResNet-152,s2,449,0.02519557194742006
ResNet-152,s2,450,0.03048907043210458
ResNet-152,s2,451,0.029428745595632466
ResNet-152,s2,452,0.02665655089262131
ResNet-152,s2,453,0.034213033744759036
ResNet-152,s2,454,0.02747296078331196
ResNet-152,s2,455,0.026179531154159275
ResNet-152,s2,456,0.02821627810371219
ResNet-152,s2,457,0.024143074961068933
ResNet-152,s2,458,0.02458024418548599
ResNet-152,s2,459,0.035691963229122936
ResNet-152,s2,460,0.023547205850498854
ResNet-152,s2,461,0.025091857130980277
ResNet-152,s2,462,0.03261545680054079
ResNet-152,s2,463,0.020430553601793466
ResNet-152,s2,464,0.026955310100338803
ResNet-152,s2,465,0.0300976320498908
ResNet-152,s2,466,0.02721457417273543
ResNet-152,s2,467,0.026572637702499957
ResNet-152,s2,468,0.03541858613338289
ResNet-152,s2,469,0.02551401706984624
ResNet-152,s2,470,0.028954258479985118
ResNet-152,s2,471,0.029446364446668594
ResNet-152,s2,472,0.025541304063351866
ResNet-152,s2,473,0.03253048955366955
ResNet-152,s2,474,0.032382542843465756
ResNet-152,s2,475,0.02632305608084573
ResNet-152,s2,476,0.026833295215020758
ResNet-152,s2,477,0.03033305816024212
ResNet-152,s2,478,0.02724049371334525
ResNet-152,s2,479,0.02226239294079524
ResNet-152,s2,480,0.03025042863365346
ResNet-152,s2,481,0.031869912612352835
ResNet-152,s2,482,0.032670119121565255
ResNet-152,s2,483,0.025707665228799303
ResNet-152,s2,484,0.03225027247695589
ResNet-152,s2,485,0.0292811056201685
ResNet-152,s2,486,0.019742953853027823
ResNet-152,s2,487,0.034437397794971014
ResNet-152,s2,488,0.02549977206775511
ResNet-152,s2,489,0.026743372857292225
ResNet-152,s2,490,0.027424629075606388
ResNet-152,s2,491,0.028590885722380555
ResNet-152,s2,492,0.028403475800650724
ResNet-152,s2,493,0.026933891916469888
ResNet-152,s2,494,0.030785761775595666
ResNet-152,s2,495,0.032292705513071285
ResNet-152,s2,496,0.019701593553126062
ResNet-152,s2,497,0.024196955862396785
ResNet-152,s2,498,0.0209967727136956
ResNet-152,s2,499,0.031154301689516606
ResNet-152,s2,500,0.02428226591527982
ResNet-152,s2,501,0.017419011951046448
ResNet-152,s2,502,0.03675118253525911
ResNet-152,s2,503,0.02533189586200857
ResNet-152,s2,504,0.03771835497602116
ResNet-152,s2,505,0.02813697972459872
ResNet-152,s2,506,0.029075146211873126
ResNet-152,s2,507,0.022564388483023334
ResNet-152,s2,508,0.02232272405263147
ResNet-152,s2,509,0.019617454068686535
ResNet-152,s2,510,0.021941348076551903
ResNet-152,s2,511,0.02851632157509143
ResNet-152,s2,512,0.026749760954906332
ResNet-152,s2,513,0.031380655787866085
ResNet-152,s2,514,0.033798164167389566
ResNet-152,s2,515,0.025105644311128605
ResNet-152,s2,516,0.030240855073573214
ResNet-152,s2,517,0.02461613010077146
ResNet-152,s2,518,0.02620941245027819
ResNet-152,s2,519,0.031922293459848095
ResNet-152,s2,520,0.03311298341922031
ResNet-152,s2,521,0.029960122931479205
ResNet-152,s2,522,0.018032928272064708
ResNet-152,s2,523,0.02282181148582796
ResNet-152,s2,524,0.028321422176463162
ResNet-152,s2,525,0.02773658808299806
ResNet-152,s2,526,0.03513883353535174
ResNet-152,s2,527,0.02578723726968024
ResNet-152,s2,528,0.019303123403089928
ResNet-152,s2,529,0.0268854782114758
ResNet-152,s2,530,0.027759017432482103
ResNet-152,s2,531,0.038692462914907355
ResNet-152,s2,532,0.019536149309599904
ResNet-152,s2,533,0.029573023685707245
ResNet-152,s2,534,0.02988774784578263
ResNet-152,s2,535,0.02513865716875019
ResNet-152,s2,536,0.01842596332771973
ResNet-152,s2,537,0.026190154230257834
ResNet-152,s2,538,0.02973721072468094
ResNet-152,s2,539,0.02785283572882513
ResNet-152,s2,540,0.025088205789069007
ResNet-152,s2,541,0.032987052629377955
ResNet-152,s2,542,0.027809214790375902
ResNet-152,s2,543,0.0330840803757253
ResNet-152,s2,544,0.026206159138697727
ResNet-152,s2,545,0.026080601791385938
ResNet-152,s2,546,0.025027002226424733
ResNet-152,s2,547,0.029683547411167743
ResNet-152,s2,548,0.018813778780238044
ResNet-152,s2,549,0.031469190645918244
ResNet-152,s2,550,0.027130464046510983
ResNet-152,s2,551,0.025781694055227122
ResNet-152,s2,552,0.030164648196971622
ResNet-152,s2,553,0.029904490876265788
ResNet-152,s2,554,0.02844669479559081
ResNet-152,s2,555,0.03034489264957152
ResNet-152,s2,556,0.026028213556052338
ResNet-152,s2,557,0.029774797494172
ResNet-152,s2,558,0.03792906693948772
ResNet-152,s2,559,0.019639968475266056
ResNet-152,s2,560,0.019226171918738544
ResNet-152,s2,561,0.02295753293114655
ResNet-152,s2,562,0.02901047675384172
ResNet-152,s2,563,0.025840154467412613
ResNet-152,s2,564,0.03713321311822637
ResNet-152,s2,565,0.02331717037623049
ResNet-152,s2,566,0.023891537421886433
ResNet-152,s2,567,0.0317527023742068
ResNet-152,s2,568,0.025946635914751992
ResNet-152,s2,569,0.028237999224606347
ResNet-152,s2,570,0.03391998750923275
ResNet-152,s2,571,0.02808138683296224
ResNet-152,s2,572,0.03703034148282969
ResNet-152,s2,573,0.02693879961574497
ResNet-152,s2,574,0.024894926659642325
ResNet-152,s2,575,0.026409576023461945
ResNet-152,s2,576,0.025526100467161972
ResNet-152,s2,577,0.02533601666362595
ResNet-152,s2,578,0.027146655484621474
ResNet-152,s2,579,0.02864686073624767
ResNet-152,s2,580,0.03308919428601953
ResNet-152,s2,581,0.030564073489706467
ResNet-152,s2,582,0.021171616200318932
ResNet-152,s2,583,0.02729444739873388
ResNet-152,s2,584,0.024278892204143587
ResNet-152,s2,585,0.03031886031315656
ResNet-152,s2,586,0.023492664885873094
ResNet-152,s2,587,0.019762933883927802
ResNet-152,s2,588,0.03523484480600203
ResNet-152,s2,589,0.02532708015927776
ResNet-152,s2,590,0.02416748209659969
ResNet-152,s2,591,0.02971155998942998
ResNet-152,s2,592,0.024172289426480864
ResNet-152,s2,593,0.030972987730170543
ResNet-152,s2,594,0.025916947343395336
ResNet-152,s2,595,0.030758139898889203
ResNet-152,s2,596,0.03671727107265488
ResNet-152,s2,597,0.018729405167785207
ResNet-152,s2,598,0.025002804885934538
ResNet-152,s2,599,0.035615532016132656
ResNet-152,s2,600,0.014239094266964791
ResNet-152,s2,601,0.027759897402903633
ResNet-152,s2,602,0.026532994725898984
ResNet-152,s2,603,0.028738806833035646
ResNet-152,s2,604,0.026228364065457588
ResNet-152,s2,605,0.022862691183540007
ResNet-152,s2,606,0.02192851973774057
ResNet-152,s2,607,0.024268780822246483
ResNet-152,s2,608,0.02541470443578575
ResNet-152,s2,609,0.032128127343451385
ResNet-152,s2,610,0.031164229969046997
ResNet-152,s2,611,0.020547159633399037
ResNet-152,s2,612,0.022765326711319478
ResNet-152,s2,613,0.03307607153683101
ResNet-152,s2,614,0.034254390353492314
ResNet-152,s2,615,0.028018915562594615
ResNet-152,s2,616,0.029853327087654313
ResNet-152,s2,617,0.021821530367818753
ResNet-152,s2,618,0.023139359112373636
ResNet-152,s2,619,0.024831338464161745
ResNet-152,s2,620,0.02833262769334366
ResNet-152,s2,621,0.03578270441502496
ResNet-152,s2,622,0.03447265354952467
ResNet-152,s2,623,0.02931397561350324
ResNet-152,s2,624,0.03300543696639535
ResNet-152,s2,625,0.02947413755564532
ResNet-152,s2,626,0.038867467828058055
ResNet-152,s2,627,0.023168297188066234
ResNet-152,s2,628,0.03204702108138302
ResNet-152,s2,629,0.030134508468276366
ResNet-152,s2,630,0.02750693589948716
ResNet-152,s2,631,0.021079464925556568
ResNet-152,s2,632,0.023481166082408134
ResNet-152,s2,633,0.03491908271528621
ResNet-152,s2,634,0.023767446208655896
ResNet-152,s2,635,0.021968731960233745
ResNet-152,s2,636,0.030110528515299717
ResNet-152,s2,637,0.027055006383549962
ResNet-152,s2,638,0.032885698226945426
ResNet-152,s2,639,0.03230851543870761
ResNet-152,s2,640,0.025556791883616925
ResNet-152,s2,641,0.01910986838640394
ResNet-152,s2,642,0.03446752072110271
ResNet-152,s2,643,0.01934331374977738
ResNet-152,s2,644,0.03153155183839085
ResNet-152,s2,645,0.022876816120057875
ResNet-152,s2,646,0.028065048209696908
ResNet-152,s2,647,0.024854861755788105
ResNet-152,s2,648,0.02795211546361831
ResNet-152,s2,649,0.031101303432634286
ResNet-152,s2,650,0.02791418759413422
ResNet-152,s2,651,0.02405600726567869
ResNet-152,s2,652,0.019947768483391748
ResNet-152,s2,653,0.026512065663048312
ResNet-152,s2,654,0.018913060717581143
ResNet-152,s2,655,0.027890105586131253
ResNet-152,s2,656,0.02212557363928902
ResNet-152,s2,657,0.028470356472401592
ResNet-152,s2,658,0.020598103011180258
ResNet-152,s2,659,0.02716595638472663
ResNet-152,s2,660,0.03302800785141902
ResNet-152,s2,661,0.03588485570222466
ResNet-152,s2,662,0.03414246503124618
ResNet-152,s2,663,0.028919222115686538
ResNet-152,s2,664,0.03335860924964251
ResNet-152,s2,665,0.02197022364420642
ResNet-152,s2,666,0.02648442555456454
ResNet-152,s2,667,0.019411175193270513
ResNet-152,s2,668,0.030242314423656547
ResNet-152,s2,669,0.031145808155581767
ResNet-152,s2,670,0.027964102294338544
ResNet-152,s2,671,0.032021666715718156
ResNet-152,s2,672,0.0310377647378538
ResNet-152,s2,673,0.03418178844716391
ResNet-152,s2,674,0.024152373152468765
ResNet-152,s2,675,0.025955646776416263
ResNet-152,s2,676,0.02823566203921346
ResNet-152,s2,677,0.03123608430232283
ResNet-152,s2,678,0.03129513077401469
ResNet-152,s2,679,0.024985543430945722
ResNet-152,s2,680,0.029895833271258998
ResNet-152,s2,681,0.027255414465598204
ResNet-152,s2,682,0.025958236084868136
ResNet-152,s2,683,0.032745807950999906
ResNet-152,s2,684,0.024656297117702453
ResNet-152,s2,685,0.02412626754606917
ResNet-152,s2,686,0.02390018906315694
ResNet-152,s2,687,0.033438729615749896
ResNet-152,s2,688,0.03134159373811052
ResNet-152,s2,689,0.03445020920066211
ResNet-152,s2,690,0.02509897019726559
ResNet-152,s2,691,0.029108288170831553
ResNet-152,s2,692,0.03087784595295595
ResNet-152,s2,693,0.02501764371124493
ResNet-152,s2,694,0.019520675995354564
ResNet-152,s2,695,0.02817207937743116
ResNet-152,s2,696,0.031395357070569174
ResNet-152,s2,697,0.025691725213896954
ResNet-152,s2,698,0.031245874770774007
ResNet-152,s2,699,0.025844164458705965
ResNet-152,s2,700,0.02046336958381434
ResNet-152,s2,701,0.02917507558772625
ResNet-152,s2,702,0.025608408562439733
ResNet-152,s2,703,0.025108670927830645
ResNet-152,s2,704,0.018290659026277356
ResNet-152,s2,705,0.03366926616387422
ResNet-152,s2,706,0.025413287597931156
ResNet-152,s2,707,0.038650928326169454
ResNet-152,s2,708,0.014467504691944688
ResNet-152,s2,709,0.023170731132655664
ResNet-152,s2,710,0.022844575564871294
ResNet-152,s2,711,0.028565773947342943
ResNet-152,s2,712,0.028215346856198087
ResNet-152,s2,713,0.03205324414379185
ResNet-152,s2,714,0.0283755252848944
ResNet-152,s2,715,0.02734663849970942
ResNet-152,s2,716,0.02612267555153236
ResNet-152,s2,717,0.025901489952296353
ResNet-152,s2,718,0.027349559224794873
ResNet-152,s2,719,0.02530146944254219
ResNet-152,s2,720,0.039734223443465666
ResNet-152,s2,721,0.0253833347500958
ResNet-152,s2,722,0.016457174652662387
ResNet-152,s2,723,0.02835781226811407
ResNet-152,s2,724,0.02667604109012245
ResNet-152,s2,725,0.024537448860844302
ResNet-152,s2,726,0.026883955692946104
ResNet-152,s2,727,0.027872868688035735
ResNet-152,s2,728,0.029709964545104217
ResNet-152,s2,729,0.019082047024485904
ResNet-152,s2,730,0.027918056150027404
ResNet-152,s2,731,0.023027796880101814
ResNet-152,s2,732,0.03036406395169744
ResNet-152,s2,733,0.026502757272489075
ResNet-152,s2,734,0.034022275671295454
ResNet-152,s2,735,0.021517690847925985
ResNet-152,s2,736,0.03769524424648851
ResNet-152,s2,737,0.029936459556779704
ResNet-152,s2,738,0.02370876524432286
ResNet-152,s2,739,0.0271928482005237
ResNet-152,s2,740,0.02857749458032066
ResNet-152,s2,741,0.023189441377764908
ResNet-152,s2,742,0.03274357084937951
ResNet-152,s2,743,0.02189771094525028
ResNet-152,s2,744,0.014143097120397852
ResNet-152,s2,745,0.02663493223627411
ResNet-152,s2,746,0.024568806551773403
ResNet-152,s2,747,0.029779336489321295
ResNet-152,s2,748,0.0324738417905428
ResNet-152,s2,749,0.03363952947436599
ResNet-152,s2,750,0.0291439481403718
ResNet-152,s2,751,0.026568886732409425
ResNet-152,s2,752,0.021678801274462978
ResNet-152,s2,753,0.024866619160681225
ResNet-152,s2,754,0.03887778021412802
ResNet-152,s2,755,0.03402537600554911
ResNet-152,s2,756,0.0355717326882673
ResNet-152,s2,757,0.022795950348213245
ResNet-152,s2,758,0.03565579389207718
ResNet-152,s2,759,0.02957622705022256
ResNet-152,s2,760,0.02489437041971254
ResNet-152,s2,761,0.02446586553371033
ResNet-152,s2,762,0.02624808470939255
ResNet-152,s2,763,0.027932492697421596
ResNet-152,s2,764,0.028006249181960263
ResNet-152,s2,765,0.03211776298082991
ResNet-152,s2,766,0.030032323042300302
ResNet-152,s2,767,0.031182605411225972
ResNet-152,s2,768,0.01981584377855594
ResNet-152,s2,769,0.03583836599262891
ResNet-152,s2,770,0.026587931127221465
ResNet-152,s2,771,0.021341963550880916
ResNet-152,s2,772,0.03454204124293003
ResNet-152,s2,773,0.03319869729111968
ResNet-152,s2,774,0.021205691765547208
ResNet-152,s2,775,0.034970284251903405
ResNet-152,s2,776,0.02543582616502915
ResNet-152,s2,777,0.03376639868890574
ResNet-152,s2,778,0.03048624733554839
ResNet-152,s2,779,0.0421187235596423
ResNet-152,s2,780,0.019307073389399965
ResNet-152,s2,781,0.022037910471668587
ResNet-152,s2,782,0.027891318476271132
ResNet-152,s2,783,0.036179326379098486
ResNet-152,s2,784,0.02492330553623423
ResNet-152,s2,785,0.03250406370500203
ResNet-152,s2,786,0.030777617778699362
ResNet-152,s2,787,0.017726929457046015
ResNet-152,s2,788,0.027517977438072938
ResNet-152,s2,789,0.036194908869456865
ResNet-152,s2,790,0.019101853269322122
ResNet-152,s2,791,0.02457505854978892
ResNet-152,s2,792,0.029645976818468478
ResNet-152,s2,793,0.02819851945135665
ResNet-152,s2,794,0.023408213183396476
ResNet-152,s2,795,0.026396670833004232
ResNet-152,s2,796,0.024132744852318755
ResNet-152,s2,797,0.02098490718845336
ResNet-152,s2,798,0.024941331917433085
ResNet-152,s2,799,0.029500745723605726
ResNet-152,s2,800,0.03217566729648036
ResNet-152,s2,801,0.02373729055381557
ResNet-152,s2,802,0.01947658548515785
ResNet-152,s2,803,0.02935581286493849
ResNet-152,s2,804,0.031568237359348106
ResNet-152,s2,805,0.01944540207393075
ResNet-152,s2,806,0.028791803521889925
ResNet-152,s2,807,0.0267537421515347
ResNet-152,s2,808,0.03306265318689072
ResNet-152,s2,809,0.020295724191298103
ResNet-152,s2,810,0.034020479588984465
ResNet-152,s2,811,0.024048940362799698
ResNet-152,s2,812,0.02787665060542044
ResNet-152,s2,813,0.03137716789682421
ResNet-152,s2,814,0.03334982738123471
ResNet-152,s2,815,0.024917673040255495
ResNet-152,s2,816,0.029510424837724036
ResNet-152,s2,817,0.03219510297030115
ResNet-152,s2,818,0.030244689278202452
ResNet-152,s2,819,0.027595841481588224
ResNet-152,s2,820,0.02147875426380441
ResNet-152,s2,821,0.029596388048129252
ResNet-152,s2,822,0.023194044799318858
ResNet-152,s2,823,0.027191529411249138
ResNet-152,s2,824,0.020055538980655596
ResNet-152,s2,825,0.020417461339015452
ResNet-152,s2,826,0.02603169621501611
ResNet-152,s2,827,0.025154562167210126
ResNet-152,s2,828,0.030829509072818895
ResNet-152,s2,829,0.029612570629394153
ResNet-152,s2,830,0.031776703815665
ResNet-152,s2,831,0.03206072292468476
ResNet-152,s2,832,0.028953553697963486
ResNet-152,s2,833,0.02966214302202752
ResNet-152,s2,834,0.022402195112733114
ResNet-152,s2,835,0.020530608576424636
ResNet-152,s2,836,0.03149061545560006
ResNet-152,s2,837,0.024114288121933836
ResNet-152,s2,838,0.022433648771546078
ResNet-152,s2,839,0.02890274958283523
ResNet-152,s2,840,0.037150665485513046
ResNet-152,s2,841,0.021072582116484107
ResNet-152,s2,842,0.02533365983061031
ResNet-152,s2,843,0.022555012205191405
ResNet-152,s2,844,0.02140685488603855
ResNet-152,s2,845,0.025587357975960123
ResNet-152,s2,846,0.0268869671408849
ResNet-152,s2,847,0.027680174166791027
ResNet-152,s2,848,0.023903458436530522
ResNet-152,s2,849,0.03286596362787697
ResNet-152,s2,850,0.022424704685861774
ResNet-152,s2,851,0.03613870899859162
ResNet-152,s2,852,0.028962261609529194
ResNet-152,s2,853,0.02563607573580451
ResNet-152,s2,854,0.030870372817640823
ResNet-152,s2,855,0.023867365932543128
ResNet-152,s2,856,0.029067886062969728
ResNet-152,s2,857,0.020612288410522983
ResNet-152,s2,858,0.026127533516934087
ResNet-152,s2,859,0.024111053913012936
ResNet-152,s2,860,0.019097988896654483
ResNet-152,s2,861,0.024341649802168797
ResNet-152,s2,862,0.02901865945617843
ResNet-152,s2,863,0.02731119513726976
ResNet-152,s2,864,0.02976627366190221
ResNet-152,s2,865,0.028074856362925837
ResNet-152,s2,866,0.023823571646030106
ResNet-152,s2,867,0.025389376940129438
ResNet-152,s2,868,0.02737237130499104
ResNet-152,s2,869,0.024075430117117547
ResNet-152,s2,870,0.027410265192461147
ResNet-152,s2,871,0.029254885978475365
ResNet-152,s2,872,0.02224060087721691
ResNet-152,s2,873,0.024127048684630115
ResNet-152,s2,874,0.025786821165827423
ResNet-152,s2,875,0.032837568540105444
ResNet-152,s2,876,0.027842924644132627
ResNet-152,s2,877,0.022672073002553472
ResNet-152,s2,878,0.03142160227500268
ResNet-152,s2,879,0.031250731192896675
ResNet-152,s2,880,0.02628800229859396
ResNet-152,s2,881,0.02639081392808129
ResNet-152,s2,882,0.01747581605870563
ResNet-152,s2,883,0.02978109714321986
ResNet-152,s2,884,0.03571394740045608
ResNet-152,s2,885,0.026605243649240773
ResNet-152,s2,886,0.026488757453023815
ResNet-152,s2,887,0.03383021625445859
ResNet-152,s2,888,0.03472189115953683
ResNet-152,s2,889,0.027444334438887608
ResNet-152,s2,890,0.024474609728905583
ResNet-152,s2,891,0.020989426293595903
ResNet-152,s2,892,0.030483151560421473
ResNet-152,s2,893,0.02412929582827772
ResNet-152,s2,894,0.02905209249970664
ResNet-152,s2,895,0.028208512743261083
ResNet-152,s2,896,0.03059011362361297
ResNet-152,s2,897,0.025638185202918384
ResNet-152,s2,898,0.032966139725487564
ResNet-152,s2,899,0.03033098065109119
ResNet-152,s2,900,0.021774794719302437
ResNet-152,s2,901,0.030545307218702078
ResNet-152,s2,902,0.029440786264205987
ResNet-152,s2,903,0.02666198180951973
ResNet-152,s2,904,0.024933034853674818
ResNet-152,s2,905,0.022701972576676943
ResNet-152,s2,906,0.026020282246964177
ResNet-152,s2,907,0.02912663718031694
ResNet-152,s2,908,0.027132365095961286
ResNet-152,s2,909,0.02687149999932814
ResNet-152,s2,910,0.02851373328399165
ResNet-152,s2,911,0.021006589127016806
ResNet-152,s2,912,0.03473517860235098
ResNet-152,s2,913,0.0228748685658825
ResNet-152,s2,914,0.019777297624679613
ResNet-152,s2,915,0.039714429491513936
ResNet-152,s2,916,0.032248040664713096
ResNet-152,s2,917,0.01591513658151933
ResNet-152,s2,918,0.023325685322127532
ResNet-152,s2,919,0.022836980194715806
ResNet-152,s2,920,0.03566040083235411
ResNet-152,s2,921,0.03401910412454068
ResNet-152,s2,922,0.02472835452558253
ResNet-152,s2,923,0.03364739172200859
ResNet-152,s2,924,0.024159222809678527
ResNet-152,s2,925,0.031023299449574826
ResNet-152,s2,926,0.017258998199104147
ResNet-152,s2,927,0.033857081236987274
ResNet-152,s2,928,0.02360187663399027
ResNet-152,s2,929,0.04129618797036405
ResNet-152,s2,930,0.02232735452901946
ResNet-152,s2,931,0.0381634169955366
ResNet-152,s2,932,0.032628587318117463
ResNet-152,s2,933,0.032410001352212614
ResNet-152,s2,934,0.03540024512581175
ResNet-152,s2,935,0.02739243212168152
ResNet-152,s2,936,0.02931174852163465
ResNet-152,s2,937,0.022545640419819102
ResNet-152,s2,938,0.033247127346889616
ResNet-152,s2,939,0.031017590998666633
ResNet-152,s2,940,0.03526523257780534
ResNet-152,s2,941,0.03309212074986578
ResNet-152,s2,942,0.02707742017074799
ResNet-152,s2,943,0.027363611618048456
ResNet-152,s2,944,0.026382785426776856
ResNet-152,s2,945,0.0321410282292931
ResNet-152,s2,946,0.02524540888702531
ResNet-152,s2,947,0.029150875617690586
ResNet-152,s2,948,0.015503399668908568
ResNet-152,s2,949,0.01879071459494952
ResNet-152,s2,950,0.026084217139098365
ResNet-152,s2,951,0.02423572911652838
ResNet-152,s2,952,0.03074979490341634
ResNet-152,s2,953,0.031936420301835744
ResNet-152,s2,954,0.02938093942690534
ResNet-152,s2,955,0.03173394818604269
ResNet-152,s2,956,0.036461801241582936
ResNet-152,s2,957,0.02285995616169867
ResNet-152,s2,958,0.02536347015498519
ResNet-152,s2,959,0.02596767069256123
ResNet-152,s2,960,0.030871144396291017
ResNet-152,s2,961,0.023009955594218257
ResNet-152,s2,962,0.02960528359636827
ResNet-152,s2,963,0.025414926697345352
ResNet-152,s2,964,0.031513947370923834
ResNet-152,s2,965,0.027299529020277657
ResNet-152,s2,966,0.028434197829155572
ResNet-152,s2,967,0.025656272887104814
ResNet-152,s2,968,0.028459721197629073
ResNet-152,s2,969,0.03130531748198151
ResNet-152,s2,970,0.024923312803674547
ResNet-152,s2,971,0.02473465462901059
ResNet-152,s2,972,0.024567148305842723
ResNet-152,s2,973,0.02462829868770333
ResNet-152,s2,974,0.02247333130832141
ResNet-152,s2,975,0.03187937582545275
ResNet-152,s2,976,0.03010547876550107
ResNet-152,s2,977,0.023360232911946555
ResNet-152,s2,978,0.0399531427693256
ResNet-152,s2,979,0.028276014447436437
ResNet-152,s2,980,0.031992866938240216
ResNet-152,s2,981,0.026041186216420154
ResNet-152,s2,982,0.022182838775873015
ResNet-152,s2,983,0.03120891673687498
ResNet-152,s2,984,0.022601798837145193
ResNet-152,s2,985,0.030692416549686907
ResNet-152,s2,986,0.031581749178267726
ResNet-152,s2,987,0.021071649729882624
ResNet-152,s2,988,0.027137947527575812
ResNet-152,s2,989,0.025296967717761243
ResNet-152,s2,990,0.030709094538237003
ResNet-152,s2,991,0.018673450303535066
ResNet-152,s2,992,0.03029700257835588
ResNet-152,s2,993,0.022686794665314425
ResNet-152,s2,994,0.021028807799012728
ResNet-152,s2,995,0.025976874229235003
ResNet-152,s2,996,0.031521706832727814
ResNet-152,s2,997,0.0286672406193913
ResNet-152,s2,998,0.024893021556777306
ResNet-152,s2,999,0.026878283487087207
ResNet-152,s3,0,0.053942218241293194
ResNet-152,s3,1,0.05656547162991832
ResNet-152,s3,2,0.05594354192730122
ResNet-152,s3,3,0.04714395912197644
ResNet-152,s3,4,0.06044992513049241
ResNet-152,s3,5,0.0508608433911526
ResNet-152,s3,6,0.05504263794304798
ResNet-152,s3,7,0.05697890352863566
ResNet-152,s3,8,0.0386583643793158
ResNet-152,s3,9,0.056506861364813754
ResNet-152,s3,10,0.0694183230836396
ResNet-152,s3,11,0.053446894380165144
ResNet-152,s3,12,0.05678173012584553
ResNet-152,s3,13,0.049975738910843615
ResNet-152,s3,14,0.04588125371333973
ResNet-152,s3,15,0.05922260897246656
ResNet-152,s3,16,0.06281660777741827
ResNet-152,s3,17,0.0601653067946154
ResNet-152,s3,18,0.051981055421453704
ResNet-152,s3,19,0.048406616609876774
ResNet-152,s3,20,0.06117805884947991
ResNet-152,s3,21,0.06165194448647093
ResNet-152,s3,22,0.059745542756951986
ResNet-152,s3,23,0.05301891615568688
ResNet-152,s3,24,0.06172710657835401
ResNet-152,s3,25,0.05844493872750711
ResNet-152,s3,26,0.0626304700381608
ResNet-152,s3,27,0.049857368114432754
ResNet-152,s3,28,0.06162257311097097
ResNet-152,s3,29,0.04734377827397629
ResNet-152,s3,30,0.057969034478118964
ResNet-152,s3,31,0.0575108262783155
ResNet-152,s3,32,0.07923359650508066
ResNet-152,s3,33,0.055068650668811614
ResNet-152,s3,34,0.057639688143610424
ResNet-152,s3,35,0.05935837450997217
ResNet-152,s3,36,0.06073485373591392
ResNet-152,s3,37,0.054484409189603844
ResNet-152,s3,38,0.06461608884517023
ResNet-152,s3,39,0.04992754449100212
ResNet-152,s3,40,0.044892724300653275
ResNet-152,s3,41,0.06944257341278215
ResNet-152,s3,42,0.05545026769291039
ResNet-152,s3,43,0.0588388645935628
ResNet-152,s3,44,0.05844052578547987
ResNet-152,s3,45,0.05708673331675618
ResNet-152,s3,46,0.06315751815433235
ResNet-152,s3,47,0.060228379146310296
ResNet-152,s3,48,0.05796909693128627
ResNet-152,s3,49,0.05923139225169638
ResNet-152,s3,50,0.058628424035570115
ResNet-152,s3,51,0.07433370462038758
ResNet-152,s3,52,0.06780711326858069
ResNet-152,s3,53,0.051825648469906116
ResNet-152,s3,54,0.05470792201265273
ResNet-152,s3,55,0.050027654042263614
ResNet-152,s3,56,0.04727604983026623
ResNet-152,s3,57,0.06359170051768892
ResNet-152,s3,58,0.043956265587274945
ResNet-152,s3,59,0.05552156034999267
ResNet-152,s3,60,0.042397784610252565
ResNet-152,s3,61,0.053344420494311096
ResNet-152,s3,62,0.04380933343354709
ResNet-152,s3,63,0.0642653762087565
ResNet-152,s3,64,0.047491496401034894
ResNet-152,s3,65,0.05542880405464046
ResNet-152,s3,66,0.05780715442642448
ResNet-152,s3,67,0.05670579079029214
ResNet-152,s3,68,0.06482925693520547
ResNet-152,s3,69,0.060863881040020607
ResNet-152,s3,70,0.05902517165132892
ResNet-152,s3,71,0.05454832378987862
ResNet-152,s3,72,0.04665212950652642
ResNet-152,s3,73,0.04635270045158346
ResNet-152,s3,74,0.055926162753973885
ResNet-152,s3,75,0.06521022636041474
ResNet-152,s3,76,0.060465497974081295
ResNet-152,s3,77,0.05704133766274866
ResNet-152,s3,78,0.05978773557033623
ResNet-152,s3,79,0.05681415483388519
ResNet-152,s3,80,0.06782623849563862
ResNet-152,s3,81,0.05359262576111612
ResNet-152,s3,82,0.06390395431733098
ResNet-152,s3,83,0.06490258051180209
ResNet-152,s3,84,0.05547789752224919
ResNet-152,s3,85,0.07045447983513853
ResNet-152,s3,86,0.05278815449169605
ResNet-152,s3,87,0.06804175383215805
ResNet-152,s3,88,0.050553899145656556
ResNet-152,s3,89,0.06421770397393978
ResNet-152,s3,90,0.056053912568346576
ResNet-152,s3,91,0.055812335668442015
ResNet-152,s3,92,0.06090075492842273
ResNet-152,s3,93,0.05831831131256715
ResNet-152,s3,94,0.06697427705001502
ResNet-152,s3,95,0.04909793162292475
ResNet-152,s3,96,0.04922506354100853
ResNet-152,s3,97,0.051373701770163094
ResNet-152,s3,98,0.06557831502265321
ResNet-152,s3,99,0.05672102418999547
ResNet-152,s3,100,0.06889303948512338
ResNet-152,s3,101,0.0506446263105379
ResNet-152,s3,102,0.05716678224505578
ResNet-152,s3,103,0.06344743643185813
ResNet-152,s3,104,0.053599281565852586
ResNet-152,s3,105,0.05243518740088382
ResNet-152,s3,106,0.05176947910759966
ResNet-152,s3,107,0.05932832342519545
ResNet-152,s3,108,0.05645405112896196
ResNet-152,s3,109,0.04650042325569326
ResNet-152,s3,110,0.05973008981855732
ResNet-152,s3,111,0.0646579263899496
ResNet-152,s3,112,0.05532557310365638
ResNet-152,s3,113,0.04881951153000619
ResNet-152,s3,114,0.060697406510306084
ResNet-152,s3,115,0.04742787056774911
ResNet-152,s3,116,0.05652077183591253
ResNet-152,s3,117,0.05914135579350022
ResNet-152,s3,118,0.053523137546447885
ResNet-152,s3,119,0.04828625253154928
ResNet-152,s3,120,0.06763127885569542
ResNet-152,s3,121,0.048134007337016005
ResNet-152,s3,122,0.052710203026675395
ResNet-152,s3,123,0.0692212328856866
ResNet-152,s3,124,0.06398591934102182
ResNet-152,s3,125,0.051385296306158845
ResNet-152,s3,126,0.06417479746675525
ResNet-152,s3,127,0.04878577325223521
ResNet-152,s3,128,0.05021953653336908
ResNet-152,s3,129,0.06394050996430678
ResNet-152,s3,130,0.06027733587438133
ResNet-152,s3,131,0.06706759924869754
ResNet-152,s3,132,0.06494105743072909
ResNet-152,s3,133,0.06350572781073949
ResNet-152,s3,134,0.06262633739892554
ResNet-152,s3,135,0.05525043972473964
ResNet-152,s3,136,0.06960967866366341
ResNet-152,s3,137,0.04105074670550768
ResNet-152,s3,138,0.07917343483019712
ResNet-152,s3,139,0.0586724323941864
ResNet-152,s3,140,0.059307029343517836
ResNet-152,s3,141,0.05713547708279021
ResNet-152,s3,142,0.06134869740939575
ResNet-152,s3,143,0.05580638180329456
ResNet-152,s3,144,0.06063784453859378
ResNet-152,s3,145,0.054863586339312764
ResNet-152,s3,146,0.053182419442774465
ResNet-152,s3,147,0.06153520919721722
ResNet-152,s3,148,0.05282405036170523
ResNet-152,s3,149,0.05374825723028709
ResNet-152,s3,150,0.054934649437497596
ResNet-152,s3,151,0.06315034609875148
ResNet-152,s3,152,0.05211097735169368
ResNet-152,s3,153,0.05330118823649954
ResNet-152,s3,154,0.07443511087208932
ResNet-152,s3,155,0.0630820006182562
ResNet-152,s3,156,0.057855681305311824
ResNet-152,s3,157,0.06277144441307558
ResNet-152,s3,158,0.05073553086513083
ResNet-152,s3,159,0.06737082709562592
ResNet-152,s3,160,0.06584300851768876
ResNet-152,s3,161,0.06212068706877116
ResNet-152,s3,162,0.048799144258850125
ResNet-152,s3,163,0.06450030610382551
ResNet-152,s3,164,0.06528632273895463
ResNet-152,s3,165,0.053775452957997794
ResNet-152,s3,166,0.06468352742764594
ResNet-152,s3,167,0.05957804615262918
ResNet-152,s3,168,0.062336920120517614
ResNet-152,s3,169,0.06508257738594936
ResNet-152,s3,170,0.06364870508967557
ResNet-152,s3,171,0.060946534231023364
ResNet-152,s3,172,0.06587159614635207
ResNet-152,s3,173,0.05910869691606735
ResNet-152,s3,174,0.054731272640674455
ResNet-152,s3,175,0.057023873749850296
ResNet-152,s3,176,0.0607857257210459
ResNet-152,s3,177,0.06656876700789316
ResNet-152,s3,178,0.06582725180209481
ResNet-152,s3,179,0.036304391799474534
ResNet-152,s3,180,0.06641822105606088
ResNet-152,s3,181,0.06142575715101328
ResNet-152,s3,182,0.05733148900722207
ResNet-152,s3,183,0.050120185171785514
ResNet-152,s3,184,0.059500055639448934
ResNet-152,s3,185,0.06072924928893175
ResNet-152,s3,186,0.05933915984366478
ResNet-152,s3,187,0.0585350303287554
ResNet-152,s3,188,0.05445193709267304
ResNet-152,s3,189,0.05039220632431807
ResNet-152,s3,190,0.0612871090318049
ResNet-152,s3,191,0.053641612679058426
ResNet-152,s3,192,0.058809955234205846
ResNet-152,s3,193,0.059301779966883794
ResNet-152,s3,194,0.05824864604085289
ResNet-152,s3,195,0.059100831338992355
ResNet-152,s3,196,0.05956768149056124
ResNet-152,s3,197,0.05645189996745792
ResNet-152,s3,198,0.04671366050041026
ResNet-152,s3,199,0.060040415902514965
ResNet-152,s3,200,0.04852395090757966
ResNet-152,s3,201,0.06207384006564409
ResNet-152,s3,202,0.04744567233610031
ResNet-152,s3,203,0.07300652664295504
ResNet-152,s3,204,0.056000651176226546
ResNet-152,s3,205,0.05585900719211645
ResNet-152,s3,206,0.05621298155816823
ResNet-152,s3,207,0.07048570197810544
ResNet-152,s3,208,0.05891048359316997
ResNet-152,s3,209,0.0683165476426213
ResNet-152,s3,210,0.05766136007665368
ResNet-152,s3,211,0.05777604324847385
ResNet-152,s3,212,0.0466422784542615
ResNet-152,s3,213,0.058497644673109916
ResNet-152,s3,214,0.05520297983863376
ResNet-152,s3,215,0.059447896877658835
ResNet-152,s3,216,0.05389732908466627
ResNet-152,s3,217,0.054400654394482606
ResNet-152,s3,218,0.05855369517610576
ResNet-152,s3,219,0.06586520870612511
ResNet-152,s3,220,0.06662356210455989
ResNet-152,s3,221,0.0549279574656768
ResNet-152,s3,222,0.061487848358929065
ResNet-152,s3,223,0.05897307387959738
ResNet-152,s3,224,0.05945382408010169
ResNet-152,s3,225,0.05395576315863326
ResNet-152,s3,226,0.05880180511329558
ResNet-152,s3,227,0.057603029043397425
ResNet-152,s3,228,0.05719280704904417
ResNet-152,s3,229,0.06055133280952052
ResNet-152,s3,230,0.05545567764356907
ResNet-152,s3,231,0.05853502138609179
ResNet-152,s3,232,0.055195073155558716
ResNet-152,s3,233,0.05049743662372452
ResNet-152,s3,234,0.07051705997707602
ResNet-152,s3,235,0.058813998945562385
ResNet-152,s3,236,0.0733153763239982
ResNet-152,s3,237,0.05782396274948487
ResNet-152,s3,238,0.06215548128519188
ResNet-152,s3,239,0.050526300108323374
ResNet-152,s3,240,0.051289994661806504
ResNet-152,s3,241,0.06398686244588092
ResNet-152,s3,242,0.062395408962246046
ResNet-152,s3,243,0.0564962894557709
ResNet-152,s3,244,0.0714077461640763
ResNet-152,s3,245,0.05533268637759425
ResNet-152,s3,246,0.058528258594742644
ResNet-152,s3,247,0.04970576352232181
ResNet-152,s3,248,0.056509132133827134
ResNet-152,s3,249,0.04781450307783608
ResNet-152,s3,250,0.05397966909889784
ResNet-152,s3,251,0.05148406853815635
ResNet-152,s3,252,0.06022171159507572
ResNet-152,s3,253,0.04658608545004794
ResNet-152,s3,254,0.058829053190135094
ResNet-152,s3,255,0.07006572305409486
ResNet-152,s3,256,0.06776820589523447
ResNet-152,s3,257,0.05736639045816583
ResNet-152,s3,258,0.05893814642052242
ResNet-152,s3,259,0.050033057594311314
ResNet-152,s3,260,0.054307622169848635
ResNet-152,s3,261,0.05518584744061561
ResNet-152,s3,262,0.06102137271873542
ResNet-152,s3,263,0.060931275674831475
ResNet-152,s3,264,0.06036571672177815
ResNet-152,s3,265,0.0664877434507195
ResNet-152,s3,266,0.05014375044544006
ResNet-152,s3,267,0.05872239110055377
ResNet-152,s3,268,0.05732330983021494
ResNet-152,s3,269,0.056116916016924145
ResNet-152,s3,270,0.057358828181947374
ResNet-152,s3,271,0.045717729829146125
ResNet-152,s3,272,0.06309390617932076
ResNet-152,s3,273,0.06598029187785937
ResNet-152,s3,274,0.053742750685996876
ResNet-152,s3,275,0.05098441963258371
ResNet-152,s3,276,0.06059452109198393
ResNet-152,s3,277,0.0701272018366732
ResNet-152,s3,278,0.0642088059694339
ResNet-152,s3,279,0.05752166024629557
ResNet-152,s3,280,0.057434145742967124
ResNet-152,s3,281,0.05916510123900831
ResNet-152,s3,282,0.04167608598511929
ResNet-152,s3,283,0.05492001878743413
ResNet-152,s3,284,0.05470536076022048
ResNet-152,s3,285,0.05699370555726213
ResNet-152,s3,286,0.057401769643418254
ResNet-152,s3,287,0.061661539622046124
ResNet-152,s3,288,0.05993010402257204
ResNet-152,s3,289,0.04254770901650562
ResNet-152,s3,290,0.06362962302389485
ResNet-152,s3,291,0.052486840587647965
ResNet-152,s3,292,0.057001205142905964
ResNet-152,s3,293,0.05980042868983393
ResNet-152,s3,294,0.06095867707234737
ResNet-152,s3,295,0.05168219467859636
ResNet-152,s3,296,0.04450753410357933
ResNet-152,s3,297,0.05885657379417153
ResNet-152,s3,298,0.05478797617310316
ResNet-152,s3,299,0.05251547178099025
ResNet-152,s3,300,0.05045512959269127
ResNet-152,s3,301,0.0679786281946757
ResNet-152,s3,302,0.053133312901545326
ResNet-152,s3,303,0.05427575643975591
ResNet-152,s3,304,0.06427542021481303
ResNet-152,s3,305,0.05327869205208724
ResNet-152,s3,306,0.059419429848663996
ResNet-152,s3,307,0.06683245586493458
ResNet-152,s3,308,0.05240766909965633
ResNet-152,s3,309,0.07224638661161864
ResNet-152,s3,310,0.05492882365173546
ResNet-152,s3,311,0.06519474650020463
ResNet-152,s3,312,0.06551003712320635
ResNet-152,s3,313,0.05332038468274236
ResNet-152,s3,314,0.07096126015385207
ResNet-152,s3,315,0.06994923638637152
ResNet-152,s3,316,0.0445126346215764
ResNet-152,s3,317,0.06323415964866719
ResNet-152,s3,318,0.06865765433295357
ResNet-152,s3,319,0.06574503495916906
ResNet-152,s3,320,0.05889208060059903
ResNet-152,s3,321,0.05582749220504024
ResNet-152,s3,322,0.054224064075929945
ResNet-152,s3,323,0.06086522435489927
ResNet-152,s3,324,0.059145162382758576
ResNet-152,s3,325,0.06151904943801789
ResNet-152,s3,326,0.047086772211191175
ResNet-152,s3,327,0.06734974337335731
ResNet-152,s3,328,0.07079157383593326
ResNet-152,s3,329,0.0668450174060935
ResNet-152,s3,330,0.05457927937573781
ResNet-152,s3,331,0.05000530468211162
ResNet-152,s3,332,0.05597099623638879
ResNet-152,s3,333,0.05885790138974978
ResNet-152,s3,334,0.0636597185003166
ResNet-152,s3,335,0.05748004662073225
ResNet-152,s3,336,0.06074074531544793
ResNet-152,s3,337,0.0588405586154519
ResNet-152,s3,338,0.0544141247347234
ResNet-152,s3,339,0.05410823674062515
ResNet-152,s3,340,0.07226265845907398
ResNet-152,s3,341,0.06253733449931553
ResNet-152,s3,342,0.065755931770075
ResNet-152,s3,343,0.060407298049182545
ResNet-152,s3,344,0.058546349892004024
ResNet-152,s3,345,0.058729384950509944
ResNet-152,s3,346,0.0588912496789904
ResNet-152,s3,347,0.06754486094974177
ResNet-152,s3,348,0.05594071462402417
ResNet-152,s3,349,0.06685859484335044
ResNet-152,s3,350,0.05368468072888344
ResNet-152,s3,351,0.06339203482272637
ResNet-152,s3,352,0.06401488781619535
ResNet-152,s3,353,0.05185389498587478
ResNet-152,s3,354,0.052626951294138524
ResNet-152,s3,355,0.046161512959323026
ResNet-152,s3,356,0.06486771470280794
ResNet-152,s3,357,0.0658173569981314
ResNet-152,s3,358,0.0540594118879556
ResNet-152,s3,359,0.05008692019779892
ResNet-152,s3,360,0.05210423514721518
ResNet-152,s3,361,0.06283854911867426
ResNet-152,s3,362,0.05617435872328436
ResNet-152,s3,363,0.055854562417195774
ResNet-152,s3,364,0.05921517593628567
ResNet-152,s3,365,0.05841258894002377
ResNet-152,s3,366,0.05741750056624295
ResNet-152,s3,367,0.06519941687397124
ResNet-152,s3,368,0.05450291912749239
ResNet-152,s3,369,0.05887012618194731
ResNet-152,s3,370,0.05459021417456533
ResNet-152,s3,371,0.05747814720376243
ResNet-152,s3,372,0.05819557083043947
ResNet-152,s3,373,0.06605601490266733
ResNet-152,s3,374,0.05918822696889636
ResNet-152,s3,375,0.05374092866809144
ResNet-152,s3,376,0.05290099886668531
ResNet-152,s3,377,0.051689724379382684
ResNet-152,s3,378,0.06876716469694588
ResNet-152,s3,379,0.05209813890020898
ResNet-152,s3,380,0.0492760904255829
ResNet-152,s3,381,0.06660958369386316
ResNet-152,s3,382,0.05687885998171749
ResNet-152,s3,383,0.051878086440989346
ResNet-152,s3,384,0.05454505651739405
ResNet-152,s3,385,0.055823380937565226
ResNet-152,s3,386,0.05699700613082703
ResNet-152,s3,387,0.05370138871814356
ResNet-152,s3,388,0.06333247817365395
ResNet-152,s3,389,0.0625057987709825
ResNet-152,s3,390,0.0590888038305013
ResNet-152,s3,391,0.046543784904246044
ResNet-152,s3,392,0.04185826755291766
ResNet-152,s3,393,0.049913151928216215
ResNet-152,s3,394,0.06286963793829681
ResNet-152,s3,395,0.058190910806866
ResNet-152,s3,396,0.05728038129446056
ResNet-152,s3,397,0.05890942551080802
ResNet-152,s3,398,0.05588848984104677
ResNet-152,s3,399,0.058836506431613866
ResNet-152,s3,400,0.05170073030426181
ResNet-152,s3,401,0.07080375781624704
ResNet-152,s3,402,0.05309034003164903
ResNet-152,s3,403,0.06237249557296631
ResNet-152,s3,404,0.06269672585612696
ResNet-152,s3,405,0.053745177371062436
ResNet-152,s3,406,0.06097956773992208
ResNet-152,s3,407,0.05944566953241981
ResNet-152,s3,408,0.06307521917819836
ResNet-152,s3,409,0.05660792162488515
ResNet-152,s3,410,0.061666824271325194
ResNet-152,s3,411,0.04972235029874894
ResNet-152,s3,412,0.051804037559413985
ResNet-152,s3,413,0.05314723992964843
ResNet-152,s3,414,0.060736444595479444
ResNet-152,s3,415,0.06018183234451546
ResNet-152,s3,416,0.04979062197643047
ResNet-152,s3,417,0.05428400179634463
ResNet-152,s3,418,0.058223471609552324
ResNet-152,s3,419,0.05790387032335642
ResNet-152,s3,420,0.05416791830701517
ResNet-152,s3,421,0.05870941038521349
ResNet-152,s3,422,0.06351091950870547
ResNet-152,s3,423,0.05114342024306828
ResNet-152,s3,424,0.050130820121640496
ResNet-152,s3,425,0.058012323453539016
ResNet-152,s3,426,0.05905013897274891
ResNet-152,s3,427,0.06083610240351267
ResNet-152,s3,428,0.059314709653228714
ResNet-152,s3,429,0.0621685644648613
ResNet-152,s3,430,0.059741259208463626
ResNet-152,s3,431,0.052450860933985655
ResNet-152,s3,432,0.04247916183223399
ResNet-152,s3,433,0.06251232400113682
ResNet-152,s3,434,0.06125440963236817
ResNet-152,s3,435,0.051500808248587826
ResNet-152,s3,436,0.06319068063453115
ResNet-152,s3,437,0.04800357383210885
ResNet-152,s3,438,0.06122419073780461
ResNet-152,s3,439,0.06281327218478916
ResNet-152,s3,440,0.049676801873875576
ResNet-152,s3,441,0.056860963318870805
ResNet-152,s3,442,0.06096396613989996
ResNet-152,s3,443,0.06041731029756192
ResNet-152,s3,444,0.05256250523403616
ResNet-152,s3,445,0.061560874367800444
ResNet-152,s3,446,0.05583610583952525
ResNet-152,s3,447,0.06026745260079003
ResNet-152,s3,448,0.05119586581846691
ResNet-152,s3,449,0.045907314771195695
ResNet-152,s3,450,0.06388535403721018
ResNet-152,s3,451,0.06894866194040106
ResNet-152,s3,452,0.056925338047102536
ResNet-152,s3,453,0.06277766910826899
ResNet-152,s3,454,0.05673790540602064
ResNet-152,s3,455,0.0683726533966571
ResNet-152,s3,456,0.06349515014083285
ResNet-152,s3,457,0.058238413527852306
ResNet-152,s3,458,0.06677724441093014
ResNet-152,s3,459,0.06644863846681814
ResNet-152,s3,460,0.05136199092630378
ResNet-152,s3,461,0.0595209213532929
ResNet-152,s3,462,0.05094605035563016
ResNet-152,s3,463,0.060695315008002626
ResNet-152,s3,464,0.06292819497949742
ResNet-152,s3,465,0.05191810871727354
ResNet-152,s3,466,0.042146043547038325
ResNet-152,s3,467,0.060881267834480446
ResNet-152,s3,468,0.07586350870142888
ResNet-152,s3,469,0.053585457493621313
ResNet-152,s3,470,0.06007299663423393
ResNet-152,s3,471,0.06887271250436988
ResNet-152,s3,472,0.05514945162853313
ResNet-152,s3,473,0.05357529116066717
ResNet-152,s3,474,0.061802471091574884
ResNet-152,s3,475,0.05909050157622142
ResNet-152,s3,476,0.04989921108540252
ResNet-152,s3,477,0.05446751962321883
ResNet-152,s3,478,0.053758808341832665
ResNet-152,s3,479,0.05413156825454002
ResNet-152,s3,480,0.0683155966276745
ResNet-152,s3,481,0.049398058985404725
ResNet-152,s3,482,0.056988151693894706
ResNet-152,s3,483,0.059227282183065166
ResNet-152,s3,484,0.06832111603209379
ResNet-152,s3,485,0.0565818458398204
ResNet-152,s3,486,0.045948796539470815
ResNet-152,s3,487,0.045701855396307
ResNet-152,s3,488,0.05842123255014664
ResNet-152,s3,489,0.05620475977554684
ResNet-152,s3,490,0.05718049797866809
ResNet-152,s3,491,0.06686547152158784
ResNet-152,s3,492,0.06296798525229108
ResNet-152,s3,493,0.05962195739976439
ResNet-152,s3,494,0.06527426225146715
ResNet-152,s3,495,0.06431998861471988
ResNet-152,s3,496,0.04948391482420411
ResNet-152,s3,497,0.05155781629400147
ResNet-152,s3,498,0.04959907505893946
ResNet-152,s3,499,0.06925415703737636
ResNet-152,s3,500,0.06041690711165737
ResNet-152,s3,501,0.06150858351596178
ResNet-152,s3,502,0.06560107964587003
ResNet-152,s3,503,0.05865524842180592
ResNet-152,s3,504,0.060661903100254766
ResNet-152,s3,505,0.060123315189583026
ResNet-152,s3,506,0.06298473737432975
ResNet-152,s3,507,0.0603535115058782
ResNet-152,s3,508,0.056495102890187
ResNet-152,s3,509,0.06523670717361285
ResNet-152,s3,510,0.059129466570348455
ResNet-152,s3,511,0.05713133805074189
ResNet-152,s3,512,0.05456918435961344
ResNet-152,s3,513,0.06552425386660032
ResNet-152,s3,514,0.06195853605051782
ResNet-152,s3,515,0.06583912544605997
ResNet-152,s3,516,0.06249935745976043
ResNet-152,s3,517,0.06591720765378117
ResNet-152,s3,518,0.062078558044428966
ResNet-152,s3,519,0.06104102275614154
ResNet-152,s3,520,0.04641511432148737
ResNet-152,s3,521,0.06779289397194987
ResNet-152,s3,522,0.06380037652410553
ResNet-152,s3,523,0.055210908486213794
ResNet-152,s3,524,0.04937468634364639
ResNet-152,s3,525,0.052980259229676196
ResNet-152,s3,526,0.05391850928653463
ResNet-152,s3,527,0.05673477663052173
ResNet-152,s3,528,0.058936775588773305
ResNet-152,s3,529,0.061522348914478275
ResNet-152,s3,530,0.041737467983709364
ResNet-152,s3,531,0.05610560432429046
ResNet-152,s3,532,0.06823035931984933
ResNet-152,s3,533,0.06772322534973263
ResNet-152,s3,534,0.056818766697566914
ResNet-152,s3,535,0.06216129476477261
ResNet-152,s3,536,0.04936342883469402
ResNet-152,s3,537,0.045746129596890395
ResNet-152,s3,538,0.07534724573722063
ResNet-152,s3,539,0.0524758478010372
ResNet-152,s3,540,0.056904312368771026
ResNet-152,s3,541,0.06212251117857237
ResNet-152,s3,542,0.053715334461653774
ResNet-152,s3,543,0.06386268197132905
ResNet-152,s3,544,0.06369456939464868
ResNet-152,s3,545,0.05437646245153027
ResNet-152,s3,546,0.051683868365824615
ResNet-152,s3,547,0.058319559495991435
ResNet-152,s3,548,0.05741727385406381
ResNet-152,s3,549,0.054163331570474815
ResNet-152,s3,550,0.06340319819197404
ResNet-152,s3,551,0.05814725804243448
ResNet-152,s3,552,0.04807064268769723
ResNet-152,s3,553,0.06278888593180498
ResNet-152,s3,554,0.06563877935340212
ResNet-152,s3,555,0.059002806079393566
ResNet-152,s3,556,0.053368468805617186
ResNet-152,s3,557,0.06619226843341153
ResNet-152,s3,558,0.0649074215463823
ResNet-152,s3,559,0.044661158065801065
ResNet-152,s3,560,0.05908593156033837
ResNet-152,s3,561,0.050827986905758404
ResNet-152,s3,562,0.045493794386523456
ResNet-152,s3,563,0.05605319889666105
ResNet-152,s3,564,0.06619797945251171
ResNet-152,s3,565,0.05621066784939133
ResNet-152,s3,566,0.06344620019257607
ResNet-152,s3,567,0.06367667227947438
ResNet-152,s3,568,0.06986226782682925
ResNet-152,s3,569,0.051202322640960696
ResNet-152,s3,570,0.055133869120023715
ResNet-152,s3,571,0.04757715266240248
ResNet-152,s3,572,0.05487242435763262
ResNet-152,s3,573,0.055131266427985715
ResNet-152,s3,574,0.0559319718106146
ResNet-152,s3,575,0.06182622099702639
ResNet-152,s3,576,0.052058231281738476
ResNet-152,s3,577,0.06513226467429944
ResNet-152,s3,578,0.056507301944302424
ResNet-152,s3,579,0.05791154237656981
ResNet-152,s3,580,0.05884147148884211
ResNet-152,s3,581,0.06163284916994238
ResNet-152,s3,582,0.05343300321776134
ResNet-152,s3,583,0.05322665534859938
ResNet-152,s3,584,0.06122365588744039
ResNet-152,s3,585,0.06508043438200883
ResNet-152,s3,586,0.06270428225298508
ResNet-152,s3,587,0.04440729924092246
ResNet-152,s3,588,0.06169278320934923
ResNet-152,s3,589,0.062006515516010885
ResNet-152,s3,590,0.06317749376280557
ResNet-152,s3,591,0.05741688363355435
ResNet-152,s3,592,0.05052989960849141
ResNet-152,s3,593,0.0570084045211775
ResNet-152,s3,594,0.04908506049226913
ResNet-152,s3,595,0.06207632680822539
ResNet-152,s3,596,0.06027657248379348
ResNet-152,s3,597,0.05130777481260518
ResNet-152,s3,598,0.052149452808381236
ResNet-152,s3,599,0.05911252946927259
ResNet-152,s3,600,0.052189755920013514
ResNet-152,s3,601,0.05060979327262516
ResNet-152,s3,602,0.057636196721154054
ResNet-152,s3,603,0.06791667132313794
ResNet-152,s3,604,0.05696938282755237
ResNet-152,s3,605,0.05647012221295844
ResNet-152,s3,606,0.06943980652803605
ResNet-152,s3,607,0.06480600832725891
ResNet-152,s3,608,0.059687898527335026
ResNet-152,s3,609,0.0511366987770816
ResNet-152,s3,610,0.05254888789102241
ResNet-152,s3,611,0.049870676517306034
ResNet-152,s3,612,0.05273750216220707
ResNet-152,s3,613,0.05312767861622325
ResNet-152,s3,614,0.05944513895950787
ResNet-152,s3,615,0.05767107781725811
ResNet-152,s3,616,0.05927118420245203
ResNet-152,s3,617,0.05436883515013602
ResNet-152,s3,618,0.0684413189889691
ResNet-152,s3,619,0.057234793919934246
ResNet-152,s3,620,0.048042901540294
ResNet-152,s3,621,0.05892380862261848
ResNet-152,s3,622,0.06337279226474002
ResNet-152,s3,623,0.059094822368874755
ResNet-152,s3,624,0.057708274383514224
ResNet-152,s3,625,0.06437740255030977
ResNet-152,s3,626,0.047263955370981714
ResNet-152,s3,627,0.057551428374426505
ResNet-152,s3,628,0.06258993492419584
ResNet-152,s3,629,0.0589188400162981
ResNet-152,s3,630,0.055635486107436294
ResNet-152,s3,631,0.05828980875137313
ResNet-152,s3,632,0.06345135139700908
ResNet-152,s3,633,0.07537697447885505
ResNet-152,s3,634,0.05178153364587401
ResNet-152,s3,635,0.06988150824738038
ResNet-152,s3,636,0.06041826120167104
ResNet-152,s3,637,0.0678473387747035
ResNet-152,s3,638,0.06577729013984679
ResNet-152,s3,639,0.060403752522952825
ResNet-152,s3,640,0.059476111596037495
ResNet-152,s3,641,0.0449332634760613
ResNet-152,s3,642,0.058075194005151376
ResNet-152,s3,643,0.058944105828168225
ResNet-152,s3,644,0.055024320470778765
ResNet-152,s3,645,0.05183508946200566
ResNet-152,s3,646,0.05130873608663744
ResNet-152,s3,647,0.06475899893939452
ResNet-152,s3,648,0.052416948829747234
ResNet-152,s3,649,0.053786888835573254
ResNet-152,s3,650,0.047256837732203905
ResNet-152,s3,651,0.05196075213334017
ResNet-152,s3,652,0.054345460077039776
ResNet-152,s3,653,0.06307709665812844
ResNet-152,s3,654,0.05663315881195563
ResNet-152,s3,655,0.0680856878995364
ResNet-152,s3,656,0.05501555639543376
ResNet-152,s3,657,0.05645501266564268
ResNet-152,s3,658,0.05417981035320518
ResNet-152,s3,659,0.062030755101202484
ResNet-152,s3,660,0.05315459248796439
ResNet-152,s3,661,0.06086560533661234
ResNet-152,s3,662,0.048742175895258755
ResNet-152,s3,663,0.04997294994308932
ResNet-152,s3,664,0.07153942257966961
ResNet-152,s3,665,0.05564921134444056
ResNet-152,s3,666,0.05113195479693511
ResNet-152,s3,667,0.05777403320530994
ResNet-152,s3,668,0.055018399801312734
ResNet-152,s3,669,0.05894347021282542
ResNet-152,s3,670,0.057025995985831024
ResNet-152,s3,671,0.06751207841515705
ResNet-152,s3,672,0.061550430958872915
ResNet-152,s3,673,0.07090591173587946
ResNet-152,s3,674,0.054221951197779616
ResNet-152,s3,675,0.042917730765974715
ResNet-152,s3,676,0.06157515130313174
ResNet-152,s3,677,0.06350938237394876
ResNet-152,s3,678,0.057025043905896466
ResNet-152,s3,679,0.045298676556998485
ResNet-152,s3,680,0.0495145248639699
ResNet-152,s3,681,0.05759389386498159
ResNet-152,s3,682,0.060664740695516306
ResNet-152,s3,683,0.05738721985725481
ResNet-152,s3,684,0.045404243104832376
ResNet-152,s3,685,0.04239407426419706
ResNet-152,s3,686,0.0689822501607209
ResNet-152,s3,687,0.06852696811258974
ResNet-152,s3,688,0.07441668004672963
ResNet-152,s3,689,0.061346856007721384
ResNet-152,s3,690,0.06570267774171945
ResNet-152,s3,691,0.05760251091684765
ResNet-152,s3,692,0.06648997673766188
ResNet-152,s3,693,0.04774673595531165
ResNet-152,s3,694,0.06762774980705522
ResNet-152,s3,695,0.06646643030316013
ResNet-152,s3,696,0.07801900989132438
ResNet-152,s3,697,0.0485507729213821
ResNet-152,s3,698,0.06437185221141539
ResNet-152,s3,699,0.06605310419109744
ResNet-152,s3,700,0.05875480022004198
ResNet-152,s3,701,0.05239728860151349
ResNet-152,s3,702,0.04169224554072548
ResNet-152,s3,703,0.054280752333254356
ResNet-152,s3,704,0.05607545281579163
ResNet-152,s3,705,0.06118556825293564
ResNet-152,s3,706,0.060758722385068076
ResNet-152,s3,707,0.06260256863125568
ResNet-152,s3,708,0.05864248849192377
ResNet-152,s3,709,0.06293490273602831
ResNet-152,s3,710,0.04826472834340523
ResNet-152,s3,711,0.060873529296648576
ResNet-152,s3,712,0.058797586243735656
ResNet-152,s3,713,0.0578840980030213
ResNet-152,s3,714,0.06209269362711678
ResNet-152,s3,715,0.05853643125558694
ResNet-152,s3,716,0.05543053677217724
ResNet-152,s3,717,0.057028331251260056
ResNet-152,s3,718,0.048662737183025495
ResNet-152,s3,719,0.059065340529183885
ResNet-152,s3,720,0.05813638501277252
ResNet-152,s3,721,0.05950247889775595
ResNet-152,s3,722,0.05176706914549034
ResNet-152,s3,723,0.057977056969787166
ResNet-152,s3,724,0.05211386131721274
ResNet-152,s3,725,0.04617803550043642
ResNet-152,s3,726,0.06303663967334283
ResNet-152,s3,727,0.05646836182163806
ResNet-152,s3,728,0.054791621406669266
ResNet-152,s3,729,0.05730221592404128
ResNet-152,s3,730,0.04875504999355884
ResNet-152,s3,731,0.06173175806808506
ResNet-152,s3,732,0.049926570147101446
ResNet-152,s3,733,0.06514741199399499
ResNet-152,s3,734,0.05633509376035406
ResNet-152,s3,735,0.057593457278727556
ResNet-152,s3,736,0.049949852450389964
ResNet-152,s3,737,0.05508282119194574
ResNet-152,s3,738,0.048498895003629805
ResNet-152,s3,739,0.04541017930023861
ResNet-152,s3,740,0.05750952677079546
ResNet-152,s3,741,0.05898781927936381
ResNet-152,s3,742,0.06264560036089528
ResNet-152,s3,743,0.055699119873637626
ResNet-152,s3,744,0.07224135908427753
ResNet-152,s3,745,0.06977007959709003
ResNet-152,s3,746,0.0623046172124343
ResNet-152,s3,747,0.053617481374709786
ResNet-152,s3,748,0.05713671997906722
ResNet-152,s3,749,0.06254979009291106
ResNet-152,s3,750,0.05328074790887216
ResNet-152,s3,751,0.04571917073733678
ResNet-152,s3,752,0.061765834887141935
ResNet-152,s3,753,0.060187239539089
ResNet-152,s3,754,0.057205152364239176
ResNet-152,s3,755,0.05455072277474282
ResNet-152,s3,756,0.06271942961102839
ResNet-152,s3,757,0.06580751441787802
ResNet-152,s3,758,0.05649300326347173
ResNet-152,s3,759,0.05140181008436506
ResNet-152,s3,760,0.0512760810226599
ResNet-152,s3,761,0.052033220308766226
ResNet-152,s3,762,0.05290127351622442
ResNet-152,s3,763,0.06601055301788628
ResNet-152,s3,764,0.05690810510922373
ResNet-152,s3,765,0.06048957045963521
ResNet-152,s3,766,0.055394068866804425
ResNet-152,s3,767,0.06761531287508515
ResNet-152,s3,768,0.05674000394009182
ResNet-152,s3,769,0.0601201988449831
ResNet-152,s3,770,0.049399750554155464
ResNet-152,s3,771,0.05365922062296269
ResNet-152,s3,772,0.061813973983031345
ResNet-152,s3,773,0.05672586704111704
ResNet-152,s3,774,0.05103860629263712
ResNet-152,s3,775,0.06060481221168479
ResNet-152,s3,776,0.05605644370867224
ResNet-152,s3,777,0.06111574814328535
ResNet-152,s3,778,0.05802329574955756
ResNet-152,s3,779,0.07489331173008185
ResNet-152,s3,780,0.05949629836788062
ResNet-152,s3,781,0.042233301414134394
ResNet-152,s3,782,0.060272897900210065
ResNet-152,s3,783,0.056431118536977354
ResNet-152,s3,784,0.058429745492246
ResNet-152,s3,785,0.05116610412138767
ResNet-152,s3,786,0.049415218939580785
ResNet-152,s3,787,0.06384584478932076
ResNet-152,s3,788,0.038217855680400814
ResNet-152,s3,789,0.052628475647970574
ResNet-152,s3,790,0.04678451639575143
ResNet-152,s3,791,0.05024781909567544
ResNet-152,s3,792,0.04910526136810822
ResNet-152,s3,793,0.06222960581268522
ResNet-152,s3,794,0.05513736230699107
ResNet-152,s3,795,0.05932268091328541
ResNet-152,s3,796,0.04781390674285746
ResNet-152,s3,797,0.059982105376019446
ResNet-152,s3,798,0.06195703782096673
ResNet-152,s3,799,0.05662094552398278
ResNet-152,s3,800,0.06916599743183771
ResNet-152,s3,801,0.058183242985786254
ResNet-152,s3,802,0.06084288166807206
ResNet-152,s3,803,0.061389224940643694
ResNet-152,s3,804,0.059442439168253425
ResNet-152,s3,805,0.05638804939350828
ResNet-152,s3,806,0.051390630136871285
ResNet-152,s3,807,0.07181127248650299
ResNet-152,s3,808,0.054072713672479567
ResNet-152,s3,809,0.06371142685963727
ResNet-152,s3,810,0.06445950207724416
ResNet-152,s3,811,0.06136201668645658
ResNet-152,s3,812,0.059605459196910404
ResNet-152,s3,813,0.059499359402218066
ResNet-152,s3,814,0.05958337117435775
ResNet-152,s3,815,0.06195230735310364
ResNet-152,s3,816,0.05304463264252468
ResNet-152,s3,817,0.063945682233288
ResNet-152,s3,818,0.06681627509917798
ResNet-152,s3,819,0.052911421394542746
ResNet-152,s3,820,0.0489212385018134
ResNet-152,s3,821,0.06396510801584443
ResNet-152,s3,822,0.05634753938965997
ResNet-152,s3,823,0.06161791544536632
ResNet-152,s3,824,0.056417733051404295
ResNet-152,s3,825,0.04155708658709478
ResNet-152,s3,826,0.045300259286226274
ResNet-152,s3,827,0.07150122319962304
ResNet-152,s3,828,0.06384031160812265
ResNet-152,s3,829,0.057336796715831695
ResNet-152,s3,830,0.0556921386765481
ResNet-152,s3,831,0.0718007993937837
ResNet-152,s3,832,0.0647622769333307
ResNet-152,s3,833,0.06157692704380835
ResNet-152,s3,834,0.05009788612246269
ResNet-152,s3,835,0.05509784190146316
ResNet-152,s3,836,0.06653323005123002
ResNet-152,s3,837,0.04951476250394815
ResNet-152,s3,838,0.05620163299147751
ResNet-152,s3,839,0.05804111683565871
ResNet-152,s3,840,0.052285644037545764
ResNet-152,s3,841,0.06397663111587448
ResNet-152,s3,842,0.05749847581909295
ResNet-152,s3,843,0.05325630181482255
ResNet-152,s3,844,0.05630769121115908
ResNet-152,s3,845,0.05614922653407517
ResNet-152,s3,846,0.05086924404440374
ResNet-152,s3,847,0.058899722705736846
ResNet-152,s3,848,0.057919649627308445
ResNet-152,s3,849,0.057756104375712325
ResNet-152,s3,850,0.04765668906132825
ResNet-152,s3,851,0.06688130468803777
ResNet-152,s3,852,0.061149354130041966
ResNet-152,s3,853,0.05783231480115192
ResNet-152,s3,854,0.059819311936454955
ResNet-152,s3,855,0.05030841608141379
ResNet-152,s3,856,0.06754257322560098
ResNet-152,s3,857,0.0509190421533573
ResNet-152,s3,858,0.06122953593080038
ResNet-152,s3,859,0.056719021806113545
ResNet-152,s3,860,0.067419812235604
ResNet-152,s3,861,0.05910495885485734
ResNet-152,s3,862,0.053544351582556216
ResNet-152,s3,863,0.045255937834279614
ResNet-152,s3,864,0.05256719261888465
ResNet-152,s3,865,0.05343743256515954
ResNet-152,s3,866,0.06024306850751859
ResNet-152,s3,867,0.0586440364785199
ResNet-152,s3,868,0.05570984958069203
ResNet-152,s3,869,0.05722682877072427
ResNet-152,s3,870,0.053179677603804265
ResNet-152,s3,871,0.06564309196690199
ResNet-152,s3,872,0.06283191370417107
ResNet-152,s3,873,0.06127870088833032
ResNet-152,s3,874,0.062303301948348655
ResNet-152,s3,875,0.05478840373349536
ResNet-152,s3,876,0.05317071034819454
ResNet-152,s3,877,0.06674034406499818
ResNet-152,s3,878,0.05694447139122172
ResNet-152,s3,879,0.051013891389000365
ResNet-152,s3,880,0.055400839166197535
ResNet-152,s3,881,0.0635902453443884
ResNet-152,s3,882,0.05888238328025741
ResNet-152,s3,883,0.0597575624385428
ResNet-152,s3,884,0.0643011097826699
ResNet-152,s3,885,0.06417562376223851
ResNet-152,s3,886,0.06801976469252924
ResNet-152,s3,887,0.07132324693192005
ResNet-152,s3,888,0.05752845944612217
ResNet-152,s3,889,0.05213319636441982
ResNet-152,s3,890,0.05644351630001476
ResNet-152,s3,891,0.07034584152272183
ResNet-152,s3,892,0.05509074133967773
ResNet-152,s3,893,0.05228968680337598
ResNet-152,s3,894,0.06128965178732437
ResNet-152,s3,895,0.05792753288252406
ResNet-152,s3,896,0.06143071642836695
ResNet-152,s3,897,0.058210365506570216
ResNet-152,s3,898,0.05733379278176598
ResNet-152,s3,899,0.058198648008313425
ResNet-152,s3,900,0.05906921682365174
ResNet-152,s3,901,0.04606213494733391
ResNet-152,s3,902,0.05567203884950234
ResNet-152,s3,903,0.052893841669899855
ResNet-152,s3,904,0.060440820623606006
ResNet-152,s3,905,0.06776253808024324
ResNet-152,s3,906,0.05292419197064868
ResNet-152,s3,907,0.0651882210617547
ResNet-152,s3,908,0.07045366216284632
ResNet-152,s3,909,0.05412819748447051
ResNet-152,s3,910,0.04753350072233653
ResNet-152,s3,911,0.06008816786703708
ResNet-152,s3,912,0.059805108732936985
ResNet-152,s3,913,0.054780967883791276
ResNet-152,s3,914,0.05266073955832917
ResNet-152,s3,915,0.06936125030247398
ResNet-152,s3,916,0.050140535575169176
ResNet-152,s3,917,0.05457118311906273
ResNet-152,s3,918,0.04600839634315568
ResNet-152,s3,919,0.047830908649720394
ResNet-152,s3,920,0.06003129372986016
ResNet-152,s3,921,0.06866909438542801
ResNet-152,s3,922,0.05833398854930605
ResNet-152,s3,923,0.05445548551779367
ResNet-152,s3,924,0.05758602288440051
ResNet-152,s3,925,0.059064939930233096
ResNet-152,s3,926,0.055061337915593755
ResNet-152,s3,927,0.06299497225873796
ResNet-152,s3,928,0.05579874038545285
ResNet-152,s3,929,0.07731204142685355
ResNet-152,s3,930,0.06381374030725662
ResNet-152,s3,931,0.063634167004742
ResNet-152,s3,932,0.056669648038044196
ResNet-152,s3,933,0.07166888594063825
ResNet-152,s3,934,0.0651373762580213
ResNet-152,s3,935,0.04519279092299289
ResNet-152,s3,936,0.06203003455317457
ResNet-152,s3,937,0.06216976156406051
ResNet-152,s3,938,0.06122225414997673
ResNet-152,s3,939,0.06775095191250624
ResNet-152,s3,940,0.07347800160770745
ResNet-152,s3,941,0.0598458758749858
ResNet-152,s3,942,0.05275592281750763
ResNet-152,s3,943,0.06111841384529293
ResNet-152,s3,944,0.05506146188614702
ResNet-152,s3,945,0.06151179510026772
ResNet-152,s3,946,0.0511551047790928
ResNet-152,s3,947,0.05644468961115856
ResNet-152,s3,948,0.0558446925951912
ResNet-152,s3,949,0.05519063155905979
ResNet-152,s3,950,0.057834402511412586
ResNet-152,s3,951,0.05250063970976282
ResNet-152,s3,952,0.05235172310265024
ResNet-152,s3,953,0.048820913669355925
ResNet-152,s3,954,0.053215526828356285
ResNet-152,s3,955,0.06043482483589513
ResNet-152,s3,956,0.06606926282219949
ResNet-152,s3,957,0.05790191209129536
ResNet-152,s3,958,0.05360399738975141
ResNet-152,s3,959,0.05867792018578866
ResNet-152,s3,960,0.058045720502446385
ResNet-152,s3,961,0.052838014977771186
ResNet-152,s3,962,0.06419228879654593
ResNet-152,s3,963,0.06699331668990138
ResNet-152,s3,964,0.05904276083457527
ResNet-152,s3,965,0.058129780020550026
ResNet-152,s3,966,0.04953554862384246
ResNet-152,s3,967,0.06253456540211466
ResNet-152,s3,968,0.05336354308574709
ResNet-152,s3,969,0.05974962045096954
ResNet-152,s3,970,0.055802301925027775
ResNet-152,s3,971,0.06120023478613601
ResNet-152,s3,972,0.056886919864925556
ResNet-152,s3,973,0.05820126028873196
ResNet-152,s3,974,0.054281650821136895
ResNet-152,s3,975,0.050529998441685264
ResNet-152,s3,976,0.05141419339448772
ResNet-152,s3,977,0.05069385756123723
ResNet-152,s3,978,0.057408401001934006
ResNet-152,s3,979,0.05329746387965362
ResNet-152,s3,980,0.056669661679271455
ResNet-152,s3,981,0.06054667774764266
ResNet-152,s3,982,0.05446046416949757
ResNet-152,s3,983,0.06460430331484002
ResNet-152,s3,984,0.046579199492608137
ResNet-152,s3,985,0.05697591518653278
ResNet-152,s3,986,0.06296159710814386
ResNet-152,s3,987,0.05694678986771473
ResNet-152,s3,988,0.061615630221680706
ResNet-152,s3,989,0.06094823065314592
ResNet-152,s3,990,0.06560663813597245
ResNet-152,s3,991,0.052147647942190956
ResNet-152,s3,992,0.0641599152907274
ResNet-152,s3,993,0.05806819721250256
ResNet-152,s3,994,0.05190447962334299
ResNet-152,s3,995,0.05710718868269793
ResNet-152,s3,996,0.06474707925731282
ResNet-152,s3,997,0.04279781680318939
ResNet-152,s3,998,0.067169426064843
ResNet-152,s3,999,0.05061467615869475
ResNet-152,s4,0,0.031224351914984738
ResNet-152,s4,1,0.03351422575107388
ResNet-152,s4,2,0.013302916243661977
ResNet-152,s4,3,0.021204201731164773
ResNet-152,s4,4,0.027076555895494403
ResNet-152,s4,5,0.026236548400377258
ResNet-152,s4,6,0.015746116656187192
ResNet-152,s4,7,0.01870291635917798
ResNet-152,s4,8,0.025421421809834532
ResNet-152,s4,9,0.013635991991078011
ResNet-152,s4,10,0.021933999256186
ResNet-152,s4,11,0.020539784651433912
ResNet-152,s4,12,0.02315505655844874
ResNet-152,s4,13,0.02729033450879248
ResNet-152,s4,14,0.016545706843798524
ResNet-152,s4,15,0.012092405294210407
ResNet-152,s4,16,0.022810539607101554
ResNet-152,s4,17,0.02010146314778627
ResNet-152,s4,18,0.014361774240157166
ResNet-152,s4,19,0.015437887322645505
ResNet-152,s4,20,0.017368453143423057
ResNet-152,s4,21,0.01166590381147603
ResNet-152,s4,22,0.020434333417718942
ResNet-152,s4,23,0.020780212596185788
ResNet-152,s4,24,0.02304971135565481
ResNet-152,s4,25,0.018165518218205556
ResNet-152,s4,26,0.018432616992728135
ResNet-152,s4,27,0.019884642236452033
ResNet-152,s4,28,0.013364172460986756
ResNet-152,s4,29,0.020016280987281698
ResNet-152,s4,30,0.024131890536122858
ResNet-152,s4,31,0.020904282286884346
ResNet-152,s4,32,0.018873427976393242
ResNet-152,s4,33,0.01206139894639291
ResNet-152,s4,34,0.03178752129506879
ResNet-152,s4,35,0.02145282657052261
ResNet-152,s4,36,0.022960387685098116
ResNet-152,s4,37,0.015805076638035764
ResNet-152,s4,38,0.0171984306494255
ResNet-152,s4,39,0.02804155470142411
ResNet-152,s4,40,0.028286190151531554
ResNet-152,s4,41,0.011196441360008302
ResNet-152,s4,42,0.018547411698394023
ResNet-152,s4,43,0.022894561863609053
ResNet-152,s4,44,0.012602030240020046
ResNet-152,s4,45,0.025217445471298117
ResNet-152,s4,46,0.014917570643385614
ResNet-152,s4,47,0.017270467660825517
ResNet-152,s4,48,0.015155800071265269
ResNet-152,s4,49,0.032768412615823306
ResNet-152,s4,50,0.031008314499019862
ResNet-152,s4,51,0.019622580270137413
ResNet-152,s4,52,0.02908386466041879
ResNet-152,s4,53,0.019363272205331294
ResNet-152,s4,54,0.025407229106164442
ResNet-152,s4,55,0.027932644291327136
ResNet-152,s4,56,0.01592790954178036
ResNet-152,s4,57,0.028201183595583768
ResNet-152,s4,58,0.019395775097742818
ResNet-152,s4,59,0.014771665234641462
ResNet-152,s4,60,0.03278902991594468
ResNet-152,s4,61,0.012976679507804234
ResNet-152,s4,62,0.03094758769730266
ResNet-152,s4,63,0.021736705252995092
ResNet-152,s4,64,0.03349632816974746
ResNet-152,s4,65,0.017358133952939614
ResNet-152,s4,66,0.023933217681562535
ResNet-152,s4,67,0.011192003001826212
ResNet-152,s4,68,0.013918002186121159
ResNet-152,s4,69,0.02682686564024761
ResNet-152,s4,70,0.02523698654054729
ResNet-152,s4,71,0.01545018793079811
ResNet-152,s4,72,0.029436515945310604
ResNet-152,s4,73,0.02088125899296056
ResNet-152,s4,74,0.028103166587944095
ResNet-152,s4,75,0.01743669592857844
ResNet-152,s4,76,0.019949707978058173
ResNet-152,s4,77,0.019748019191407007
ResNet-152,s4,78,0.013440223413053176
ResNet-152,s4,79,0.03148642768873877
ResNet-152,s4,80,0.017997765823543066
ResNet-152,s4,81,0.04086969558535558
ResNet-152,s4,82,0.013677637122008424
ResNet-152,s4,83,0.027921669596878806
ResNet-152,s4,84,0.015406175977761727
ResNet-152,s4,85,0.01666472476604164
ResNet-152,s4,86,0.023031384080785422
ResNet-152,s4,87,0.012909287618450449
ResNet-152,s4,88,0.037533140781245145
ResNet-152,s4,89,0.017082754688742208
ResNet-152,s4,90,0.03453710127499299
ResNet-152,s4,91,0.02130576216897695
ResNet-152,s4,92,0.0232853342525986
ResNet-152,s4,93,0.018871538759577033
ResNet-152,s4,94,0.02098439227431348
ResNet-152,s4,95,0.03333773855737365
ResNet-152,s4,96,0.015256894486829431
ResNet-152,s4,97,0.027172424739363432
ResNet-152,s4,98,0.01745400588473056
ResNet-152,s4,99,0.01372296098140624
ResNet-152,s4,100,0.014720736494852615
ResNet-152,s4,101,0.02568745359206881
ResNet-152,s4,102,0.022633259777054104
ResNet-152,s4,103,0.024651360647812703
ResNet-152,s4,104,0.01854923498212424
ResNet-152,s4,105,0.022866289670457896
ResNet-152,s4,106,0.025180438399869276
ResNet-152,s4,107,0.01198072763480229
ResNet-152,s4,108,0.01574199993657366
ResNet-152,s4,109,0.024023459743935494
ResNet-152,s4,110,0.01758159319410324
ResNet-152,s4,111,0.015261231444145484
ResNet-152,s4,112,0.02093386984633605
ResNet-152,s4,113,0.03001518602416753
ResNet-152,s4,114,0.01291063184358665
ResNet-152,s4,115,0.017771902678966445
ResNet-152,s4,116,0.022202163130885078
ResNet-152,s4,117,0.0178418669398841
ResNet-152,s4,118,0.0240949429583881
ResNet-152,s4,119,0.015124709103522038
ResNet-152,s4,120,0.011920191265420321
ResNet-152,s4,121,0.02054776615063425
ResNet-152,s4,122,0.024311581944108873
ResNet-152,s4,123,0.013112900176984854
ResNet-152,s4,124,0.01882800856838196
ResNet-152,s4,125,0.02254721058466025
ResNet-152,s4,126,0.014123719846760086
ResNet-152,s4,127,0.027387991433088343
ResNet-152,s4,128,0.017209653521404467
ResNet-152,s4,129,0.019893741096684403
ResNet-152,s4,130,0.011196490691321337
ResNet-152,s4,131,0.016645362585327783
ResNet-152,s4,132,0.017825112476877902
ResNet-152,s4,133,0.02892624315066461
ResNet-152,s4,134,0.028026603989448895
ResNet-152,s4,135,0.006913401001377384
ResNet-152,s4,136,0.02241576845108828
ResNet-152,s4,137,0.04188467928457951
ResNet-152,s4,138,0.012430120174072856
ResNet-152,s4,139,0.01615355731962298
ResNet-152,s4,140,0.017602937199986957
ResNet-152,s4,141,0.009931952307877245
ResNet-152,s4,142,0.028352629310770316
ResNet-152,s4,143,0.02487014540356003
ResNet-152,s4,144,0.028557053913673802
ResNet-152,s4,145,0.023970458664736016
ResNet-152,s4,146,0.024962218078707687
ResNet-152,s4,147,0.013777294937483475
ResNet-152,s4,148,0.026899282844629613
ResNet-152,s4,149,0.016331691126495573
ResNet-152,s4,150,0.020564607100364896
ResNet-152,s4,151,0.009674146252723226
ResNet-152,s4,152,0.01333042035988996
ResNet-152,s4,153,0.017541101981132345
ResNet-152,s4,154,0.016200286994936808
ResNet-152,s4,155,0.022886455523334348
ResNet-152,s4,156,0.012641997643561664
ResNet-152,s4,157,0.029874837264121767
ResNet-152,s4,158,0.02680850618177333
ResNet-152,s4,159,0.015887714890418736
ResNet-152,s4,160,0.016781604449039533
ResNet-152,s4,161,0.016575803810580547
ResNet-152,s4,162,0.036909000739072106
ResNet-152,s4,163,0.009505106965671861
ResNet-152,s4,164,0.01375912649121136
ResNet-152,s4,165,0.027663326280946254
ResNet-152,s4,166,0.020292626959822924
ResNet-152,s4,167,0.014657383745811381
ResNet-152,s4,168,0.01175077936342206
ResNet-152,s4,169,0.029954645191957452
ResNet-152,s4,170,0.024794143170350114
ResNet-152,s4,171,0.013543406407167335
ResNet-152,s4,172,0.01408597766714692
ResNet-152,s4,173,0.02578894388016495
ResNet-152,s4,174,0.02506094189493302
ResNet-152,s4,175,0.024424206248678137
ResNet-152,s4,176,0.014928428040177022
ResNet-152,s4,177,0.007377176391086593
ResNet-152,s4,178,0.013019111266155403
ResNet-152,s4,179,0.037637000920414665
ResNet-152,s4,180,0.0114916338847868
ResNet-152,s4,181,0.012868117962930414
ResNet-152,s4,182,0.016559184093903556
ResNet-152,s4,183,0.01831968765111469
ResNet-152,s4,184,0.021498634830546925
ResNet-152,s4,185,0.020227105953793956
ResNet-152,s4,186,0.019396352285675156
ResNet-152,s4,187,0.016284455800615882
ResNet-152,s4,188,0.019495050844867245
ResNet-152,s4,189,0.021187029314174044
ResNet-152,s4,190,0.01835450390191562
ResNet-152,s4,191,0.024779507698643233
ResNet-152,s4,192,0.017799738087129535
ResNet-152,s4,193,0.019339922833993217
ResNet-152,s4,194,0.02189336090775673
ResNet-152,s4,195,0.018278691661143154
ResNet-152,s4,196,0.02981514441827393
ResNet-152,s4,197,0.022357344861502204
ResNet-152,s4,198,0.02443123987528395
ResNet-152,s4,199,0.01362941615555413
ResNet-152,s4,200,0.02637654968663783
ResNet-152,s4,201,0.021474630018179508
ResNet-152,s4,202,0.02172273890826948
ResNet-152,s4,203,0.014475049854430488
ResNet-152,s4,204,0.019366582370675678
ResNet-152,s4,205,0.015537947799745044
ResNet-152,s4,206,0.01916062875897917
ResNet-152,s4,207,0.0161838291304216
ResNet-152,s4,208,0.022982160673039043
ResNet-152,s4,209,0.017494989507216063
ResNet-152,s4,210,0.024578969209945956
ResNet-152,s4,211,0.02087411616425383
ResNet-152,s4,212,0.02724022691145933
ResNet-152,s4,213,0.03433758957696387
ResNet-152,s4,214,0.023566388684397532
ResNet-152,s4,215,0.021416144722796404
ResNet-152,s4,216,0.03351880776754512
ResNet-152,s4,217,0.02283918181738731
ResNet-152,s4,218,0.020573052832260075
ResNet-152,s4,219,0.019235848485038787
ResNet-152,s4,220,0.021366564160587798
ResNet-152,s4,221,0.020722151743261974
ResNet-152,s4,222,0.013755355798488855
ResNet-152,s4,223,0.011365034596065526
ResNet-152,s4,224,0.02009214919616431
ResNet-152,s4,225,0.017479475220212093
ResNet-152,s4,226,0.017240489463552278
ResNet-152,s4,227,0.022657963571135253
ResNet-152,s4,228,0.01902353560640535
ResNet-152,s4,229,0.01970977477252378
ResNet-152,s4,230,0.02181914686403774
ResNet-152,s4,231,0.02769789417910784
ResNet-152,s4,232,0.016926864965903232
ResNet-152,s4,233,0.015330249161358056
ResNet-152,s4,234,0.010798418724688785
ResNet-152,s4,235,0.02297474542456024
ResNet-152,s4,236,0.016056740898467314
ResNet-152,s4,237,0.019756067315579218
ResNet-152,s4,238,0.012380222125241813
ResNet-152,s4,239,0.02221643232212267
ResNet-152,s4,240,0.016767244798054026
ResNet-152,s4,241,0.012630380695231369
ResNet-152,s4,242,0.018731145077739653
ResNet-152,s4,243,0.015542510844959723
ResNet-152,s4,244,0.014111944952442501
ResNet-152,s4,245,0.01801852905634882
ResNet-152,s4,246,0.010538264505749906
ResNet-152,s4,247,0.02490081033114444
ResNet-152,s4,248,0.020091311266071
ResNet-152,s4,249,0.024133282795701372
ResNet-152,s4,250,0.02265051702556886
ResNet-152,s4,251,0.017433367940241862
ResNet-152,s4,252,0.023042907721957606
ResNet-152,s4,253,0.03089640278092809
ResNet-152,s4,254,0.016784062297930835
ResNet-152,s4,255,0.019217396795257358
ResNet-152,s4,256,0.018018988097905586
ResNet-152,s4,257,0.015713216536084484
ResNet-152,s4,258,0.01161606868988696
ResNet-152,s4,259,0.012491751860712608
ResNet-152,s4,260,0.018398870777588172
ResNet-152,s4,261,0.010172468714161664
ResNet-152,s4,262,0.01856433973649707
ResNet-152,s4,263,0.02773864547205973
ResNet-152,s4,264,0.02462262666204429
ResNet-152,s4,265,0.013798921647315665
ResNet-152,s4,266,0.03441072963910019
ResNet-152,s4,267,0.016853199687250964
ResNet-152,s4,268,0.014297403329674552
ResNet-152,s4,269,0.010847666695276148
ResNet-152,s4,270,0.01862897820527576
ResNet-152,s4,271,0.01869848742291713
ResNet-152,s4,272,0.02073569586368884
ResNet-152,s4,273,0.01400488591920901
ResNet-152,s4,274,0.03111484794500108
ResNet-152,s4,275,0.022656371912207818
ResNet-152,s4,276,0.012844557633310605
ResNet-152,s4,277,0.012979957305888412
ResNet-152,s4,278,0.010024442215502471
ResNet-152,s4,279,0.010526023990466538
ResNet-152,s4,280,0.021452695977222325
ResNet-152,s4,281,0.022148575336553566
ResNet-152,s4,282,0.009495797520786331
ResNet-152,s4,283,0.026425723915862842
ResNet-152,s4,284,0.018431689289549413
ResNet-152,s4,285,0.019416427277987536
ResNet-152,s4,286,0.020484615038034337
ResNet-152,s4,287,0.011262119454435227
ResNet-152,s4,288,0.021041691768558746
ResNet-152,s4,289,0.033298776680925624
ResNet-152,s4,290,0.010950090796295942
ResNet-152,s4,291,0.02732116786289529
ResNet-152,s4,292,0.01319079382483157
ResNet-152,s4,293,0.021536355107292127
ResNet-152,s4,294,0.02285550808533865
ResNet-152,s4,295,0.023733447156799148
ResNet-152,s4,296,0.026990098180986855
ResNet-152,s4,297,0.026069509637724364
ResNet-152,s4,298,0.01429436326269462
ResNet-152,s4,299,0.016108407458277907
ResNet-152,s4,300,0.02142059006552932
ResNet-152,s4,301,0.0191224218408107
ResNet-152,s4,302,0.026837363370881162
ResNet-152,s4,303,0.027304720309359265
ResNet-152,s4,304,0.017018616382900253
ResNet-152,s4,305,0.018605711435146444
ResNet-152,s4,306,0.016441864715276866
ResNet-152,s4,307,0.018719341967330938
ResNet-152,s4,308,0.01572676838261311
ResNet-152,s4,309,0.0224122104645611
ResNet-152,s4,310,0.025076698795222008
ResNet-152,s4,311,0.015830445800829707
ResNet-152,s4,312,0.022419050041308952
ResNet-152,s4,313,0.02791790554136142
ResNet-152,s4,314,0.020176150626783462
ResNet-152,s4,315,0.02480427341745095
ResNet-152,s4,316,0.027388244433223186
ResNet-152,s4,317,0.0294552530562191
ResNet-152,s4,318,0.02173769017256788
ResNet-152,s4,319,0.0168399178136609
ResNet-152,s4,320,0.013357838520003495
ResNet-152,s4,321,0.014363190734158149
ResNet-152,s4,322,0.017042214051132598
ResNet-152,s4,323,0.022153281077099796
ResNet-152,s4,324,0.018870376876644612
ResNet-152,s4,325,0.019971157451995403
ResNet-152,s4,326,0.015834932797320178
ResNet-152,s4,327,0.02552375884038871
ResNet-152,s4,328,0.02358153897255033
ResNet-152,s4,329,0.01437770417127704
ResNet-152,s4,330,0.014951538806700193
ResNet-152,s4,331,0.01585225214429764
ResNet-152,s4,332,0.015384125926553915
ResNet-152,s4,333,0.023071507962139526
ResNet-152,s4,334,0.02437248641191414
ResNet-152,s4,335,0.02331548917750026
ResNet-152,s4,336,0.021044075763832826
ResNet-152,s4,337,0.025249313339493318
ResNet-152,s4,338,0.024510436924981005
ResNet-152,s4,339,0.01802452802593646
ResNet-152,s4,340,0.01713703706679004
ResNet-152,s4,341,0.022764278396956605
ResNet-152,s4,342,0.028043943979164654
ResNet-152,s4,343,0.014709934441226924
ResNet-152,s4,344,0.02418778391058707
ResNet-152,s4,345,0.018601475013121704
ResNet-152,s4,346,0.018119539571294196
ResNet-152,s4,347,0.011039123412937224
ResNet-152,s4,348,0.026468475476182474
ResNet-152,s4,349,0.012701225364510682
ResNet-152,s4,350,0.027302440206964818
ResNet-152,s4,351,0.018958869428500003
ResNet-152,s4,352,0.023253007810631332
ResNet-152,s4,353,0.021712046704570276
ResNet-152,s4,354,0.016196744919414363
ResNet-152,s4,355,0.026995508585666572
ResNet-152,s4,356,0.0108232180091542
ResNet-152,s4,357,0.01513602949852455
ResNet-152,s4,358,0.023722344529450323
ResNet-152,s4,359,0.019921401640784153
ResNet-152,s4,360,0.013515043798425275
ResNet-152,s4,361,0.024234726907287785
ResNet-152,s4,362,0.01551859248762133
ResNet-152,s4,363,0.012957010213918041
ResNet-152,s4,364,0.01922336922172052
ResNet-152,s4,365,0.014180907885205096
ResNet-152,s4,366,0.02323686822325599
ResNet-152,s4,367,0.0137510679959012
ResNet-152,s4,368,0.026228530167715647
ResNet-152,s4,369,0.00794673019036074
ResNet-152,s4,370,0.019837546758482705
ResNet-152,s4,371,0.012522359082281831
ResNet-152,s4,372,0.022714468503359675
ResNet-152,s4,373,0.018893237386412798
ResNet-152,s4,374,0.010304456905077641
ResNet-152,s4,375,0.008193845045210146
ResNet-152,s4,376,0.02191478891805021
ResNet-152,s4,377,0.01986420402176059
ResNet-152,s4,378,0.01711431949315878
ResNet-152,s4,379,0.0167519156786482
ResNet-152,s4,380,0.02701723661163824
ResNet-152,s4,381,0.02547693184948041
ResNet-152,s4,382,0.022895930366016448
ResNet-152,s4,383,0.012501051347540648
ResNet-152,s4,384,0.014864896014197826
ResNet-152,s4,385,0.019335499486361707
ResNet-152,s4,386,0.016321704803920922
ResNet-152,s4,387,0.024007370593131516
ResNet-152,s4,388,0.011019344746659776
ResNet-152,s4,389,0.0019212239038801648
ResNet-152,s4,390,0.01591699015283088
ResNet-152,s4,391,0.023957612872233636
ResNet-152,s4,392,0.03130557890334862
ResNet-152,s4,393,0.03715481242080643
ResNet-152,s4,394,0.020997747520513754
ResNet-152,s4,395,0.027991440731701678
ResNet-152,s4,396,0.01852394598634144
ResNet-152,s4,397,0.016655985708287635
ResNet-152,s4,398,0.018762673128466578
ResNet-152,s4,399,0.019259582368136963
ResNet-152,s4,400,0.016009654678837304
ResNet-152,s4,401,0.01411721347474093
ResNet-152,s4,402,0.021841759150656226
ResNet-152,s4,403,0.02151591215631332
ResNet-152,s4,404,0.018985907346283026
ResNet-152,s4,405,0.024645424727200327
ResNet-152,s4,406,0.015643308682341206
ResNet-152,s4,407,0.01455178609395047
ResNet-152,s4,408,0.018898446709613936
ResNet-152,s4,409,0.005244784597060126
ResNet-152,s4,410,0.014217450076044025
ResNet-152,s4,411,0.028708738153366387
ResNet-152,s4,412,0.016554713813815014
ResNet-152,s4,413,0.02181741827740269
ResNet-152,s4,414,0.015345622810903459
ResNet-152,s4,415,0.01421421368031961
ResNet-152,s4,416,0.02526061365637
ResNet-152,s4,417,0.017588371158458793
ResNet-152,s4,418,0.02249700385888309
ResNet-152,s4,419,0.015530807244492628
ResNet-152,s4,420,0.019071120525211316
ResNet-152,s4,421,0.021294139353759123
ResNet-152,s4,422,0.01580463716918734
ResNet-152,s4,423,0.02194372233701114
ResNet-152,s4,424,0.017602756844496636
ResNet-152,s4,425,0.026078980884048586
ResNet-152,s4,426,0.007539761755333552
ResNet-152,s4,427,0.014741086641099854
ResNet-152,s4,428,0.024296461753000487
ResNet-152,s4,429,0.01525772881600751
ResNet-152,s4,430,0.02229213400902974
ResNet-152,s4,431,0.01641669649196753
ResNet-152,s4,432,0.036635791851540755
ResNet-152,s4,433,0.01866450637210193
ResNet-152,s4,434,0.019631556587916044
ResNet-152,s4,435,0.01761355553401034
ResNet-152,s4,436,0.014400344393456943
ResNet-152,s4,437,0.015251331376165522
ResNet-152,s4,438,0.017609978417220562
ResNet-152,s4,439,0.01651372048041655
ResNet-152,s4,440,0.01624997862920252
ResNet-152,s4,441,0.024216477959742577
ResNet-152,s4,442,0.026197467769131455
ResNet-152,s4,443,0.0163703746906374
ResNet-152,s4,444,0.028342040379491173
ResNet-152,s4,445,0.013905682920183793
ResNet-152,s4,446,0.017781270458414156
ResNet-152,s4,447,0.021555005555982776
ResNet-152,s4,448,0.029993982699351496
ResNet-152,s4,449,0.021115128657894222
ResNet-152,s4,450,0.011160573292872011
ResNet-152,s4,451,0.027875679021075683
ResNet-152,s4,452,0.01619561913455614
ResNet-152,s4,453,0.027205762738452766
ResNet-152,s4,454,0.02393263582529681
ResNet-152,s4,455,0.009132147375458644
ResNet-152,s4,456,0.01936846931542635
ResNet-152,s4,457,0.02051854988764945
ResNet-152,s4,458,0.016641005814652776
ResNet-152,s4,459,0.021746372173009343
ResNet-152,s4,460,0.019089915907521737
ResNet-152,s4,461,0.013667072694620974
ResNet-152,s4,462,0.02762079407042617
ResNet-152,s4,463,0.021444000852866463
ResNet-152,s4,464,0.021457172667410318
ResNet-152,s4,465,0.01422510532750132
ResNet-152,s4,466,0.024644062687509405
ResNet-152,s4,467,0.012420340651095207
ResNet-152,s4,468,0.008533165118892128
ResNet-152,s4,469,0.01939183451579063
ResNet-152,s4,470,0.02358139425207295
ResNet-152,s4,471,0.015005503977842838
ResNet-152,s4,472,0.019679263939512692
ResNet-152,s4,473,0.01487202516853492
ResNet-152,s4,474,0.01809956597069784
ResNet-152,s4,475,0.01349747517708988
ResNet-152,s4,476,0.013897638122911116
ResNet-152,s4,477,0.02590783638026506
ResNet-152,s4,478,0.023858306664716444
ResNet-152,s4,479,0.017048424038320964
ResNet-152,s4,480,0.007960768260894313
ResNet-152,s4,481,0.017801017441213762
ResNet-152,s4,482,0.015858502389032525
ResNet-152,s4,483,0.02785800867778021
ResNet-152,s4,484,0.006089471499485133
ResNet-152,s4,485,0.01793920177448871
ResNet-152,s4,486,0.0210896860899078
ResNet-152,s4,487,0.017482367042107594
ResNet-152,s4,488,0.020480717532302073
ResNet-152,s4,489,0.025471503057544087
ResNet-152,s4,490,0.019812715931606606
ResNet-152,s4,491,0.014956105197302949
ResNet-152,s4,492,0.0159403470220133
ResNet-152,s4,493,0.026017063857893152
ResNet-152,s4,494,0.02380590844878694
ResNet-152,s4,495,0.009879956287103586
ResNet-152,s4,496,0.026289497564005226
ResNet-152,s4,497,0.03334818921484983
ResNet-152,s4,498,0.021039551303457915
ResNet-152,s4,499,0.021028449705831398
ResNet-152,s4,500,0.02577002115099869
ResNet-152,s4,501,0.032110266452318736
ResNet-152,s4,502,0.018234648606174075
ResNet-152,s4,503,0.01590714114650693
ResNet-152,s4,504,0.01298145381961735
ResNet-152,s4,505,0.011213905059973328
ResNet-152,s4,506,0.017403045892824154
ResNet-152,s4,507,0.011783771427916312
ResNet-152,s4,508,0.01825930384590968
ResNet-152,s4,509,0.01666556031249833
ResNet-152,s4,510,0.012176897387375596
ResNet-152,s4,511,0.019022150463057996
ResNet-152,s4,512,0.025384147855463834
ResNet-152,s4,513,0.02385630211630152
ResNet-152,s4,514,0.013263801887837046
ResNet-152,s4,515,0.022253565072372194
ResNet-152,s4,516,0.024296276776150094
ResNet-152,s4,517,0.016951137870022004
ResNet-152,s4,518,0.023631805191105748
ResNet-152,s4,519,0.02501848197003409
ResNet-152,s4,520,0.018261563464930353
ResNet-152,s4,521,0.014058617796019024
ResNet-152,s4,522,0.021960763459659582
ResNet-152,s4,523,0.036305218640307335
ResNet-152,s4,524,0.024656809098025922
ResNet-152,s4,525,0.02777156343456899
ResNet-152,s4,526,0.019124321083906604
ResNet-152,s4,527,0.0204823129245979
ResNet-152,s4,528,0.020723563484279284
ResNet-152,s4,529,0.016010565139454536
ResNet-152,s4,530,0.03790038837234788
ResNet-152,s4,531,0.016333494856096253
ResNet-152,s4,532,0.025283925573480248
ResNet-152,s4,533,0.021962042195495135
ResNet-152,s4,534,0.010061715171351793
ResNet-152,s4,535,0.01410813043567305
ResNet-152,s4,536,0.03662714083566965
ResNet-152,s4,537,0.020232868820610594
ResNet-152,s4,538,0.020988907126206713
ResNet-152,s4,539,0.019471930897338563
ResNet-152,s4,540,0.019841430329521348
ResNet-152,s4,541,0.014084948698121491
ResNet-152,s4,542,0.013286750434371442
ResNet-152,s4,543,0.014978767841991036
ResNet-152,s4,544,0.010643383523433192
ResNet-152,s4,545,0.027453368797869082
ResNet-152,s4,546,0.015133605554552343
ResNet-152,s4,547,0.022238193888786895
ResNet-152,s4,548,0.027999778136859055
ResNet-152,s4,549,0.024409647626370434
ResNet-152,s4,550,0.010652366760044996
ResNet-152,s4,551,0.022989529169601286
ResNet-152,s4,552,0.02687256970194185
ResNet-152,s4,553,0.01509822787833437
ResNet-152,s4,554,0.014290046299821446
ResNet-152,s4,555,0.03061679219696878
ResNet-152,s4,556,0.014039265756891073
ResNet-152,s4,557,0.016050482757184126
ResNet-152,s4,558,0.018037601763807865
ResNet-152,s4,559,0.0381567048398711
ResNet-152,s4,560,0.02145592028220411
ResNet-152,s4,561,0.022742283350965398
ResNet-152,s4,562,0.026059063789136472
ResNet-152,s4,563,0.022143456919955895
ResNet-152,s4,564,0.012190903297726763
ResNet-152,s4,565,0.03198416534249393
ResNet-152,s4,566,0.019229994008784668
ResNet-152,s4,567,0.021035719698770272
ResNet-152,s4,568,0.023480833303122117
ResNet-152,s4,569,0.01911547947887382
ResNet-152,s4,570,0.013254275452723285
ResNet-152,s4,571,0.031390602674946644
ResNet-152,s4,572,0.01970875859971688
ResNet-152,s4,573,0.01956988872271548
ResNet-152,s4,574,0.03321590863730928
ResNet-152,s4,575,0.016296699617783683
ResNet-152,s4,576,0.03155449440650582
ResNet-152,s4,577,0.012533790634150943
ResNet-152,s4,578,0.020987378477581364
ResNet-152,s4,579,0.018474545954073163
ResNet-152,s4,580,0.025147057236907244
ResNet-152,s4,581,0.014902031603194144
ResNet-152,s4,582,0.02903390167197084
ResNet-152,s4,583,0.01851725580213115
ResNet-152,s4,584,0.020755654799955336
ResNet-152,s4,585,0.019195153527153508
ResNet-152,s4,586,0.020771756707450573
ResNet-152,s4,587,0.04706574321248258
ResNet-152,s4,588,0.012172764235769518
ResNet-152,s4,589,0.013781471887881036
ResNet-152,s4,590,0.021417755224495516
ResNet-152,s4,591,0.01613057002927365
ResNet-152,s4,592,0.01722855238927845
ResNet-152,s4,593,0.02075879258369051
ResNet-152,s4,594,0.022149327033839317
ResNet-152,s4,595,0.023391359215760743
ResNet-152,s4,596,0.013689520279325906
ResNet-152,s4,597,0.024118429689862886
ResNet-152,s4,598,0.025403738578270385
ResNet-152,s4,599,0.011114884346770548
ResNet-152,s4,600,0.020410770046808913
ResNet-152,s4,601,0.020773973417176128
ResNet-152,s4,602,0.009376829832526079
ResNet-152,s4,603,0.01726106167900676
ResNet-152,s4,604,0.02259112850838052
ResNet-152,s4,605,0.02070129016237876
ResNet-152,s4,606,0.0195305338190902
ResNet-152,s4,607,0.006936407850680393
ResNet-152,s4,608,0.01958284575361313
ResNet-152,s4,609,0.019667689872332028
ResNet-152,s4,610,0.022897594712563252
ResNet-152,s4,611,0.028146863508021758
ResNet-152,s4,612,0.027011516694813165
ResNet-152,s4,613,0.01789686914106159
ResNet-152,s4,614,0.006164091828442353
ResNet-152,s4,615,0.015613172495180572
ResNet-152,s4,616,0.015239730149905761
ResNet-152,s4,617,0.013548283885449375
ResNet-152,s4,618,0.02033874725296203
ResNet-152,s4,619,0.020518609226640172
ResNet-152,s4,620,0.01854939968851399
ResNet-152,s4,621,0.007242106521296532
ResNet-152,s4,622,0.01605223685841739
ResNet-152,s4,623,0.017876149375281147
ResNet-152,s4,624,0.02011578442008366
ResNet-152,s4,625,0.020581255455964675
ResNet-152,s4,626,0.011636570827553872
ResNet-152,s4,627,0.01758071033688824
ResNet-152,s4,628,0.005958623199411095
ResNet-152,s4,629,0.015262614867832647
ResNet-152,s4,630,0.02466756847656626
ResNet-152,s4,631,0.019066303192796674
ResNet-152,s4,632,0.024339961699570534
ResNet-152,s4,633,0.010801068953411597
ResNet-152,s4,634,0.027185819505537
ResNet-152,s4,635,0.01742404083032656
ResNet-152,s4,636,0.015875668410122667
ResNet-152,s4,637,0.013018120780671771
ResNet-152,s4,638,0.015381718121032284
ResNet-152,s4,639,0.012557122725218806
ResNet-152,s4,640,0.025749493372093424
ResNet-152,s4,641,0.017796757409217823
ResNet-152,s4,642,0.015758960222307605
ResNet-152,s4,643,0.013660431950582308
ResNet-152,s4,644,0.021161246514490584
ResNet-152,s4,645,0.021672870289769386
ResNet-152,s4,646,0.029764804954560242
ResNet-152,s4,647,0.020383814310574788
ResNet-152,s4,648,0.016738523103493774
ResNet-152,s4,649,0.028383842031452167
ResNet-152,s4,650,0.01615729855759862
ResNet-152,s4,651,0.01895295982936196
ResNet-152,s4,652,0.02136793407915183
ResNet-152,s4,653,0.019193138757737094
ResNet-152,s4,654,0.016920909968917153
ResNet-152,s4,655,0.017800232375724034
ResNet-152,s4,656,0.022409670625900713
ResNet-152,s4,657,0.010769146724038392
ResNet-152,s4,658,0.02725357940810036
ResNet-152,s4,659,0.01168236621079033
ResNet-152,s4,660,0.020316293891923576
ResNet-152,s4,661,0.012432087052456575
ResNet-152,s4,662,0.011690755106946393
ResNet-152,s4,663,0.020251406159302876
ResNet-152,s4,664,0.008033545259926611
ResNet-152,s4,665,0.01986553320844453
ResNet-152,s4,666,0.025851646966329134
ResNet-152,s4,667,0.01116751739820887
ResNet-152,s4,668,0.016065208352122884
ResNet-152,s4,669,0.008417450209212807
ResNet-152,s4,670,0.022456589693295892
ResNet-152,s4,671,0.01761700498436347
ResNet-152,s4,672,0.011755233081004901
ResNet-152,s4,673,0.022075624824574036
ResNet-152,s4,674,0.018697575759842433
ResNet-152,s4,675,0.033338444638285614
ResNet-152,s4,676,0.016816781714130702
ResNet-152,s4,677,0.022125486496832325
ResNet-152,s4,678,0.016736306713374227
ResNet-152,s4,679,0.027610784289447854
ResNet-152,s4,680,0.017017423183751212
ResNet-152,s4,681,0.03524679986978785
ResNet-152,s4,682,0.01787218518061373
ResNet-152,s4,683,0.017551697055490978
ResNet-152,s4,684,0.021234752951087232
ResNet-152,s4,685,0.03173206118566707
ResNet-152,s4,686,0.019800893494407168
ResNet-152,s4,687,0.015791566154063408
ResNet-152,s4,688,0.011694139043041951
ResNet-152,s4,689,0.001893548203555584
ResNet-152,s4,690,0.01854362235621998
ResNet-152,s4,691,0.03515200301161314
ResNet-152,s4,692,0.021943246854723264
ResNet-152,s4,693,0.02300656070215379
ResNet-152,s4,694,0.02953031578008125
ResNet-152,s4,695,0.03061544701309571
ResNet-152,s4,696,0.0133694024251646
ResNet-152,s4,697,0.02898590227791964
ResNet-152,s4,698,0.02408739577834562
ResNet-152,s4,699,0.02168567173022462
ResNet-152,s4,700,0.01857622597370301
ResNet-152,s4,701,0.030080236717737074
ResNet-152,s4,702,0.034887764746106664
ResNet-152,s4,703,0.030618042651038957
ResNet-152,s4,704,0.014668024123553947
ResNet-152,s4,705,0.023568982795774462
ResNet-152,s4,706,0.012129194751202887
ResNet-152,s4,707,0.01412668479550594
ResNet-152,s4,708,0.033495973514050426
ResNet-152,s4,709,0.025857795785565685
ResNet-152,s4,710,0.02340781452274121
ResNet-152,s4,711,0.020715515889378366
ResNet-152,s4,712,0.01349355336503466
ResNet-152,s4,713,0.021520473417147246
ResNet-152,s4,714,0.025489972046287557
ResNet-152,s4,715,0.010359149225981357
ResNet-152,s4,716,0.024353757465652714
ResNet-152,s4,717,0.01734299313823784
ResNet-152,s4,718,0.0327544300812177
ResNet-152,s4,719,0.02401078525999789
ResNet-152,s4,720,0.019681742589955586
ResNet-152,s4,721,0.013150952668804616
ResNet-152,s4,722,0.026592271435063264
ResNet-152,s4,723,0.02178450670265042
ResNet-152,s4,724,0.025727118788982928
ResNet-152,s4,725,0.017098660580191938
ResNet-152,s4,726,0.023654365383108167
ResNet-152,s4,727,0.017024277062817172
ResNet-152,s4,728,0.029969327919728284
ResNet-152,s4,729,0.01710911466773657
ResNet-152,s4,730,0.020034983681537444
ResNet-152,s4,731,0.02611787446606939
ResNet-152,s4,732,0.023023031049721254
ResNet-152,s4,733,0.012424301922593362
ResNet-152,s4,734,0.011292352924021754
ResNet-152,s4,735,0.0122965574190812
ResNet-152,s4,736,0.010617501226428683
ResNet-152,s4,737,0.02006491687105061
ResNet-152,s4,738,0.0465564503693261
ResNet-152,s4,739,0.024668141762133278
ResNet-152,s4,740,0.024894355428268566
ResNet-152,s4,741,0.021811906402215087
ResNet-152,s4,742,0.019948143749476954
ResNet-152,s4,743,0.009557730503550799
ResNet-152,s4,744,0.024342138924180023
ResNet-152,s4,745,0.0134956509058487
ResNet-152,s4,746,0.024074118259832855
ResNet-152,s4,747,0.019348130778470862
ResNet-152,s4,748,0.01895430631078021
ResNet-152,s4,749,0.0129209322978453
ResNet-152,s4,750,0.01893365339296804
ResNet-152,s4,751,0.02826649261344727
ResNet-152,s4,752,0.01952196171799625
ResNet-152,s4,753,0.01881144390893086
ResNet-152,s4,754,0.012275218177203118
ResNet-152,s4,755,0.01676518974383623
ResNet-152,s4,756,0.02229769198286513
ResNet-152,s4,757,0.015545853412225696
ResNet-152,s4,758,0.016526525719723906
ResNet-152,s4,759,0.02377479759997092
ResNet-152,s4,760,0.017875704021060423
ResNet-152,s4,761,0.020616776350405597
ResNet-152,s4,762,0.013641074486327898
ResNet-152,s4,763,0.013516538885137153
ResNet-152,s4,764,0.01773057392547428
ResNet-152,s4,765,0.012339876138261596
ResNet-152,s4,766,0.020981928996275045
ResNet-152,s4,767,0.01935035286373843
ResNet-152,s4,768,0.02413802540559984
ResNet-152,s4,769,0.01379932710027354
ResNet-152,s4,770,0.02085259840318121
ResNet-152,s4,771,0.018223647669521115
ResNet-152,s4,772,0.012485158104049043
ResNet-152,s4,773,0.016937598750566996
ResNet-152,s4,774,0.021629937681225453
ResNet-152,s4,775,0.01027407746535669
ResNet-152,s4,776,0.014538388700275462
ResNet-152,s4,777,0.012959335034935515
ResNet-152,s4,778,0.02401677872936292
ResNet-152,s4,779,0.01416381713521897
ResNet-152,s4,780,0.02198866301796476
ResNet-152,s4,781,0.018701627597647597
ResNet-152,s4,782,0.01447362165492505
ResNet-152,s4,783,0.012333989898508757
ResNet-152,s4,784,0.015996788583441002
ResNet-152,s4,785,0.027592410481638407
ResNet-152,s4,786,0.006448674451248193
ResNet-152,s4,787,0.02411173227108232
ResNet-152,s4,788,0.0315084473832159
ResNet-152,s4,789,0.01725003360579669
ResNet-152,s4,790,0.03840113456575378
ResNet-152,s4,791,0.022139527189573238
ResNet-152,s4,792,0.028737951409338214
ResNet-152,s4,793,0.023170028493888273
ResNet-152,s4,794,0.02577609146888582
ResNet-152,s4,795,0.020789643814741687
ResNet-152,s4,796,0.02762383684249592
ResNet-152,s4,797,0.01270781852187619
ResNet-152,s4,798,0.019731057170498056
ResNet-152,s4,799,0.01808386090889924
ResNet-152,s4,800,0.020595229373812862
ResNet-152,s4,801,0.02269249702366849
ResNet-152,s4,802,0.016154417955998368
ResNet-152,s4,803,0.01932861340648495
ResNet-152,s4,804,0.0075541274365724664
ResNet-152,s4,805,0.021814102066963215
ResNet-152,s4,806,0.03355295426178784
ResNet-152,s4,807,0.020639531524697663
ResNet-152,s4,808,0.019183622583017534
ResNet-152,s4,809,0.020794839892963712
ResNet-152,s4,810,0.023423305579560072
ResNet-152,s4,811,0.007425652648511916
ResNet-152,s4,812,0.023682640389547593
ResNet-152,s4,813,0.018707732996572024
ResNet-152,s4,814,0.012942642657762793
ResNet-152,s4,815,0.01367908008262475
ResNet-152,s4,816,0.0257098363798558
ResNet-152,s4,817,0.021103487156471923
ResNet-152,s4,818,0.015582869089846962
ResNet-152,s4,819,0.021544663327940916
ResNet-152,s4,820,0.017471250869875554
ResNet-152,s4,821,0.01346293141246635
ResNet-152,s4,822,0.027578084910109824
ResNet-152,s4,823,0.011349657174761552
ResNet-152,s4,824,0.018868336373743744
ResNet-152,s4,825,0.02882938041169092
ResNet-152,s4,826,0.02838729135760143
ResNet-152,s4,827,0.01924334669765726
ResNet-152,s4,828,0.02125217226769538
ResNet-152,s4,829,0.013501320806652006
ResNet-152,s4,830,0.013154344835648257
ResNet-152,s4,831,0.012880159417591241
ResNet-152,s4,832,0.02200894569064915
ResNet-152,s4,833,0.015994849758185548
ResNet-152,s4,834,0.02009385733756397
ResNet-152,s4,835,0.020536936247193216
ResNet-152,s4,836,0.02041298367533384
ResNet-152,s4,837,0.020395701858739512
ResNet-152,s4,838,0.01622450209369586
ResNet-152,s4,839,0.008706477779150013
ResNet-152,s4,840,0.01163691578109216
ResNet-152,s4,841,0.013126866216937483
ResNet-152,s4,842,0.019357400685286574
ResNet-152,s4,843,0.018734248944099807
ResNet-152,s4,844,0.030970829814923606
ResNet-152,s4,845,0.01856898030693166
ResNet-152,s4,846,0.016897709893002877
ResNet-152,s4,847,0.013910711573985934
ResNet-152,s4,848,0.02324769330679677
ResNet-152,s4,849,0.014839170758292108
ResNet-152,s4,850,0.03220302116386875
ResNet-152,s4,851,0.01176064692288148
ResNet-152,s4,852,0.022513294020794827
ResNet-152,s4,853,0.019959881170469318
ResNet-152,s4,854,0.013428727596062728
ResNet-152,s4,855,0.024915100411095348
ResNet-152,s4,856,0.012168719434252906
ResNet-152,s4,857,0.02351057702649295
ResNet-152,s4,858,0.027817573715472665
ResNet-152,s4,859,0.018114201866835766
ResNet-152,s4,860,0.019863501474020273
ResNet-152,s4,861,0.018625286838846455
ResNet-152,s4,862,0.01499714490850157
ResNet-152,s4,863,0.01745321761222962
ResNet-152,s4,864,0.019563558856185992
ResNet-152,s4,865,0.03849981169105654
ResNet-152,s4,866,0.013724123343511474
ResNet-152,s4,867,0.017127619047353937
ResNet-152,s4,868,0.012461015406993958
ResNet-152,s4,869,0.01769581911902207
ResNet-152,s4,870,0.0196064023084217
ResNet-152,s4,871,0.015676233663090233
ResNet-152,s4,872,0.008803237872726188
ResNet-152,s4,873,0.02121555567535549
ResNet-152,s4,874,0.026468471528448
ResNet-152,s4,875,0.011979420650446992
ResNet-152,s4,876,0.02167713516234393
ResNet-152,s4,877,0.015522742577190662
ResNet-152,s4,878,0.010418501520312429
ResNet-152,s4,879,0.02296043868554809
ResNet-152,s4,880,0.02586056264484582
ResNet-152,s4,881,0.013539482584955409
ResNet-152,s4,882,0.027623879106367766
ResNet-152,s4,883,0.020892406085253556
ResNet-152,s4,884,0.01570808809541624
ResNet-152,s4,885,0.01792636765755007
ResNet-152,s4,886,0.017377443021629135
ResNet-152,s4,887,0.011733152939019664
ResNet-152,s4,888,0.016128665623738825
ResNet-152,s4,889,0.018733585889275872
ResNet-152,s4,890,0.03645359343338339
ResNet-152,s4,891,0.016396747844840687
ResNet-152,s4,892,0.020743358435371673
ResNet-152,s4,893,0.02375892695831272
ResNet-152,s4,894,0.022128559962113825
ResNet-152,s4,895,0.023010858838651393
ResNet-152,s4,896,0.020222349349724777
ResNet-152,s4,897,0.0232582302401656
ResNet-152,s4,898,0.006030607075932393
ResNet-152,s4,899,0.015728939725989433
ResNet-152,s4,900,0.022535571562815715
ResNet-152,s4,901,0.017678362063939135
ResNet-152,s4,902,0.017485451378910777
ResNet-152,s4,903,0.023522347613738503
ResNet-152,s4,904,0.017167801306589903
ResNet-152,s4,905,0.02768050245899467
ResNet-152,s4,906,0.019421554601641744
ResNet-152,s4,907,0.03132607311269475
ResNet-152,s4,908,0.018492453718387036
ResNet-152,s4,909,0.024834918731285627
ResNet-152,s4,910,0.023603322472853128
ResNet-152,s4,911,0.022895172987199564
ResNet-152,s4,912,0.016344854545910947
ResNet-152,s4,913,0.019854583539368087
ResNet-152,s4,914,0.023972047564231325
ResNet-152,s4,915,0.01244516161593412
ResNet-152,s4,916,0.02471903049585822
ResNet-152,s4,917,0.028993666807584084
ResNet-152,s4,918,0.03342644437468578
ResNet-152,s4,919,0.019350255610072753
ResNet-152,s4,920,0.01856242238225725
ResNet-152,s4,921,0.015193724832647693
ResNet-152,s4,922,0.004541222269323186
ResNet-152,s4,923,0.011751341257729031
ResNet-152,s4,924,0.016091182372568125
ResNet-152,s4,925,0.014737393897577222
ResNet-152,s4,926,0.018957701925663928
ResNet-152,s4,927,0.016003050566824717
ResNet-152,s4,928,0.019152565274705657
ResNet-152,s4,929,0.007169890833653159
ResNet-152,s4,930,0.016571518877934954
ResNet-152,s4,931,0.013797217429216135
ResNet-152,s4,932,0.015224572180391416
ResNet-152,s4,933,0.0069856755577734075
ResNet-152,s4,934,0.014394576051376617
ResNet-152,s4,935,0.03331184391694453
ResNet-152,s4,936,0.012486318767634952
ResNet-152,s4,937,0.02090310330797862
ResNet-152,s4,938,0.015150911013492196
ResNet-152,s4,939,0.010700322636360005
ResNet-152,s4,940,0.009927879348400559
ResNet-152,s4,941,0.01705608788871593
ResNet-152,s4,942,0.02773979881790478
ResNet-152,s4,943,0.02198979624357955
ResNet-152,s4,944,0.014519354126008355
ResNet-152,s4,945,0.011788591349245703
ResNet-152,s4,946,0.012940485701915527
ResNet-152,s4,947,0.027752849234694343
ResNet-152,s4,948,0.023693263335565096
ResNet-152,s4,949,0.017734344449242156
ResNet-152,s4,950,0.023098110075383094
ResNet-152,s4,951,0.026003442484057393
ResNet-152,s4,952,0.011857171609897188
ResNet-152,s4,953,0.02300054753005898
ResNet-152,s4,954,0.02074427458155581
ResNet-152,s4,955,0.02632042911047361
ResNet-152,s4,956,0.01979992466067848
ResNet-152,s4,957,0.02726303597883084
ResNet-152,s4,958,0.02303958657351335
ResNet-152,s4,959,0.02085175905630765
ResNet-152,s4,960,0.014811062399769703
ResNet-152,s4,961,0.030485531894163365
ResNet-152,s4,962,0.02066617279411087
ResNet-152,s4,963,0.020749172132461746
ResNet-152,s4,964,0.01663846492701948
ResNet-152,s4,965,0.009889951302622157
ResNet-152,s4,966,0.021360185026742418
ResNet-152,s4,967,0.022831995301922925
ResNet-152,s4,968,0.011422255107526369
ResNet-152,s4,969,0.018897038751363615
ResNet-152,s4,970,0.028583163433163694
ResNet-152,s4,971,0.016106160668021507
ResNet-152,s4,972,0.012032839546655905
ResNet-152,s4,973,0.018309157203579618
ResNet-152,s4,974,0.016554541434293135
ResNet-152,s4,975,0.015181443405298145
ResNet-152,s4,976,0.013983964680929661
ResNet-152,s4,977,0.020263587850382847
ResNet-152,s4,978,0.014653285776777714
ResNet-152,s4,979,0.0215904865980161
ResNet-152,s4,980,0.02326981011607021
ResNet-152,s4,981,0.018602822947641484
ResNet-152,s4,982,0.020893705494687498
ResNet-152,s4,983,0.023771607192548116
ResNet-152,s4,984,0.026251641408379878
ResNet-152,s4,985,0.019179862053013697
ResNet-152,s4,986,0.02072060356799532
ResNet-152,s4,987,0.019232030282721246
ResNet-152,s4,988,0.02308545098584225
ResNet-152,s4,989,0.020768625079622405
ResNet-152,s4,990,0.016552850588012258
ResNet-152,s4,991,0.017367522056149776
ResNet-152,s4,992,0.017698535522444936
ResNet-152,s4,993,0.01585787763327884
ResNet-152,s4,994,0.022650676229542976
ResNet-152,s4,995,0.0260777687691236
ResNet-152,s4,996,0.02490446658294221
ResNet-152,s4,997,0.023629310062170394
ResNet-152,s4,998,0.015582075007360752
ResNet-152,s4,999,0.03043681391056774
ConvNeXt-Tiny,s1,0,-0.1953981421498453
ConvNeXt-Tiny,s1,1,-0.20903193194689473
ConvNeXt-Tiny,s1,2,-0.18798672655498527
ConvNeXt-Tiny,s1,3,-0.2078477872485649
ConvNeXt-Tiny,s1,4,-0.19831201394312836
ConvNeXt-Tiny,s1,5,-0.1823478506265903
ConvNeXt-Tiny,s1,6,-0.17269034270878114
ConvNeXt-Tiny,s1,7,-0.1922366796090258
ConvNeXt-Tiny,s1,8,-0.18290953755660666
ConvNeXt-Tiny,s1,9,-0.1673588932213721
ConvNeXt-Tiny,s1,10,-0.19711625389914134
ConvNeXt-Tiny,s1,11,-0.17456457563723005
ConvNeXt-Tiny,s1,12,-0.18850059601717695
ConvNeXt-Tiny,s1,13,-0.1792517874431283
ConvNeXt-Tiny,s1,14,-0.1659207662002805
ConvNeXt-Tiny,s1,15,-0.17840506010801427
ConvNeXt-Tiny,s1,16,-0.1959288476639517
ConvNeXt-Tiny,s1,17,-0.19663973200945473
ConvNeXt-Tiny,s1,18,-0.16179232542543143
ConvNeXt-Tiny,s1,19,-0.15525865410267947
ConvNeXt-Tiny,s1,20,-0.19491709273968438
ConvNeXt-Tiny,s1,21,-0.18397922609721407
ConvNeXt-Tiny,s1,22,-0.19030985924796162
ConvNeXt-Tiny,s1,23,-0.1781623264919754
ConvNeXt-Tiny,s1,24,-0.1781305078139207
ConvNeXt-Tiny,s1,25,-0.2009856339380467
ConvNeXt-Tiny,s1,26,-0.17025191276489826
ConvNeXt-Tiny,s1,27,-0.17794038255776146
ConvNeXt-Tiny,s1,28,-0.18800078305951584
ConvNeXt-Tiny,s1,29,-0.19266611458828065
ConvNeXt-Tiny,s1,30,-0.20392609867733613
ConvNeXt-Tiny,s1,31,-0.17947334857497932
ConvNeXt-Tiny,s1,32,-0.21742845481719597
ConvNeXt-Tiny,s1,33,-0.15726446045912468
ConvNeXt-Tiny,s1,34,-0.18220066265235513
ConvNeXt-Tiny,s1,35,-0.1920399442658408
ConvNeXt-Tiny,s1,36,-0.18976007127175787
ConvNeXt-Tiny,s1,37,-0.1855664083138321
ConvNeXt-Tiny,s1,38,-0.1826018237487348
ConvNeXt-Tiny,s1,39,-0.1950327143106826
ConvNeXt-Tiny,s1,40,-0.1814229191945681
ConvNeXt-Tiny,s1,41,-0.18669553420211693
ConvNeXt-Tiny,s1,42,-0.17945494137460283
ConvNeXt-Tiny,s1,43,-0.20160723545581316
ConvNeXt-Tiny,s1,44,-0.18736816286758373
ConvNeXt-Tiny,s1,45,-0.17921753520187655
ConvNeXt-Tiny,s1,46,-0.18522268490786142
ConvNeXt-Tiny,s1,47,-0.1967107755892855
ConvNeXt-Tiny,s1,48,-0.19045370656998506
ConvNeXt-Tiny,s1,49,-0.20324484073137872
ConvNeXt-Tiny,s1,50,-0.19673499316696053
ConvNeXt-Tiny,s1,51,-0.185642020105248
ConvNeXt-Tiny,s1,52,-0.20487659485843135
ConvNeXt-Tiny,s1,53,-0.17452239985375506
ConvNeXt-Tiny,s1,54,-0.22480193004168003
ConvNeXt-Tiny,s1,55,-0.1650030857550504
ConvNeXt-Tiny,s1,56,-0.18113857582724013
ConvNeXt-Tiny,s1,57,-0.1891352289014704
ConvNeXt-Tiny,s1,58,-0.18626534695199615
ConvNeXt-Tiny,s1,59,-0.20005237963946776
ConvNeXt-Tiny,s1,60,-0.18279109236904167
ConvNeXt-Tiny,s1,61,-0.19808623236120781
ConvNeXt-Tiny,s1,62,-0.18897583644477112
ConvNeXt-Tiny,s1,63,-0.19753448687758934
ConvNeXt-Tiny,s1,64,-0.17833188046115278
ConvNeXt-Tiny,s1,65,-0.1816195918431055
ConvNeXt-Tiny,s1,66,-0.18931230782225028
ConvNeXt-Tiny,s1,67,-0.1897324110346459
ConvNeXt-Tiny,s1,68,-0.1727120875797985
ConvNeXt-Tiny,s1,69,-0.17961076820959954
ConvNeXt-Tiny,s1,70,-0.1912668438802586
ConvNeXt-Tiny,s1,71,-0.1890193828534411
ConvNeXt-Tiny,s1,72,-0.17640718067755978
ConvNeXt-Tiny,s1,73,-0.17904967231714608
ConvNeXt-Tiny,s1,74,-0.18176263885888388
ConvNeXt-Tiny,s1,75,-0.18668809230623706
ConvNeXt-Tiny,s1,76,-0.19179027974251184
ConvNeXt-Tiny,s1,77,-0.1670723816594566
ConvNeXt-Tiny,s1,78,-0.2062938220172491
ConvNeXt-Tiny,s1,79,-0.2004836996001469
ConvNeXt-Tiny,s1,80,-0.19799729308968783
ConvNeXt-Tiny,s1,81,-0.18847380239311007
ConvNeXt-Tiny,s1,82,-0.1806469693433712
ConvNeXt-Tiny,s1,83,-0.18822423123320475
ConvNeXt-Tiny,s1,84,-0.18580061038406948
ConvNeXt-Tiny,s1,85,-0.21192411044297343
ConvNeXt-Tiny,s1,86,-0.1828286831574195
ConvNeXt-Tiny,s1,87,-0.19638117455965487
ConvNeXt-Tiny,s1,88,-0.17629466210061884
ConvNeXt-Tiny,s1,89,-0.21461290041887093
ConvNeXt-Tiny,s1,90,-0.1871797012473444
ConvNeXt-Tiny,s1,91,-0.170587365710695
ConvNeXt-Tiny,s1,92,-0.19219199434144418
ConvNeXt-Tiny,s1,93,-0.1990315550349162
ConvNeXt-Tiny,s1,94,-0.18856248777917395
ConvNeXt-Tiny,s1,95,-0.19235444451295236
ConvNeXt-Tiny,s1,96,-0.17351800804654904
ConvNeXt-Tiny,s1,97,-0.19806595788315318
ConvNeXt-Tiny,s1,98,-0.1917603059398103
ConvNeXt-Tiny,s1,99,-0.1877926352962982
ConvNeXt-Tiny,s1,100,-0.19881359354696704
ConvNeXt-Tiny,s1,101,-0.1986235530914623
ConvNeXt-Tiny,s1,102,-0.17946193907976182
ConvNeXt-Tiny,s1,103,-0.2108433805144585
ConvNeXt-Tiny,s1,104,-0.18769633208675307
ConvNeXt-Tiny,s1,105,-0.1899009807194526
ConvNeXt-Tiny,s1,106,-0.17537072755162342
ConvNeXt-Tiny,s1,107,-0.1732447746937117
ConvNeXt-Tiny,s1,108,-0.17623545568931642
ConvNeXt-Tiny,s1,109,-0.19091894884788974
ConvNeXt-Tiny,s1,110,-0.19560808617850378
ConvNeXt-Tiny,s1,111,-0.19093692929344042
ConvNeXt-Tiny,s1,112,-0.194835278053882
ConvNeXt-Tiny,s1,113,-0.1949825452108187
ConvNeXt-Tiny,s1,114,-0.20335248779380255
ConvNeXt-Tiny,s1,115,-0.1661315772473977
ConvNeXt-Tiny,s1,116,-0.1900705280270627
ConvNeXt-Tiny,s1,117,-0.18468140348998718
ConvNeXt-Tiny,s1,118,-0.189709940008169
ConvNeXt-Tiny,s1,119,-0.1648623998440364
ConvNeXt-Tiny,s1,120,-0.19202444450723677
ConvNeXt-Tiny,s1,121,-0.1768080646319239
ConvNeXt-Tiny,s1,122,-0.21645144241033365
ConvNeXt-Tiny,s1,123,-0.19885149976867778
ConvNeXt-Tiny,s1,124,-0.19986029315698928
ConvNeXt-Tiny,s1,125,-0.173059910450857
ConvNeXt-Tiny,s1,126,-0.19777435866866988
ConvNeXt-Tiny,s1,127,-0.15077479445293407
ConvNeXt-Tiny,s1,128,-0.1718406751557916
ConvNeXt-Tiny,s1,129,-0.20688625210754275
ConvNeXt-Tiny,s1,130,-0.19205795255145897
ConvNeXt-Tiny,s1,131,-0.18209833398229525
ConvNeXt-Tiny,s1,132,-0.18044271879610774
ConvNeXt-Tiny,s1,133,-0.1980684728545128
ConvNeXt-Tiny,s1,134,-0.20205777188575502
ConvNeXt-Tiny,s1,135,-0.1922283997403902
ConvNeXt-Tiny,s1,136,-0.20804824097729624
ConvNeXt-Tiny,s1,137,-0.1935723983476123
ConvNeXt-Tiny,s1,138,-0.1880759783859579
ConvNeXt-Tiny,s1,139,-0.19414694184288583
ConvNeXt-Tiny,s1,140,-0.19268481128060455
ConvNeXt-Tiny,s1,141,-0.19579738501729194
ConvNeXt-Tiny,s1,142,-0.19392687612667936
ConvNeXt-Tiny,s1,143,-0.17481085313185107
ConvNeXt-Tiny,s1,144,-0.1837900023540736
ConvNeXt-Tiny,s1,145,-0.19164674429804396
ConvNeXt-Tiny,s1,146,-0.20640909443274147
ConvNeXt-Tiny,s1,147,-0.17255155831225644
ConvNeXt-Tiny,s1,148,-0.19949057957396044
ConvNeXt-Tiny,s1,149,-0.17228564620152564
ConvNeXt-Tiny,s1,150,-0.1835718092404095
ConvNeXt-Tiny,s1,151,-0.17473797218481812
ConvNeXt-Tiny,s1,152,-0.1790779817694066
ConvNeXt-Tiny,s1,153,-0.18026922663374545
ConvNeXt-Tiny,s1,154,-0.2130123797631921
ConvNeXt-Tiny,s1,155,-0.18392245770536697
ConvNeXt-Tiny,s1,156,-0.18688715526934263
ConvNeXt-Tiny,s1,157,-0.19074357665600306
ConvNeXt-Tiny,s1,158,-0.18903474955457966
ConvNeXt-Tiny,s1,159,-0.19574133917886083
ConvNeXt-Tiny,s1,160,-0.19279894881773674
ConvNeXt-Tiny,s1,161,-0.20850090171249824
ConvNeXt-Tiny,s1,162,-0.19974986965849084
ConvNeXt-Tiny,s1,163,-0.1821266030556895
ConvNeXt-Tiny,s1,164,-0.20038897663147037
ConvNeXt-Tiny,s1,165,-0.1894871678769091
ConvNeXt-Tiny,s1,166,-0.19393472716748816
ConvNeXt-Tiny,s1,167,-0.18190983784879577
ConvNeXt-Tiny,s1,168,-0.18515078003934016
ConvNeXt-Tiny,s1,169,-0.19837792729501147
ConvNeXt-Tiny,s1,170,-0.1914260932899179
ConvNeXt-Tiny,s1,171,-0.18292291280803286
ConvNeXt-Tiny,s1,172,-0.17539007022821917
ConvNeXt-Tiny,s1,173,-0.18545694680004232
ConvNeXt-Tiny,s1,174,-0.18612890960281137
ConvNeXt-Tiny,s1,175,-0.18368944867617354
ConvNeXt-Tiny,s1,176,-0.19172172698200174
ConvNeXt-Tiny,s1,177,-0.20971517997627287
ConvNeXt-Tiny,s1,178,-0.20101045375657978
ConvNeXt-Tiny,s1,179,-0.19762113559091254
ConvNeXt-Tiny,s1,180,-0.18377138959360473
ConvNeXt-Tiny,s1,181,-0.17579720474753457
ConvNeXt-Tiny,s1,182,-0.20074696203897935
ConvNeXt-Tiny,s1,183,-0.18857703720460972
ConvNeXt-Tiny,s1,184,-0.19927078494883754
ConvNeXt-Tiny,s1,185,-0.18765447496835053
ConvNeXt-Tiny,s1,186,-0.1807050526705969
ConvNeXt-Tiny,s1,187,-0.17608745414655746
ConvNeXt-Tiny,s1,188,-0.17362878579929142
ConvNeXt-Tiny,s1,189,-0.17977742796152063
ConvNeXt-Tiny,s1,190,-0.20838891371249724
ConvNeXt-Tiny,s1,191,-0.1878802447061052
ConvNeXt-Tiny,s1,192,-0.20035403552265796
ConvNeXt-Tiny,s1,193,-0.18823583181052062
ConvNeXt-Tiny,s1,194,-0.20359956010335611
ConvNeXt-Tiny,s1,195,-0.16586695601422208
ConvNeXt-Tiny,s1,196,-0.20173966963967382
ConvNeXt-Tiny,s1,197,-0.17515057884409146
ConvNeXt-Tiny,s1,198,-0.15159497791971133
ConvNeXt-Tiny,s1,199,-0.19143093771314745
ConvNeXt-Tiny,s1,200,-0.20935439631637354
ConvNeXt-Tiny,s1,201,-0.18691851037354723
ConvNeXt-Tiny,s1,202,-0.17746808889563492
ConvNeXt-Tiny,s1,203,-0.1746558086264134
ConvNeXt-Tiny,s1,204,-0.18714083609193255
ConvNeXt-Tiny,s1,205,-0.19758360030309552
ConvNeXt-Tiny,s1,206,-0.1831155335088419
ConvNeXt-Tiny,s1,207,-0.19827336354183422
ConvNeXt-Tiny,s1,208,-0.19418844730604357
ConvNeXt-Tiny,s1,209,-0.1934213805815278
ConvNeXt-Tiny,s1,210,-0.18203783617991898
ConvNeXt-Tiny,s1,211,-0.17868205780174007
ConvNeXt-Tiny,s1,212,-0.19194443604596245
ConvNeXt-Tiny,s1,213,-0.2107511607291046
ConvNeXt-Tiny,s1,214,-0.19067221089034492
ConvNeXt-Tiny,s1,215,-0.20302295542841953
ConvNeXt-Tiny,s1,216,-0.168139677523371
ConvNeXt-Tiny,s1,217,-0.18081621594088026
ConvNeXt-Tiny,s1,218,-0.1773286558822782
ConvNeXt-Tiny,s1,219,-0.19508461014619483
ConvNeXt-Tiny,s1,220,-0.21000739565334192
ConvNeXt-Tiny,s1,221,-0.19366767404598728
ConvNeXt-Tiny,s1,222,-0.18478149956221834
ConvNeXt-Tiny,s1,223,-0.1851925949405916
ConvNeXt-Tiny,s1,224,-0.1963834874564978
ConvNeXt-Tiny,s1,225,-0.19745560839289644
ConvNeXt-Tiny,s1,226,-0.1864939106559751
ConvNeXt-Tiny,s1,227,-0.2050262921790852
ConvNeXt-Tiny,s1,228,-0.17779149960707608
ConvNeXt-Tiny,s1,229,-0.18621537485779305
ConvNeXt-Tiny,s1,230,-0.17754443349134796
ConvNeXt-Tiny,s1,231,-0.18257849186249964
ConvNeXt-Tiny,s1,232,-0.1666570660208203
ConvNeXt-Tiny,s1,233,-0.16844484939600057
ConvNeXt-Tiny,s1,234,-0.20044099547318017
ConvNeXt-Tiny,s1,235,-0.1908775422552027
ConvNeXt-Tiny,s1,236,-0.18768881290262185
ConvNeXt-Tiny,s1,237,-0.1822755862276586
ConvNeXt-Tiny,s1,238,-0.1933161221179941
ConvNeXt-Tiny,s1,239,-0.18111782251655295
ConvNeXt-Tiny,s1,240,-0.1689616657107742
ConvNeXt-Tiny,s1,241,-0.1768818608345123
ConvNeXt-Tiny,s1,242,-0.18811528787081178
ConvNeXt-Tiny,s1,243,-0.18128721728118646
ConvNeXt-Tiny,s1,244,-0.20915907717717985
ConvNeXt-Tiny,s1,245,-0.19010414526740393
ConvNeXt-Tiny,s1,246,-0.18572497269751187
ConvNeXt-Tiny,s1,247,-0.1843641917272214
ConvNeXt-Tiny,s1,248,-0.19186201104627765
ConvNeXt-Tiny,s1,249,-0.18368369129256712
ConvNeXt-Tiny,s1,250,-0.20596658862935557
ConvNeXt-Tiny,s1,251,-0.18286467025839748
ConvNeXt-Tiny,s1,252,-0.18792942732803464
ConvNeXt-Tiny,s1,253,-0.1782851291584977
ConvNeXt-Tiny,s1,254,-0.20332961770788816
ConvNeXt-Tiny,s1,255,-0.19860355833065602
ConvNeXt-Tiny,s1,256,-0.20205258486353328
ConvNeXt-Tiny,s1,257,-0.18802421290338966
ConvNeXt-Tiny,s1,258,-0.15665944432725787
ConvNeXt-Tiny,s1,259,-0.17324584201314197
ConvNeXt-Tiny,s1,260,-0.17461230293855656
ConvNeXt-Tiny,s1,261,-0.17243924587158943
ConvNeXt-Tiny,s1,262,-0.19371041606091877
ConvNeXt-Tiny,s1,263,-0.22327533577927994
ConvNeXt-Tiny,s1,264,-0.18854792370587226
ConvNeXt-Tiny,s1,265,-0.1869707474889869
ConvNeXt-Tiny,s1,266,-0.19125874109795893
ConvNeXt-Tiny,s1,267,-0.1828289460365038
ConvNeXt-Tiny,s1,268,-0.17927825933835584
ConvNeXt-Tiny,s1,269,-0.19492430248848247
ConvNeXt-Tiny,s1,270,-0.20309626001550418
ConvNeXt-Tiny,s1,271,-0.17965760643591544
ConvNeXt-Tiny,s1,272,-0.1950885258604831
ConvNeXt-Tiny,s1,273,-0.19632676205341115
ConvNeXt-Tiny,s1,274,-0.20310052948209756
ConvNeXt-Tiny,s1,275,-0.19064871152284768
ConvNeXt-Tiny,s1,276,-0.1949382211751438
ConvNeXt-Tiny,s1,277,-0.1815419249509972
ConvNeXt-Tiny,s1,278,-0.19006001357997993
ConvNeXt-Tiny,s1,279,-0.1881292914451146
ConvNeXt-Tiny,s1,280,-0.2015948039499703
ConvNeXt-Tiny,s1,281,-0.216193973697682
ConvNeXt-Tiny,s1,282,-0.1699544212877827
ConvNeXt-Tiny,s1,283,-0.21571370132672785
ConvNeXt-Tiny,s1,284,-0.19662268658413418
ConvNeXt-Tiny,s1,285,-0.20603252107440884
ConvNeXt-Tiny,s1,286,-0.17932315187908987
ConvNeXt-Tiny,s1,287,-0.188898265761287
ConvNeXt-Tiny,s1,288,-0.1776051716921786
ConvNeXt-Tiny,s1,289,-0.19054157041066988
ConvNeXt-Tiny,s1,290,-0.17278901420075587
ConvNeXt-Tiny,s1,291,-0.19267084965825199
ConvNeXt-Tiny,s1,292,-0.18656652265838625
ConvNeXt-Tiny,s1,293,-0.16949847978141985
ConvNeXt-Tiny,s1,294,-0.20917072157300132
ConvNeXt-Tiny,s1,295,-0.1967762860003719
ConvNeXt-Tiny,s1,296,-0.1924528566494189
ConvNeXt-Tiny,s1,297,-0.2074622186841304
ConvNeXt-Tiny,s1,298,-0.18931069107707632
ConvNeXt-Tiny,s1,299,-0.17231822062556335
ConvNeXt-Tiny,s1,300,-0.197223225984704
ConvNeXt-Tiny,s1,301,-0.2065944491419729
ConvNeXt-Tiny,s1,302,-0.1942041055850795
ConvNeXt-Tiny,s1,303,-0.17604123691685225
ConvNeXt-Tiny,s1,304,-0.20194152823973566
ConvNeXt-Tiny,s1,305,-0.21025251260883504
ConvNeXt-Tiny,s1,306,-0.18672883917960537
ConvNeXt-Tiny,s1,307,-0.16924556238209287
ConvNeXt-Tiny,s1,308,-0.15909119856147624
ConvNeXt-Tiny,s1,309,-0.1894652986282893
ConvNeXt-Tiny,s1,310,-0.1858088144920419
ConvNeXt-Tiny,s1,311,-0.19217701342094795
ConvNeXt-Tiny,s1,312,-0.20146605324743327
ConvNeXt-Tiny,s1,313,-0.18709050508668124
ConvNeXt-Tiny,s1,314,-0.20824140105056899
ConvNeXt-Tiny,s1,315,-0.20512753637236514
ConvNeXt-Tiny,s1,316,-0.1883188586963468
ConvNeXt-Tiny,s1,317,-0.1806900509329633
ConvNeXt-Tiny,s1,318,-0.19094218340138025
ConvNeXt-Tiny,s1,319,-0.1814488849315542
ConvNeXt-Tiny,s1,320,-0.18748899983925527
ConvNeXt-Tiny,s1,321,-0.18035290868951304
ConvNeXt-Tiny,s1,322,-0.1851477977459175
ConvNeXt-Tiny,s1,323,-0.20012399078161858
ConvNeXt-Tiny,s1,324,-0.19230696139993897
ConvNeXt-Tiny,s1,325,-0.20455593515564652
ConvNeXt-Tiny,s1,326,-0.17737441443003243
ConvNeXt-Tiny,s1,327,-0.18475249457714826
ConvNeXt-Tiny,s1,328,-0.2149151921180189
ConvNeXt-Tiny,s1,329,-0.20663537322667147
ConvNeXt-Tiny,s1,330,-0.19885411095378258
ConvNeXt-Tiny,s1,331,-0.1689146075284389
ConvNeXt-Tiny,s1,332,-0.18406713606526393
ConvNeXt-Tiny,s1,333,-0.18689148766741603
ConvNeXt-Tiny,s1,334,-0.20079504509279045
ConvNeXt-Tiny,s1,335,-0.1911613791585467
ConvNeXt-Tiny,s1,336,-0.2006295612861565
ConvNeXt-Tiny,s1,337,-0.2019376157746987
ConvNeXt-Tiny,s1,338,-0.19253476608169562
ConvNeXt-Tiny,s1,339,-0.16984056016226867
ConvNeXt-Tiny,s1,340,-0.18401320818699096
ConvNeXt-Tiny,s1,341,-0.2055594461761585
ConvNeXt-Tiny,s1,342,-0.1851736355396305
ConvNeXt-Tiny,s1,343,-0.19492426517135475
ConvNeXt-Tiny,s1,344,-0.1985494120435527
ConvNeXt-Tiny,s1,345,-0.19456610496190452
ConvNeXt-Tiny,s1,346,-0.191576282646176
ConvNeXt-Tiny,s1,347,-0.1940082162193616
ConvNeXt-Tiny,s1,348,-0.17782093580798108
ConvNeXt-Tiny,s1,349,-0.18105553151932785
ConvNeXt-Tiny,s1,350,-0.17478405155576004
ConvNeXt-Tiny,s1,351,-0.18975786416473917
ConvNeXt-Tiny,s1,352,-0.19048962869273145
ConvNeXt-Tiny,s1,353,-0.18415830195008542
ConvNeXt-Tiny,s1,354,-0.17717438459443358
ConvNeXt-Tiny,s1,355,-0.18092337946301562
ConvNeXt-Tiny,s1,356,-0.17875940363221932
ConvNeXt-Tiny,s1,357,-0.195906621663417
ConvNeXt-Tiny,s1,358,-0.17154729108508915
ConvNeXt-Tiny,s1,359,-0.18627651710117477
ConvNeXt-Tiny,s1,360,-0.18630574564351354
ConvNeXt-Tiny,s1,361,-0.203402404043302
ConvNeXt-Tiny,s1,362,-0.18723162366819746
ConvNeXt-Tiny,s1,363,-0.2020047182673681
ConvNeXt-Tiny,s1,364,-0.1842756444244632
ConvNeXt-Tiny,s1,365,-0.19547288313012756
ConvNeXt-Tiny,s1,366,-0.1806240215607482
ConvNeXt-Tiny,s1,367,-0.18391960374532967
ConvNeXt-Tiny,s1,368,-0.1968993321067306
ConvNeXt-Tiny,s1,369,-0.18551154785711277
ConvNeXt-Tiny,s1,370,-0.1895855919091759
ConvNeXt-Tiny,s1,371,-0.17950485016986217
ConvNeXt-Tiny,s1,372,-0.19547870526143085
ConvNeXt-Tiny,s1,373,-0.20110329532541404
ConvNeXt-Tiny,s1,374,-0.1717228760597168
ConvNeXt-Tiny,s1,375,-0.17824362451005116
ConvNeXt-Tiny,s1,376,-0.18652844202351748
ConvNeXt-Tiny,s1,377,-0.1864650999550369
ConvNeXt-Tiny,s1,378,-0.19804083849549137
ConvNeXt-Tiny,s1,379,-0.17632226355038094
ConvNeXt-Tiny,s1,380,-0.19173303870547231
ConvNeXt-Tiny,s1,381,-0.2155322173259937
ConvNeXt-Tiny,s1,382,-0.1761224373103124
ConvNeXt-Tiny,s1,383,-0.15185490512275157
ConvNeXt-Tiny,s1,384,-0.20063755623237878
ConvNeXt-Tiny,s1,385,-0.19600202077988393
ConvNeXt-Tiny,s1,386,-0.18373267645872282
ConvNeXt-Tiny,s1,387,-0.18461849075816095
ConvNeXt-Tiny,s1,388,-0.17048705498423866
ConvNeXt-Tiny,s1,389,-0.17259567184873936
ConvNeXt-Tiny,s1,390,-0.19156564766409467
ConvNeXt-Tiny,s1,391,-0.2023594762945542
ConvNeXt-Tiny,s1,392,-0.18670820236323005
ConvNeXt-Tiny,s1,393,-0.17907316905561754
ConvNeXt-Tiny,s1,394,-0.19527727014284912
ConvNeXt-Tiny,s1,395,-0.19485328784363598
ConvNeXt-Tiny,s1,396,-0.19518399756218163
ConvNeXt-Tiny,s1,397,-0.18415443138140342
ConvNeXt-Tiny,s1,398,-0.19262937659519164
ConvNeXt-Tiny,s1,399,-0.1809100828225375
ConvNeXt-Tiny,s1,400,-0.1807018962848852
ConvNeXt-Tiny,s1,401,-0.19897932776040184
ConvNeXt-Tiny,s1,402,-0.2067787171999621
ConvNeXt-Tiny,s1,403,-0.19550392013221485
ConvNeXt-Tiny,s1,404,-0.19718809409806848
ConvNeXt-Tiny,s1,405,-0.20719547284533046
ConvNeXt-Tiny,s1,406,-0.1850329176378186
ConvNeXt-Tiny,s1,407,-0.19814179671033494
ConvNeXt-Tiny,s1,408,-0.20002249597686805
ConvNeXt-Tiny,s1,409,-0.1578610532566045
ConvNeXt-Tiny,s1,410,-0.1765756385785795
ConvNeXt-Tiny,s1,411,-0.19539558720559114
ConvNeXt-Tiny,s1,412,-0.16662407596727702
ConvNeXt-Tiny,s1,413,-0.18609164351044027
ConvNeXt-Tiny,s1,414,-0.20182272259547573
ConvNeXt-Tiny,s1,415,-0.18930345747600208
ConvNeXt-Tiny,s1,416,-0.18370885840767404
ConvNeXt-Tiny,s1,417,-0.18714616105050985
ConvNeXt-Tiny,s1,418,-0.20612087743146212
ConvNeXt-Tiny,s1,419,-0.17823727589899774
ConvNeXt-Tiny,s1,420,-0.17556908035931507
ConvNeXt-Tiny,s1,421,-0.20475244549681404
ConvNeXt-Tiny,s1,422,-0.18635494809911135
ConvNeXt-Tiny,s1,423,-0.1837114202754594
ConvNeXt-Tiny,s1,424,-0.172444007231228
ConvNeXt-Tiny,s1,425,-0.1856733034976602
ConvNeXt-Tiny,s1,426,-0.17918951759655244
ConvNeXt-Tiny,s1,427,-0.18160378287131718
ConvNeXt-Tiny,s1,428,-0.18948621557734158
ConvNeXt-Tiny,s1,429,-0.193090738448213
ConvNeXt-Tiny,s1,430,-0.19152110594405314
ConvNeXt-Tiny,s1,431,-0.1699575232686702
ConvNeXt-Tiny,s1,432,-0.19328593510683378
ConvNeXt-Tiny,s1,433,-0.18311428776441274
ConvNeXt-Tiny,s1,434,-0.19010043202925386
ConvNeXt-Tiny,s1,435,-0.1772074860877827
ConvNeXt-Tiny,s1,436,-0.1889598632754862
ConvNeXt-Tiny,s1,437,-0.1875223437974366
ConvNeXt-Tiny,s1,438,-0.19006547981601185
ConvNeXt-Tiny,s1,439,-0.21143586038080742
ConvNeXt-Tiny,s1,440,-0.17675311831749818
ConvNeXt-Tiny,s1,441,-0.18410409764435487
ConvNeXt-Tiny,s1,442,-0.19309162128204616
ConvNeXt-Tiny,s1,443,-0.1805146090956874
ConvNeXt-Tiny,s1,444,-0.19709894598920308
ConvNeXt-Tiny,s1,445,-0.18032408380585085
ConvNeXt-Tiny,s1,446,-0.20144863609614572
ConvNeXt-Tiny,s1,447,-0.18668025905484065
ConvNeXt-Tiny,s1,448,-0.18996162496706448
ConvNeXt-Tiny,s1,449,-0.1830667857295457
ConvNeXt-Tiny,s1,450,-0.213373173948892
ConvNeXt-Tiny,s1,451,-0.19170289916466532
ConvNeXt-Tiny,s1,452,-0.1766725060624289
ConvNeXt-Tiny,s1,453,-0.2097657908378433
ConvNeXt-Tiny,s1,454,-0.1811690200113878
ConvNeXt-Tiny,s1,455,-0.19751647507788972
ConvNeXt-Tiny,s1,456,-0.20084478374512194
ConvNeXt-Tiny,s1,457,-0.19256372630339413
ConvNeXt-Tiny,s1,458,-0.19911388976348932
ConvNeXt-Tiny,s1,459,-0.19373072393750101
ConvNeXt-Tiny,s1,460,-0.17633487607322018
ConvNeXt-Tiny,s1,461,-0.20717307032002674
ConvNeXt-Tiny,s1,462,-0.17021034119404743
ConvNeXt-Tiny,s1,463,-0.19261911404841137
ConvNeXt-Tiny,s1,464,-0.2063624789776447
ConvNeXt-Tiny,s1,465,-0.1820662559962406
ConvNeXt-Tiny,s1,466,-0.1765465107841937
ConvNeXt-Tiny,s1,467,-0.19884976075095795
ConvNeXt-Tiny,s1,468,-0.19929828886992762
ConvNeXt-Tiny,s1,469,-0.18487269002261275
ConvNeXt-Tiny,s1,470,-0.1892293394436445
ConvNeXt-Tiny,s1,471,-0.18819656518297645
ConvNeXt-Tiny,s1,472,-0.19632246488051985
ConvNeXt-Tiny,s1,473,-0.18341756885359406
ConvNeXt-Tiny,s1,474,-0.17639770434110713
ConvNeXt-Tiny,s1,475,-0.178808334128289
ConvNeXt-Tiny,s1,476,-0.17765428932641525
ConvNeXt-Tiny,s1,477,-0.1821305008100389
ConvNeXt-Tiny,s1,478,-0.19265952870412928
ConvNeXt-Tiny,s1,479,-0.18655020153829305
ConvNeXt-Tiny,s1,480,-0.18323892114058538
ConvNeXt-Tiny,s1,481,-0.17980125843715378
ConvNeXt-Tiny,s1,482,-0.1879260582507345
ConvNeXt-Tiny,s1,483,-0.18802717338807795
ConvNeXt-Tiny,s1,484,-0.18548857139140584
ConvNeXt-Tiny,s1,485,-0.20229089116398646
ConvNeXt-Tiny,s1,486,-0.19089549171208597
ConvNeXt-Tiny,s1,487,-0.1697525037645672
ConvNeXt-Tiny,s1,488,-0.1963090307899008
ConvNeXt-Tiny,s1,489,-0.21908694285396535
ConvNeXt-Tiny,s1,490,-0.19458795892603875
ConvNeXt-Tiny,s1,491,-0.19805685311296684
ConvNeXt-Tiny,s1,492,-0.1849638073723563
ConvNeXt-Tiny,s1,493,-0.20021338926267584
ConvNeXt-Tiny,s1,494,-0.1972090707132771
ConvNeXt-Tiny,s1,495,-0.19758272161644153
ConvNeXt-Tiny,s1,496,-0.19488032993507975
ConvNeXt-Tiny,s1,497,-0.1719830432310916
ConvNeXt-Tiny,s1,498,-0.169147926191605
ConvNeXt-Tiny,s1,499,-0.22210697245591715
ConvNeXt-Tiny,s1,500,-0.19962531170057674
ConvNeXt-Tiny,s1,501,-0.18466547647444698
ConvNeXt-Tiny,s1,502,-0.19595579764590343
ConvNeXt-Tiny,s1,503,-0.17476751088720355
ConvNeXt-Tiny,s1,504,-0.17991766471639714
ConvNeXt-Tiny,s1,505,-0.18835195262043103
ConvNeXt-Tiny,s1,506,-0.18946889275289092
ConvNeXt-Tiny,s1,507,-0.17924306957724423
ConvNeXt-Tiny,s1,508,-0.16806340569410383
ConvNeXt-Tiny,s1,509,-0.1986543653050531
ConvNeXt-Tiny,s1,510,-0.19912348872854424
ConvNeXt-Tiny,s1,511,-0.17605030543146838
ConvNeXt-Tiny,s1,512,-0.19689302623116034
ConvNeXt-Tiny,s1,513,-0.20075593324147667
ConvNeXt-Tiny,s1,514,-0.17862061723693
ConvNeXt-Tiny,s1,515,-0.21641086912749175
ConvNeXt-Tiny,s1,516,-0.1924393849273064
ConvNeXt-Tiny,s1,517,-0.20843731109821884
ConvNeXt-Tiny,s1,518,-0.19565607950867192
ConvNeXt-Tiny,s1,519,-0.19842262847141068
ConvNeXt-Tiny,s1,520,-0.2011229046665718
ConvNeXt-Tiny,s1,521,-0.19163006239113778
ConvNeXt-Tiny,s1,522,-0.19317495647691962
ConvNeXt-Tiny,s1,523,-0.2002963796088525
ConvNeXt-Tiny,s1,524,-0.1682777065085107
ConvNeXt-Tiny,s1,525,-0.1984066018448899
ConvNeXt-Tiny,s1,526,-0.20134254016041186
ConvNeXt-Tiny,s1,527,-0.16787024141046825
ConvNeXt-Tiny,s1,528,-0.17257341140927474
ConvNeXt-Tiny,s1,529,-0.19433650133221625
ConvNeXt-Tiny,s1,530,-0.2120367761544616
ConvNeXt-Tiny,s1,531,-0.19529935392470044
ConvNeXt-Tiny,s1,532,-0.20327710627000894
ConvNeXt-Tiny,s1,533,-0.18113389608060926
ConvNeXt-Tiny,s1,534,-0.18588945497786113
ConvNeXt-Tiny,s1,535,-0.19394044612099948
ConvNeXt-Tiny,s1,536,-0.17807799574307526
ConvNeXt-Tiny,s1,537,-0.1768279364773403
ConvNeXt-Tiny,s1,538,-0.18916409151196412
ConvNeXt-Tiny,s1,539,-0.1831159178067161
ConvNeXt-Tiny,s1,540,-0.1891127321464836
ConvNeXt-Tiny,s1,541,-0.21418020072249544
ConvNeXt-Tiny,s1,542,-0.17948197153442425
ConvNeXt-Tiny,s1,543,-0.19871952312633612
ConvNeXt-Tiny,s1,544,-0.18298165703379543
ConvNeXt-Tiny,s1,545,-0.19191239081384603
ConvNeXt-Tiny,s1,546,-0.18405818675027252
ConvNeXt-Tiny,s1,547,-0.19967061762537108
ConvNeXt-Tiny,s1,548,-0.19174401443362155
ConvNeXt-Tiny,s1,549,-0.18242127217903858
ConvNeXt-Tiny,s1,550,-0.1862247323520232
ConvNeXt-Tiny,s1,551,-0.19916233511087855
ConvNeXt-Tiny,s1,552,-0.19025144771078528
ConvNeXt-Tiny,s1,553,-0.18646992297109288
ConvNeXt-Tiny,s1,554,-0.20238883667340712
ConvNeXt-Tiny,s1,555,-0.20326881395143392
ConvNeXt-Tiny,s1,556,-0.2006550285974138
ConvNeXt-Tiny,s1,557,-0.19703931864350488
ConvNeXt-Tiny,s1,558,-0.18204465140410664
ConvNeXt-Tiny,s1,559,-0.18511585519735652
ConvNeXt-Tiny,s1,560,-0.21677364873349803
ConvNeXt-Tiny,s1,561,-0.18035410477959668
ConvNeXt-Tiny,s1,562,-0.19268241329031688
ConvNeXt-Tiny,s1,563,-0.20071756742719282
ConvNeXt-Tiny,s1,564,-0.2076612659418614
ConvNeXt-Tiny,s1,565,-0.21672450167835866
ConvNeXt-Tiny,s1,566,-0.2070754537790891
ConvNeXt-Tiny,s1,567,-0.1814264738604997
ConvNeXt-Tiny,s1,568,-0.2056908423507381
ConvNeXt-Tiny,s1,569,-0.17664489187747778
ConvNeXt-Tiny,s1,570,-0.19758711402838347
ConvNeXt-Tiny,s1,571,-0.18034808270885083
ConvNeXt-Tiny,s1,572,-0.19788967769802923
ConvNeXt-Tiny,s1,573,-0.18556345685416198
ConvNeXt-Tiny,s1,574,-0.19578115784116767
ConvNeXt-Tiny,s1,575,-0.18343921353469428
ConvNeXt-Tiny,s1,576,-0.19204292843962467
ConvNeXt-Tiny,s1,577,-0.18447673007361054
ConvNeXt-Tiny,s1,578,-0.18404746212841339
ConvNeXt-Tiny,s1,579,-0.18130323352192956
ConvNeXt-Tiny,s1,580,-0.19918733211384798
ConvNeXt-Tiny,s1,581,-0.17436488657918026
ConvNeXt-Tiny,s1,582,-0.20427741900718888
ConvNeXt-Tiny,s1,583,-0.1843052879013264
ConvNeXt-Tiny,s1,584,-0.1959060232776253
ConvNeXt-Tiny,s1,585,-0.17613766764122274
ConvNeXt-Tiny,s1,586,-0.1850030235963196
ConvNeXt-Tiny,s1,587,-0.18734021715626337
ConvNeXt-Tiny,s1,588,-0.1833585052586849
ConvNeXt-Tiny,s1,589,-0.2023902959627526
ConvNeXt-Tiny,s1,590,-0.20814220400316197
ConvNeXt-Tiny,s1,591,-0.17985427159496048
ConvNeXt-Tiny,s1,592,-0.16907914393863976
ConvNeXt-Tiny,s1,593,-0.1898943919441649
ConvNeXt-Tiny,s1,594,-0.1798318636740247
ConvNeXt-Tiny,s1,595,-0.2126868377561828
ConvNeXt-Tiny,s1,596,-0.1753427903586473
ConvNeXt-Tiny,s1,597,-0.18347666923580064
ConvNeXt-Tiny,s1,598,-0.1761085609190366
ConvNeXt-Tiny,s1,599,-0.18546270002183685
ConvNeXt-Tiny,s1,600,-0.16981062037364403
ConvNeXt-Tiny,s1,601,-0.18385510324834542
ConvNeXt-Tiny,s1,602,-0.1848649417518311
ConvNeXt-Tiny,s1,603,-0.19738891262311176
ConvNeXt-Tiny,s1,604,-0.20640485750097648
ConvNeXt-Tiny,s1,605,-0.15902971048057735
ConvNeXt-Tiny,s1,606,-0.1732134424243199
ConvNeXt-Tiny,s1,607,-0.1753902268482631
ConvNeXt-Tiny,s1,608,-0.1894378606643874
ConvNeXt-Tiny,s1,609,-0.20688311402037296
ConvNeXt-Tiny,s1,610,-0.17727032266580178
ConvNeXt-Tiny,s1,611,-0.2187488966839738
ConvNeXt-Tiny,s1,612,-0.1833953602735341
ConvNeXt-Tiny,s1,613,-0.18267980679475004
ConvNeXt-Tiny,s1,614,-0.1752051882521105
ConvNeXt-Tiny,s1,615,-0.16850853744808192
ConvNeXt-Tiny,s1,616,-0.1897139100116576
ConvNeXt-Tiny,s1,617,-0.1894118024759306
ConvNeXt-Tiny,s1,618,-0.1910952487634957
ConvNeXt-Tiny,s1,619,-0.17205625593818608
ConvNeXt-Tiny,s1,620,-0.18623843488350666
ConvNeXt-Tiny,s1,621,-0.19421373335610692
ConvNeXt-Tiny,s1,622,-0.20638533424061567
ConvNeXt-Tiny,s1,623,-0.1825642184012941
ConvNeXt-Tiny,s1,624,-0.19916726924820738
ConvNeXt-Tiny,s1,625,-0.18338218674847773
ConvNeXt-Tiny,s1,626,-0.17272627558430365
ConvNeXt-Tiny,s1,627,-0.18739980505179732
ConvNeXt-Tiny,s1,628,-0.18651403575033876
ConvNeXt-Tiny,s1,629,-0.1847268575782849
ConvNeXt-Tiny,s1,630,-0.1910165215539228
ConvNeXt-Tiny,s1,631,-0.20543562726769737
ConvNeXt-Tiny,s1,632,-0.19439698266806327
ConvNeXt-Tiny,s1,633,-0.18964866840034955
ConvNeXt-Tiny,s1,634,-0.19508188853913055
ConvNeXt-Tiny,s1,635,-0.18834348590302685
ConvNeXt-Tiny,s1,636,-0.19684336048460416
ConvNeXt-Tiny,s1,637,-0.1785960828462203
ConvNeXt-Tiny,s1,638,-0.2022344032366259
ConvNeXt-Tiny,s1,639,-0.19273316774721416
ConvNeXt-Tiny,s1,640,-0.2117168872949573
ConvNeXt-Tiny,s1,641,-0.18564867974798027
ConvNeXt-Tiny,s1,642,-0.16651525409837376
ConvNeXt-Tiny,s1,643,-0.20128481154767153
ConvNeXt-Tiny,s1,644,-0.18813121066956207
ConvNeXt-Tiny,s1,645,-0.17044683955310513
ConvNeXt-Tiny,s1,646,-0.19561042396139916
ConvNeXt-Tiny,s1,647,-0.18284479424996058
ConvNeXt-Tiny,s1,648,-0.16636808208774867
ConvNeXt-Tiny,s1,649,-0.18804477109401097
ConvNeXt-Tiny,s1,650,-0.15319744142383251
ConvNeXt-Tiny,s1,651,-0.17179102666118695
ConvNeXt-Tiny,s1,652,-0.19156810829151427
ConvNeXt-Tiny,s1,653,-0.1870525549072366
ConvNeXt-Tiny,s1,654,-0.18200674690306706
ConvNeXt-Tiny,s1,655,-0.18891864925522506
ConvNeXt-Tiny,s1,656,-0.20640994331610873
ConvNeXt-Tiny,s1,657,-0.2073691591280663
ConvNeXt-Tiny,s1,658,-0.17263163599859355
ConvNeXt-Tiny,s1,659,-0.193248324965686
ConvNeXt-Tiny,s1,660,-0.190942899082845
ConvNeXt-Tiny,s1,661,-0.18012841409433267
ConvNeXt-Tiny,s1,662,-0.16724476671056598
ConvNeXt-Tiny,s1,663,-0.17901708027912644
ConvNeXt-Tiny,s1,664,-0.1755867861696161
ConvNeXt-Tiny,s1,665,-0.19458149390702928
ConvNeXt-Tiny,s1,666,-0.17920827176783893
ConvNeXt-Tiny,s1,667,-0.17728900377298218
ConvNeXt-Tiny,s1,668,-0.1709079544248997
ConvNeXt-Tiny,s1,669,-0.19124891942062194
ConvNeXt-Tiny,s1,670,-0.17851815755101053
ConvNeXt-Tiny,s1,671,-0.19796726461423586
ConvNeXt-Tiny,s1,672,-0.20060931643818725
ConvNeXt-Tiny,s1,673,-0.21701573727728496
ConvNeXt-Tiny,s1,674,-0.18465426452798228
ConvNeXt-Tiny,s1,675,-0.1963404068043514
ConvNeXt-Tiny,s1,676,-0.1834864906886795
ConvNeXt-Tiny,s1,677,-0.19007125904431565
ConvNeXt-Tiny,s1,678,-0.1695331181386297
ConvNeXt-Tiny,s1,679,-0.18191828715541403
ConvNeXt-Tiny,s1,680,-0.17895103044306637
ConvNeXt-Tiny,s1,681,-0.19960011092487273
ConvNeXt-Tiny,s1,682,-0.19338460589019713
ConvNeXt-Tiny,s1,683,-0.18821762104783057
ConvNeXt-Tiny,s1,684,-0.16189764699008324
ConvNeXt-Tiny,s1,685,-0.19439976907865808
ConvNeXt-Tiny,s1,686,-0.19503008048635162
ConvNeXt-Tiny,s1,687,-0.1959184998471475
ConvNeXt-Tiny,s1,688,-0.1933855172047354
ConvNeXt-Tiny,s1,689,-0.18870393299711308
ConvNeXt-Tiny,s1,690,-0.1943584474791089
ConvNeXt-Tiny,s1,691,-0.1940059511733797
ConvNeXt-Tiny,s1,692,-0.18194906413429435
ConvNeXt-Tiny,s1,693,-0.18419810266783454
ConvNeXt-Tiny,s1,694,-0.21708446106409918
ConvNeXt-Tiny,s1,695,-0.21300190841636313
ConvNeXt-Tiny,s1,696,-0.20193118312003255
ConvNeXt-Tiny,s1,697,-0.1942152598408461
ConvNeXt-Tiny,s1,698,-0.1972643172087959
ConvNeXt-Tiny,s1,699,-0.19261443845983994
ConvNeXt-Tiny,s1,700,-0.1926428189583964
ConvNeXt-Tiny,s1,701,-0.2079147356968557
ConvNeXt-Tiny,s1,702,-0.19743080577521233
ConvNeXt-Tiny,s1,703,-0.20554499457244935
ConvNeXt-Tiny,s1,704,-0.1752022546930312
ConvNeXt-Tiny,s1,705,-0.19356678750256728
ConvNeXt-Tiny,s1,706,-0.18657649446216407
ConvNeXt-Tiny,s1,707,-0.17462198747591073
ConvNeXt-Tiny,s1,708,-0.17955038604322948
ConvNeXt-Tiny,s1,709,-0.20636644088554967
ConvNeXt-Tiny,s1,710,-0.17848872269346483
ConvNeXt-Tiny,s1,711,-0.18538269883658764
ConvNeXt-Tiny,s1,712,-0.17356504476099222
ConvNeXt-Tiny,s1,713,-0.18313335426737898
ConvNeXt-Tiny,s1,714,-0.19870673368957947
ConvNeXt-Tiny,s1,715,-0.16554388853145297
ConvNeXt-Tiny,s1,716,-0.18160596169114296
ConvNeXt-Tiny,s1,717,-0.18629757965929605
ConvNeXt-Tiny,s1,718,-0.20559607807660651
ConvNeXt-Tiny,s1,719,-0.1919177439013583
ConvNeXt-Tiny,s1,720,-0.17745784660506836
ConvNeXt-Tiny,s1,721,-0.1905411870242163
ConvNeXt-Tiny,s1,722,-0.2123271152183016
ConvNeXt-Tiny,s1,723,-0.1895662011474345
ConvNeXt-Tiny,s1,724,-0.17808635794952798
ConvNeXt-Tiny,s1,725,-0.18894416923629265
ConvNeXt-Tiny,s1,726,-0.18394894126874206
ConvNeXt-Tiny,s1,727,-0.1979074688474286
ConvNeXt-Tiny,s1,728,-0.18394915577051796
ConvNeXt-Tiny,s1,729,-0.18541219121205943
ConvNeXt-Tiny,s1,730,-0.17500843546767342
ConvNeXt-Tiny,s1,731,-0.2118722242631459
ConvNeXt-Tiny,s1,732,-0.180146989840977
ConvNeXt-Tiny,s1,733,-0.18600390788372467
ConvNeXt-Tiny,s1,734,-0.18977859981776957
ConvNeXt-Tiny,s1,735,-0.17730735414077825
ConvNeXt-Tiny,s1,736,-0.18907802270128693
ConvNeXt-Tiny,s1,737,-0.19105177614882485
ConvNeXt-Tiny,s1,738,-0.212437736018668
ConvNeXt-Tiny,s1,739,-0.19230424560778547
ConvNeXt-Tiny,s1,740,-0.1840705105939342
ConvNeXt-Tiny,s1,741,-0.1986570589336102
ConvNeXt-Tiny,s1,742,-0.19783547450589956
ConvNeXt-Tiny,s1,743,-0.1868620823971595
ConvNeXt-Tiny,s1,744,-0.18807521913391956
ConvNeXt-Tiny,s1,745,-0.22545362511881128
ConvNeXt-Tiny,s1,746,-0.20048930794745667
ConvNeXt-Tiny,s1,747,-0.18865114681910122
ConvNeXt-Tiny,s1,748,-0.2069310580129894
ConvNeXt-Tiny,s1,749,-0.18938216328414026
ConvNeXt-Tiny,s1,750,-0.17739827742951852
ConvNeXt-Tiny,s1,751,-0.18267374928610025
ConvNeXt-Tiny,s1,752,-0.18541670635268137
ConvNeXt-Tiny,s1,753,-0.20142280374393562
ConvNeXt-Tiny,s1,754,-0.16715361540634266
ConvNeXt-Tiny,s1,755,-0.17379186694520166
ConvNeXt-Tiny,s1,756,-0.1910820873524699
ConvNeXt-Tiny,s1,757,-0.17760411393212916
ConvNeXt-Tiny,s1,758,-0.18727524494365344
ConvNeXt-Tiny,s1,759,-0.20352448606457396
ConvNeXt-Tiny,s1,760,-0.1799707060159741
ConvNeXt-Tiny,s1,761,-0.18422320355081123
ConvNeXt-Tiny,s1,762,-0.19733894665895968
ConvNeXt-Tiny,s1,763,-0.1935349372601627
ConvNeXt-Tiny,s1,764,-0.1839148188413714
ConvNeXt-Tiny,s1,765,-0.1975808012176482
ConvNeXt-Tiny,s1,766,-0.1822556436319318
ConvNeXt-Tiny,s1,767,-0.18829516849345895
ConvNeXt-Tiny,s1,768,-0.18257618507145046
ConvNeXt-Tiny,s1,769,-0.18342348170787603
ConvNeXt-Tiny,s1,770,-0.18625640610210326
ConvNeXt-Tiny,s1,771,-0.17407305343956336
ConvNeXt-Tiny,s1,772,-0.18543210740059857
ConvNeXt-Tiny,s1,773,-0.19779407574249808
ConvNeXt-Tiny,s1,774,-0.1911647821037401
ConvNeXt-Tiny,s1,775,-0.1936725241005296
ConvNeXt-Tiny,s1,776,-0.19381797570151527
ConvNeXt-Tiny,s1,777,-0.21086604297741907
ConvNeXt-Tiny,s1,778,-0.17246275523629861
ConvNeXt-Tiny,s1,779,-0.2057924309743917
ConvNeXt-Tiny,s1,780,-0.2109535295041124
ConvNeXt-Tiny,s1,781,-0.17754071881799427
ConvNeXt-Tiny,s1,782,-0.2024951868102911
ConvNeXt-Tiny,s1,783,-0.20908329789942348
ConvNeXt-Tiny,s1,784,-0.18092534969600083
ConvNeXt-Tiny,s1,785,-0.19969030847137903
ConvNeXt-Tiny,s1,786,-0.14919283191518662
ConvNeXt-Tiny,s1,787,-0.20815282899128362
ConvNeXt-Tiny,s1,788,-0.17933777842444631
ConvNeXt-Tiny,s1,789,-0.17771537604434084
ConvNeXt-Tiny,s1,790,-0.19350214216294703
ConvNeXt-Tiny,s1,791,-0.19495949654236544
ConvNeXt-Tiny,s1,792,-0.18569473152277294
ConvNeXt-Tiny,s1,793,-0.20199146256968836
ConvNeXt-Tiny,s1,794,-0.1848103900285336
ConvNeXt-Tiny,s1,795,-0.18651853601319357
ConvNeXt-Tiny,s1,796,-0.18967512623921357
ConvNeXt-Tiny,s1,797,-0.1947981727956528
ConvNeXt-Tiny,s1,798,-0.18160648292455694
ConvNeXt-Tiny,s1,799,-0.19343847925501
ConvNeXt-Tiny,s1,800,-0.19391002887348008
ConvNeXt-Tiny,s1,801,-0.19574347944723192
ConvNeXt-Tiny,s1,802,-0.2025281787250517
ConvNeXt-Tiny,s1,803,-0.20148801233109792
ConvNeXt-Tiny,s1,804,-0.1891401847269749
ConvNeXt-Tiny,s1,805,-0.18986376761540824
ConvNeXt-Tiny,s1,806,-0.1916027374188719
ConvNeXt-Tiny,s1,807,-0.21480941212398974
ConvNeXt-Tiny,s1,808,-0.15634208031444152
ConvNeXt-Tiny,s1,809,-0.18009158246699009
ConvNeXt-Tiny,s1,810,-0.20465521121838404
ConvNeXt-Tiny,s1,811,-0.18548356277903866
ConvNeXt-Tiny,s1,812,-0.17106498278561322
ConvNeXt-Tiny,s1,813,-0.2048451969114784
ConvNeXt-Tiny,s1,814,-0.18514864350365023
ConvNeXt-Tiny,s1,815,-0.18679072518713202
ConvNeXt-Tiny,s1,816,-0.1927115865495258
ConvNeXt-Tiny,s1,817,-0.18713899431447467
ConvNeXt-Tiny,s1,818,-0.18546698484168322
ConvNeXt-Tiny,s1,819,-0.2038802674522623
ConvNeXt-Tiny,s1,820,-0.17533482478158358
ConvNeXt-Tiny,s1,821,-0.18907768264954317
ConvNeXt-Tiny,s1,822,-0.20429733545836848
ConvNeXt-Tiny,s1,823,-0.17840401853363985
ConvNeXt-Tiny,s1,824,-0.17826976990018417
ConvNeXt-Tiny,s1,825,-0.18231761343244135
ConvNeXt-Tiny,s1,826,-0.17493183177740912
ConvNeXt-Tiny,s1,827,-0.20995889987494243
ConvNeXt-Tiny,s1,828,-0.19006937367386645
ConvNeXt-Tiny,s1,829,-0.18756347772936743
ConvNeXt-Tiny,s1,830,-0.1861166126960826
ConvNeXt-Tiny,s1,831,-0.21093969193129358
ConvNeXt-Tiny,s1,832,-0.2099711447362521
ConvNeXt-Tiny,s1,833,-0.19607891139404254
ConvNeXt-Tiny,s1,834,-0.18865754284644853
ConvNeXt-Tiny,s1,835,-0.18820148151620208
ConvNeXt-Tiny,s1,836,-0.1961586096938569
ConvNeXt-Tiny,s1,837,-0.19108024566226833
ConvNeXt-Tiny,s1,838,-0.18623783974898722
ConvNeXt-Tiny,s1,839,-0.17050845727717956
ConvNeXt-Tiny,s1,840,-0.19650367864720908
ConvNeXt-Tiny,s1,841,-0.19411909649052517
ConvNeXt-Tiny,s1,842,-0.17592208035744017
ConvNeXt-Tiny,s1,843,-0.1946593954017447
ConvNeXt-Tiny,s1,844,-0.19354611069490324
ConvNeXt-Tiny,s1,845,-0.1824286603943911
ConvNeXt-Tiny,s1,846,-0.1906182859886194
ConvNeXt-Tiny,s1,847,-0.18005655945427113
ConvNeXt-Tiny,s1,848,-0.1842685823964474
ConvNeXt-Tiny,s1,849,-0.1974192341710861
ConvNeXt-Tiny,s1,850,-0.19348043807879511
ConvNeXt-Tiny,s1,851,-0.20283600871736185
ConvNeXt-Tiny,s1,852,-0.1885598689385607
ConvNeXt-Tiny,s1,853,-0.17330212228058306
ConvNeXt-Tiny,s1,854,-0.1957634579820824
ConvNeXt-Tiny,s1,855,-0.1891293388928943
ConvNeXt-Tiny,s1,856,-0.18057298132024746
ConvNeXt-Tiny,s1,857,-0.19156206126791553
ConvNeXt-Tiny,s1,858,-0.19189133041771966
ConvNeXt-Tiny,s1,859,-0.19309640865385125
ConvNeXt-Tiny,s1,860,-0.1993607609045709
ConvNeXt-Tiny,s1,861,-0.16310042796699353
ConvNeXt-Tiny,s1,862,-0.19997378871409788
ConvNeXt-Tiny,s1,863,-0.1837729477990636
ConvNeXt-Tiny,s1,864,-0.19897566296981073
ConvNeXt-Tiny,s1,865,-0.22943141079195906
ConvNeXt-Tiny,s1,866,-0.1766796783461575
ConvNeXt-Tiny,s1,867,-0.19580287580173272
ConvNeXt-Tiny,s1,868,-0.1970227914513265
ConvNeXt-Tiny,s1,869,-0.19779016745226496
ConvNeXt-Tiny,s1,870,-0.17556954561303673
ConvNeXt-Tiny,s1,871,-0.19023088985743808
ConvNeXt-Tiny,s1,872,-0.19819503801434324
ConvNeXt-Tiny,s1,873,-0.18558815180709742
ConvNeXt-Tiny,s1,874,-0.19584140724964594
ConvNeXt-Tiny,s1,875,-0.17796909607322842
ConvNeXt-Tiny,s1,876,-0.206908544177962
ConvNeXt-Tiny,s1,877,-0.2010565030810212
ConvNeXt-Tiny,s1,878,-0.17749723981324017
ConvNeXt-Tiny,s1,879,-0.1959577000583297
ConvNeXt-Tiny,s1,880,-0.19292153084282448
ConvNeXt-Tiny,s1,881,-0.20007063811693648
ConvNeXt-Tiny,s1,882,-0.21359203396730142
ConvNeXt-Tiny,s1,883,-0.209961064299778
ConvNeXt-Tiny,s1,884,-0.1893240112057607
ConvNeXt-Tiny,s1,885,-0.18490792355549757
ConvNeXt-Tiny,s1,886,-0.19714557632246
ConvNeXt-Tiny,s1,887,-0.19966128850902554
ConvNeXt-Tiny,s1,888,-0.1834775822031529
ConvNeXt-Tiny,s1,889,-0.16968101106464906
ConvNeXt-Tiny,s1,890,-0.20994568358909704
ConvNeXt-Tiny,s1,891,-0.19195647121941184
ConvNeXt-Tiny,s1,892,-0.21416086631371234
ConvNeXt-Tiny,s1,893,-0.1851167748575765
ConvNeXt-Tiny,s1,894,-0.2091507098568567
ConvNeXt-Tiny,s1,895,-0.19151398585286694
ConvNeXt-Tiny,s1,896,-0.17878100140826303
ConvNeXt-Tiny,s1,897,-0.20557919774674782
ConvNeXt-Tiny,s1,898,-0.1693262581329935
ConvNeXt-Tiny,s1,899,-0.1938133992674539
ConvNeXt-Tiny,s1,900,-0.19101499646734865
ConvNeXt-Tiny,s1,901,-0.18443248546352753
ConvNeXt-Tiny,s1,902,-0.17885005939267629
ConvNeXt-Tiny,s1,903,-0.18912324318567786
ConvNeXt-Tiny,s1,904,-0.1762024521198169
ConvNeXt-Tiny,s1,905,-0.19841787856098025
ConvNeXt-Tiny,s1,906,-0.19904472741606127
ConvNeXt-Tiny,s1,907,-0.20992275697692597
ConvNeXt-Tiny,s1,908,-0.18953668866408924
ConvNeXt-Tiny,s1,909,-0.1986981336681134
ConvNeXt-Tiny,s1,910,-0.18858581329133528
ConvNeXt-Tiny,s1,911,-0.19499246433757156
ConvNeXt-Tiny,s1,912,-0.17894828856591372
ConvNeXt-Tiny,s1,913,-0.1725300831340204
ConvNeXt-Tiny,s1,914,-0.1836206554504115
ConvNeXt-Tiny,s1,915,-0.18476768448505032
ConvNeXt-Tiny,s1,916,-0.1874863212868496
ConvNeXt-Tiny,s1,917,-0.18068778202074964
ConvNeXt-Tiny,s1,918,-0.20418717688107235
ConvNeXt-Tiny,s1,919,-0.19481087358202298
ConvNeXt-Tiny,s1,920,-0.20572785574177677
ConvNeXt-Tiny,s1,921,-0.19076389944198646
ConvNeXt-Tiny,s1,922,-0.18019378399313302
ConvNeXt-Tiny,s1,923,-0.19136181842701028
ConvNeXt-Tiny,s1,924,-0.2084561768354084
ConvNeXt-Tiny,s1,925,-0.18281442614317622
ConvNeXt-Tiny,s1,926,-0.17293743356876468
ConvNeXt-Tiny,s1,927,-0.19537276356872724
ConvNeXt-Tiny,s1,928,-0.18657893145387383
ConvNeXt-Tiny,s1,929,-0.20546426455929723
ConvNeXt-Tiny,s1,930,-0.19225747842571395
ConvNeXt-Tiny,s1,931,-0.17713464516374655
ConvNeXt-Tiny,s1,932,-0.1886259002055125
ConvNeXt-Tiny,s1,933,-0.18704340033268552
ConvNeXt-Tiny,s1,934,-0.21191224368577788
ConvNeXt-Tiny,s1,935,-0.1762390681103927
ConvNeXt-Tiny,s1,936,-0.17919014041286063
ConvNeXt-Tiny,s1,937,-0.20038516043937105
ConvNeXt-Tiny,s1,938,-0.17487869071884043
ConvNeXt-Tiny,s1,939,-0.20204001650100956
ConvNeXt-Tiny,s1,940,-0.20159932773960265
ConvNeXt-Tiny,s1,941,-0.17949016789509387
ConvNeXt-Tiny,s1,942,-0.18158169683921954
ConvNeXt-Tiny,s1,943,-0.19663867170767313
ConvNeXt-Tiny,s1,944,-0.17093406816145762
ConvNeXt-Tiny,s1,945,-0.17484562873028964
ConvNeXt-Tiny,s1,946,-0.17293986043584209
ConvNeXt-Tiny,s1,947,-0.21014063173058173
ConvNeXt-Tiny,s1,948,-0.19168353357437606
ConvNeXt-Tiny,s1,949,-0.18359614175480055
ConvNeXt-Tiny,s1,950,-0.1919904778673176
ConvNeXt-Tiny,s1,951,-0.19369682155113543
ConvNeXt-Tiny,s1,952,-0.18818712349405187
ConvNeXt-Tiny,s1,953,-0.1867363930229361
ConvNeXt-Tiny,s1,954,-0.1738456330836189
ConvNeXt-Tiny,s1,955,-0.21176465565091218
ConvNeXt-Tiny,s1,956,-0.21676180185381344
ConvNeXt-Tiny,s1,957,-0.18485430573884676
ConvNeXt-Tiny,s1,958,-0.196945925987426
ConvNeXt-Tiny,s1,959,-0.19257177192397368
ConvNeXt-Tiny,s1,960,-0.18685849645648422
ConvNeXt-Tiny,s1,961,-0.20181232412130246
ConvNeXt-Tiny,s1,962,-0.20044528743368906
ConvNeXt-Tiny,s1,963,-0.18991547034985368
ConvNeXt-Tiny,s1,964,-0.19300969696424464
ConvNeXt-Tiny,s1,965,-0.19624146334052428
ConvNeXt-Tiny,s1,966,-0.16545354491186992
ConvNeXt-Tiny,s1,967,-0.21738207458770886
ConvNeXt-Tiny,s1,968,-0.17707764445436858
ConvNeXt-Tiny,s1,969,-0.19798820819148866
ConvNeXt-Tiny,s1,970,-0.18337676949880555
ConvNeXt-Tiny,s1,971,-0.18152271481397064
ConvNeXt-Tiny,s1,972,-0.1879112975740428
ConvNeXt-Tiny,s1,973,-0.22208091372854333
ConvNeXt-Tiny,s1,974,-0.18168897668047124
ConvNeXt-Tiny,s1,975,-0.1698689548621639
ConvNeXt-Tiny,s1,976,-0.2000278924122365
ConvNeXt-Tiny,s1,977,-0.19203557793269288
ConvNeXt-Tiny,s1,978,-0.18274759892045245
ConvNeXt-Tiny,s1,979,-0.15596617288660597
ConvNeXt-Tiny,s1,980,-0.19754361825520772
ConvNeXt-Tiny,s1,981,-0.18804366698922947
ConvNeXt-Tiny,s1,982,-0.2069301846034548
ConvNeXt-Tiny,s1,983,-0.20091600372312024
ConvNeXt-Tiny,s1,984,-0.18902574619729484
ConvNeXt-Tiny,s1,985,-0.2027858585044804
ConvNeXt-Tiny,s1,986,-0.21670281339222786
ConvNeXt-Tiny,s1,987,-0.18179108974356195
ConvNeXt-Tiny,s1,988,-0.1951751406390434
ConvNeXt-Tiny,s1,989,-0.2091848259381488
ConvNeXt-Tiny,s1,990,-0.17360393907313176
ConvNeXt-Tiny,s1,991,-0.18654026037830707
ConvNeXt-Tiny,s1,992,-0.18644892422343895
ConvNeXt-Tiny,s1,993,-0.18159023635228522
ConvNeXt-Tiny,s1,994,-0.18206779026784192
ConvNeXt-Tiny,s1,995,-0.185735365066089
ConvNeXt-Tiny,s1,996,-0.18686078988792554
ConvNeXt-Tiny,s1,997,-0.17994715728429322
ConvNeXt-Tiny,s1,998,-0.2025065059882698
ConvNeXt-Tiny,s1,999,-0.19174524128666603
ConvNeXt-Tiny,s2,0,-0.050453676795825575
ConvNeXt-Tiny,s2,1,-0.05689883667113116
ConvNeXt-Tiny,s2,2,-0.05890803138920275
ConvNeXt-Tiny,s2,3,-0.06328903184687273
ConvNeXt-Tiny,s2,4,-0.04029727184020593
ConvNeXt-Tiny,s2,5,-0.10594374390731265
ConvNeXt-Tiny,s2,6,-0.1069398791663222
ConvNeXt-Tiny,s2,7,-0.09870425241796765
ConvNeXt-Tiny,s2,8,-0.09180487908045665
ConvNeXt-Tiny,s2,9,-0.11335419126250135
ConvNeXt-Tiny,s2,10,-0.04460302278797357
ConvNeXt-Tiny,s2,11,-0.06250519271368038
ConvNeXt-Tiny,s2,12,-0.11463726118711504
ConvNeXt-Tiny,s2,13,-0.059611901342903506
ConvNeXt-Tiny,s2,14,-0.12663035708621795
ConvNeXt-Tiny,s2,15,-0.04054010719351575
ConvNeXt-Tiny,s2,16,-0.048662456461017745
ConvNeXt-Tiny,s2,17,-0.04543092843776875
ConvNeXt-Tiny,s2,18,-0.09313389153114882
ConvNeXt-Tiny,s2,19,-0.06862358818399539
ConvNeXt-Tiny,s2,20,-0.06800974041886754
ConvNeXt-Tiny,s2,21,-0.03465574511263203
ConvNeXt-Tiny,s2,22,-0.11444110151494369
ConvNeXt-Tiny,s2,23,-0.14506756507278273
ConvNeXt-Tiny,s2,24,-0.04908871049411023
ConvNeXt-Tiny,s2,25,-0.0539769382155717
ConvNeXt-Tiny,s2,26,-0.058365358950030144
ConvNeXt-Tiny,s2,27,-0.09502819386092565
ConvNeXt-Tiny,s2,28,-0.07787938204965017
ConvNeXt-Tiny,s2,29,-0.12750081758735876
ConvNeXt-Tiny,s2,30,-0.05528918834768004
ConvNeXt-Tiny,s2,31,-0.10059756612714699
ConvNeXt-Tiny,s2,32,-0.0741021770898076
ConvNeXt-Tiny,s2,33,-0.0509259136303708
ConvNeXt-Tiny,s2,34,-0.08238017298041944
ConvNeXt-Tiny,s2,35,-0.08696951336219194
ConvNeXt-Tiny,s2,36,-0.10838258131014777
ConvNeXt-Tiny,s2,37,-0.08753500111981882
ConvNeXt-Tiny,s2,38,-0.052433338754658165
ConvNeXt-Tiny,s2,39,-0.0034930405985045265
ConvNeXt-Tiny,s2,40,-0.08875351341593973
ConvNeXt-Tiny,s2,41,-0.07150569324109712
ConvNeXt-Tiny,s2,42,-0.07082711870069647
ConvNeXt-Tiny,s2,43,-0.07797350002445724
ConvNeXt-Tiny,s2,44,-0.08122041338430919
ConvNeXt-Tiny,s2,45,-0.07722539258814143
ConvNeXt-Tiny,s2,46,-0.11462791712181919
ConvNeXt-Tiny,s2,47,-0.10821907869661285
ConvNeXt-Tiny,s2,48,-0.07315070706743487
ConvNeXt-Tiny,s2,49,-0.046722268434340464
ConvNeXt-Tiny,s2,50,-0.07102249281896766
ConvNeXt-Tiny,s2,51,-0.07978695843976458
ConvNeXt-Tiny,s2,52,-0.05482970904432194
ConvNeXt-Tiny,s2,53,-0.06118710341335665
ConvNeXt-Tiny,s2,54,-0.08851344450678933
ConvNeXt-Tiny,s2,55,-0.1026136404473017
ConvNeXt-Tiny,s2,56,-0.08545941752108677
ConvNeXt-Tiny,s2,57,-0.09762530890231602
ConvNeXt-Tiny,s2,58,-0.09683520704122583
ConvNeXt-Tiny,s2,59,-0.09575029774727217
ConvNeXt-Tiny,s2,60,-0.0699287805636365
ConvNeXt-Tiny,s2,61,-0.06289000146998691
ConvNeXt-Tiny,s2,62,-0.08839149693295012
ConvNeXt-Tiny,s2,63,-0.06697771705818256
ConvNeXt-Tiny,s2,64,-0.08193135088429715
ConvNeXt-Tiny,s2,65,-0.08552239393389616
ConvNeXt-Tiny,s2,66,-0.06866351717764518
ConvNeXt-Tiny,s2,67,-0.06970068341702884
ConvNeXt-Tiny,s2,68,-0.07145738232452237
ConvNeXt-Tiny,s2,69,-0.06434582850834603
ConvNeXt-Tiny,s2,70,-0.08256574360208901
ConvNeXt-Tiny,s2,71,-0.07407419989160136
ConvNeXt-Tiny,s2,72,-0.03888079058007676
ConvNeXt-Tiny,s2,73,-0.08385176388352211
ConvNeXt-Tiny,s2,74,-0.08596882352330382
ConvNeXt-Tiny,s2,75,-0.08592837333443293
ConvNeXt-Tiny,s2,76,-0.024257764740009846
ConvNeXt-Tiny,s2,77,-0.0911008024991955
ConvNeXt-Tiny,s2,78,-0.09335874782396036
ConvNeXt-Tiny,s2,79,-0.04830981106729226
ConvNeXt-Tiny,s2,80,-0.11039713323352607
ConvNeXt-Tiny,s2,81,-0.1089260800950902
ConvNeXt-Tiny,s2,82,-0.05850575834403138
ConvNeXt-Tiny,s2,83,-0.11595044702111534
ConvNeXt-Tiny,s2,84,-0.09026104925444955
ConvNeXt-Tiny,s2,85,-0.047362118693831
ConvNeXt-Tiny,s2,86,-0.06050270096576171
ConvNeXt-Tiny,s2,87,-0.03266412027770871
ConvNeXt-Tiny,s2,88,-0.04024181346596711
ConvNeXt-Tiny,s2,89,-0.03774254314508496
ConvNeXt-Tiny,s2,90,-0.08303770896700702
ConvNeXt-Tiny,s2,91,-0.041438113370845464
ConvNeXt-Tiny,s2,92,-0.06645934564236755
ConvNeXt-Tiny,s2,93,-0.07367661988014895
ConvNeXt-Tiny,s2,94,-0.05033339419179872
ConvNeXt-Tiny,s2,95,-0.050707689785853494
ConvNeXt-Tiny,s2,96,-0.11384078251010743
ConvNeXt-Tiny,s2,97,-0.07230559489228461
ConvNeXt-Tiny,s2,98,-0.07704282931789519
ConvNeXt-Tiny,s2,99,-0.11420549667184765
ConvNeXt-Tiny,s2,100,-0.10095766895065139
ConvNeXt-Tiny,s2,101,-0.08058372234289679
ConvNeXt-Tiny,s2,102,-0.07519069858769922
ConvNeXt-Tiny,s2,103,-0.09057917096608348
ConvNeXt-Tiny,s2,104,-0.09843228617914723
ConvNeXt-Tiny,s2,105,-0.08868071960829538
ConvNeXt-Tiny,s2,106,-0.10021670433634366
ConvNeXt-Tiny,s2,107,-0.0704571620448724
ConvNeXt-Tiny,s2,108,-0.049172881468132035
ConvNeXt-Tiny,s2,109,-0.06538340057628833
ConvNeXt-Tiny,s2,110,-0.022896687704018315
ConvNeXt-Tiny,s2,111,-0.06549387625652081
ConvNeXt-Tiny,s2,112,-0.07749876784363985
ConvNeXt-Tiny,s2,113,-0.04027440565405971
ConvNeXt-Tiny,s2,114,-0.0750516554791002
ConvNeXt-Tiny,s2,115,-0.11254048961281415
ConvNeXt-Tiny,s2,116,-0.10837533805922273
ConvNeXt-Tiny,s2,117,-0.09204775956535316
ConvNeXt-Tiny,s2,118,-0.08404535670198254
ConvNeXt-Tiny,s2,119,-0.06296987878658589
ConvNeXt-Tiny,s2,120,-0.06134850558645455
ConvNeXt-Tiny,s2,121,-0.09475254428390967
ConvNeXt-Tiny,s2,122,-0.05413415161139823
ConvNeXt-Tiny,s2,123,-0.08489642942449149
ConvNeXt-Tiny,s2,124,-0.1034650149089491
ConvNeXt-Tiny,s2,125,-0.1187531450567999
ConvNeXt-Tiny,s2,126,-0.06665398568456049
ConvNeXt-Tiny,s2,127,-0.09894817325382399
ConvNeXt-Tiny,s2,128,-0.06158223327865353
ConvNeXt-Tiny,s2,129,-0.07881275637065599
ConvNeXt-Tiny,s2,130,-0.07396661726708598
ConvNeXt-Tiny,s2,131,-0.1004618499797183
ConvNeXt-Tiny,s2,132,-0.12071054105849521
ConvNeXt-Tiny,s2,133,-0.056293593875142545
ConvNeXt-Tiny,s2,134,-0.09508561975822805
ConvNeXt-Tiny,s2,135,-0.08499115992906647
ConvNeXt-Tiny,s2,136,-0.08790128787526663
ConvNeXt-Tiny,s2,137,-0.04958761886686691
ConvNeXt-Tiny,s2,138,-0.02702455463397513
ConvNeXt-Tiny,s2,139,-0.05859616150510494
ConvNeXt-Tiny,s2,140,-0.07053006507656412
ConvNeXt-Tiny,s2,141,-0.07226775195043833
ConvNeXt-Tiny,s2,142,-0.06581681968711472
ConvNeXt-Tiny,s2,143,-0.07758776260871991
ConvNeXt-Tiny,s2,144,-0.06800199036102694
ConvNeXt-Tiny,s2,145,-0.03320753375925589
ConvNeXt-Tiny,s2,146,-0.07302342222901848
ConvNeXt-Tiny,s2,147,-0.09363465087993894
ConvNeXt-Tiny,s2,148,-0.05784400757569008
ConvNeXt-Tiny,s2,149,-0.08943189478615166
ConvNeXt-Tiny,s2,150,-0.12095357055713318
ConvNeXt-Tiny,s2,151,-0.046551747974789004
ConvNeXt-Tiny,s2,152,-0.08481075563210783
ConvNeXt-Tiny,s2,153,-0.07615724239578658
ConvNeXt-Tiny,s2,154,-0.06646130907509118
ConvNeXt-Tiny,s2,155,-0.0762985285118789
ConvNeXt-Tiny,s2,156,-0.08779651128322596
ConvNeXt-Tiny,s2,157,-0.1002403007088335
ConvNeXt-Tiny,s2,158,-0.062423044713772136
ConvNeXt-Tiny,s2,159,-0.07775363684122627
ConvNeXt-Tiny,s2,160,-0.042609875535403186
ConvNeXt-Tiny,s2,161,-0.07431825374505285
ConvNeXt-Tiny,s2,162,-0.10368162747883702
ConvNeXt-Tiny,s2,163,-0.07632103423503245
ConvNeXt-Tiny,s2,164,-0.0674069687475034
ConvNeXt-Tiny,s2,165,-0.07783733546064808
ConvNeXt-Tiny,s2,166,-0.06950330973049679
ConvNeXt-Tiny,s2,167,-0.07680757471668354
ConvNeXt-Tiny,s2,168,-0.053502517944857275
ConvNeXt-Tiny,s2,169,-0.07459767374430726
ConvNeXt-Tiny,s2,170,-0.08131847841679807
ConvNeXt-Tiny,s2,171,-0.04301700533121233
ConvNeXt-Tiny,s2,172,-0.043432549661825304
ConvNeXt-Tiny,s2,173,-0.07648929421346895
ConvNeXt-Tiny,s2,174,-0.09895713732723976
ConvNeXt-Tiny,s2,175,-0.09174860068381308
ConvNeXt-Tiny,s2,176,-0.09951298199359715
ConvNeXt-Tiny,s2,177,-0.09754252822996667
ConvNeXt-Tiny,s2,178,-0.09330109946625009
ConvNeXt-Tiny,s2,179,-0.054349646705112
ConvNeXt-Tiny,s2,180,-0.06675969124320669
ConvNeXt-Tiny,s2,181,-0.051771011148141755
ConvNeXt-Tiny,s2,182,-0.07657494654578212
ConvNeXt-Tiny,s2,183,-0.055747422838121063
ConvNeXt-Tiny,s2,184,-0.08095493870136794
ConvNeXt-Tiny,s2,185,-0.12033653278225587
ConvNeXt-Tiny,s2,186,-0.05712721600489856
ConvNeXt-Tiny,s2,187,-0.0826537975662982
ConvNeXt-Tiny,s2,188,-0.06255765084305653
ConvNeXt-Tiny,s2,189,-0.08747458711218359
ConvNeXt-Tiny,s2,190,-0.08654630852534329
ConvNeXt-Tiny,s2,191,-0.06182151459733709
ConvNeXt-Tiny,s2,192,-0.084337492273725
ConvNeXt-Tiny,s2,193,-0.09909098494592172
ConvNeXt-Tiny,s2,194,-0.08373899200665724
ConvNeXt-Tiny,s2,195,-0.10302083335695045
ConvNeXt-Tiny,s2,196,-0.09207667375980488
ConvNeXt-Tiny,s2,197,-0.056016803339425714
ConvNeXt-Tiny,s2,198,-0.04326815314197563
ConvNeXt-Tiny,s2,199,-0.08306023088604375
ConvNeXt-Tiny,s2,200,-0.0350493591574399
ConvNeXt-Tiny,s2,201,-0.026031661797987438
ConvNeXt-Tiny,s2,202,-0.07592182272915804
ConvNeXt-Tiny,s2,203,-0.09816260161975499
ConvNeXt-Tiny,s2,204,-0.09466663161072175
ConvNeXt-Tiny,s2,205,-0.023351699839959772
ConvNeXt-Tiny,s2,206,-0.06710373114851131
ConvNeXt-Tiny,s2,207,-0.0924607300929674
ConvNeXt-Tiny,s2,208,-0.02688760007370139
ConvNeXt-Tiny,s2,209,-0.07752337748098648
ConvNeXt-Tiny,s2,210,-0.047905717599400655
ConvNeXt-Tiny,s2,211,-0.07570089506781086
ConvNeXt-Tiny,s2,212,-0.05152536303702182
ConvNeXt-Tiny,s2,213,-0.07553617984183925
ConvNeXt-Tiny,s2,214,-0.0668488159281464
ConvNeXt-Tiny,s2,215,-0.05434619380607253
ConvNeXt-Tiny,s2,216,-0.032688857246865766
ConvNeXt-Tiny,s2,217,-0.08115946195785384
ConvNeXt-Tiny,s2,218,-0.07833719175850107
ConvNeXt-Tiny,s2,219,-0.08955673341953718
ConvNeXt-Tiny,s2,220,-0.10396317604688554
ConvNeXt-Tiny,s2,221,-0.1255649094863499
ConvNeXt-Tiny,s2,222,-0.11256818166280058
ConvNeXt-Tiny,s2,223,-0.07430825893084159
ConvNeXt-Tiny,s2,224,-0.0699917382403461
ConvNeXt-Tiny,s2,225,-0.029693108994361728
ConvNeXt-Tiny,s2,226,-0.08284183963555802
ConvNeXt-Tiny,s2,227,-0.04166671075484851
ConvNeXt-Tiny,s2,228,-0.05587079767952219
ConvNeXt-Tiny,s2,229,-0.12067111714511647
ConvNeXt-Tiny,s2,230,-0.11996195666533094
ConvNeXt-Tiny,s2,231,-0.06912948175601796
ConvNeXt-Tiny,s2,232,-0.06722287157895523
ConvNeXt-Tiny,s2,233,-0.09201133610825774
ConvNeXt-Tiny,s2,234,-0.0953903438814423
ConvNeXt-Tiny,s2,235,-0.08861426335500644
ConvNeXt-Tiny,s2,236,-0.07654520704245393
ConvNeXt-Tiny,s2,237,-0.04866235408157582
ConvNeXt-Tiny,s2,238,-0.05111054851131791
ConvNeXt-Tiny,s2,239,-0.08467285818704662
ConvNeXt-Tiny,s2,240,-0.08594266314180055
ConvNeXt-Tiny,s2,241,-0.09145441314691394
ConvNeXt-Tiny,s2,242,-0.09093816086563478
ConvNeXt-Tiny,s2,243,-0.06624292548464972
ConvNeXt-Tiny,s2,244,-0.049698276600556146
ConvNeXt-Tiny,s2,245,-0.10649366557863649
ConvNeXt-Tiny,s2,246,-0.1097142404857383
ConvNeXt-Tiny,s2,247,-0.06794798033091043
ConvNeXt-Tiny,s2,248,-0.10150870786838395
ConvNeXt-Tiny,s2,249,-0.10688257917208632
ConvNeXt-Tiny,s2,250,-0.0957903937652902
ConvNeXt-Tiny,s2,251,-0.08316363709742924
ConvNeXt-Tiny,s2,252,-0.0989062160285129
ConvNeXt-Tiny,s2,253,-0.08499728813211882
ConvNeXt-Tiny,s2,254,-0.08329319568014504
ConvNeXt-Tiny,s2,255,-0.05657113776950473
ConvNeXt-Tiny,s2,256,-0.0925266269941607
ConvNeXt-Tiny,s2,257,-0.08808214871391384
ConvNeXt-Tiny,s2,258,-0.10247317860464644
ConvNeXt-Tiny,s2,259,-0.11820387192101578
ConvNeXt-Tiny,s2,260,-0.06487980594033627
ConvNeXt-Tiny,s2,261,-0.0885137577449131
ConvNeXt-Tiny,s2,262,-0.10198689297869046
ConvNeXt-Tiny,s2,263,-0.08556985741489742
ConvNeXt-Tiny,s2,264,-0.05105971817969168
ConvNeXt-Tiny,s2,265,-0.08279732256229311
ConvNeXt-Tiny,s2,266,-0.04526905174067797
ConvNeXt-Tiny,s2,267,-0.06673293225585541
ConvNeXt-Tiny,s2,268,-0.09484017738900485
ConvNeXt-Tiny,s2,269,-0.04258405790196418
ConvNeXt-Tiny,s2,270,-0.12351554281300159
ConvNeXt-Tiny,s2,271,-0.0982082893337265
ConvNeXt-Tiny,s2,272,-0.1381614223377342
ConvNeXt-Tiny,s2,273,-0.08254767326448953
ConvNeXt-Tiny,s2,274,-0.09134086092469595
ConvNeXt-Tiny,s2,275,-0.08356729928222328
ConvNeXt-Tiny,s2,276,-0.01744980375995009
ConvNeXt-Tiny,s2,277,-0.06986201348307153
ConvNeXt-Tiny,s2,278,-0.1053674121718704
ConvNeXt-Tiny,s2,279,-0.09903980590950168
ConvNeXt-Tiny,s2,280,-0.0478905757305208
ConvNeXt-Tiny,s2,281,-0.08029717345484488
ConvNeXt-Tiny,s2,282,-0.09232033311760879
ConvNeXt-Tiny,s2,283,-0.09623433422438632
ConvNeXt-Tiny,s2,284,-0.04363623187385568
ConvNeXt-Tiny,s2,285,-0.04370270588464442
ConvNeXt-Tiny,s2,286,-0.06598216644392108
ConvNeXt-Tiny,s2,287,-0.07046661936145493
ConvNeXt-Tiny,s2,288,-0.066625738170906
ConvNeXt-Tiny,s2,289,-0.09237761637187558
ConvNeXt-Tiny,s2,290,-0.08326961853624693
ConvNeXt-Tiny,s2,291,-0.08600294420795263
ConvNeXt-Tiny,s2,292,-0.09005933661981913
ConvNeXt-Tiny,s2,293,-0.0458558467964979
ConvNeXt-Tiny,s2,294,-0.041230490234225536
ConvNeXt-Tiny,s2,295,-0.08769442981424291
ConvNeXt-Tiny,s2,296,-0.022574024123483638
ConvNeXt-Tiny,s2,297,-0.07340791473754038
ConvNeXt-Tiny,s2,298,-0.06773585423724049
ConvNeXt-Tiny,s2,299,-0.0255843483918744
ConvNeXt-Tiny,s2,300,-0.06296929192806877
ConvNeXt-Tiny,s2,301,-0.05405202234549522
ConvNeXt-Tiny,s2,302,-0.10655844359322553
ConvNeXt-Tiny,s2,303,-0.04108447480001276
ConvNeXt-Tiny,s2,304,-0.06652627551003165
ConvNeXt-Tiny,s2,305,-0.06016885725740917
ConvNeXt-Tiny,s2,306,-0.04953857116550098
ConvNeXt-Tiny,s2,307,-0.07054573555582144
ConvNeXt-Tiny,s2,308,-0.10465866707554627
ConvNeXt-Tiny,s2,309,-0.03992026217484845
ConvNeXt-Tiny,s2,310,-0.09615006334720655
ConvNeXt-Tiny,s2,311,-0.054832048522791776
ConvNeXt-Tiny,s2,312,-0.0792300869664373
ConvNeXt-Tiny,s2,313,-0.075479328228786
ConvNeXt-Tiny,s2,314,-0.08349131055374148
ConvNeXt-Tiny,s2,315,-0.07241482424698475
ConvNeXt-Tiny,s2,316,-0.06937732449692058
ConvNeXt-Tiny,s2,317,-0.0920726756628043
ConvNeXt-Tiny,s2,318,-0.058803207388882894
ConvNeXt-Tiny,s2,319,-0.06610709567892337
ConvNeXt-Tiny,s2,320,-0.038199598437665405
ConvNeXt-Tiny,s2,321,-0.08209312588080642
ConvNeXt-Tiny,s2,322,-0.05687672788102904
ConvNeXt-Tiny,s2,323,-0.06508377219675077
ConvNeXt-Tiny,s2,324,-0.10132691483334055
ConvNeXt-Tiny,s2,325,-0.09551654329878534
ConvNeXt-Tiny,s2,326,-0.06812873975057765
ConvNeXt-Tiny,s2,327,-0.09536974231375295
ConvNeXt-Tiny,s2,328,-0.049122943994155066
ConvNeXt-Tiny,s2,329,-0.03099901661746174
ConvNeXt-Tiny,s2,330,-0.10232937137648301
ConvNeXt-Tiny,s2,331,-0.05354780352545041
ConvNeXt-Tiny,s2,332,-0.1095633078066357
ConvNeXt-Tiny,s2,333,-0.08076591494355712
ConvNeXt-Tiny,s2,334,-0.0770871826456061
ConvNeXt-Tiny,s2,335,-0.11814229959143563
ConvNeXt-Tiny,s2,336,-0.07591576065594052
ConvNeXt-Tiny,s2,337,-0.04886475433269977
ConvNeXt-Tiny,s2,338,-0.06341473394569097
ConvNeXt-Tiny,s2,339,-0.021585672361637886
ConvNeXt-Tiny,s2,340,-0.07587708409194815
ConvNeXt-Tiny,s2,341,-0.06694554343656689
ConvNeXt-Tiny,s2,342,-0.10042774229519413
ConvNeXt-Tiny,s2,343,-0.09340507110878082
ConvNeXt-Tiny,s2,344,-0.08808437776506328
ConvNeXt-Tiny,s2,345,-0.09911550485307397
ConvNeXt-Tiny,s2,346,-0.06679049762811562
ConvNeXt-Tiny,s2,347,-0.072755933343432
ConvNeXt-Tiny,s2,348,-0.05158788758913391
ConvNeXt-Tiny,s2,349,-0.10008122785130136
ConvNeXt-Tiny,s2,350,-0.05180044214359136
ConvNeXt-Tiny,s2,351,-0.12173939130530109
ConvNeXt-Tiny,s2,352,-0.08237971032571556
ConvNeXt-Tiny,s2,353,-0.10359345993117608
ConvNeXt-Tiny,s2,354,-0.04512624198285309
ConvNeXt-Tiny,s2,355,-0.10673639603848839
ConvNeXt-Tiny,s2,356,-0.05503598443038005
ConvNeXt-Tiny,s2,357,-0.12909694642904124
ConvNeXt-Tiny,s2,358,-0.08469859488408304
ConvNeXt-Tiny,s2,359,-0.04930350340474743
ConvNeXt-Tiny,s2,360,-0.052461669747933426
ConvNeXt-Tiny,s2,361,-0.07868692649036946
ConvNeXt-Tiny,s2,362,-0.05402035354420964
ConvNeXt-Tiny,s2,363,-0.05376351144642455
ConvNeXt-Tiny,s2,364,-0.12092544890730861
ConvNeXt-Tiny,s2,365,-0.11138562147846476
ConvNeXt-Tiny,s2,366,-0.07925684165300728
ConvNeXt-Tiny,s2,367,-0.07794762403676792
ConvNeXt-Tiny,s2,368,-0.05274155939437419
ConvNeXt-Tiny,s2,369,-0.07935330620215708
ConvNeXt-Tiny,s2,370,-0.10279533942237784
ConvNeXt-Tiny,s2,371,-0.04844209727076254
ConvNeXt-Tiny,s2,372,-0.05118722209577986
ConvNeXt-Tiny,s2,373,-0.08459541772193924
ConvNeXt-Tiny,s2,374,-0.07649188076718272
ConvNeXt-Tiny,s2,375,-0.10090272976972259
ConvNeXt-Tiny,s2,376,-0.08315847636024487
ConvNeXt-Tiny,s2,377,-0.05116336404199129
ConvNeXt-Tiny,s2,378,-0.08089482881357801
ConvNeXt-Tiny,s2,379,-0.07926592536910837
ConvNeXt-Tiny,s2,380,-0.07975871694756764
ConvNeXt-Tiny,s2,381,-0.10321981121755075
ConvNeXt-Tiny,s2,382,-0.06252425261327643
ConvNeXt-Tiny,s2,383,-0.08129061189941789
ConvNeXt-Tiny,s2,384,-0.10827736372658714
ConvNeXt-Tiny,s2,385,-0.05247047113012204
ConvNeXt-Tiny,s2,386,-0.10777758096785328
ConvNeXt-Tiny,s2,387,-0.07407225149778252
ConvNeXt-Tiny,s2,388,-0.0862843340915801
ConvNeXt-Tiny,s2,389,-0.0812305710381711
ConvNeXt-Tiny,s2,390,-0.11731276636330246
ConvNeXt-Tiny,s2,391,-0.09257612803940762
ConvNeXt-Tiny,s2,392,-0.003035112013928143
ConvNeXt-Tiny,s2,393,-0.07273562094238528
ConvNeXt-Tiny,s2,394,-0.08151666468223484
ConvNeXt-Tiny,s2,395,-0.06634630727868718
ConvNeXt-Tiny,s2,396,-0.047615751493456204
ConvNeXt-Tiny,s2,397,-0.0660398019159375
ConvNeXt-Tiny,s2,398,-0.059907747770297615
ConvNeXt-Tiny,s2,399,-0.09623488716558848
ConvNeXt-Tiny,s2,400,-0.07426037099751936
ConvNeXt-Tiny,s2,401,-0.019377146242081533
ConvNeXt-Tiny,s2,402,-0.07127300276837822
ConvNeXt-Tiny,s2,403,-0.03006211442710527
ConvNeXt-Tiny,s2,404,-0.08622461313917196
ConvNeXt-Tiny,s2,405,-0.034281846624007906
ConvNeXt-Tiny,s2,406,-0.053723451963420765
ConvNeXt-Tiny,s2,407,-0.09212127639296575
ConvNeXt-Tiny,s2,408,-0.12606084115425986
ConvNeXt-Tiny,s2,409,-0.0770265918743559
ConvNeXt-Tiny,s2,410,-0.11317517248524167
ConvNeXt-Tiny,s2,411,-0.08452635005714026
ConvNeXt-Tiny,s2,412,-0.09613525899888797
ConvNeXt-Tiny,s2,413,-0.08617040921648644
ConvNeXt-Tiny,s2,414,-0.03487855444441956
ConvNeXt-Tiny,s2,415,-0.08660705530957846
ConvNeXt-Tiny,s2,416,-0.08445498952338593
ConvNeXt-Tiny,s2,417,-0.055253912083307766
ConvNeXt-Tiny,s2,418,-0.036949351754628545
ConvNeXt-Tiny,s2,419,-0.09809285649813382
ConvNeXt-Tiny,s2,420,-0.03375483525707812
ConvNeXt-Tiny,s2,421,-0.03890902033610155
ConvNeXt-Tiny,s2,422,-0.10564235130856181
ConvNeXt-Tiny,s2,423,-0.044202934461451626
ConvNeXt-Tiny,s2,424,-0.040222945137360355
ConvNeXt-Tiny,s2,425,-0.10774489340388549
ConvNeXt-Tiny,s2,426,-0.09019235792233138
ConvNeXt-Tiny,s2,427,-0.03740870019290288
ConvNeXt-Tiny,s2,428,-0.0881338763020284
ConvNeXt-Tiny,s2,429,-0.06569929487242532
ConvNeXt-Tiny,s2,430,-0.08642697935690147
ConvNeXt-Tiny,s2,431,-0.07020379838686752
ConvNeXt-Tiny,s2,432,-0.07466429478974534
ConvNeXt-Tiny,s2,433,-0.088771009789261
ConvNeXt-Tiny,s2,434,-0.08090342287389984
ConvNeXt-Tiny,s2,435,-0.09520358936453888
ConvNeXt-Tiny,s2,436,-0.05760974245560946
ConvNeXt-Tiny,s2,437,-0.041798727207550956
ConvNeXt-Tiny,s2,438,-0.0883435249245006
ConvNeXt-Tiny,s2,439,-0.039955142955913625
ConvNeXt-Tiny,s2,440,-0.08002573794147372
ConvNeXt-Tiny,s2,441,-0.10097960875201228
ConvNeXt-Tiny,s2,442,-0.11698717574389739
ConvNeXt-Tiny,s2,443,-0.051522191245528925
ConvNeXt-Tiny,s2,444,-0.08815164614097348
ConvNeXt-Tiny,s2,445,-0.045864852415197666
ConvNeXt-Tiny,s2,446,-0.08420200020613977
ConvNeXt-Tiny,s2,447,-0.10429279329963537
ConvNeXt-Tiny,s2,448,-0.08556765355018592
ConvNeXt-Tiny,s2,449,-0.11334264437646235
ConvNeXt-Tiny,s2,450,-0.07360265922342601
ConvNeXt-Tiny,s2,451,-0.051128512983600105
ConvNeXt-Tiny,s2,452,-0.10545573697426791
ConvNeXt-Tiny,s2,453,-0.07526726871631517
ConvNeXt-Tiny,s2,454,-0.10004564458510279
ConvNeXt-Tiny,s2,455,-0.0871802361275773
ConvNeXt-Tiny,s2,456,-0.052367246105591736
ConvNeXt-Tiny,s2,457,-0.0692429338241729
ConvNeXt-Tiny,s2,458,-0.06899889768845269
ConvNeXt-Tiny,s2,459,-0.10494701043185728
ConvNeXt-Tiny,s2,460,-0.02978149359392246
ConvNeXt-Tiny,s2,461,-0.11530931809712863
ConvNeXt-Tiny,s2,462,-0.032238181644086095
ConvNeXt-Tiny,s2,463,-0.10153528458638728
ConvNeXt-Tiny,s2,464,-0.04325173854769615
ConvNeXt-Tiny,s2,465,-0.0657130355704062
ConvNeXt-Tiny,s2,466,-0.09400629264638283
ConvNeXt-Tiny,s2,467,-0.10783580046220698
ConvNeXt-Tiny,s2,468,-0.07860714443759909
ConvNeXt-Tiny,s2,469,-0.06130966621966438
ConvNeXt-Tiny,s2,470,-0.09016156741355319
ConvNeXt-Tiny,s2,471,-0.0675197562508838
ConvNeXt-Tiny,s2,472,-0.03493167969648481
ConvNeXt-Tiny,s2,473,-0.06672056522122072
ConvNeXt-Tiny,s2,474,-0.0639520131172513
ConvNeXt-Tiny,s2,475,-0.07693634351076084
ConvNeXt-Tiny,s2,476,-0.08338354701452944
ConvNeXt-Tiny,s2,477,-0.05285648363021633
ConvNeXt-Tiny,s2,478,-0.054468237481112736
ConvNeXt-Tiny,s2,479,-0.08355641606159048
ConvNeXt-Tiny,s2,480,-0.031286458398099404
ConvNeXt-Tiny,s2,481,-0.07686355748618601
ConvNeXt-Tiny,s2,482,-0.08770152970765988
ConvNeXt-Tiny,s2,483,-0.0681413001313409
ConvNeXt-Tiny,s2,484,-0.08592005949851256
ConvNeXt-Tiny,s2,485,-0.020529300750566026
ConvNeXt-Tiny,s2,486,-0.0511092914101785
ConvNeXt-Tiny,s2,487,-0.0725703529352606
ConvNeXt-Tiny,s2,488,-0.07677584423600958
ConvNeXt-Tiny,s2,489,-0.03334539439967377
ConvNeXt-Tiny,s2,490,-0.07141111459874261
ConvNeXt-Tiny,s2,491,-0.07432816045417567
ConvNeXt-Tiny,s2,492,-0.10026353626993956
ConvNeXt-Tiny,s2,493,-0.08212987414485895
ConvNeXt-Tiny,s2,494,-0.06727440225501524
ConvNeXt-Tiny,s2,495,-0.0958102736036126
ConvNeXt-Tiny,s2,496,-0.11232036613090912
ConvNeXt-Tiny,s2,497,-0.06939085175479176
ConvNeXt-Tiny,s2,498,-0.08660782287980417
ConvNeXt-Tiny,s2,499,-0.08468697607666764
ConvNeXt-Tiny,s2,500,-0.06752375853594617
ConvNeXt-Tiny,s2,501,-0.06944605384473224
ConvNeXt-Tiny,s2,502,-0.05349657071234082
ConvNeXt-Tiny,s2,503,-0.09055198843966039
ConvNeXt-Tiny,s2,504,-0.05832384416928804
ConvNeXt-Tiny,s2,505,-0.07640964361984426
ConvNeXt-Tiny,s2,506,-0.08820544830267885
ConvNeXt-Tiny,s2,507,-0.08148066843243429
ConvNeXt-Tiny,s2,508,-0.10488377731625786
ConvNeXt-Tiny,s2,509,-0.06774356981345075
ConvNeXt-Tiny,s2,510,-0.07745888516970023
ConvNeXt-Tiny,s2,511,-0.07938174385145202
ConvNeXt-Tiny,s2,512,-0.0838659784305461
ConvNeXt-Tiny,s2,513,-0.09725095685872209
ConvNeXt-Tiny,s2,514,-0.07138479866299818
ConvNeXt-Tiny,s2,515,-0.07614160687393645
ConvNeXt-Tiny,s2,516,-0.05991580660130347
ConvNeXt-Tiny,s2,517,-0.0765142604518323
ConvNeXt-Tiny,s2,518,-0.023260674208516186
ConvNeXt-Tiny,s2,519,-0.0688828442605337
ConvNeXt-Tiny,s2,520,-0.09224969663146954
ConvNeXt-Tiny,s2,521,-0.09809842585571893
ConvNeXt-Tiny,s2,522,-0.05279697301450681
ConvNeXt-Tiny,s2,523,-0.03195129604527591
ConvNeXt-Tiny,s2,524,-0.06331980146087046
ConvNeXt-Tiny,s2,525,-0.05557647480887651
ConvNeXt-Tiny,s2,526,-0.037247785192601746
ConvNeXt-Tiny,s2,527,-0.09171599736167757
ConvNeXt-Tiny,s2,528,-0.07002781993867746
ConvNeXt-Tiny,s2,529,-0.059134425425798276
ConvNeXt-Tiny,s2,530,-0.05729980811712965
ConvNeXt-Tiny,s2,531,-0.06593242053379567
ConvNeXt-Tiny,s2,532,-0.08376228194372481
ConvNeXt-Tiny,s2,533,-0.09194389879992615
ConvNeXt-Tiny,s2,534,-0.0562010762739058
ConvNeXt-Tiny,s2,535,-0.1138760920832892
ConvNeXt-Tiny,s2,536,-0.06926902001715018
ConvNeXt-Tiny,s2,537,-0.03160034241424936
ConvNeXt-Tiny,s2,538,-0.08546034867986041
ConvNeXt-Tiny,s2,539,-0.03619313315848571
ConvNeXt-Tiny,s2,540,-0.05272921476521275
ConvNeXt-Tiny,s2,541,-0.08067216972648372
ConvNeXt-Tiny,s2,542,-0.10189435873881247
ConvNeXt-Tiny,s2,543,-0.10246880230347122
ConvNeXt-Tiny,s2,544,-0.061088048258293615
ConvNeXt-Tiny,s2,545,-0.05549760752843502
ConvNeXt-Tiny,s2,546,-0.04199745028428248
ConvNeXt-Tiny,s2,547,-0.08277530082997742
ConvNeXt-Tiny,s2,548,-0.08626501527330566
ConvNeXt-Tiny,s2,549,-0.08923793132807756
ConvNeXt-Tiny,s2,550,-0.09800115198162229
ConvNeXt-Tiny,s2,551,-0.0507844759720133
ConvNeXt-Tiny,s2,552,-0.0550201441584075
ConvNeXt-Tiny,s2,553,-0.10335892580276351
ConvNeXt-Tiny,s2,554,-0.06981060518918347
ConvNeXt-Tiny,s2,555,-0.07775918311936958
ConvNeXt-Tiny,s2,556,-0.09711597811540895
ConvNeXt-Tiny,s2,557,-0.06810359818505551
ConvNeXt-Tiny,s2,558,-0.1162899311941088
ConvNeXt-Tiny,s2,559,-0.05665616611270752
ConvNeXt-Tiny,s2,560,-0.099415793395912
ConvNeXt-Tiny,s2,561,-0.08277095582725691
ConvNeXt-Tiny,s2,562,-0.06558667016809316
ConvNeXt-Tiny,s2,563,-0.05675321088790486
ConvNeXt-Tiny,s2,564,-0.08742825338857174
ConvNeXt-Tiny,s2,565,-0.06374345625092315
ConvNeXt-Tiny,s2,566,-0.06844095193192568
ConvNeXt-Tiny,s2,567,-0.06379038420240524
ConvNeXt-Tiny,s2,568,-0.07648150565532452
ConvNeXt-Tiny,s2,569,-0.10436713753846694
ConvNeXt-Tiny,s2,570,-0.04351197905000215
ConvNeXt-Tiny,s2,571,-0.03848438891432682
ConvNeXt-Tiny,s2,572,-0.06097329495738946
ConvNeXt-Tiny,s2,573,-0.08009131228741428
ConvNeXt-Tiny,s2,574,-0.059198311528854575
ConvNeXt-Tiny,s2,575,-0.04998494727729896
ConvNeXt-Tiny,s2,576,-0.0400455468221842
ConvNeXt-Tiny,s2,577,-0.11044125099527147
ConvNeXt-Tiny,s2,578,-0.07036796487164987
ConvNeXt-Tiny,s2,579,-0.09503287953443584
ConvNeXt-Tiny,s2,580,-0.05205695619728168
ConvNeXt-Tiny,s2,581,-0.08510210965347642
ConvNeXt-Tiny,s2,582,-0.07076908735236542
ConvNeXt-Tiny,s2,583,-0.12585146881140075
ConvNeXt-Tiny,s2,584,-0.0735215465529162
ConvNeXt-Tiny,s2,585,-0.08351314313470648
ConvNeXt-Tiny,s2,586,-0.08292915081543617
ConvNeXt-Tiny,s2,587,-0.05250491705649374
ConvNeXt-Tiny,s2,588,-0.02084030901716616
ConvNeXt-Tiny,s2,589,-0.11847272328156455
ConvNeXt-Tiny,s2,590,-0.08058373349384695
ConvNeXt-Tiny,s2,591,-0.10279470157812542
ConvNeXt-Tiny,s2,592,-0.12265395164820514
ConvNeXt-Tiny,s2,593,-0.01797174469513574
ConvNeXt-Tiny,s2,594,-0.06835624399731377
ConvNeXt-Tiny,s2,595,-0.09001083440894864
ConvNeXt-Tiny,s2,596,-0.07125386559626135
ConvNeXt-Tiny,s2,597,-0.07350278265852683
ConvNeXt-Tiny,s2,598,-0.06790633688832048
ConvNeXt-Tiny,s2,599,-0.02787110175923191
ConvNeXt-Tiny,s2,600,-0.09211404220422781
ConvNeXt-Tiny,s2,601,-0.09395888011929854
ConvNeXt-Tiny,s2,602,-0.0650343441885346
ConvNeXt-Tiny,s2,603,-0.09489408793805765
ConvNeXt-Tiny,s2,604,-0.03411094120371205
ConvNeXt-Tiny,s2,605,-0.054087978135665016
ConvNeXt-Tiny,s2,606,-0.07378220395396828
ConvNeXt-Tiny,s2,607,-0.061269203669110595
ConvNeXt-Tiny,s2,608,-0.04045459530596829
ConvNeXt-Tiny,s2,609,-0.1458490737361724
ConvNeXt-Tiny,s2,610,-0.08882342022469547
ConvNeXt-Tiny,s2,611,-0.08839639955702772
ConvNeXt-Tiny,s2,612,-0.04733519037234735
ConvNeXt-Tiny,s2,613,-0.044757760111043376
ConvNeXt-Tiny,s2,614,-0.09112105893766154
ConvNeXt-Tiny,s2,615,-0.09416753216092599
ConvNeXt-Tiny,s2,616,-0.02221105011763347
ConvNeXt-Tiny,s2,617,-0.0970967563088847
ConvNeXt-Tiny,s2,618,-0.04878500848038414
ConvNeXt-Tiny,s2,619,-0.0666921533021867
ConvNeXt-Tiny,s2,620,-0.04220304721841539
ConvNeXt-Tiny,s2,621,-0.1087442765208183
ConvNeXt-Tiny,s2,622,-0.09326761232328695
ConvNeXt-Tiny,s2,623,-0.048400919961327005
ConvNeXt-Tiny,s2,624,-0.0645597925274568
ConvNeXt-Tiny,s2,625,-0.11041717881935975
ConvNeXt-Tiny,s2,626,-0.0722490107186301
ConvNeXt-Tiny,s2,627,-0.0639274466021107
ConvNeXt-Tiny,s2,628,-0.07649241643881188
ConvNeXt-Tiny,s2,629,-0.05336479485425538
ConvNeXt-Tiny,s2,630,-0.06890434525398681
ConvNeXt-Tiny,s2,631,-0.15158090232540933
ConvNeXt-Tiny,s2,632,-0.06120012154985066
ConvNeXt-Tiny,s2,633,-0.044646352303303605
ConvNeXt-Tiny,s2,634,-0.052508128800243026
ConvNeXt-Tiny,s2,635,-0.07257154292029355
ConvNeXt-Tiny,s2,636,-0.06801419409226117
ConvNeXt-Tiny,s2,637,-0.05696229996478808
ConvNeXt-Tiny,s2,638,-0.06899955370873434
ConvNeXt-Tiny,s2,639,-0.09343333707205659
ConvNeXt-Tiny,s2,640,-0.07129845620183306
ConvNeXt-Tiny,s2,641,-0.08715459249535451
ConvNeXt-Tiny,s2,642,-0.04824478918409947
ConvNeXt-Tiny,s2,643,-0.05206678329249015
ConvNeXt-Tiny,s2,644,-0.1064659892235782
ConvNeXt-Tiny,s2,645,-0.09849112221176648
ConvNeXt-Tiny,s2,646,-0.09784992305990858
ConvNeXt-Tiny,s2,647,-0.09252740967086814
ConvNeXt-Tiny,s2,648,-0.07459024459636321
ConvNeXt-Tiny,s2,649,-0.04422390981956659
ConvNeXt-Tiny,s2,650,-0.049127154304441034
ConvNeXt-Tiny,s2,651,-0.09536776457030305
ConvNeXt-Tiny,s2,652,-0.08631730600041898
ConvNeXt-Tiny,s2,653,-0.08649934881186505
ConvNeXt-Tiny,s2,654,-0.09554272068774838
ConvNeXt-Tiny,s2,655,-0.09618578712638426
ConvNeXt-Tiny,s2,656,-0.08767016416222884
ConvNeXt-Tiny,s2,657,-0.0086460739501939
ConvNeXt-Tiny,s2,658,-0.08656304125238778
ConvNeXt-Tiny,s2,659,-0.07561797372370005
ConvNeXt-Tiny,s2,660,-0.048861074911787594
ConvNeXt-Tiny,s2,661,-0.07148054641865409
ConvNeXt-Tiny,s2,662,-0.027434015937139677
ConvNeXt-Tiny,s2,663,-0.028676024901345798
ConvNeXt-Tiny,s2,664,-0.08473806168499709
ConvNeXt-Tiny,s2,665,-0.031168902278918553
ConvNeXt-Tiny,s2,666,-0.025984409793489482
ConvNeXt-Tiny,s2,667,-0.0585630994948948
ConvNeXt-Tiny,s2,668,-0.05847188010382787
ConvNeXt-Tiny,s2,669,-0.10006099026066184
ConvNeXt-Tiny,s2,670,-0.11549922216460928
ConvNeXt-Tiny,s2,671,-0.06117074425853053
ConvNeXt-Tiny,s2,672,-0.04188260291149781
ConvNeXt-Tiny,s2,673,-0.07230140647196448
ConvNeXt-Tiny,s2,674,-0.05581985711020099
ConvNeXt-Tiny,s2,675,-0.05822821323994154
ConvNeXt-Tiny,s2,676,-0.07060125492406966
ConvNeXt-Tiny,s2,677,-0.043488353388486334
ConvNeXt-Tiny,s2,678,-0.08908741326180925
ConvNeXt-Tiny,s2,679,-0.06135208313617557
ConvNeXt-Tiny,s2,680,-0.08580833168404578
ConvNeXt-Tiny,s2,681,-0.07932388556103798
ConvNeXt-Tiny,s2,682,-0.10378287497603655
ConvNeXt-Tiny,s2,683,-0.07250870736787085
ConvNeXt-Tiny,s2,684,-0.07108795217257002
ConvNeXt-Tiny,s2,685,-0.05336683364422257
ConvNeXt-Tiny,s2,686,-0.09156916105665502
ConvNeXt-Tiny,s2,687,-0.07851388953815286
ConvNeXt-Tiny,s2,688,-0.03464622771707493
ConvNeXt-Tiny,s2,689,-0.0838534802666282
ConvNeXt-Tiny,s2,690,-0.07415413513275593
ConvNeXt-Tiny,s2,691,-0.08417736194197112
ConvNeXt-Tiny,s2,692,-0.11613302116873281
ConvNeXt-Tiny,s2,693,-0.11884913174058354
ConvNeXt-Tiny,s2,694,-0.04811554809566421
ConvNeXt-Tiny,s2,695,-0.05892812942314429
ConvNeXt-Tiny,s2,696,-0.06554934087588848
ConvNeXt-Tiny,s2,697,-0.09719197825397907
ConvNeXt-Tiny,s2,698,-0.06737012631976302
ConvNeXt-Tiny,s2,699,-0.053456451652739045
ConvNeXt-Tiny,s2,700,-0.05498198045382874
ConvNeXt-Tiny,s2,701,-0.08066280720520835
ConvNeXt-Tiny,s2,702,-0.05680777516464497
ConvNeXt-Tiny,s2,703,-0.0952069961753943
ConvNeXt-Tiny,s2,704,-0.04871527527667663
ConvNeXt-Tiny,s2,705,-0.09339355689495965
ConvNeXt-Tiny,s2,706,-0.1118612254917618
ConvNeXt-Tiny,s2,707,-0.07189025880329125
ConvNeXt-Tiny,s2,708,-0.06166679947960918
ConvNeXt-Tiny,s2,709,-0.08797367010430379
ConvNeXt-Tiny,s2,710,-0.03905688491981918
ConvNeXt-Tiny,s2,711,-0.11340591385759868
ConvNeXt-Tiny,s2,712,-0.083197810627884
ConvNeXt-Tiny,s2,713,-0.08372890482283002
ConvNeXt-Tiny,s2,714,-0.070009595181863
ConvNeXt-Tiny,s2,715,-0.07344951992206461
ConvNeXt-Tiny,s2,716,-0.08162936870927628
ConvNeXt-Tiny,s2,717,-0.08397679177508333
ConvNeXt-Tiny,s2,718,-0.10551617094537968
ConvNeXt-Tiny,s2,719,-0.05110569484767025
ConvNeXt-Tiny,s2,720,-0.08191958768379703
ConvNeXt-Tiny,s2,721,-0.04530089412238236
ConvNeXt-Tiny,s2,722,-0.08377371077831353
ConvNeXt-Tiny,s2,723,-0.08004951685683948
ConvNeXt-Tiny,s2,724,-0.09564215015085442
ConvNeXt-Tiny,s2,725,-0.05419646962395941
ConvNeXt-Tiny,s2,726,-0.09457904138640238
ConvNeXt-Tiny,s2,727,-0.09875427772107548
ConvNeXt-Tiny,s2,728,-0.02572456894464703
ConvNeXt-Tiny,s2,729,-0.09665690518899317
ConvNeXt-Tiny,s2,730,-0.10204557347768684
ConvNeXt-Tiny,s2,731,-0.10861963940532182
ConvNeXt-Tiny,s2,732,-0.06487404089708038
ConvNeXt-Tiny,s2,733,-0.08571518851693471
ConvNeXt-Tiny,s2,734,-0.10622109716492756
ConvNeXt-Tiny,s2,735,-0.04314516399905055
ConvNeXt-Tiny,s2,736,-0.09388824923873118
ConvNeXt-Tiny,s2,737,-0.057986299026022925
ConvNeXt-Tiny,s2,738,-0.05510046346396391
ConvNeXt-Tiny,s2,739,-0.0688538116646722
ConvNeXt-Tiny,s2,740,-0.0723808467711422
ConvNeXt-Tiny,s2,741,-0.12747877463367574
ConvNeXt-Tiny,s2,742,-0.07812894295483397
ConvNeXt-Tiny,s2,743,-0.0847736522201199
ConvNeXt-Tiny,s2,744,-0.13353712146062824
ConvNeXt-Tiny,s2,745,-0.0645617108355272
ConvNeXt-Tiny,s2,746,-0.12379395504622737
ConvNeXt-Tiny,s2,747,-0.0762353054853
ConvNeXt-Tiny,s2,748,-0.08632564374725937
ConvNeXt-Tiny,s2,749,-0.11896243477314561
ConvNeXt-Tiny,s2,750,-0.06021302628578329
ConvNeXt-Tiny,s2,751,-0.07858820965026492
ConvNeXt-Tiny,s2,752,-0.07443063496345825
ConvNeXt-Tiny,s2,753,-0.04399582126237411
ConvNeXt-Tiny,s2,754,-0.08779985778618038
ConvNeXt-Tiny,s2,755,-0.09332975704797386
ConvNeXt-Tiny,s2,756,-0.06754301537421159
ConvNeXt-Tiny,s2,757,-0.09422701613764495
ConvNeXt-Tiny,s2,758,-0.08279137018564531
ConvNeXt-Tiny,s2,759,-0.08839833499064909
ConvNeXt-Tiny,s2,760,-0.07881231071858907
ConvNeXt-Tiny,s2,761,-0.0790329898860932
ConvNeXt-Tiny,s2,762,-0.08705633703879112
ConvNeXt-Tiny,s2,763,-0.11849474099586232
ConvNeXt-Tiny,s2,764,-0.08961332815934642
ConvNeXt-Tiny,s2,765,-0.094818919624719
ConvNeXt-Tiny,s2,766,-0.06178509473926419
ConvNeXt-Tiny,s2,767,-0.04979894217019365
ConvNeXt-Tiny,s2,768,-0.08178040954524746
ConvNeXt-Tiny,s2,769,-0.0751185033908538
ConvNeXt-Tiny,s2,770,-0.07266950581304688
ConvNeXt-Tiny,s2,771,-0.0152574357408376
ConvNeXt-Tiny,s2,772,-0.09252751355826716
ConvNeXt-Tiny,s2,773,-0.08757169468527248
ConvNeXt-Tiny,s2,774,-0.05422988425056274
ConvNeXt-Tiny,s2,775,-0.0640384226388021
ConvNeXt-Tiny,s2,776,-0.09215972299687902
ConvNeXt-Tiny,s2,777,-0.09034457464502743
ConvNeXt-Tiny,s2,778,-0.09039114627495992
ConvNeXt-Tiny,s2,779,-0.04910583786587408
ConvNeXt-Tiny,s2,780,-0.07448993706368245
ConvNeXt-Tiny,s2,781,-0.04600944360552062
ConvNeXt-Tiny,s2,782,-0.08437845647688902
ConvNeXt-Tiny,s2,783,-0.06043971883571675
ConvNeXt-Tiny,s2,784,-0.04042625691099355
ConvNeXt-Tiny,s2,785,-0.08691582601056147
ConvNeXt-Tiny,s2,786,-0.09600437821277841
ConvNeXt-Tiny,s2,787,-0.09651655621538313
ConvNeXt-Tiny,s2,788,-0.024435533138146392
ConvNeXt-Tiny,s2,789,-0.08188411234118387
ConvNeXt-Tiny,s2,790,-0.09628277596821111
ConvNeXt-Tiny,s2,791,-0.021712842219061668
ConvNeXt-Tiny,s2,792,-0.05398399837937928
ConvNeXt-Tiny,s2,793,-0.11166842929614318
ConvNeXt-Tiny,s2,794,-0.054304507658368584
ConvNeXt-Tiny,s2,795,-0.050154312345640606
ConvNeXt-Tiny,s2,796,-0.07507084783543772
ConvNeXt-Tiny,s2,797,-0.11399166964010288
ConvNeXt-Tiny,s2,798,-0.06228989797047879
ConvNeXt-Tiny,s2,799,-0.0964283798868224
ConvNeXt-Tiny,s2,800,-0.06601708044311971
ConvNeXt-Tiny,s2,801,-0.08920464825630692
ConvNeXt-Tiny,s2,802,-0.1028290283007488
ConvNeXt-Tiny,s2,803,-0.06334585552897187
ConvNeXt-Tiny,s2,804,-0.09226220433762955
ConvNeXt-Tiny,s2,805,-0.10331310762502899
ConvNeXt-Tiny,s2,806,-0.09675788576407163
ConvNeXt-Tiny,s2,807,-0.07330351036518479
ConvNeXt-Tiny,s2,808,-0.05487384009644136
ConvNeXt-Tiny,s2,809,-0.0861994118637982
ConvNeXt-Tiny,s2,810,-0.08555696667487545
ConvNeXt-Tiny,s2,811,-0.0811051034515291
ConvNeXt-Tiny,s2,812,-0.08587108961809986
ConvNeXt-Tiny,s2,813,-0.04265921063653744
ConvNeXt-Tiny,s2,814,-0.07675895631217666
ConvNeXt-Tiny,s2,815,-0.05163495713313426
ConvNeXt-Tiny,s2,816,-0.09683883430704898
ConvNeXt-Tiny,s2,817,-0.08011453137812785
ConvNeXt-Tiny,s2,818,-0.041270113421067456
ConvNeXt-Tiny,s2,819,-0.0896350948419169
ConvNeXt-Tiny,s2,820,-0.07075341282212977
ConvNeXt-Tiny,s2,821,-0.08924214175995993
ConvNeXt-Tiny,s2,822,-0.11724189184704814
ConvNeXt-Tiny,s2,823,-0.1083651154951657
ConvNeXt-Tiny,s2,824,-0.07000003811893962
ConvNeXt-Tiny,s2,825,-0.0992085827499648
ConvNeXt-Tiny,s2,826,-0.08664419926311984
ConvNeXt-Tiny,s2,827,-0.0892992171246445
ConvNeXt-Tiny,s2,828,-0.06999143186671164
ConvNeXt-Tiny,s2,829,-0.1062716237248994
ConvNeXt-Tiny,s2,830,-0.08829977211208606
ConvNeXt-Tiny,s2,831,-0.06658349233636296
ConvNeXt-Tiny,s2,832,-0.038719358599639486
ConvNeXt-Tiny,s2,833,-0.06995121048757147
ConvNeXt-Tiny,s2,834,-0.07833174467435622
ConvNeXt-Tiny,s2,835,-0.06355156735694323
ConvNeXt-Tiny,s2,836,-0.08224962421257165
ConvNeXt-Tiny,s2,837,-0.06667890148422739
ConvNeXt-Tiny,s2,838,-0.07004907973112562
ConvNeXt-Tiny,s2,839,-0.08745375284739043
ConvNeXt-Tiny,s2,840,-0.10790274014289392
ConvNeXt-Tiny,s2,841,-0.052003206029616944
ConvNeXt-Tiny,s2,842,-0.08899046327364168
ConvNeXt-Tiny,s2,843,-0.09026663954297764
ConvNeXt-Tiny,s2,844,-0.04413882730057239
ConvNeXt-Tiny,s2,845,-0.07647780736613374
ConvNeXt-Tiny,s2,846,-0.02849575515985614
ConvNeXt-Tiny,s2,847,-0.08254120371628859
ConvNeXt-Tiny,s2,848,-0.09559295732238038
ConvNeXt-Tiny,s2,849,-0.08417682052219089
ConvNeXt-Tiny,s2,850,-0.0690969491729686
ConvNeXt-Tiny,s2,851,-0.11055008430688817
ConvNeXt-Tiny,s2,852,-0.07584699595984212
ConvNeXt-Tiny,s2,853,-0.1018201946447097
ConvNeXt-Tiny,s2,854,-0.07049634738600796
ConvNeXt-Tiny,s2,855,-0.07176803853263647
ConvNeXt-Tiny,s2,856,-0.062324674480155995
ConvNeXt-Tiny,s2,857,-0.05852831459421537
ConvNeXt-Tiny,s2,858,-0.06451928784044458
ConvNeXt-Tiny,s2,859,-0.034673226856261175
ConvNeXt-Tiny,s2,860,-0.08820241315932187
ConvNeXt-Tiny,s2,861,-0.02608937474448414
ConvNeXt-Tiny,s2,862,-0.07510797654141577
ConvNeXt-Tiny,s2,863,-0.08064500090463711
ConvNeXt-Tiny,s2,864,-0.06837715151027868
ConvNeXt-Tiny,s2,865,-0.05882995428274229
ConvNeXt-Tiny,s2,866,-0.09811659191189415
ConvNeXt-Tiny,s2,867,-0.03768907102272856
ConvNeXt-Tiny,s2,868,-0.09747187299706261
ConvNeXt-Tiny,s2,869,-0.09964048706319917
ConvNeXt-Tiny,s2,870,-0.07731654804063981
ConvNeXt-Tiny,s2,871,-0.09795437185263955
ConvNeXt-Tiny,s2,872,-0.05248234680687225
ConvNeXt-Tiny,s2,873,-0.13831845269985732
ConvNeXt-Tiny,s2,874,-0.1277527807202552
ConvNeXt-Tiny,s2,875,-0.040825529310628994
ConvNeXt-Tiny,s2,876,-0.09430776525669304
ConvNeXt-Tiny,s2,877,-0.039347696736448
ConvNeXt-Tiny,s2,878,-0.08856712530432631
ConvNeXt-Tiny,s2,879,-0.06301132319073766
ConvNeXt-Tiny,s2,880,-0.06649896536960609
ConvNeXt-Tiny,s2,881,-0.10062806367403598
ConvNeXt-Tiny,s2,882,-0.1153259263922286
ConvNeXt-Tiny,s2,883,-0.08409929071188627
ConvNeXt-Tiny,s2,884,-0.05537154021732671
ConvNeXt-Tiny,s2,885,-0.07045518632987846
ConvNeXt-Tiny,s2,886,-0.12169634500766602
ConvNeXt-Tiny,s2,887,-0.07587942387407098
ConvNeXt-Tiny,s2,888,-0.11176931411508162
ConvNeXt-Tiny,s2,889,-0.09827939445161415
ConvNeXt-Tiny,s2,890,-0.061904713222524
ConvNeXt-Tiny,s2,891,-0.07108903452281645
ConvNeXt-Tiny,s2,892,-0.08783170241069549
ConvNeXt-Tiny,s2,893,-0.052599229041750295
ConvNeXt-Tiny,s2,894,-0.04542450969503564
ConvNeXt-Tiny,s2,895,-0.11498269926710691
ConvNeXt-Tiny,s2,896,-0.07456919206051271
ConvNeXt-Tiny,s2,897,-0.07908518461490821
ConvNeXt-Tiny,s2,898,-0.058617401114660406
ConvNeXt-Tiny,s2,899,-0.08762262042280056
ConvNeXt-Tiny,s2,900,-0.06373213973228309
ConvNeXt-Tiny,s2,901,-0.06389406664334107
ConvNeXt-Tiny,s2,902,-0.05833081032535137
ConvNeXt-Tiny,s2,903,-0.06378694415712582
ConvNeXt-Tiny,s2,904,-0.09232675133704271
ConvNeXt-Tiny,s2,905,-0.06748552003443287
ConvNeXt-Tiny,s2,906,-0.07770083638320469
ConvNeXt-Tiny,s2,907,-0.10870713292034406
ConvNeXt-Tiny,s2,908,-0.09230078837362576
ConvNeXt-Tiny,s2,909,-0.06209501152333141
ConvNeXt-Tiny,s2,910,-0.040970795068646426
ConvNeXt-Tiny,s2,911,-0.043705872560447556
ConvNeXt-Tiny,s2,912,-0.0900342857378198
ConvNeXt-Tiny,s2,913,-0.09206716737064768
ConvNeXt-Tiny,s2,914,-0.05361634424525419
ConvNeXt-Tiny,s2,915,-0.07799956786150819
ConvNeXt-Tiny,s2,916,-0.043563588138459286
ConvNeXt-Tiny,s2,917,-0.06612090415494043
ConvNeXt-Tiny,s2,918,-0.06458740593890111
ConvNeXt-Tiny,s2,919,-0.10412696635600127
ConvNeXt-Tiny,s2,920,-0.04558198340417552
ConvNeXt-Tiny,s2,921,-0.079951120087005
ConvNeXt-Tiny,s2,922,-0.0922257630051766
ConvNeXt-Tiny,s2,923,-0.09667197861081922
ConvNeXt-Tiny,s2,924,-0.0626674701754163
ConvNeXt-Tiny,s2,925,-0.10090745969918213
ConvNeXt-Tiny,s2,926,-0.10117087499413657
ConvNeXt-Tiny,s2,927,-0.08939624244565958
ConvNeXt-Tiny,s2,928,-0.03653981563781816
ConvNeXt-Tiny,s2,929,-0.04583496761185524
ConvNeXt-Tiny,s2,930,-0.11750365659696094
ConvNeXt-Tiny,s2,931,-0.09916366523692544
ConvNeXt-Tiny,s2,932,-0.08140593096620152
ConvNeXt-Tiny,s2,933,-0.09327608339188453
ConvNeXt-Tiny,s2,934,-0.07884745662749759
ConvNeXt-Tiny,s2,935,-0.08466527924607947
ConvNeXt-Tiny,s2,936,-0.06247619250081504
ConvNeXt-Tiny,s2,937,-0.058652832143712974
ConvNeXt-Tiny,s2,938,-0.10297818256069124
ConvNeXt-Tiny,s2,939,-0.09891076122398779
ConvNeXt-Tiny,s2,940,-0.05618480147699034
ConvNeXt-Tiny,s2,941,-0.05196308481838707
ConvNeXt-Tiny,s2,942,-0.0537213746571763
ConvNeXt-Tiny,s2,943,-0.07777899909076713
ConvNeXt-Tiny,s2,944,-0.05033271107168713
ConvNeXt-Tiny,s2,945,-0.0478296362351045
ConvNeXt-Tiny,s2,946,-0.0731631703256973
ConvNeXt-Tiny,s2,947,-0.038531366835381275
ConvNeXt-Tiny,s2,948,-0.11222057354570691
ConvNeXt-Tiny,s2,949,-0.05278687208441779
ConvNeXt-Tiny,s2,950,-0.07701706141057507
ConvNeXt-Tiny,s2,951,-0.0672176161464012
ConvNeXt-Tiny,s2,952,-0.08506978177581526
ConvNeXt-Tiny,s2,953,-0.10557274045810161
ConvNeXt-Tiny,s2,954,-0.1199326045430038
ConvNeXt-Tiny,s2,955,-0.049653451262607895
ConvNeXt-Tiny,s2,956,-0.14560789003986196
ConvNeXt-Tiny,s2,957,-0.0832457416694774
ConvNeXt-Tiny,s2,958,-0.03521272119244723
ConvNeXt-Tiny,s2,959,-0.07080079483545376
ConvNeXt-Tiny,s2,960,-0.11315759970437167
ConvNeXt-Tiny,s2,961,-0.07680039725035981
ConvNeXt-Tiny,s2,962,-0.07489679959028117
ConvNeXt-Tiny,s2,963,-0.07341404685177955
ConvNeXt-Tiny,s2,964,-0.09164195137621145
ConvNeXt-Tiny,s2,965,-0.08091794781068706
ConvNeXt-Tiny,s2,966,-0.08945039211160222
ConvNeXt-Tiny,s2,967,-0.08981299968004341
ConvNeXt-Tiny,s2,968,-0.11743858988186318
ConvNeXt-Tiny,s2,969,-0.07798902244646055
ConvNeXt-Tiny,s2,970,-0.0596294491968552
ConvNeXt-Tiny,s2,971,-0.06734822381028627
ConvNeXt-Tiny,s2,972,-0.0789589487268304
ConvNeXt-Tiny,s2,973,-0.05529013264188576
ConvNeXt-Tiny,s2,974,-0.050827492515396755
ConvNeXt-Tiny,s2,975,-0.08844753083685797
ConvNeXt-Tiny,s2,976,-0.03730448200818226
ConvNeXt-Tiny,s2,977,-0.09638990823793037
ConvNeXt-Tiny,s2,978,-0.10632314196703341
ConvNeXt-Tiny,s2,979,-0.0633929187626574
ConvNeXt-Tiny,s2,980,-0.08265887283573237
ConvNeXt-Tiny,s2,981,-0.08503988948708197
ConvNeXt-Tiny,s2,982,-0.08687585372415563
ConvNeXt-Tiny,s2,983,-0.06088836068728809
ConvNeXt-Tiny,s2,984,-0.02926427263086473
ConvNeXt-Tiny,s2,985,-0.06627841271248858
ConvNeXt-Tiny,s2,986,-0.0907435858737694
ConvNeXt-Tiny,s2,987,-0.07654615550637522
ConvNeXt-Tiny,s2,988,-0.08315430530655388
ConvNeXt-Tiny,s2,989,-0.07940965922563814
ConvNeXt-Tiny,s2,990,-0.05500777439256754
ConvNeXt-Tiny,s2,991,-0.0614546763176439
ConvNeXt-Tiny,s2,992,-0.06640825389155469
ConvNeXt-Tiny,s2,993,-0.07528811630668109
ConvNeXt-Tiny,s2,994,-0.11399534900302877
ConvNeXt-Tiny,s2,995,-0.04351851151400066
ConvNeXt-Tiny,s2,996,-0.08744320231194935
ConvNeXt-Tiny,s2,997,-0.05753543963707641
ConvNeXt-Tiny,s2,998,-0.10446519282340905
ConvNeXt-Tiny,s2,999,-0.041035209772448455
ConvNeXt-Tiny,s3,0,-0.06530986916959847
ConvNeXt-Tiny,s3,1,-0.067498109987705
ConvNeXt-Tiny,s3,2,-0.0679337178164946
ConvNeXt-Tiny,s3,3,-0.0621961544146189
ConvNeXt-Tiny,s3,4,-0.07519651409024908
ConvNeXt-Tiny,s3,5,-0.07265768838108788
ConvNeXt-Tiny,s3,6,-0.07338722809871134
ConvNeXt-Tiny,s3,7,-0.07690310841498849
ConvNeXt-Tiny,s3,8,-0.06443613682658778
ConvNeXt-Tiny,s3,9,-0.06827876197039018
ConvNeXt-Tiny,s3,10,-0.07138092003135499
ConvNeXt-Tiny,s3,11,-0.061461235997026686
ConvNeXt-Tiny,s3,12,-0.06874511434790032
ConvNeXt-Tiny,s3,13,-0.07179711347189077
ConvNeXt-Tiny,s3,14,-0.07796895694125738
ConvNeXt-Tiny,s3,15,-0.06980553202001161
ConvNeXt-Tiny,s3,16,-0.06727324602556495
ConvNeXt-Tiny,s3,17,-0.072728238220093
ConvNeXt-Tiny,s3,18,-0.06895325224754567
ConvNeXt-Tiny,s3,19,-0.07644879882909983
ConvNeXt-Tiny,s3,20,-0.06859321030650356
ConvNeXt-Tiny,s3,21,-0.06589976225858363
ConvNeXt-Tiny,s3,22,-0.0692799165713549
ConvNeXt-Tiny,s3,23,-0.0666863599284665
ConvNeXt-Tiny,s3,24,-0.06800444761874558
ConvNeXt-Tiny,s3,25,-0.06658125940594806
ConvNeXt-Tiny,s3,26,-0.0721289047759146
ConvNeXt-Tiny,s3,27,-0.07355614362752405
ConvNeXt-Tiny,s3,28,-0.07334125174584205
ConvNeXt-Tiny,s3,29,-0.06714562288397108
ConvNeXt-Tiny,s3,30,-0.07522950020511676
ConvNeXt-Tiny,s3,31,-0.06823935470108877
ConvNeXt-Tiny,s3,32,-0.07412295558653137
ConvNeXt-Tiny,s3,33,-0.066884916097664
ConvNeXt-Tiny,s3,34,-0.0632936219321496
ConvNeXt-Tiny,s3,35,-0.06673049951305465
ConvNeXt-Tiny,s3,36,-0.07651224629411413
ConvNeXt-Tiny,s3,37,-0.07168677632681186
ConvNeXt-Tiny,s3,38,-0.07254018169485743
ConvNeXt-Tiny,s3,39,-0.06566466189759335
ConvNeXt-Tiny,s3,40,-0.06500542421986177
ConvNeXt-Tiny,s3,41,-0.06876988936761541
ConvNeXt-Tiny,s3,42,-0.0673360769621012
ConvNeXt-Tiny,s3,43,-0.06921055973273194
ConvNeXt-Tiny,s3,44,-0.06995966520928532
ConvNeXt-Tiny,s3,45,-0.0705008134754842
ConvNeXt-Tiny,s3,46,-0.06814767443489989
ConvNeXt-Tiny,s3,47,-0.07144707694805696
ConvNeXt-Tiny,s3,48,-0.07648539324802117
ConvNeXt-Tiny,s3,49,-0.0635755929491233
ConvNeXt-Tiny,s3,50,-0.06302496174485972
ConvNeXt-Tiny,s3,51,-0.0660140822750539
ConvNeXt-Tiny,s3,52,-0.06718157217696963
ConvNeXt-Tiny,s3,53,-0.07240212362093168
ConvNeXt-Tiny,s3,54,-0.07464496184421943
ConvNeXt-Tiny,s3,55,-0.06971276138863969
ConvNeXt-Tiny,s3,56,-0.07534980609230368
ConvNeXt-Tiny,s3,57,-0.07359139123151603
ConvNeXt-Tiny,s3,58,-0.06574429155985329
ConvNeXt-Tiny,s3,59,-0.07827497078086654
ConvNeXt-Tiny,s3,60,-0.05715194954900682
ConvNeXt-Tiny,s3,61,-0.07146258587738186
ConvNeXt-Tiny,s3,62,-0.06177257498075284
ConvNeXt-Tiny,s3,63,-0.0714705216585948
ConvNeXt-Tiny,s3,64,-0.06874137957687698
ConvNeXt-Tiny,s3,65,-0.06720438594128708
ConvNeXt-Tiny,s3,66,-0.07222117613482071
ConvNeXt-Tiny,s3,67,-0.07643127736835142
ConvNeXt-Tiny,s3,68,-0.0635486366706387
ConvNeXt-Tiny,s3,69,-0.06328830109797212
ConvNeXt-Tiny,s3,70,-0.0651942085347198
ConvNeXt-Tiny,s3,71,-0.07437582644507101
ConvNeXt-Tiny,s3,72,-0.05598084328562569
ConvNeXt-Tiny,s3,73,-0.06807863737564857
ConvNeXt-Tiny,s3,74,-0.06725131081374869
ConvNeXt-Tiny,s3,75,-0.06836227221636249
ConvNeXt-Tiny,s3,76,-0.06891646421538122
ConvNeXt-Tiny,s3,77,-0.0688894202896021
ConvNeXt-Tiny,s3,78,-0.06644836485850258
ConvNeXt-Tiny,s3,79,-0.06057474407232144
ConvNeXt-Tiny,s3,80,-0.06846881464804122
ConvNeXt-Tiny,s3,81,-0.059719728449802
ConvNeXt-Tiny,s3,82,-0.07012042299214971
ConvNeXt-Tiny,s3,83,-0.07033383627948264
ConvNeXt-Tiny,s3,84,-0.06778335259040735
ConvNeXt-Tiny,s3,85,-0.07321714138916058
ConvNeXt-Tiny,s3,86,-0.07143708842285201
ConvNeXt-Tiny,s3,87,-0.07358931646516087
ConvNeXt-Tiny,s3,88,-0.06543344819312369
ConvNeXt-Tiny,s3,89,-0.0678834553663048
ConvNeXt-Tiny,s3,90,-0.06736224652686629
ConvNeXt-Tiny,s3,91,-0.059093369733589696
ConvNeXt-Tiny,s3,92,-0.0641550061120909
ConvNeXt-Tiny,s3,93,-0.07011782298507341
ConvNeXt-Tiny,s3,94,-0.06794509876302235
ConvNeXt-Tiny,s3,95,-0.0699071468379191
ConvNeXt-Tiny,s3,96,-0.06306192695924029
ConvNeXt-Tiny,s3,97,-0.07505998747924103
ConvNeXt-Tiny,s3,98,-0.0660741633146642
ConvNeXt-Tiny,s3,99,-0.07357058242822045
ConvNeXt-Tiny,s3,100,-0.06819670661329247
ConvNeXt-Tiny,s3,101,-0.06994311011375176
ConvNeXt-Tiny,s3,102,-0.06583345267648477
ConvNeXt-Tiny,s3,103,-0.07489533782354374
ConvNeXt-Tiny,s3,104,-0.06971907510301478
ConvNeXt-Tiny,s3,105,-0.0766665229473662
ConvNeXt-Tiny,s3,106,-0.06906078494783574
ConvNeXt-Tiny,s3,107,-0.07366200655487487
ConvNeXt-Tiny,s3,108,-0.06402652032745626
ConvNeXt-Tiny,s3,109,-0.0692797874026505
ConvNeXt-Tiny,s3,110,-0.0738876646283192
ConvNeXt-Tiny,s3,111,-0.07292372353349785
ConvNeXt-Tiny,s3,112,-0.06673023672500056
ConvNeXt-Tiny,s3,113,-0.06843011866085014
ConvNeXt-Tiny,s3,114,-0.07718949472233616
ConvNeXt-Tiny,s3,115,-0.07110378079659907
ConvNeXt-Tiny,s3,116,-0.07357879169322923
ConvNeXt-Tiny,s3,117,-0.07251364071125177
ConvNeXt-Tiny,s3,118,-0.07244290344660653
ConvNeXt-Tiny,s3,119,-0.07192779662231052
ConvNeXt-Tiny,s3,120,-0.06462178002301566
ConvNeXt-Tiny,s3,121,-0.06944855170818509
ConvNeXt-Tiny,s3,122,-0.061627419934795036
ConvNeXt-Tiny,s3,123,-0.06858854241661216
ConvNeXt-Tiny,s3,124,-0.07409010924463022
ConvNeXt-Tiny,s3,125,-0.07125151656481155
ConvNeXt-Tiny,s3,126,-0.07749152702000017
ConvNeXt-Tiny,s3,127,-0.07123656116856969
ConvNeXt-Tiny,s3,128,-0.06825649015379165
ConvNeXt-Tiny,s3,129,-0.069320729331392
ConvNeXt-Tiny,s3,130,-0.07060474324705668
ConvNeXt-Tiny,s3,131,-0.07402895434526402
ConvNeXt-Tiny,s3,132,-0.0730484007975607
ConvNeXt-Tiny,s3,133,-0.062431193289914866
ConvNeXt-Tiny,s3,134,-0.06782439777333904
ConvNeXt-Tiny,s3,135,-0.07685893108483854
ConvNeXt-Tiny,s3,136,-0.07321469312279816
ConvNeXt-Tiny,s3,137,-0.065620790668251
ConvNeXt-Tiny,s3,138,-0.06973352514838793
ConvNeXt-Tiny,s3,139,-0.0630076974677879
ConvNeXt-Tiny,s3,140,-0.07000175037248335
ConvNeXt-Tiny,s3,141,-0.07883692378661378
ConvNeXt-Tiny,s3,142,-0.06864471308684095
ConvNeXt-Tiny,s3,143,-0.07353614215482385
ConvNeXt-Tiny,s3,144,-0.06767992662396638
ConvNeXt-Tiny,s3,145,-0.0685872419204423
ConvNeXt-Tiny,s3,146,-0.07085046335809642
ConvNeXt-Tiny,s3,147,-0.07520319070425108
ConvNeXt-Tiny,s3,148,-0.06879488123092892
ConvNeXt-Tiny,s3,149,-0.07066421469251849
ConvNeXt-Tiny,s3,150,-0.0674382466028407
ConvNeXt-Tiny,s3,151,-0.06384039342516212
ConvNeXt-Tiny,s3,152,-0.0808526610179513
ConvNeXt-Tiny,s3,153,-0.07639356029817312
ConvNeXt-Tiny,s3,154,-0.06977253728613375
ConvNeXt-Tiny,s3,155,-0.06615053268861415
ConvNeXt-Tiny,s3,156,-0.07136226437822824
ConvNeXt-Tiny,s3,157,-0.07827385392228248
ConvNeXt-Tiny,s3,158,-0.07213462950585137
ConvNeXt-Tiny,s3,159,-0.06445130548870781
ConvNeXt-Tiny,s3,160,-0.07108863879012683
ConvNeXt-Tiny,s3,161,-0.07362913945934257
ConvNeXt-Tiny,s3,162,-0.06930672277966532
ConvNeXt-Tiny,s3,163,-0.07506581566582171
ConvNeXt-Tiny,s3,164,-0.06527864059462618
ConvNeXt-Tiny,s3,165,-0.06491144744690469
ConvNeXt-Tiny,s3,166,-0.0775479546224126
ConvNeXt-Tiny,s3,167,-0.07032630273933693
ConvNeXt-Tiny,s3,168,-0.061687757332039794
ConvNeXt-Tiny,s3,169,-0.0638912824425516
ConvNeXt-Tiny,s3,170,-0.06503080883486989
ConvNeXt-Tiny,s3,171,-0.06788909668901144
ConvNeXt-Tiny,s3,172,-0.06279520646749304
ConvNeXt-Tiny,s3,173,-0.07135692427646545
ConvNeXt-Tiny,s3,174,-0.06669618113352693
ConvNeXt-Tiny,s3,175,-0.07323947682100651
ConvNeXt-Tiny,s3,176,-0.0651916967598496
ConvNeXt-Tiny,s3,177,-0.06762519136865996
ConvNeXt-Tiny,s3,178,-0.07327152009203053
ConvNeXt-Tiny,s3,179,-0.06078721188595626
ConvNeXt-Tiny,s3,180,-0.07820547588527538
ConvNeXt-Tiny,s3,181,-0.06971881923579815
ConvNeXt-Tiny,s3,182,-0.07397338258704067
ConvNeXt-Tiny,s3,183,-0.07188205498830769
ConvNeXt-Tiny,s3,184,-0.07148473807946643
ConvNeXt-Tiny,s3,185,-0.07393321703146305
ConvNeXt-Tiny,s3,186,-0.07260849300519046
ConvNeXt-Tiny,s3,187,-0.07138500947221615
ConvNeXt-Tiny,s3,188,-0.07261688657909537
ConvNeXt-Tiny,s3,189,-0.07089439284525534
ConvNeXt-Tiny,s3,190,-0.07164105828496803
ConvNeXt-Tiny,s3,191,-0.0617254646905121
ConvNeXt-Tiny,s3,192,-0.06982091813852076
ConvNeXt-Tiny,s3,193,-0.0735372668039278
ConvNeXt-Tiny,s3,194,-0.06374553416517292
ConvNeXt-Tiny,s3,195,-0.0776432080008691
ConvNeXt-Tiny,s3,196,-0.07259280016472203
ConvNeXt-Tiny,s3,197,-0.06791887182518541
ConvNeXt-Tiny,s3,198,-0.07415700056237606
ConvNeXt-Tiny,s3,199,-0.068742556823847
ConvNeXt-Tiny,s3,200,-0.058485623671897136
ConvNeXt-Tiny,s3,201,-0.0691062407997074
ConvNeXt-Tiny,s3,202,-0.07096959973249484
ConvNeXt-Tiny,s3,203,-0.06967162182785636
ConvNeXt-Tiny,s3,204,-0.05610901419004388
ConvNeXt-Tiny,s3,205,-0.07501374216947465
ConvNeXt-Tiny,s3,206,-0.07312185491236001
ConvNeXt-Tiny,s3,207,-0.06499739825536988
ConvNeXt-Tiny,s3,208,-0.07293528476180489
ConvNeXt-Tiny,s3,209,-0.05825157704787387
ConvNeXt-Tiny,s3,210,-0.06989356727143714
ConvNeXt-Tiny,s3,211,-0.07371517835630137
ConvNeXt-Tiny,s3,212,-0.06748470426427167
ConvNeXt-Tiny,s3,213,-0.05538315531641813
ConvNeXt-Tiny,s3,214,-0.07026823552553818
ConvNeXt-Tiny,s3,215,-0.06486110331483019
ConvNeXt-Tiny,s3,216,-0.06711948143860025
ConvNeXt-Tiny,s3,217,-0.07142323138960394
ConvNeXt-Tiny,s3,218,-0.06920009680264683
ConvNeXt-Tiny,s3,219,-0.07235393810370638
ConvNeXt-Tiny,s3,220,-0.07638341858440767
ConvNeXt-Tiny,s3,221,-0.0691927617778465
ConvNeXt-Tiny,s3,222,-0.07194506881730667
ConvNeXt-Tiny,s3,223,-0.06887134324152111
ConvNeXt-Tiny,s3,224,-0.07061870059342923
ConvNeXt-Tiny,s3,225,-0.0635781305364369
ConvNeXt-Tiny,s3,226,-0.07112066420986818
ConvNeXt-Tiny,s3,227,-0.06753375896010638
ConvNeXt-Tiny,s3,228,-0.062393061807211714
ConvNeXt-Tiny,s3,229,-0.06808193850722155
ConvNeXt-Tiny,s3,230,-0.0687483447898557
ConvNeXt-Tiny,s3,231,-0.06755511202760367
ConvNeXt-Tiny,s3,232,-0.06887539211596083
ConvNeXt-Tiny,s3,233,-0.07237302080866792
ConvNeXt-Tiny,s3,234,-0.07454997216331871
ConvNeXt-Tiny,s3,235,-0.07178007091326366
ConvNeXt-Tiny,s3,236,-0.07289607855376079
ConvNeXt-Tiny,s3,237,-0.06853308752627629
ConvNeXt-Tiny,s3,238,-0.08011447539524286
ConvNeXt-Tiny,s3,239,-0.07587645546969701
ConvNeXt-Tiny,s3,240,-0.06992774165239946
ConvNeXt-Tiny,s3,241,-0.0728420804276051
ConvNeXt-Tiny,s3,242,-0.07063831628691719
ConvNeXt-Tiny,s3,243,-0.07059395494938225
ConvNeXt-Tiny,s3,244,-0.06738207722397593
ConvNeXt-Tiny,s3,245,-0.07011172389191078
ConvNeXt-Tiny,s3,246,-0.06455500679661519
ConvNeXt-Tiny,s3,247,-0.06674962921334715
ConvNeXt-Tiny,s3,248,-0.0674429136410325
ConvNeXt-Tiny,s3,249,-0.07184245645754594
ConvNeXt-Tiny,s3,250,-0.07166364524906288
ConvNeXt-Tiny,s3,251,-0.07491361613463743
ConvNeXt-Tiny,s3,252,-0.07245300814625433
ConvNeXt-Tiny,s3,253,-0.06945892643004115
ConvNeXt-Tiny,s3,254,-0.07878988091497852
ConvNeXt-Tiny,s3,255,-0.05867266013793504
ConvNeXt-Tiny,s3,256,-0.07750312024862138
ConvNeXt-Tiny,s3,257,-0.07239711775741875
ConvNeXt-Tiny,s3,258,-0.07248284218572232
ConvNeXt-Tiny,s3,259,-0.07413760332093389
ConvNeXt-Tiny,s3,260,-0.07148356945561818
ConvNeXt-Tiny,s3,261,-0.07151032819279268
ConvNeXt-Tiny,s3,262,-0.06776497750172172
ConvNeXt-Tiny,s3,263,-0.07152783062506174
ConvNeXt-Tiny,s3,264,-0.06926668700576377
ConvNeXt-Tiny,s3,265,-0.06920149618042637
ConvNeXt-Tiny,s3,266,-0.06954152227604027
ConvNeXt-Tiny,s3,267,-0.06953885040952734
ConvNeXt-Tiny,s3,268,-0.08681765817012477
ConvNeXt-Tiny,s3,269,-0.06686950855685803
ConvNeXt-Tiny,s3,270,-0.06960457485443983
ConvNeXt-Tiny,s3,271,-0.07387525772028358
ConvNeXt-Tiny,s3,272,-0.0717668806031665
ConvNeXt-Tiny,s3,273,-0.06841853497312
ConvNeXt-Tiny,s3,274,-0.06479560243959748
ConvNeXt-Tiny,s3,275,-0.07070231210920452
ConvNeXt-Tiny,s3,276,-0.0689342726240576
ConvNeXt-Tiny,s3,277,-0.06997566890897833
ConvNeXt-Tiny,s3,278,-0.0654571853209921
ConvNeXt-Tiny,s3,279,-0.0692781019058255
ConvNeXt-Tiny,s3,280,-0.06935510747461548
ConvNeXt-Tiny,s3,281,-0.0690251341972985
ConvNeXt-Tiny,s3,282,-0.07009780949994138
ConvNeXt-Tiny,s3,283,-0.06998894638065134
ConvNeXt-Tiny,s3,284,-0.06904539096168605
ConvNeXt-Tiny,s3,285,-0.07063431166775269
ConvNeXt-Tiny,s3,286,-0.06222221845385334
ConvNeXt-Tiny,s3,287,-0.07626144379153099
ConvNeXt-Tiny,s3,288,-0.07874106679504744
ConvNeXt-Tiny,s3,289,-0.07002877041026256
ConvNeXt-Tiny,s3,290,-0.07767796233624191
ConvNeXt-Tiny,s3,291,-0.06674225745554141
ConvNeXt-Tiny,s3,292,-0.07082190514872988
ConvNeXt-Tiny,s3,293,-0.06759731002199443
ConvNeXt-Tiny,s3,294,-0.07030887366261507
ConvNeXt-Tiny,s3,295,-0.06695062804211005
ConvNeXt-Tiny,s3,296,-0.06277959594871452
ConvNeXt-Tiny,s3,297,-0.0697247804813077
ConvNeXt-Tiny,s3,298,-0.07672516449315325
ConvNeXt-Tiny,s3,299,-0.06369881572796965
ConvNeXt-Tiny,s3,300,-0.0717290156586089
ConvNeXt-Tiny,s3,301,-0.06741705761066596
ConvNeXt-Tiny,s3,302,-0.07338638023836164
ConvNeXt-Tiny,s3,303,-0.06147639253697146
ConvNeXt-Tiny,s3,304,-0.06981378732919397
ConvNeXt-Tiny,s3,305,-0.0688759221975973
ConvNeXt-Tiny,s3,306,-0.07536703453832128
ConvNeXt-Tiny,s3,307,-0.07331921718206424
ConvNeXt-Tiny,s3,308,-0.07176424337232301
ConvNeXt-Tiny,s3,309,-0.07549294801414319
ConvNeXt-Tiny,s3,310,-0.06916193721822927
ConvNeXt-Tiny,s3,311,-0.06903243267408654
ConvNeXt-Tiny,s3,312,-0.06811294527242051
ConvNeXt-Tiny,s3,313,-0.07106930999158956
ConvNeXt-Tiny,s3,314,-0.07165883397028672
ConvNeXt-Tiny,s3,315,-0.06738835237282148
ConvNeXt-Tiny,s3,316,-0.06165086754487126
ConvNeXt-Tiny,s3,317,-0.06572215657951364
ConvNeXt-Tiny,s3,318,-0.07041526025051559
ConvNeXt-Tiny,s3,319,-0.0647216145730859
ConvNeXt-Tiny,s3,320,-0.07104959835666447
ConvNeXt-Tiny,s3,321,-0.07121643832571001
ConvNeXt-Tiny,s3,322,-0.07087015626793414
ConvNeXt-Tiny,s3,323,-0.07010062548111795
ConvNeXt-Tiny,s3,324,-0.0725558833853126
ConvNeXt-Tiny,s3,325,-0.06852411654722146
ConvNeXt-Tiny,s3,326,-0.07209218630312175
ConvNeXt-Tiny,s3,327,-0.07492339669219339
ConvNeXt-Tiny,s3,328,-0.06545867819543782
ConvNeXt-Tiny,s3,329,-0.07807978534342552
ConvNeXt-Tiny,s3,330,-0.06811541581013913
ConvNeXt-Tiny,s3,331,-0.07279962783184879
ConvNeXt-Tiny,s3,332,-0.06536233771330136
ConvNeXt-Tiny,s3,333,-0.07627308563765378
ConvNeXt-Tiny,s3,334,-0.06466213914748042
ConvNeXt-Tiny,s3,335,-0.06381343130983153
ConvNeXt-Tiny,s3,336,-0.0666139428588779
ConvNeXt-Tiny,s3,337,-0.058893338636734294
ConvNeXt-Tiny,s3,338,-0.06446600923942047
ConvNeXt-Tiny,s3,339,-0.06452069736161248
ConvNeXt-Tiny,s3,340,-0.06667830576225409
ConvNeXt-Tiny,s3,341,-0.07252912811253331
ConvNeXt-Tiny,s3,342,-0.07035549817004505
ConvNeXt-Tiny,s3,343,-0.061986424945997265
ConvNeXt-Tiny,s3,344,-0.07341085116750645
ConvNeXt-Tiny,s3,345,-0.06667049062814578
ConvNeXt-Tiny,s3,346,-0.06324210967922883
ConvNeXt-Tiny,s3,347,-0.0744092279459021
ConvNeXt-Tiny,s3,348,-0.06414451710233926
ConvNeXt-Tiny,s3,349,-0.07513253801237019
ConvNeXt-Tiny,s3,350,-0.06967973009455597
ConvNeXt-Tiny,s3,351,-0.07546592575429334
ConvNeXt-Tiny,s3,352,-0.06998337715555003
ConvNeXt-Tiny,s3,353,-0.0749514199990331
ConvNeXt-Tiny,s3,354,-0.07376208101891246
ConvNeXt-Tiny,s3,355,-0.05679534989267221
ConvNeXt-Tiny,s3,356,-0.07862707642282685
ConvNeXt-Tiny,s3,357,-0.07223144428672934
ConvNeXt-Tiny,s3,358,-0.06994197527758772
ConvNeXt-Tiny,s3,359,-0.06420727707856899
ConvNeXt-Tiny,s3,360,-0.07073099235089297
ConvNeXt-Tiny,s3,361,-0.0627017796126893
ConvNeXt-Tiny,s3,362,-0.06943339829768513
ConvNeXt-Tiny,s3,363,-0.06960521912302886
ConvNeXt-Tiny,s3,364,-0.07349036280234733
ConvNeXt-Tiny,s3,365,-0.07219394761367892
ConvNeXt-Tiny,s3,366,-0.07707336040663815
ConvNeXt-Tiny,s3,367,-0.0720719621433017
ConvNeXt-Tiny,s3,368,-0.06614397272136074
ConvNeXt-Tiny,s3,369,-0.08334201690676868
ConvNeXt-Tiny,s3,370,-0.07438972493749063
ConvNeXt-Tiny,s3,371,-0.07190711771260905
ConvNeXt-Tiny,s3,372,-0.06895838987507641
ConvNeXt-Tiny,s3,373,-0.07359223378490487
ConvNeXt-Tiny,s3,374,-0.06757573019847474
ConvNeXt-Tiny,s3,375,-0.07436194406602359
ConvNeXt-Tiny,s3,376,-0.07474239650741588
ConvNeXt-Tiny,s3,377,-0.07160910178039293
ConvNeXt-Tiny,s3,378,-0.07667757747517201
ConvNeXt-Tiny,s3,379,-0.07298097941379955
ConvNeXt-Tiny,s3,380,-0.0577118133130432
ConvNeXt-Tiny,s3,381,-0.06667948469819707
ConvNeXt-Tiny,s3,382,-0.07112013773892989
ConvNeXt-Tiny,s3,383,-0.06454824152724603
ConvNeXt-Tiny,s3,384,-0.06822895635213444
ConvNeXt-Tiny,s3,385,-0.07710958871493301
ConvNeXt-Tiny,s3,386,-0.07962409416439264
ConvNeXt-Tiny,s3,387,-0.06743224578035711
ConvNeXt-Tiny,s3,388,-0.07327835421985418
ConvNeXt-Tiny,s3,389,-0.07654538782288023
ConvNeXt-Tiny,s3,390,-0.07866840098195704
ConvNeXt-Tiny,s3,391,-0.05845783830824558
ConvNeXt-Tiny,s3,392,-0.06435065091419423
ConvNeXt-Tiny,s3,393,-0.07114572844182565
ConvNeXt-Tiny,s3,394,-0.06701846687018909
ConvNeXt-Tiny,s3,395,-0.06537440958013674
ConvNeXt-Tiny,s3,396,-0.0740497019042915
ConvNeXt-Tiny,s3,397,-0.07858053914402896
ConvNeXt-Tiny,s3,398,-0.0696814236597536
ConvNeXt-Tiny,s3,399,-0.0667353064229409
ConvNeXt-Tiny,s3,400,-0.07170696332454707
ConvNeXt-Tiny,s3,401,-0.0729213513990471
ConvNeXt-Tiny,s3,402,-0.07320370363122453
ConvNeXt-Tiny,s3,403,-0.06360556648315419
ConvNeXt-Tiny,s3,404,-0.07042496021471123
ConvNeXt-Tiny,s3,405,-0.06958109809630642
ConvNeXt-Tiny,s3,406,-0.06842747343867495
ConvNeXt-Tiny,s3,407,-0.07418006115631037
ConvNeXt-Tiny,s3,408,-0.06794585474104553
ConvNeXt-Tiny,s3,409,-0.07642867540497378
ConvNeXt-Tiny,s3,410,-0.06974711604928674
ConvNeXt-Tiny,s3,411,-0.06813945743762972
ConvNeXt-Tiny,s3,412,-0.06945726132311936
ConvNeXt-Tiny,s3,413,-0.06652822949302095
ConvNeXt-Tiny,s3,414,-0.07094433480589457
ConvNeXt-Tiny,s3,415,-0.06787583439889144
ConvNeXt-Tiny,s3,416,-0.06941149834529226
ConvNeXt-Tiny,s3,417,-0.07180407277587786
ConvNeXt-Tiny,s3,418,-0.07080704684047512
ConvNeXt-Tiny,s3,419,-0.07418798226053047
ConvNeXt-Tiny,s3,420,-0.0707112899094614
ConvNeXt-Tiny,s3,421,-0.06140239803495873
ConvNeXt-Tiny,s3,422,-0.07571966036569233
ConvNeXt-Tiny,s3,423,-0.07033383062225784
ConvNeXt-Tiny,s3,424,-0.07727330964374879
ConvNeXt-Tiny,s3,425,-0.07259914133756984
ConvNeXt-Tiny,s3,426,-0.06255928906180996
ConvNeXt-Tiny,s3,427,-0.06900345976269051
ConvNeXt-Tiny,s3,428,-0.07112967511533408
ConvNeXt-Tiny,s3,429,-0.07997736206979922
ConvNeXt-Tiny,s3,430,-0.07720714481301005
ConvNeXt-Tiny,s3,431,-0.07487485398396987
ConvNeXt-Tiny,s3,432,-0.06653802218106153
ConvNeXt-Tiny,s3,433,-0.06708372895510917
ConvNeXt-Tiny,s3,434,-0.06374391710814675
ConvNeXt-Tiny,s3,435,-0.08294009745628894
ConvNeXt-Tiny,s3,436,-0.07478679895186346
ConvNeXt-Tiny,s3,437,-0.07284416609933786
ConvNeXt-Tiny,s3,438,-0.06206599457885065
ConvNeXt-Tiny,s3,439,-0.07295730148965007
ConvNeXt-Tiny,s3,440,-0.0673401891001979
ConvNeXt-Tiny,s3,441,-0.07211354993759533
ConvNeXt-Tiny,s3,442,-0.07163604466993345
ConvNeXt-Tiny,s3,443,-0.06866883128146484
ConvNeXt-Tiny,s3,444,-0.06534902726036196
ConvNeXt-Tiny,s3,445,-0.07591281872227373
ConvNeXt-Tiny,s3,446,-0.07735642491312755
ConvNeXt-Tiny,s3,447,-0.07272783265607041
ConvNeXt-Tiny,s3,448,-0.07057707944407199
ConvNeXt-Tiny,s3,449,-0.06465013976491552
ConvNeXt-Tiny,s3,450,-0.07167904851550366
ConvNeXt-Tiny,s3,451,-0.0692452979217778
ConvNeXt-Tiny,s3,452,-0.06492094472071397
ConvNeXt-Tiny,s3,453,-0.07105772094745522
ConvNeXt-Tiny,s3,454,-0.07713227542968248
ConvNeXt-Tiny,s3,455,-0.06763178632001976
ConvNeXt-Tiny,s3,456,-0.06368051616642123
ConvNeXt-Tiny,s3,457,-0.06751290736745652
ConvNeXt-Tiny,s3,458,-0.07326919029064927
ConvNeXt-Tiny,s3,459,-0.06652844270203173
ConvNeXt-Tiny,s3,460,-0.06776377951970147
ConvNeXt-Tiny,s3,461,-0.067166794868875
ConvNeXt-Tiny,s3,462,-0.06245759724704203
ConvNeXt-Tiny,s3,463,-0.0655374385773504
ConvNeXt-Tiny,s3,464,-0.06625257375719007
ConvNeXt-Tiny,s3,465,-0.06891498611207747
ConvNeXt-Tiny,s3,466,-0.06837524200715317
ConvNeXt-Tiny,s3,467,-0.06386614366582377
ConvNeXt-Tiny,s3,468,-0.07106459142037336
ConvNeXt-Tiny,s3,469,-0.07253373943596164
ConvNeXt-Tiny,s3,470,-0.07372211230789172
ConvNeXt-Tiny,s3,471,-0.07549538691517688
ConvNeXt-Tiny,s3,472,-0.07000207916549284
ConvNeXt-Tiny,s3,473,-0.07090588990030544
ConvNeXt-Tiny,s3,474,-0.06906324340504677
ConvNeXt-Tiny,s3,475,-0.0648711983366621
ConvNeXt-Tiny,s3,476,-0.0751969269672158
ConvNeXt-Tiny,s3,477,-0.07551893292966838
ConvNeXt-Tiny,s3,478,-0.07004267407330123
ConvNeXt-Tiny,s3,479,-0.06297878956407321
ConvNeXt-Tiny,s3,480,-0.07405871035223677
ConvNeXt-Tiny,s3,481,-0.07306096805601736
ConvNeXt-Tiny,s3,482,-0.08032628735978598
ConvNeXt-Tiny,s3,483,-0.0690875154842584
ConvNeXt-Tiny,s3,484,-0.07441916145271088
ConvNeXt-Tiny,s3,485,-0.06779940356873326
ConvNeXt-Tiny,s3,486,-0.06969872201475946
ConvNeXt-Tiny,s3,487,-0.06706359983511001
ConvNeXt-Tiny,s3,488,-0.05953785713168158
ConvNeXt-Tiny,s3,489,-0.06478229598165663
ConvNeXt-Tiny,s3,490,-0.06887718503556761
ConvNeXt-Tiny,s3,491,-0.07986357468734184
ConvNeXt-Tiny,s3,492,-0.07873453012918052
ConvNeXt-Tiny,s3,493,-0.06265432361439394
ConvNeXt-Tiny,s3,494,-0.07378976145634442
ConvNeXt-Tiny,s3,495,-0.06880067932314082
ConvNeXt-Tiny,s3,496,-0.06487192760829019
ConvNeXt-Tiny,s3,497,-0.058810580360308395
ConvNeXt-Tiny,s3,498,-0.07038228572214134
ConvNeXt-Tiny,s3,499,-0.07415276123088577
ConvNeXt-Tiny,s3,500,-0.05790350710481462
ConvNeXt-Tiny,s3,501,-0.0653278288819793
ConvNeXt-Tiny,s3,502,-0.07377454085985224
ConvNeXt-Tiny,s3,503,-0.06920494564709367
ConvNeXt-Tiny,s3,504,-0.0742555622805241
ConvNeXt-Tiny,s3,505,-0.06402249081283262
ConvNeXt-Tiny,s3,506,-0.07400909825129776
ConvNeXt-Tiny,s3,507,-0.0848071396963821
ConvNeXt-Tiny,s3,508,-0.0630228766822607
ConvNeXt-Tiny,s3,509,-0.07263149004451463
ConvNeXt-Tiny,s3,510,-0.0726224999326256
ConvNeXt-Tiny,s3,511,-0.07154019566344905
ConvNeXt-Tiny,s3,512,-0.07872977870867093
ConvNeXt-Tiny,s3,513,-0.062461637437496
ConvNeXt-Tiny,s3,514,-0.07444536440616834
ConvNeXt-Tiny,s3,515,-0.07542387670355855
ConvNeXt-Tiny,s3,516,-0.07596833654589219
ConvNeXt-Tiny,s3,517,-0.07526054237336843
ConvNeXt-Tiny,s3,518,-0.06063789016156751
ConvNeXt-Tiny,s3,519,-0.06582276717235014
ConvNeXt-Tiny,s3,520,-0.07273389005812536
ConvNeXt-Tiny,s3,521,-0.07250445757890467
ConvNeXt-Tiny,s3,522,-0.062445406344486476
ConvNeXt-Tiny,s3,523,-0.06868315953735205
ConvNeXt-Tiny,s3,524,-0.060284019469806216
ConvNeXt-Tiny,s3,525,-0.06261951527438314
ConvNeXt-Tiny,s3,526,-0.06892206155588876
ConvNeXt-Tiny,s3,527,-0.06768299143609047
ConvNeXt-Tiny,s3,528,-0.06474525805836706
ConvNeXt-Tiny,s3,529,-0.06735854000627883
ConvNeXt-Tiny,s3,530,-0.054834147729469596
ConvNeXt-Tiny,s3,531,-0.07344246935311893
ConvNeXt-Tiny,s3,532,-0.06715362037509198
ConvNeXt-Tiny,s3,533,-0.07099425974390183
ConvNeXt-Tiny,s3,534,-0.07421580681542894
ConvNeXt-Tiny,s3,535,-0.0688042067885487
ConvNeXt-Tiny,s3,536,-0.059911882839083
ConvNeXt-Tiny,s3,537,-0.06683199299894926
ConvNeXt-Tiny,s3,538,-0.06607930644175197
ConvNeXt-Tiny,s3,539,-0.06940649654301856
ConvNeXt-Tiny,s3,540,-0.0710654598709799
ConvNeXt-Tiny,s3,541,-0.06652142436053143
ConvNeXt-Tiny,s3,542,-0.07066421208952967
ConvNeXt-Tiny,s3,543,-0.06441725183866676
ConvNeXt-Tiny,s3,544,-0.0721342327641501
ConvNeXt-Tiny,s3,545,-0.0686801710409144
ConvNeXt-Tiny,s3,546,-0.06703981535531933
ConvNeXt-Tiny,s3,547,-0.07227643981745802
ConvNeXt-Tiny,s3,548,-0.06191354562180529
ConvNeXt-Tiny,s3,549,-0.0677931856039482
ConvNeXt-Tiny,s3,550,-0.066311201658241
ConvNeXt-Tiny,s3,551,-0.07331109913176981
ConvNeXt-Tiny,s3,552,-0.06156984993678394
ConvNeXt-Tiny,s3,553,-0.07732054964758572
ConvNeXt-Tiny,s3,554,-0.07326246398860115
ConvNeXt-Tiny,s3,555,-0.0731652774194258
ConvNeXt-Tiny,s3,556,-0.06918243251140499
ConvNeXt-Tiny,s3,557,-0.07594820287168569
ConvNeXt-Tiny,s3,558,-0.07521489716260576
ConvNeXt-Tiny,s3,559,-0.06766847432252188
ConvNeXt-Tiny,s3,560,-0.06978007053991997
ConvNeXt-Tiny,s3,561,-0.07806841367913087
ConvNeXt-Tiny,s3,562,-0.0681869505681788
ConvNeXt-Tiny,s3,563,-0.06802256524581995
ConvNeXt-Tiny,s3,564,-0.07781623380171965
ConvNeXt-Tiny,s3,565,-0.06821981654199938
ConvNeXt-Tiny,s3,566,-0.06464564561576025
ConvNeXt-Tiny,s3,567,-0.06933921673240251
ConvNeXt-Tiny,s3,568,-0.07544459321077601
ConvNeXt-Tiny,s3,569,-0.06626358597795201
ConvNeXt-Tiny,s3,570,-0.07595790066282893
ConvNeXt-Tiny,s3,571,-0.06477084055153948
ConvNeXt-Tiny,s3,572,-0.07108215442245236
ConvNeXt-Tiny,s3,573,-0.06969370525333118
ConvNeXt-Tiny,s3,574,-0.06901442762161192
ConvNeXt-Tiny,s3,575,-0.07517644210727004
ConvNeXt-Tiny,s3,576,-0.06308364839272995
ConvNeXt-Tiny,s3,577,-0.0675456648322934
ConvNeXt-Tiny,s3,578,-0.07281052605367822
ConvNeXt-Tiny,s3,579,-0.06550150834549373
ConvNeXt-Tiny,s3,580,-0.06428244274174255
ConvNeXt-Tiny,s3,581,-0.06985152976601305
ConvNeXt-Tiny,s3,582,-0.06503144865533994
ConvNeXt-Tiny,s3,583,-0.07430817191857852
ConvNeXt-Tiny,s3,584,-0.07092416199569351
ConvNeXt-Tiny,s3,585,-0.0743343336536455
ConvNeXt-Tiny,s3,586,-0.07580340641030903
ConvNeXt-Tiny,s3,587,-0.058072268147213
ConvNeXt-Tiny,s3,588,-0.06682948509567588
ConvNeXt-Tiny,s3,589,-0.08094192654056898
ConvNeXt-Tiny,s3,590,-0.07384126535138624
ConvNeXt-Tiny,s3,591,-0.07241190860236812
ConvNeXt-Tiny,s3,592,-0.07193569072323813
ConvNeXt-Tiny,s3,593,-0.076679310040904
ConvNeXt-Tiny,s3,594,-0.07100488191523757
ConvNeXt-Tiny,s3,595,-0.07556391160623788
ConvNeXt-Tiny,s3,596,-0.07165088744977033
ConvNeXt-Tiny,s3,597,-0.062192187990625314
ConvNeXt-Tiny,s3,598,-0.07001362011484968
ConvNeXt-Tiny,s3,599,-0.07329318505746651
ConvNeXt-Tiny,s3,600,-0.07455048201367609
ConvNeXt-Tiny,s3,601,-0.06866536356638842
ConvNeXt-Tiny,s3,602,-0.06955670168674732
ConvNeXt-Tiny,s3,603,-0.07288443576886894
ConvNeXt-Tiny,s3,604,-0.06774000478930298
ConvNeXt-Tiny,s3,605,-0.06404349255769992
ConvNeXt-Tiny,s3,606,-0.0777139589414525
ConvNeXt-Tiny,s3,607,-0.07386663224481671
ConvNeXt-Tiny,s3,608,-0.0759739755770964
ConvNeXt-Tiny,s3,609,-0.07154074701957314
ConvNeXt-Tiny,s3,610,-0.06937338108309721
ConvNeXt-Tiny,s3,611,-0.06921950511669084
ConvNeXt-Tiny,s3,612,-0.06183279699158284
ConvNeXt-Tiny,s3,613,-0.07104324427674058
ConvNeXt-Tiny,s3,614,-0.0678493520042659
ConvNeXt-Tiny,s3,615,-0.06391953245018067
ConvNeXt-Tiny,s3,616,-0.06635463657587981
ConvNeXt-Tiny,s3,617,-0.07205211207844797
ConvNeXt-Tiny,s3,618,-0.0657569047165748
ConvNeXt-Tiny,s3,619,-0.07392840014436541
ConvNeXt-Tiny,s3,620,-0.07204344188734646
ConvNeXt-Tiny,s3,621,-0.07403016697486198
ConvNeXt-Tiny,s3,622,-0.06856001718849813
ConvNeXt-Tiny,s3,623,-0.0683202063110766
ConvNeXt-Tiny,s3,624,-0.06981617920262762
ConvNeXt-Tiny,s3,625,-0.07893775998517794
ConvNeXt-Tiny,s3,626,-0.07299419774222848
ConvNeXt-Tiny,s3,627,-0.06761826437013352
ConvNeXt-Tiny,s3,628,-0.07330449183709875
ConvNeXt-Tiny,s3,629,-0.07570599336715234
ConvNeXt-Tiny,s3,630,-0.06515457261296509
ConvNeXt-Tiny,s3,631,-0.07961878843649361
ConvNeXt-Tiny,s3,632,-0.06380117048110256
ConvNeXt-Tiny,s3,633,-0.06823395949456545
ConvNeXt-Tiny,s3,634,-0.06735910647654686
ConvNeXt-Tiny,s3,635,-0.06563011609218772
ConvNeXt-Tiny,s3,636,-0.065816481143119
ConvNeXt-Tiny,s3,637,-0.0633160786221727
ConvNeXt-Tiny,s3,638,-0.07781542040808886
ConvNeXt-Tiny,s3,639,-0.07355407357807409
ConvNeXt-Tiny,s3,640,-0.06864737198748172
ConvNeXt-Tiny,s3,641,-0.06647117426377724
ConvNeXt-Tiny,s3,642,-0.07869831961972751
ConvNeXt-Tiny,s3,643,-0.07924462965963752
ConvNeXt-Tiny,s3,644,-0.07631769293777713
ConvNeXt-Tiny,s3,645,-0.07205595288712108
ConvNeXt-Tiny,s3,646,-0.06841322090518864
ConvNeXt-Tiny,s3,647,-0.06477608192943651
ConvNeXt-Tiny,s3,648,-0.06868188692371235
ConvNeXt-Tiny,s3,649,-0.06420309246081646
ConvNeXt-Tiny,s3,650,-0.06452998065521753
ConvNeXt-Tiny,s3,651,-0.06854502277408359
ConvNeXt-Tiny,s3,652,-0.06697440853764824
ConvNeXt-Tiny,s3,653,-0.06917906896598369
ConvNeXt-Tiny,s3,654,-0.06785181375588567
ConvNeXt-Tiny,s3,655,-0.07144856318034898
ConvNeXt-Tiny,s3,656,-0.07051069543115995
ConvNeXt-Tiny,s3,657,-0.06881002473455222
ConvNeXt-Tiny,s3,658,-0.07735528373599765
ConvNeXt-Tiny,s3,659,-0.06678662863634388
ConvNeXt-Tiny,s3,660,-0.06980222909754996
ConvNeXt-Tiny,s3,661,-0.07830583341899511
ConvNeXt-Tiny,s3,662,-0.06684839062416392
ConvNeXt-Tiny,s3,663,-0.0688646471273624
ConvNeXt-Tiny,s3,664,-0.0646217167023494
ConvNeXt-Tiny,s3,665,-0.06605984100389084
ConvNeXt-Tiny,s3,666,-0.06856081408255876
ConvNeXt-Tiny,s3,667,-0.07056510592437193
ConvNeXt-Tiny,s3,668,-0.0661043277265213
ConvNeXt-Tiny,s3,669,-0.08612454174699047
ConvNeXt-Tiny,s3,670,-0.07269580985891477
ConvNeXt-Tiny,s3,671,-0.06481323365952463
ConvNeXt-Tiny,s3,672,-0.07561560633353415
ConvNeXt-Tiny,s3,673,-0.06836040472528626
ConvNeXt-Tiny,s3,674,-0.06562375152392963
ConvNeXt-Tiny,s3,675,-0.06176402547898974
ConvNeXt-Tiny,s3,676,-0.07259853787770842
ConvNeXt-Tiny,s3,677,-0.06755656567766555
ConvNeXt-Tiny,s3,678,-0.07516553069439003
ConvNeXt-Tiny,s3,679,-0.06567748596380796
ConvNeXt-Tiny,s3,680,-0.07441782548554088
ConvNeXt-Tiny,s3,681,-0.06689866386006638
ConvNeXt-Tiny,s3,682,-0.07459964917977524
ConvNeXt-Tiny,s3,683,-0.07320672901817149
ConvNeXt-Tiny,s3,684,-0.07579455129519508
ConvNeXt-Tiny,s3,685,-0.0730479848416653
ConvNeXt-Tiny,s3,686,-0.07078322496220923
ConvNeXt-Tiny,s3,687,-0.0778500738481942
ConvNeXt-Tiny,s3,688,-0.06937925140350854
ConvNeXt-Tiny,s3,689,-0.07978610787406382
ConvNeXt-Tiny,s3,690,-0.06386987850295678
ConvNeXt-Tiny,s3,691,-0.0659665787135012
ConvNeXt-Tiny,s3,692,-0.07641201968724243
ConvNeXt-Tiny,s3,693,-0.06721194000495945
ConvNeXt-Tiny,s3,694,-0.060815521162744135
ConvNeXt-Tiny,s3,695,-0.05568063659443179
ConvNeXt-Tiny,s3,696,-0.07469319566286725
ConvNeXt-Tiny,s3,697,-0.06123091350047927
ConvNeXt-Tiny,s3,698,-0.06992674485636041
ConvNeXt-Tiny,s3,699,-0.06563072420213933
ConvNeXt-Tiny,s3,700,-0.07110148279006134
ConvNeXt-Tiny,s3,701,-0.07263695113853774
ConvNeXt-Tiny,s3,702,-0.0663412791614123
ConvNeXt-Tiny,s3,703,-0.07090111018140077
ConvNeXt-Tiny,s3,704,-0.07657349706537997
ConvNeXt-Tiny,s3,705,-0.06921762612949378
ConvNeXt-Tiny,s3,706,-0.07288224276593924
ConvNeXt-Tiny,s3,707,-0.07582170679675637
ConvNeXt-Tiny,s3,708,-0.05912965795380143
ConvNeXt-Tiny,s3,709,-0.06705905007033797
ConvNeXt-Tiny,s3,710,-0.06222887380197861
ConvNeXt-Tiny,s3,711,-0.07099167464826128
ConvNeXt-Tiny,s3,712,-0.07726353525477636
ConvNeXt-Tiny,s3,713,-0.07523263725057161
ConvNeXt-Tiny,s3,714,-0.06798817368279197
ConvNeXt-Tiny,s3,715,-0.0720285373337215
ConvNeXt-Tiny,s3,716,-0.0689950039625351
ConvNeXt-Tiny,s3,717,-0.07165485340452893
ConvNeXt-Tiny,s3,718,-0.06786066252491985
ConvNeXt-Tiny,s3,719,-0.06285528442277122
ConvNeXt-Tiny,s3,720,-0.07228612811678792
ConvNeXt-Tiny,s3,721,-0.06906746642263317
ConvNeXt-Tiny,s3,722,-0.06752890746729467
ConvNeXt-Tiny,s3,723,-0.07495524665047959
ConvNeXt-Tiny,s3,724,-0.06476436376005623
ConvNeXt-Tiny,s3,725,-0.070097069382423
ConvNeXt-Tiny,s3,726,-0.0796047403370117
ConvNeXt-Tiny,s3,727,-0.07238779049869293
ConvNeXt-Tiny,s3,728,-0.0673807720953723
ConvNeXt-Tiny,s3,729,-0.06082123220366553
ConvNeXt-Tiny,s3,730,-0.0773905465298882
ConvNeXt-Tiny,s3,731,-0.06477222756429635
ConvNeXt-Tiny,s3,732,-0.072019192423181
ConvNeXt-Tiny,s3,733,-0.06914351800916585
ConvNeXt-Tiny,s3,734,-0.07783627838867302
ConvNeXt-Tiny,s3,735,-0.07339759323578798
ConvNeXt-Tiny,s3,736,-0.07393991157091562
ConvNeXt-Tiny,s3,737,-0.06862792152739394
ConvNeXt-Tiny,s3,738,-0.06799412323299792
ConvNeXt-Tiny,s3,739,-0.07421575291624094
ConvNeXt-Tiny,s3,740,-0.07127701590558067
ConvNeXt-Tiny,s3,741,-0.06654134626363295
ConvNeXt-Tiny,s3,742,-0.07236895069277405
ConvNeXt-Tiny,s3,743,-0.06703696599887654
ConvNeXt-Tiny,s3,744,-0.06685126216591408
ConvNeXt-Tiny,s3,745,-0.0710139212213996
ConvNeXt-Tiny,s3,746,-0.07035163106324749
ConvNeXt-Tiny,s3,747,-0.06524867337010021
ConvNeXt-Tiny,s3,748,-0.07013472851328362
ConvNeXt-Tiny,s3,749,-0.07432944457840418
ConvNeXt-Tiny,s3,750,-0.07425926952217887
ConvNeXt-Tiny,s3,751,-0.06612784244131376
ConvNeXt-Tiny,s3,752,-0.06975188284506018
ConvNeXt-Tiny,s3,753,-0.07407218546085526
ConvNeXt-Tiny,s3,754,-0.07686637749131908
ConvNeXt-Tiny,s3,755,-0.07450976087556738
ConvNeXt-Tiny,s3,756,-0.0737461004482648
ConvNeXt-Tiny,s3,757,-0.06333163365984329
ConvNeXt-Tiny,s3,758,-0.0684647949158681
ConvNeXt-Tiny,s3,759,-0.07074091854992182
ConvNeXt-Tiny,s3,760,-0.07340112634948637
ConvNeXt-Tiny,s3,761,-0.06767140643878278
ConvNeXt-Tiny,s3,762,-0.06185588309583623
ConvNeXt-Tiny,s3,763,-0.06427244662870424
ConvNeXt-Tiny,s3,764,-0.06979048148077016
ConvNeXt-Tiny,s3,765,-0.07434628463708182
ConvNeXt-Tiny,s3,766,-0.07298240809432244
ConvNeXt-Tiny,s3,767,-0.06700290286018806
ConvNeXt-Tiny,s3,768,-0.06926859824894693
ConvNeXt-Tiny,s3,769,-0.0674859465808314
ConvNeXt-Tiny,s3,770,-0.06394278147407684
ConvNeXt-Tiny,s3,771,-0.07590482462033177
ConvNeXt-Tiny,s3,772,-0.06770132590418643
ConvNeXt-Tiny,s3,773,-0.07331881619946345
ConvNeXt-Tiny,s3,774,-0.06418799292825339
ConvNeXt-Tiny,s3,775,-0.0744565726097618
ConvNeXt-Tiny,s3,776,-0.06944595271080878
ConvNeXt-Tiny,s3,777,-0.06753964975496052
ConvNeXt-Tiny,s3,778,-0.0702338727011631
ConvNeXt-Tiny,s3,779,-0.07310513279791842
ConvNeXt-Tiny,s3,780,-0.07048079967082987
ConvNeXt-Tiny,s3,781,-0.06924374433200842
ConvNeXt-Tiny,s3,782,-0.0697895809641581
ConvNeXt-Tiny,s3,783,-0.06739636641550295
ConvNeXt-Tiny,s3,784,-0.06517891275647036
ConvNeXt-Tiny,s3,785,-0.0642519341175889
ConvNeXt-Tiny,s3,786,-0.07413788158317414
ConvNeXt-Tiny,s3,787,-0.06741665477195458
ConvNeXt-Tiny,s3,788,-0.05992262170405971
ConvNeXt-Tiny,s3,789,-0.07300158711385296
ConvNeXt-Tiny,s3,790,-0.059564540782330866
ConvNeXt-Tiny,s3,791,-0.06559728771255513
ConvNeXt-Tiny,s3,792,-0.06410886697966234
ConvNeXt-Tiny,s3,793,-0.06930949141953258
ConvNeXt-Tiny,s3,794,-0.07081182999921787
ConvNeXt-Tiny,s3,795,-0.05986846063316831
ConvNeXt-Tiny,s3,796,-0.06900640679231695
ConvNeXt-Tiny,s3,797,-0.07351158721955497
ConvNeXt-Tiny,s3,798,-0.06483395756779076
ConvNeXt-Tiny,s3,799,-0.07565726490600577
ConvNeXt-Tiny,s3,800,-0.06996452893068117
ConvNeXt-Tiny,s3,801,-0.07558250823767165
ConvNeXt-Tiny,s3,802,-0.060460925076406435
ConvNeXt-Tiny,s3,803,-0.06666513414726694
ConvNeXt-Tiny,s3,804,-0.07302765231567976
ConvNeXt-Tiny,s3,805,-0.068913832858017
ConvNeXt-Tiny,s3,806,-0.06269996378347287
ConvNeXt-Tiny,s3,807,-0.0672194455552716
ConvNeXt-Tiny,s3,808,-0.06821556094893888
ConvNeXt-Tiny,s3,809,-0.05911734817998382
ConvNeXt-Tiny,s3,810,-0.06364164521940374
ConvNeXt-Tiny,s3,811,-0.06738935461642515
ConvNeXt-Tiny,s3,812,-0.06139937743424795
ConvNeXt-Tiny,s3,813,-0.06787851648936072
ConvNeXt-Tiny,s3,814,-0.06846513147909306
ConvNeXt-Tiny,s3,815,-0.06936789763235574
ConvNeXt-Tiny,s3,816,-0.06951746778179979
ConvNeXt-Tiny,s3,817,-0.07967991521998685
ConvNeXt-Tiny,s3,818,-0.06924224163632209
ConvNeXt-Tiny,s3,819,-0.06893212525873349
ConvNeXt-Tiny,s3,820,-0.0630066928953883
ConvNeXt-Tiny,s3,821,-0.07286695114275066
ConvNeXt-Tiny,s3,822,-0.06770694314804937
ConvNeXt-Tiny,s3,823,-0.07253103095125324
ConvNeXt-Tiny,s3,824,-0.06543940992745312
ConvNeXt-Tiny,s3,825,-0.06305790874175277
ConvNeXt-Tiny,s3,826,-0.06535328588589506
ConvNeXt-Tiny,s3,827,-0.06704680486073344
ConvNeXt-Tiny,s3,828,-0.06598816259529339
ConvNeXt-Tiny,s3,829,-0.06682107790658154
ConvNeXt-Tiny,s3,830,-0.0758765339363433
ConvNeXt-Tiny,s3,831,-0.07246887055548645
ConvNeXt-Tiny,s3,832,-0.07141562592002715
ConvNeXt-Tiny,s3,833,-0.074120268328415
ConvNeXt-Tiny,s3,834,-0.06625162752590741
ConvNeXt-Tiny,s3,835,-0.06898754717471789
ConvNeXt-Tiny,s3,836,-0.07233340762398177
ConvNeXt-Tiny,s3,837,-0.07084282707110634
ConvNeXt-Tiny,s3,838,-0.07386041089766215
ConvNeXt-Tiny,s3,839,-0.07150805822132789
ConvNeXt-Tiny,s3,840,-0.06912868074313694
ConvNeXt-Tiny,s3,841,-0.06766374609854953
ConvNeXt-Tiny,s3,842,-0.07013328541696628
ConvNeXt-Tiny,s3,843,-0.06813660537412447
ConvNeXt-Tiny,s3,844,-0.06824247992421184
ConvNeXt-Tiny,s3,845,-0.06753693357888602
ConvNeXt-Tiny,s3,846,-0.07132529196965243
ConvNeXt-Tiny,s3,847,-0.06968735673739324
ConvNeXt-Tiny,s3,848,-0.0746518780116906
ConvNeXt-Tiny,s3,849,-0.0658826195739326
ConvNeXt-Tiny,s3,850,-0.06736323648677611
ConvNeXt-Tiny,s3,851,-0.06655923992339752
ConvNeXt-Tiny,s3,852,-0.07215005633590554
ConvNeXt-Tiny,s3,853,-0.06899363591878893
ConvNeXt-Tiny,s3,854,-0.07197124977947555
ConvNeXt-Tiny,s3,855,-0.07672341946817096
ConvNeXt-Tiny,s3,856,-0.0726317817888239
ConvNeXt-Tiny,s3,857,-0.0645077749787194
ConvNeXt-Tiny,s3,858,-0.07023478304797004
ConvNeXt-Tiny,s3,859,-0.0766702425895005
ConvNeXt-Tiny,s3,860,-0.06873364246693248
ConvNeXt-Tiny,s3,861,-0.06576439899848618
ConvNeXt-Tiny,s3,862,-0.06952388942310428
ConvNeXt-Tiny,s3,863,-0.07226931471906506
ConvNeXt-Tiny,s3,864,-0.06770217129255918
ConvNeXt-Tiny,s3,865,-0.06656218264936575
ConvNeXt-Tiny,s3,866,-0.06530879511067389
ConvNeXt-Tiny,s3,867,-0.0670943833597819
ConvNeXt-Tiny,s3,868,-0.07014247982720534
ConvNeXt-Tiny,s3,869,-0.06964924191479449
ConvNeXt-Tiny,s3,870,-0.07370901152299003
ConvNeXt-Tiny,s3,871,-0.07099826521247288
ConvNeXt-Tiny,s3,872,-0.07093645616804611
ConvNeXt-Tiny,s3,873,-0.074693210579024
ConvNeXt-Tiny,s3,874,-0.0727057063813249
ConvNeXt-Tiny,s3,875,-0.07497839194507983
ConvNeXt-Tiny,s3,876,-0.07010555629453796
ConvNeXt-Tiny,s3,877,-0.07147327065951381
ConvNeXt-Tiny,s3,878,-0.0680252267906738
ConvNeXt-Tiny,s3,879,-0.07601444033933824
ConvNeXt-Tiny,s3,880,-0.07181051219995749
ConvNeXt-Tiny,s3,881,-0.07052174818087864
ConvNeXt-Tiny,s3,882,-0.06848105320665865
ConvNeXt-Tiny,s3,883,-0.0776117838323448
ConvNeXt-Tiny,s3,884,-0.06773197646181084
ConvNeXt-Tiny,s3,885,-0.06631536294073448
ConvNeXt-Tiny,s3,886,-0.0661349481111454
ConvNeXt-Tiny,s3,887,-0.06731471027649949
ConvNeXt-Tiny,s3,888,-0.06961960364302433
ConvNeXt-Tiny,s3,889,-0.07196875973077865
ConvNeXt-Tiny,s3,890,-0.056762262230803606
ConvNeXt-Tiny,s3,891,-0.06550143697691635
ConvNeXt-Tiny,s3,892,-0.06574725203770082
ConvNeXt-Tiny,s3,893,-0.06968068151322604
ConvNeXt-Tiny,s3,894,-0.07225583917533296
ConvNeXt-Tiny,s3,895,-0.07100128417255336
ConvNeXt-Tiny,s3,896,-0.0682489491209004
ConvNeXt-Tiny,s3,897,-0.06738645215887162
ConvNeXt-Tiny,s3,898,-0.07039019028472626
ConvNeXt-Tiny,s3,899,-0.0687740196792298
ConvNeXt-Tiny,s3,900,-0.07347094971881218
ConvNeXt-Tiny,s3,901,-0.07430957647147529
ConvNeXt-Tiny,s3,902,-0.07077967195230617
ConvNeXt-Tiny,s3,903,-0.07051612571655674
ConvNeXt-Tiny,s3,904,-0.0709363335479265
ConvNeXt-Tiny,s3,905,-0.06225931176221411
ConvNeXt-Tiny,s3,906,-0.0711568785044916
ConvNeXt-Tiny,s3,907,-0.064113641792504
ConvNeXt-Tiny,s3,908,-0.07418726762960104
ConvNeXt-Tiny,s3,909,-0.0724752724641613
ConvNeXt-Tiny,s3,910,-0.06721852790988414
ConvNeXt-Tiny,s3,911,-0.07070195305639282
ConvNeXt-Tiny,s3,912,-0.07444634409190143
ConvNeXt-Tiny,s3,913,-0.06632278367756927
ConvNeXt-Tiny,s3,914,-0.07004650654054456
ConvNeXt-Tiny,s3,915,-0.07947042110442304
ConvNeXt-Tiny,s3,916,-0.06692738533925369
ConvNeXt-Tiny,s3,917,-0.06309489959473669
ConvNeXt-Tiny,s3,918,-0.06731077867527091
ConvNeXt-Tiny,s3,919,-0.06843286625380673
ConvNeXt-Tiny,s3,920,-0.0692302134559859
ConvNeXt-Tiny,s3,921,-0.06814830836384878
ConvNeXt-Tiny,s3,922,-0.07456197161424682
ConvNeXt-Tiny,s3,923,-0.07717471645812524
ConvNeXt-Tiny,s3,924,-0.0625592161555264
ConvNeXt-Tiny,s3,925,-0.07199728689948237
ConvNeXt-Tiny,s3,926,-0.0712206921712939
ConvNeXt-Tiny,s3,927,-0.06743105644718361
ConvNeXt-Tiny,s3,928,-0.06103470443955861
ConvNeXt-Tiny,s3,929,-0.06601026175505642
ConvNeXt-Tiny,s3,930,-0.06917169095909093
ConvNeXt-Tiny,s3,931,-0.08065114238998294
ConvNeXt-Tiny,s3,932,-0.06991957241284197
ConvNeXt-Tiny,s3,933,-0.07365135883891383
ConvNeXt-Tiny,s3,934,-0.08131083381748327
ConvNeXt-Tiny,s3,935,-0.06840614301911607
ConvNeXt-Tiny,s3,936,-0.07004023061293063
ConvNeXt-Tiny,s3,937,-0.06198135404735661
ConvNeXt-Tiny,s3,938,-0.07105782496873247
ConvNeXt-Tiny,s3,939,-0.07931793355059402
ConvNeXt-Tiny,s3,940,-0.06695207512154788
ConvNeXt-Tiny,s3,941,-0.06981454299115153
ConvNeXt-Tiny,s3,942,-0.05704817243208127
ConvNeXt-Tiny,s3,943,-0.07197568051240344
ConvNeXt-Tiny,s3,944,-0.0641124179301571
ConvNeXt-Tiny,s3,945,-0.07287509113318524
ConvNeXt-Tiny,s3,946,-0.06936439077287115
ConvNeXt-Tiny,s3,947,-0.06323204370775226
ConvNeXt-Tiny,s3,948,-0.0725321444060133
ConvNeXt-Tiny,s3,949,-0.06456671557961635
ConvNeXt-Tiny,s3,950,-0.07451730010549229
ConvNeXt-Tiny,s3,951,-0.07019951640511213
ConvNeXt-Tiny,s3,952,-0.07971503862781204
ConvNeXt-Tiny,s3,953,-0.06969863536651799
ConvNeXt-Tiny,s3,954,-0.07314246494830878
ConvNeXt-Tiny,s3,955,-0.06012311510050472
ConvNeXt-Tiny,s3,956,-0.07011170806287503
ConvNeXt-Tiny,s3,957,-0.06449010722022586
ConvNeXt-Tiny,s3,958,-0.06934032439303117
ConvNeXt-Tiny,s3,959,-0.06967721773244384
ConvNeXt-Tiny,s3,960,-0.06700712774554152
ConvNeXt-Tiny,s3,961,-0.05947245578518512
ConvNeXt-Tiny,s3,962,-0.07505170878511036
ConvNeXt-Tiny,s3,963,-0.06876570703190654
ConvNeXt-Tiny,s3,964,-0.07607799492435952
ConvNeXt-Tiny,s3,965,-0.07540256432500048
ConvNeXt-Tiny,s3,966,-0.07093181528215153
ConvNeXt-Tiny,s3,967,-0.0675128481219247
ConvNeXt-Tiny,s3,968,-0.07724360138332642
ConvNeXt-Tiny,s3,969,-0.07764862659587113
ConvNeXt-Tiny,s3,970,-0.06542058128188188
ConvNeXt-Tiny,s3,971,-0.061256736719453087
ConvNeXt-Tiny,s3,972,-0.07019664461291808
ConvNeXt-Tiny,s3,973,-0.07211260513353268
ConvNeXt-Tiny,s3,974,-0.06520244211501303
ConvNeXt-Tiny,s3,975,-0.06785821654578872
ConvNeXt-Tiny,s3,976,-0.06743048282236852
ConvNeXt-Tiny,s3,977,-0.07117245395211547
ConvNeXt-Tiny,s3,978,-0.06942453810079385
ConvNeXt-Tiny,s3,979,-0.06650635339274436
ConvNeXt-Tiny,s3,980,-0.07632624787572362
ConvNeXt-Tiny,s3,981,-0.07306312355199895
ConvNeXt-Tiny,s3,982,-0.07003355357130814
ConvNeXt-Tiny,s3,983,-0.06690287180564647
ConvNeXt-Tiny,s3,984,-0.07159585765718879
ConvNeXt-Tiny,s3,985,-0.07450664533057938
ConvNeXt-Tiny,s3,986,-0.06873101698798056
ConvNeXt-Tiny,s3,987,-0.06543064136145749
ConvNeXt-Tiny,s3,988,-0.06617474825428582
ConvNeXt-Tiny,s3,989,-0.06536953377387711
ConvNeXt-Tiny,s3,990,-0.07060086563060497
ConvNeXt-Tiny,s3,991,-0.054867633522161396
ConvNeXt-Tiny,s3,992,-0.07618782767713095
ConvNeXt-Tiny,s3,993,-0.07070581486876781
ConvNeXt-Tiny,s3,994,-0.0736224246161068
ConvNeXt-Tiny,s3,995,-0.06398181478667175
ConvNeXt-Tiny,s3,996,-0.06853851964162605
ConvNeXt-Tiny,s3,997,-0.0702484966146476
ConvNeXt-Tiny,s3,998,-0.070917627427867
ConvNeXt-Tiny,s3,999,-0.06650315428010256
ConvNeXt-Tiny,s4,0,0.014837911528548964
ConvNeXt-Tiny,s4,1,0.003071044587129479
ConvNeXt-Tiny,s4,2,-0.0018856863455635198
ConvNeXt-Tiny,s4,3,0.01922980889504322
ConvNeXt-Tiny,s4,4,0.0087366665351587
ConvNeXt-Tiny,s4,5,0.024537766929509708
ConvNeXt-Tiny,s4,6,0.0018785161023104902
ConvNeXt-Tiny,s4,7,0.010215878046026194
ConvNeXt-Tiny,s4,8,0.005327293245886211
ConvNeXt-Tiny,s4,9,0.02694621904652683
ConvNeXt-Tiny,s4,10,-0.00041961156872050154
ConvNeXt-Tiny,s4,11,0.011456551046678753
ConvNeXt-Tiny,s4,12,0.009480736854270422
ConvNeXt-Tiny,s4,13,0.005246720981052833
ConvNeXt-Tiny,s4,14,-0.0014129277207444169
ConvNeXt-Tiny,s4,15,-0.0014678740778657495
ConvNeXt-Tiny,s4,16,-0.0012937840726376937
ConvNeXt-Tiny,s4,17,0.021011796416872563
ConvNeXt-Tiny,s4,18,-0.0038277761429135193
ConvNeXt-Tiny,s4,19,0.015292390201380734
ConvNeXt-Tiny,s4,20,-0.005643835752733639
ConvNeXt-Tiny,s4,21,0.001255560727098315
ConvNeXt-Tiny,s4,22,0.0035296740667867255
ConvNeXt-Tiny,s4,23,-0.00912677962994457
ConvNeXt-Tiny,s4,24,0.004692128224035419
ConvNeXt-Tiny,s4,25,0.008324052656746517
ConvNeXt-Tiny,s4,26,0.0008881468360253386
ConvNeXt-Tiny,s4,27,0.010320660777682233
ConvNeXt-Tiny,s4,28,0.002999517974995758
ConvNeXt-Tiny,s4,29,0.0032669440432328
ConvNeXt-Tiny,s4,30,0.0069414431127468035
ConvNeXt-Tiny,s4,31,0.011168236906756834
ConvNeXt-Tiny,s4,32,0.0006976209729212535
ConvNeXt-Tiny,s4,33,0.011235234420221563
ConvNeXt-Tiny,s4,34,0.006405216510637413
ConvNeXt-Tiny,s4,35,-0.0010458114896185755
ConvNeXt-Tiny,s4,36,0.007761025843847857
ConvNeXt-Tiny,s4,37,0.00021749164793893883
ConvNeXt-Tiny,s4,38,-0.00948737391144494
ConvNeXt-Tiny,s4,39,0.004152485372458492
ConvNeXt-Tiny,s4,40,0.00033986142118802576
ConvNeXt-Tiny,s4,41,0.0008085724848472253
ConvNeXt-Tiny,s4,42,0.010586799787894785
ConvNeXt-Tiny,s4,43,0.01091820539653543
ConvNeXt-Tiny,s4,44,0.010062527761083517
ConvNeXt-Tiny,s4,45,0.014512091529233828
ConvNeXt-Tiny,s4,46,0.017087762224461844
ConvNeXt-Tiny,s4,47,0.004584032636063329
ConvNeXt-Tiny,s4,48,0.013146815475579277
ConvNeXt-Tiny,s4,49,-0.004837647588367466
ConvNeXt-Tiny,s4,50,0.005906726152544062
ConvNeXt-Tiny,s4,51,0.0023333145931163646
ConvNeXt-Tiny,s4,52,0.006269592921583467
ConvNeXt-Tiny,s4,53,0.006495750836924996
ConvNeXt-Tiny,s4,54,0.013697690058811607
ConvNeXt-Tiny,s4,55,0.0014480946177556353
ConvNeXt-Tiny,s4,56,0.014208822416089784
ConvNeXt-Tiny,s4,57,-0.006302764309068398
ConvNeXt-Tiny,s4,58,0.004675825720806492
ConvNeXt-Tiny,s4,59,0.003526929055991168
ConvNeXt-Tiny,s4,60,8.372478377316472e-05
ConvNeXt-Tiny,s4,61,0.002000933393906279
ConvNeXt-Tiny,s4,62,0.008355996005284028
ConvNeXt-Tiny,s4,63,-0.006623692183358343
ConvNeXt-Tiny,s4,64,0.01935056980030736
ConvNeXt-Tiny,s4,65,0.008349302069545872
ConvNeXt-Tiny,s4,66,0.01970437938323244
ConvNeXt-Tiny,s4,67,0.01580406691167724
ConvNeXt-Tiny,s4,68,0.0026282049810218977
ConvNeXt-Tiny,s4,69,0.005087824043431999
ConvNeXt-Tiny,s4,70,0.0008752479916207534
ConvNeXt-Tiny,s4,71,0.012615505243342318
ConvNeXt-Tiny,s4,72,0.010872619204297274
ConvNeXt-Tiny,s4,73,0.013225493828222468
ConvNeXt-Tiny,s4,74,0.008989503006567423
ConvNeXt-Tiny,s4,75,-0.0010174771858287857
ConvNeXt-Tiny,s4,76,-5.0161047321028995e-05
ConvNeXt-Tiny,s4,77,0.008672173072980183
ConvNeXt-Tiny,s4,78,0.00940546692380373
ConvNeXt-Tiny,s4,79,-0.0016965088482512325
ConvNeXt-Tiny,s4,80,0.030739559855774923
ConvNeXt-Tiny,s4,81,0.0009867133612901924
ConvNeXt-Tiny,s4,82,0.004644549657652153
ConvNeXt-Tiny,s4,83,0.004251032194913518
ConvNeXt-Tiny,s4,84,0.0022446758670107148
ConvNeXt-Tiny,s4,85,0.006316478242763157
ConvNeXt-Tiny,s4,86,0.013651877281300018
ConvNeXt-Tiny,s4,87,0.0035375318547556933
ConvNeXt-Tiny,s4,88,0.0060348238573608715
ConvNeXt-Tiny,s4,89,0.0039857298330066016
ConvNeXt-Tiny,s4,90,-0.0016881822878448416
ConvNeXt-Tiny,s4,91,-0.0002912644961915456
ConvNeXt-Tiny,s4,92,0.01917074487234305
ConvNeXt-Tiny,s4,93,-0.001872414125677957
ConvNeXt-Tiny,s4,94,0.02145558942540371
ConvNeXt-Tiny,s4,95,0.00837129765289979
ConvNeXt-Tiny,s4,96,0.007535264583638068
ConvNeXt-Tiny,s4,97,0.020501377457732728
ConvNeXt-Tiny,s4,98,0.02119724295649328
ConvNeXt-Tiny,s4,99,0.011737879852730004
ConvNeXt-Tiny,s4,100,-0.005497879476705547
ConvNeXt-Tiny,s4,101,0.006007079378728131
ConvNeXt-Tiny,s4,102,0.010558266909124758
ConvNeXt-Tiny,s4,103,0.007035635055310241
ConvNeXt-Tiny,s4,104,0.010784322172383343
ConvNeXt-Tiny,s4,105,0.005183886674151372
ConvNeXt-Tiny,s4,106,0.011362540715646241
ConvNeXt-Tiny,s4,107,0.011050760380995506
ConvNeXt-Tiny,s4,108,0.0055846077969219365
ConvNeXt-Tiny,s4,109,0.018582554920065997
ConvNeXt-Tiny,s4,110,-0.0021483791707942457
ConvNeXt-Tiny,s4,111,0.014728212385863748
ConvNeXt-Tiny,s4,112,0.012722562188280051
ConvNeXt-Tiny,s4,113,-0.005837495951554916
ConvNeXt-Tiny,s4,114,0.0008140880611814394
ConvNeXt-Tiny,s4,115,-0.002034121477538564
ConvNeXt-Tiny,s4,116,0.008440410785555907
ConvNeXt-Tiny,s4,117,0.0002427178693280574
ConvNeXt-Tiny,s4,118,0.006381783255785312
ConvNeXt-Tiny,s4,119,-0.0015735343107077249
ConvNeXt-Tiny,s4,120,-0.0029339448512577526
ConvNeXt-Tiny,s4,121,0.013425412812079318
ConvNeXt-Tiny,s4,122,0.014262399221579902
ConvNeXt-Tiny,s4,123,0.008884802636823452
ConvNeXt-Tiny,s4,124,0.010085476107646207
ConvNeXt-Tiny,s4,125,0.012229188720757511
ConvNeXt-Tiny,s4,126,0.011590748273976659
ConvNeXt-Tiny,s4,127,0.009619016919747647
ConvNeXt-Tiny,s4,128,-0.0031180750341339714
ConvNeXt-Tiny,s4,129,-0.0058358858806497604
ConvNeXt-Tiny,s4,130,-0.0034195427192473815
ConvNeXt-Tiny,s4,131,0.005628959254092569
ConvNeXt-Tiny,s4,132,0.006383746192326845
ConvNeXt-Tiny,s4,133,0.004170613519349997
ConvNeXt-Tiny,s4,134,0.012056301239738332
ConvNeXt-Tiny,s4,135,0.02231328463083526
ConvNeXt-Tiny,s4,136,0.00516240298918047
ConvNeXt-Tiny,s4,137,0.0014147580697543294
ConvNeXt-Tiny,s4,138,0.007095334577645884
ConvNeXt-Tiny,s4,139,0.016009350547651402
ConvNeXt-Tiny,s4,140,0.009505625926091166
ConvNeXt-Tiny,s4,141,0.008570490052065338
ConvNeXt-Tiny,s4,142,-0.0006408410756947314
ConvNeXt-Tiny,s4,143,-0.006223499775683483
ConvNeXt-Tiny,s4,144,0.008614210811565326
ConvNeXt-Tiny,s4,145,0.008959220398993661
ConvNeXt-Tiny,s4,146,0.01051483889566085
ConvNeXt-Tiny,s4,147,-0.004423897236648711
ConvNeXt-Tiny,s4,148,0.004092125892803944
ConvNeXt-Tiny,s4,149,0.0008814667881799076
ConvNeXt-Tiny,s4,150,-0.0022906519118512936
ConvNeXt-Tiny,s4,151,0.0044622950885891965
ConvNeXt-Tiny,s4,152,0.005044538085732131
ConvNeXt-Tiny,s4,153,0.01250920217341045
ConvNeXt-Tiny,s4,154,0.021683238848972275
ConvNeXt-Tiny,s4,155,-0.0028104276079516932
ConvNeXt-Tiny,s4,156,0.005371472659194243
ConvNeXt-Tiny,s4,157,0.004607911756722705
ConvNeXt-Tiny,s4,158,0.0019117889570074986
ConvNeXt-Tiny,s4,159,-0.002623816768237308
ConvNeXt-Tiny,s4,160,0.010541560211711265
ConvNeXt-Tiny,s4,161,-0.0040457860374265575
ConvNeXt-Tiny,s4,162,-0.015236110159744243
ConvNeXt-Tiny,s4,163,0.010883673281832373
ConvNeXt-Tiny,s4,164,0.0047378109254210266
ConvNeXt-Tiny,s4,165,0.005760389488116524
ConvNeXt-Tiny,s4,166,-0.003026345820906884
ConvNeXt-Tiny,s4,167,0.004192276993909783
ConvNeXt-Tiny,s4,168,0.004929378450237998
ConvNeXt-Tiny,s4,169,0.01652366229006763
ConvNeXt-Tiny,s4,170,-0.0018914261135941635
ConvNeXt-Tiny,s4,171,0.0029153529319914107
ConvNeXt-Tiny,s4,172,-0.004656563437015704
ConvNeXt-Tiny,s4,173,0.024173855556667068
ConvNeXt-Tiny,s4,174,0.0009112763754973718
ConvNeXt-Tiny,s4,175,0.0077248177262748685
ConvNeXt-Tiny,s4,176,0.006122453499388891
ConvNeXt-Tiny,s4,177,0.006872460811737979
ConvNeXt-Tiny,s4,178,-0.008660263688899494
ConvNeXt-Tiny,s4,179,-0.00038263811187189134
ConvNeXt-Tiny,s4,180,0.003444461284382694
ConvNeXt-Tiny,s4,181,0.0028332728274298447
ConvNeXt-Tiny,s4,182,0.005485710384066644
ConvNeXt-Tiny,s4,183,-0.004590815490964961
ConvNeXt-Tiny,s4,184,0.010820351068509426
ConvNeXt-Tiny,s4,185,0.026179117062883228
ConvNeXt-Tiny,s4,186,0.005597649549334283
ConvNeXt-Tiny,s4,187,0.0021686426705613826
ConvNeXt-Tiny,s4,188,-0.005413969859532575
ConvNeXt-Tiny,s4,189,0.00744751185532333
ConvNeXt-Tiny,s4,190,-0.003585015932389246
ConvNeXt-Tiny,s4,191,0.00854211836793195
ConvNeXt-Tiny,s4,192,0.00490707558350878
ConvNeXt-Tiny,s4,193,0.007063535474766458
ConvNeXt-Tiny,s4,194,-0.004895846626053246
ConvNeXt-Tiny,s4,195,0.0036677656923876922
ConvNeXt-Tiny,s4,196,0.01516975636930007
ConvNeXt-Tiny,s4,197,0.02110663868987972
ConvNeXt-Tiny,s4,198,-0.011315103870834342
ConvNeXt-Tiny,s4,199,0.0008136557787533638
ConvNeXt-Tiny,s4,200,-0.006138774816909609
ConvNeXt-Tiny,s4,201,0.01218722839055375
ConvNeXt-Tiny,s4,202,0.013986570869303327
ConvNeXt-Tiny,s4,203,-0.008686587393813783
ConvNeXt-Tiny,s4,204,0.0051832144724692775
ConvNeXt-Tiny,s4,205,0.012218631335696006
ConvNeXt-Tiny,s4,206,0.00601445384372834
ConvNeXt-Tiny,s4,207,0.003886234910832953
ConvNeXt-Tiny,s4,208,0.010712134823546826
ConvNeXt-Tiny,s4,209,0.008532763775575103
ConvNeXt-Tiny,s4,210,0.01713391738190473
ConvNeXt-Tiny,s4,211,0.003315996302725943
ConvNeXt-Tiny,s4,212,0.003929934981184102
ConvNeXt-Tiny,s4,213,0.0008503461968631942
ConvNeXt-Tiny,s4,214,0.001895504705835882
ConvNeXt-Tiny,s4,215,0.0019253368289890993
ConvNeXt-Tiny,s4,216,-0.004634485695788615
ConvNeXt-Tiny,s4,217,0.006301006411815746
ConvNeXt-Tiny,s4,218,0.02458880027467014
ConvNeXt-Tiny,s4,219,0.007371269798638225
ConvNeXt-Tiny,s4,220,-0.004008897972165082
ConvNeXt-Tiny,s4,221,0.004838164650885934
ConvNeXt-Tiny,s4,222,7.66007872128327e-05
ConvNeXt-Tiny,s4,223,-0.007169916905593432
ConvNeXt-Tiny,s4,224,-0.0028151993537162134
ConvNeXt-Tiny,s4,225,0.016014726111226896
ConvNeXt-Tiny,s4,226,0.009725860562105004
ConvNeXt-Tiny,s4,227,-0.0012954543922915063
ConvNeXt-Tiny,s4,228,-0.017339955755117598
ConvNeXt-Tiny,s4,229,0.007365399926284155
ConvNeXt-Tiny,s4,230,0.022903585449236208
ConvNeXt-Tiny,s4,231,0.007133791003408496
ConvNeXt-Tiny,s4,232,0.0027417661870372534
ConvNeXt-Tiny,s4,233,0.009646066778259854
ConvNeXt-Tiny,s4,234,-0.00669893834646762
ConvNeXt-Tiny,s4,235,0.0038670306823146428
ConvNeXt-Tiny,s4,236,0.01000913477030263
ConvNeXt-Tiny,s4,237,-0.00011473541203543824
ConvNeXt-Tiny,s4,238,0.012267370291389246
ConvNeXt-Tiny,s4,239,0.014797205766498456
ConvNeXt-Tiny,s4,240,0.007581703609311097
ConvNeXt-Tiny,s4,241,0.018610583335026187
ConvNeXt-Tiny,s4,242,0.010541894350801773
ConvNeXt-Tiny,s4,243,0.016510992430811555
ConvNeXt-Tiny,s4,244,0.0031388011324523513
ConvNeXt-Tiny,s4,245,0.00605973936612747
ConvNeXt-Tiny,s4,246,-0.0059675129017070505
ConvNeXt-Tiny,s4,247,-0.005155964909971056
ConvNeXt-Tiny,s4,248,0.01967368912405676
ConvNeXt-Tiny,s4,249,0.0029444978673784927
ConvNeXt-Tiny,s4,250,0.014739922002734884
ConvNeXt-Tiny,s4,251,0.005108402695318093
ConvNeXt-Tiny,s4,252,-0.00044172141095433215
ConvNeXt-Tiny,s4,253,0.00074538027240445
ConvNeXt-Tiny,s4,254,0.0023316321111543914
ConvNeXt-Tiny,s4,255,0.0026851320853602534
ConvNeXt-Tiny,s4,256,0.006978048927519187
ConvNeXt-Tiny,s4,257,-0.0010856316826693968
ConvNeXt-Tiny,s4,258,0.0032991018097793257
ConvNeXt-Tiny,s4,259,0.004045037497137027
ConvNeXt-Tiny,s4,260,0.01002872540709765
ConvNeXt-Tiny,s4,261,0.008306164359908164
ConvNeXt-Tiny,s4,262,-0.0023128571682249355
ConvNeXt-Tiny,s4,263,0.019489946940593583
ConvNeXt-Tiny,s4,264,0.010941666835159403
ConvNeXt-Tiny,s4,265,0.009482933313231356
ConvNeXt-Tiny,s4,266,0.0008966245605787071
ConvNeXt-Tiny,s4,267,0.007868538619663967
ConvNeXt-Tiny,s4,268,0.006369521249015464
ConvNeXt-Tiny,s4,269,-0.0036187831735583487
ConvNeXt-Tiny,s4,270,-0.008297920609760645
ConvNeXt-Tiny,s4,271,-0.0007553497143503174
ConvNeXt-Tiny,s4,272,0.01200314800941682
ConvNeXt-Tiny,s4,273,0.01482067987101865
ConvNeXt-Tiny,s4,274,-0.0031920133449452326
ConvNeXt-Tiny,s4,275,0.0076534499296796454
ConvNeXt-Tiny,s4,276,0.007083793052122145
ConvNeXt-Tiny,s4,277,0.0012496873734590963
ConvNeXt-Tiny,s4,278,0.00408994709138244
ConvNeXt-Tiny,s4,279,-0.00048582728225077254
ConvNeXt-Tiny,s4,280,0.011270493337645404
ConvNeXt-Tiny,s4,281,0.01660675568037895
ConvNeXt-Tiny,s4,282,0.003370448412172933
ConvNeXt-Tiny,s4,283,0.0008251128665828222
ConvNeXt-Tiny,s4,284,0.007708057927843237
ConvNeXt-Tiny,s4,285,0.016028391841236278
ConvNeXt-Tiny,s4,286,0.009784694202998878
ConvNeXt-Tiny,s4,287,0.0028444545952538425
ConvNeXt-Tiny,s4,288,-0.00927045475126076
ConvNeXt-Tiny,s4,289,-0.004570277688102697
ConvNeXt-Tiny,s4,290,0.0068666230871946565
ConvNeXt-Tiny,s4,291,-0.0032492090640026117
ConvNeXt-Tiny,s4,292,0.0007468768778066126
ConvNeXt-Tiny,s4,293,0.004975163154379403
ConvNeXt-Tiny,s4,294,-0.0053786606939072445
ConvNeXt-Tiny,s4,295,0.010597325211646358
ConvNeXt-Tiny,s4,296,0.0005985879012860851
ConvNeXt-Tiny,s4,297,0.018489444059106352
ConvNeXt-Tiny,s4,298,0.009522848921312055
ConvNeXt-Tiny,s4,299,0.003910154539026212
ConvNeXt-Tiny,s4,300,0.003691687898867979
ConvNeXt-Tiny,s4,301,0.004161446172315508
ConvNeXt-Tiny,s4,302,0.0041098840411404325
ConvNeXt-Tiny,s4,303,0.003983482816110939
ConvNeXt-Tiny,s4,304,0.01087745532729767
ConvNeXt-Tiny,s4,305,-0.0034978772752969345
ConvNeXt-Tiny,s4,306,0.0016192854631134068
ConvNeXt-Tiny,s4,307,0.00017554961291954552
ConvNeXt-Tiny,s4,308,-0.0047223281296087105
ConvNeXt-Tiny,s4,309,0.01394169710806692
ConvNeXt-Tiny,s4,310,0.014620735076097957
ConvNeXt-Tiny,s4,311,0.00027155682335078257
ConvNeXt-Tiny,s4,312,-0.001877388267935487
ConvNeXt-Tiny,s4,313,-0.00040433005078865936
ConvNeXt-Tiny,s4,314,0.006360712561658377
ConvNeXt-Tiny,s4,315,-0.0013462099102183878
ConvNeXt-Tiny,s4,316,-0.0055553089819609935
ConvNeXt-Tiny,s4,317,-0.0005720339976886812
ConvNeXt-Tiny,s4,318,0.0007967058181201914
ConvNeXt-Tiny,s4,319,-0.0010799885911912943
ConvNeXt-Tiny,s4,320,-0.003962826672254893
ConvNeXt-Tiny,s4,321,0.009341744315885636
ConvNeXt-Tiny,s4,322,-0.001451917007841308
ConvNeXt-Tiny,s4,323,0.010198625879996426
ConvNeXt-Tiny,s4,324,0.003064008633087645
ConvNeXt-Tiny,s4,325,0.00543746062364614
ConvNeXt-Tiny,s4,326,0.0007458384185607958
ConvNeXt-Tiny,s4,327,0.0036871423597273356
ConvNeXt-Tiny,s4,328,0.004791971809419815
ConvNeXt-Tiny,s4,329,0.011077943223747666
ConvNeXt-Tiny,s4,330,0.010072528556311466
ConvNeXt-Tiny,s4,331,0.005873787676666353
ConvNeXt-Tiny,s4,332,0.014371154565470778
ConvNeXt-Tiny,s4,333,0.008902698567490264
ConvNeXt-Tiny,s4,334,-0.001130727661871278
ConvNeXt-Tiny,s4,335,0.01138148669567407
ConvNeXt-Tiny,s4,336,-0.01526442888691748
ConvNeXt-Tiny,s4,337,0.007592299490089882
ConvNeXt-Tiny,s4,338,0.009256138696950522
ConvNeXt-Tiny,s4,339,0.0028879585354035786
ConvNeXt-Tiny,s4,340,0.0016777955773414899
ConvNeXt-Tiny,s4,341,0.011659105536492853
ConvNeXt-Tiny,s4,342,0.01548763423623567
ConvNeXt-Tiny,s4,343,0.006749344159325044
ConvNeXt-Tiny,s4,344,0.015127766353925765
ConvNeXt-Tiny,s4,345,0.00531710715488376
ConvNeXt-Tiny,s4,346,0.008864935479165559
ConvNeXt-Tiny,s4,347,0.011962245812040195
ConvNeXt-Tiny,s4,348,0.020815312584859913
ConvNeXt-Tiny,s4,349,0.0061079078495078765
ConvNeXt-Tiny,s4,350,0.010470861421333466
ConvNeXt-Tiny,s4,351,0.01715519241584107
ConvNeXt-Tiny,s4,352,0.017664184894933044
ConvNeXt-Tiny,s4,353,0.009292288746724608
ConvNeXt-Tiny,s4,354,0.01641618391044719
ConvNeXt-Tiny,s4,355,0.010437969920496615
ConvNeXt-Tiny,s4,356,0.006007488732545974
ConvNeXt-Tiny,s4,357,-0.0017100231300691826
ConvNeXt-Tiny,s4,358,0.0013622233987523602
ConvNeXt-Tiny,s4,359,0.014244283302512484
ConvNeXt-Tiny,s4,360,-0.002119676274194293
ConvNeXt-Tiny,s4,361,0.008030908709404372
ConvNeXt-Tiny,s4,362,-0.001942835342997551
ConvNeXt-Tiny,s4,363,-0.008327537463684642
ConvNeXt-Tiny,s4,364,0.006302395205608713
ConvNeXt-Tiny,s4,365,0.003535048110818506
ConvNeXt-Tiny,s4,366,0.025448597338983303
ConvNeXt-Tiny,s4,367,0.014310236580459379
ConvNeXt-Tiny,s4,368,-0.003537011163054826
ConvNeXt-Tiny,s4,369,-0.0054500780730885046
ConvNeXt-Tiny,s4,370,-0.007258551140287728
ConvNeXt-Tiny,s4,371,0.011554399837074847
ConvNeXt-Tiny,s4,372,0.004407274749172574
ConvNeXt-Tiny,s4,373,0.01628820438484735
ConvNeXt-Tiny,s4,374,0.012887052385444742
ConvNeXt-Tiny,s4,375,0.006747966838004826
ConvNeXt-Tiny,s4,376,0.005887297998589558
ConvNeXt-Tiny,s4,377,0.008500391806882668
ConvNeXt-Tiny,s4,378,0.012702876599322122
ConvNeXt-Tiny,s4,379,-0.008249411336947343
ConvNeXt-Tiny,s4,380,0.006157811302774596
ConvNeXt-Tiny,s4,381,-0.0029290511934573216
ConvNeXt-Tiny,s4,382,0.0033169732160743814
ConvNeXt-Tiny,s4,383,0.010248663797448487
ConvNeXt-Tiny,s4,384,-0.007716595985037711
ConvNeXt-Tiny,s4,385,0.005976894538086142
ConvNeXt-Tiny,s4,386,0.01587175867877144
ConvNeXt-Tiny,s4,387,0.007943650539643854
ConvNeXt-Tiny,s4,388,0.004265480996120785
ConvNeXt-Tiny,s4,389,0.010231571396680184
ConvNeXt-Tiny,s4,390,0.003856952771632338
ConvNeXt-Tiny,s4,391,0.014757592337940495
ConvNeXt-Tiny,s4,392,0.0026973080854876264
ConvNeXt-Tiny,s4,393,0.005117972533791093
ConvNeXt-Tiny,s4,394,0.005847059016988121
ConvNeXt-Tiny,s4,395,0.0009483694710271662
ConvNeXt-Tiny,s4,396,0.007215353413722703
ConvNeXt-Tiny,s4,397,0.012239138426931695
ConvNeXt-Tiny,s4,398,0.00262189484245412
ConvNeXt-Tiny,s4,399,0.01167795322288856
ConvNeXt-Tiny,s4,400,0.0014657236750984515
ConvNeXt-Tiny,s4,401,0.005981922484141089
ConvNeXt-Tiny,s4,402,0.005458182095494757
ConvNeXt-Tiny,s4,403,0.006669575520341642
ConvNeXt-Tiny,s4,404,0.020142068244323852
ConvNeXt-Tiny,s4,405,0.005611291700348797
ConvNeXt-Tiny,s4,406,0.00013866577428001126
ConvNeXt-Tiny,s4,407,-0.0015552912683503006
ConvNeXt-Tiny,s4,408,0.010004639744647492
ConvNeXt-Tiny,s4,409,-0.0013323217960380385
ConvNeXt-Tiny,s4,410,0.00035030661817170294
ConvNeXt-Tiny,s4,411,0.008537375093561339
ConvNeXt-Tiny,s4,412,0.01048841279571966
ConvNeXt-Tiny,s4,413,0.0018988122719418854
ConvNeXt-Tiny,s4,414,0.00323838257805642
ConvNeXt-Tiny,s4,415,0.00034817185019475616
ConvNeXt-Tiny,s4,416,-0.007145215236660674
ConvNeXt-Tiny,s4,417,0.016391846911146035
ConvNeXt-Tiny,s4,418,0.030992361345989483
ConvNeXt-Tiny,s4,419,0.010152881931855928
ConvNeXt-Tiny,s4,420,0.017935110525225895
ConvNeXt-Tiny,s4,421,0.005714018810033528
ConvNeXt-Tiny,s4,422,0.012940163180542363
ConvNeXt-Tiny,s4,423,0.020819744269967133
ConvNeXt-Tiny,s4,424,0.01095540211321
ConvNeXt-Tiny,s4,425,0.006072329153539502
ConvNeXt-Tiny,s4,426,0.002841737610725925
ConvNeXt-Tiny,s4,427,0.0012525161450795963
ConvNeXt-Tiny,s4,428,0.010822686928363523
ConvNeXt-Tiny,s4,429,0.008801798001057626
ConvNeXt-Tiny,s4,430,0.0017472914410174845
ConvNeXt-Tiny,s4,431,0.016306932560923082
ConvNeXt-Tiny,s4,432,0.008647374670088248
ConvNeXt-Tiny,s4,433,0.003200649211280604
ConvNeXt-Tiny,s4,434,0.006000707355741097
ConvNeXt-Tiny,s4,435,9.182107200667033e-05
ConvNeXt-Tiny,s4,436,0.008900169943985459
ConvNeXt-Tiny,s4,437,0.015605226093901248
ConvNeXt-Tiny,s4,438,0.009214951945660688
ConvNeXt-Tiny,s4,439,0.005325762597842565
ConvNeXt-Tiny,s4,440,-0.006667937890521336
ConvNeXt-Tiny,s4,441,0.014708501008980357
ConvNeXt-Tiny,s4,442,0.014822317689742959
ConvNeXt-Tiny,s4,443,0.017421750743075504
ConvNeXt-Tiny,s4,444,0.014896183568018695
ConvNeXt-Tiny,s4,445,0.0009546016692303372
ConvNeXt-Tiny,s4,446,-0.0022187156178468115
ConvNeXt-Tiny,s4,447,0.0002429891440334231
ConvNeXt-Tiny,s4,448,-0.004354559995153107
ConvNeXt-Tiny,s4,449,-0.0023246068437918765
ConvNeXt-Tiny,s4,450,0.0032794058122966874
ConvNeXt-Tiny,s4,451,-0.002921510964116192
ConvNeXt-Tiny,s4,452,0.008928083928748998
ConvNeXt-Tiny,s4,453,0.010680675159116637
ConvNeXt-Tiny,s4,454,0.011448343433140495
ConvNeXt-Tiny,s4,455,0.00024127738988100056
ConvNeXt-Tiny,s4,456,-0.004166257877860957
ConvNeXt-Tiny,s4,457,-0.01073676558544423
ConvNeXt-Tiny,s4,458,0.0003848342648535841
ConvNeXt-Tiny,s4,459,-0.005961296505434754
ConvNeXt-Tiny,s4,460,-0.0011658109002603556
ConvNeXt-Tiny,s4,461,0.00318776677114907
ConvNeXt-Tiny,s4,462,-0.008956983568121246
ConvNeXt-Tiny,s4,463,0.0159685076062015
ConvNeXt-Tiny,s4,464,0.010017836244248457
ConvNeXt-Tiny,s4,465,-0.0027948716500800774
ConvNeXt-Tiny,s4,466,0.008385606786045163
ConvNeXt-Tiny,s4,467,0.010071495839096056
ConvNeXt-Tiny,s4,468,0.01883624889421942
ConvNeXt-Tiny,s4,469,-0.0025340545472849474
ConvNeXt-Tiny,s4,470,0.012789052284120306
ConvNeXt-Tiny,s4,471,0.005460327213282601
ConvNeXt-Tiny,s4,472,-0.0030192925935118575
ConvNeXt-Tiny,s4,473,0.002182309722631781
ConvNeXt-Tiny,s4,474,0.004073487799800324
ConvNeXt-Tiny,s4,475,-0.0018816101939365115
ConvNeXt-Tiny,s4,476,0.006754006703358573
ConvNeXt-Tiny,s4,477,0.014955002737340628
ConvNeXt-Tiny,s4,478,-0.00687164252325545
ConvNeXt-Tiny,s4,479,0.013952011482194271
ConvNeXt-Tiny,s4,480,0.0018450107828049678
ConvNeXt-Tiny,s4,481,0.007252768680071964
ConvNeXt-Tiny,s4,482,0.019743006326752854
ConvNeXt-Tiny,s4,483,0.01516646215414863
ConvNeXt-Tiny,s4,484,-0.000585383200839229
ConvNeXt-Tiny,s4,485,0.002469067295057692
ConvNeXt-Tiny,s4,486,-0.008194027790883407
ConvNeXt-Tiny,s4,487,0.011592712486321877
ConvNeXt-Tiny,s4,488,0.013861713045881574
ConvNeXt-Tiny,s4,489,0.010140258511589506
ConvNeXt-Tiny,s4,490,0.010630179857846644
ConvNeXt-Tiny,s4,491,-0.004610228147229112
ConvNeXt-Tiny,s4,492,0.012690306564464349
ConvNeXt-Tiny,s4,493,-0.006306992583869686
ConvNeXt-Tiny,s4,494,0.008217166212552196
ConvNeXt-Tiny,s4,495,0.009298123301852868
ConvNeXt-Tiny,s4,496,0.023985704537534902
ConvNeXt-Tiny,s4,497,0.005683384599103891
ConvNeXt-Tiny,s4,498,0.004478226350953407
ConvNeXt-Tiny,s4,499,0.01475338167590401
ConvNeXt-Tiny,s4,500,-0.004132614155803127
ConvNeXt-Tiny,s4,501,0.004267144825845115
ConvNeXt-Tiny,s4,502,0.009486336551509877
ConvNeXt-Tiny,s4,503,0.0038342715011189243
ConvNeXt-Tiny,s4,504,-0.006360958141431783
ConvNeXt-Tiny,s4,505,0.011864225562025377
ConvNeXt-Tiny,s4,506,-0.0019229320747281564
ConvNeXt-Tiny,s4,507,-0.006512964326153892
ConvNeXt-Tiny,s4,508,-0.0074381337414701765
ConvNeXt-Tiny,s4,509,0.013553208693518615
ConvNeXt-Tiny,s4,510,0.014246288235901794
ConvNeXt-Tiny,s4,511,-0.00948685055068943
ConvNeXt-Tiny,s4,512,0.0273875674033206
ConvNeXt-Tiny,s4,513,0.002634583297201454
ConvNeXt-Tiny,s4,514,0.003060378559692656
ConvNeXt-Tiny,s4,515,0.0069320512928641165
ConvNeXt-Tiny,s4,516,0.0043938760426976975
ConvNeXt-Tiny,s4,517,0.010470682887150917
ConvNeXt-Tiny,s4,518,0.00540124145812515
ConvNeXt-Tiny,s4,519,0.014265240726672013
ConvNeXt-Tiny,s4,520,0.009989441582988312
ConvNeXt-Tiny,s4,521,0.004693552591908401
ConvNeXt-Tiny,s4,522,-0.0035724055641433994
ConvNeXt-Tiny,s4,523,-0.006415120705365873
ConvNeXt-Tiny,s4,524,-0.0006795541499293734
ConvNeXt-Tiny,s4,525,0.0065556594298530335
ConvNeXt-Tiny,s4,526,0.0014999090862086728
ConvNeXt-Tiny,s4,527,0.006230195768310298
ConvNeXt-Tiny,s4,528,0.001703388479105783
ConvNeXt-Tiny,s4,529,-0.0035889969848734715
ConvNeXt-Tiny,s4,530,-0.008313773274674974
ConvNeXt-Tiny,s4,531,0.01238174011854154
ConvNeXt-Tiny,s4,532,0.0037925952311004263
ConvNeXt-Tiny,s4,533,0.019683110384798974
ConvNeXt-Tiny,s4,534,0.010442414175546255
ConvNeXt-Tiny,s4,535,0.00958595941244611
ConvNeXt-Tiny,s4,536,-0.003224205339736219
ConvNeXt-Tiny,s4,537,0.006218426687307876
ConvNeXt-Tiny,s4,538,0.00387300251171796
ConvNeXt-Tiny,s4,539,0.003594578298370177
ConvNeXt-Tiny,s4,540,0.0034421304447743717
ConvNeXt-Tiny,s4,541,0.015532651670722153
ConvNeXt-Tiny,s4,542,0.0007061091387292606
ConvNeXt-Tiny,s4,543,0.005368113861816792
ConvNeXt-Tiny,s4,544,0.002310110961073253
ConvNeXt-Tiny,s4,545,0.018993515361333868
ConvNeXt-Tiny,s4,546,0.011833569478929107
ConvNeXt-Tiny,s4,547,0.003088799724860314
ConvNeXt-Tiny,s4,548,-0.001844432839472554
ConvNeXt-Tiny,s4,549,-0.001204222129336574
ConvNeXt-Tiny,s4,550,-0.007362216647722963
ConvNeXt-Tiny,s4,551,0.006047331040600845
ConvNeXt-Tiny,s4,552,0.004705268423892073
ConvNeXt-Tiny,s4,553,0.01723908078463965
ConvNeXt-Tiny,s4,554,-0.0013351967710764079
ConvNeXt-Tiny,s4,555,0.0032921026972367873
ConvNeXt-Tiny,s4,556,0.01938302449608953
ConvNeXt-Tiny,s4,557,0.00246367802236247
ConvNeXt-Tiny,s4,558,0.006927806447048934
ConvNeXt-Tiny,s4,559,0.0017954515217313283
ConvNeXt-Tiny,s4,560,-0.0033157448705838366
ConvNeXt-Tiny,s4,561,0.007191781323133806
ConvNeXt-Tiny,s4,562,-0.0017044501565485204
ConvNeXt-Tiny,s4,563,0.010401855564234674
ConvNeXt-Tiny,s4,564,0.008297300963114651
ConvNeXt-Tiny,s4,565,0.0005536911523306154
ConvNeXt-Tiny,s4,566,0.005855463898029156
ConvNeXt-Tiny,s4,567,0.0008307147147471605
ConvNeXt-Tiny,s4,568,-0.009617761695264737
ConvNeXt-Tiny,s4,569,-0.0012111671008223635
ConvNeXt-Tiny,s4,570,-0.011592211012855125
ConvNeXt-Tiny,s4,571,0.00806098394533672
ConvNeXt-Tiny,s4,572,0.010561761224635702
ConvNeXt-Tiny,s4,573,-0.0022256699045826167
ConvNeXt-Tiny,s4,574,0.0071945196225182695
ConvNeXt-Tiny,s4,575,-0.0006418535921219881
ConvNeXt-Tiny,s4,576,0.014309388987744809
ConvNeXt-Tiny,s4,577,0.011866794606064768
ConvNeXt-Tiny,s4,578,0.0001692505587486126
ConvNeXt-Tiny,s4,579,0.008662912841024495
ConvNeXt-Tiny,s4,580,0.006438449413419756
ConvNeXt-Tiny,s4,581,0.013554483925855787
ConvNeXt-Tiny,s4,582,0.011132777073744826
ConvNeXt-Tiny,s4,583,0.0003110539163551085
ConvNeXt-Tiny,s4,584,0.007141572368758231
ConvNeXt-Tiny,s4,585,0.006704229095281455
ConvNeXt-Tiny,s4,586,-0.0006473980396420886
ConvNeXt-Tiny,s4,587,0.007683613729788097
ConvNeXt-Tiny,s4,588,0.011787838417761876
ConvNeXt-Tiny,s4,589,-0.015785428235164378
ConvNeXt-Tiny,s4,590,0.007872733437844115
ConvNeXt-Tiny,s4,591,0.0019147383198352408
ConvNeXt-Tiny,s4,592,-0.0058534097760067905
ConvNeXt-Tiny,s4,593,0.01324485935452624
ConvNeXt-Tiny,s4,594,-0.003264936294459453
ConvNeXt-Tiny,s4,595,0.004880675734939999
ConvNeXt-Tiny,s4,596,0.00022606455410656423
ConvNeXt-Tiny,s4,597,-0.002823873848546654
ConvNeXt-Tiny,s4,598,0.014078777200199233
ConvNeXt-Tiny,s4,599,0.01182219895730141
ConvNeXt-Tiny,s4,600,-0.0003157737673094019
ConvNeXt-Tiny,s4,601,-0.008927971604774099
ConvNeXt-Tiny,s4,602,-0.005267813247740172
ConvNeXt-Tiny,s4,603,0.00401993338796125
ConvNeXt-Tiny,s4,604,-0.006939313440066153
ConvNeXt-Tiny,s4,605,-0.005448467978220406
ConvNeXt-Tiny,s4,606,0.003954943880969841
ConvNeXt-Tiny,s4,607,-0.0010405490414842067
ConvNeXt-Tiny,s4,608,0.002884434785384027
ConvNeXt-Tiny,s4,609,0.007327965269611658
ConvNeXt-Tiny,s4,610,0.0021524996584703082
ConvNeXt-Tiny,s4,611,-0.006085033807799789
ConvNeXt-Tiny,s4,612,0.015661266441781008
ConvNeXt-Tiny,s4,613,0.008840814184155499
ConvNeXt-Tiny,s4,614,0.008611925150148525
ConvNeXt-Tiny,s4,615,0.002650924547863198
ConvNeXt-Tiny,s4,616,0.005748093610508986
ConvNeXt-Tiny,s4,617,0.004374943843421741
ConvNeXt-Tiny,s4,618,0.01139118091077529
ConvNeXt-Tiny,s4,619,0.0033447691114696365
ConvNeXt-Tiny,s4,620,0.010853852905480021
ConvNeXt-Tiny,s4,621,0.015752643732381166
ConvNeXt-Tiny,s4,622,0.00148856481887083
ConvNeXt-Tiny,s4,623,0.011993221056431413
ConvNeXt-Tiny,s4,624,0.009223071171674202
ConvNeXt-Tiny,s4,625,0.00815680930039997
ConvNeXt-Tiny,s4,626,0.002599549329061146
ConvNeXt-Tiny,s4,627,0.015340434196042918
ConvNeXt-Tiny,s4,628,0.005962105479291657
ConvNeXt-Tiny,s4,629,0.0010214289078939176
ConvNeXt-Tiny,s4,630,0.013223331554437667
ConvNeXt-Tiny,s4,631,-0.0020281288439314427
ConvNeXt-Tiny,s4,632,0.0015714744680995762
ConvNeXt-Tiny,s4,633,-0.004617088891589849
ConvNeXt-Tiny,s4,634,-0.007767556211425886
ConvNeXt-Tiny,s4,635,0.0038444438656709545
ConvNeXt-Tiny,s4,636,0.012238738399927951
ConvNeXt-Tiny,s4,637,-0.001365780736174771
ConvNeXt-Tiny,s4,638,0.01379905362969236
ConvNeXt-Tiny,s4,639,0.00022908766124718483
ConvNeXt-Tiny,s4,640,-0.0012132415190562185
ConvNeXt-Tiny,s4,641,0.005693564685283481
ConvNeXt-Tiny,s4,642,0.012988963098798711
ConvNeXt-Tiny,s4,643,0.007115901271517733
ConvNeXt-Tiny,s4,644,0.008434760710871125
ConvNeXt-Tiny,s4,645,0.0017714741786615251
ConvNeXt-Tiny,s4,646,0.006833519194898607
ConvNeXt-Tiny,s4,647,0.008020645545531946
ConvNeXt-Tiny,s4,648,-0.0016825003970553087
ConvNeXt-Tiny,s4,649,0.0038420352345959197
ConvNeXt-Tiny,s4,650,0.006997788451462039
ConvNeXt-Tiny,s4,651,0.005155365368779807
ConvNeXt-Tiny,s4,652,-0.006684841098819172
ConvNeXt-Tiny,s4,653,0.009611229290746981
ConvNeXt-Tiny,s4,654,-0.00025175939888755217
ConvNeXt-Tiny,s4,655,0.014504513487507031
ConvNeXt-Tiny,s4,656,-0.005414919222396231
ConvNeXt-Tiny,s4,657,0.006468067400943522
ConvNeXt-Tiny,s4,658,-0.002795520229596282
ConvNeXt-Tiny,s4,659,0.011718624950781242
ConvNeXt-Tiny,s4,660,-0.00636651013009637
ConvNeXt-Tiny,s4,661,0.0020046498548068614
ConvNeXt-Tiny,s4,662,-0.006045348212842194
ConvNeXt-Tiny,s4,663,-0.0038492349898311407
ConvNeXt-Tiny,s4,664,0.0029178141645039846
ConvNeXt-Tiny,s4,665,0.00747932805471796
ConvNeXt-Tiny,s4,666,0.015251007727419275
ConvNeXt-Tiny,s4,667,0.009550552209767638
ConvNeXt-Tiny,s4,668,0.011412298822046196
ConvNeXt-Tiny,s4,669,0.013491605968539377
ConvNeXt-Tiny,s4,670,-0.005111360535943743
ConvNeXt-Tiny,s4,671,0.005568968966907062
ConvNeXt-Tiny,s4,672,-0.0031890324911961754
ConvNeXt-Tiny,s4,673,0.003680374975837397
ConvNeXt-Tiny,s4,674,0.006525443302893175
ConvNeXt-Tiny,s4,675,-0.009113813956208028
ConvNeXt-Tiny,s4,676,-0.00037517511291262906
ConvNeXt-Tiny,s4,677,0.004367134501806147
ConvNeXt-Tiny,s4,678,0.006635351271388257
ConvNeXt-Tiny,s4,679,0.007373055184004995
ConvNeXt-Tiny,s4,680,0.006406638219107252
ConvNeXt-Tiny,s4,681,0.005154772314879041
ConvNeXt-Tiny,s4,682,-0.003165423964564207
ConvNeXt-Tiny,s4,683,0.00889855213016666
ConvNeXt-Tiny,s4,684,0.0021218356664630678
ConvNeXt-Tiny,s4,685,0.0009520665278448526
ConvNeXt-Tiny,s4,686,0.0009294653760117955
ConvNeXt-Tiny,s4,687,0.009370786947002774
ConvNeXt-Tiny,s4,688,0.012823297798726374
ConvNeXt-Tiny,s4,689,0.006648577725437588
ConvNeXt-Tiny,s4,690,0.0027693275943987405
ConvNeXt-Tiny,s4,691,-0.0019408149248949513
ConvNeXt-Tiny,s4,692,-0.004655654986450042
ConvNeXt-Tiny,s4,693,-0.0046201536448008396
ConvNeXt-Tiny,s4,694,0.00655301962649546
ConvNeXt-Tiny,s4,695,0.007742305407597572
ConvNeXt-Tiny,s4,696,0.008087132083615
ConvNeXt-Tiny,s4,697,-0.004945913158601156
ConvNeXt-Tiny,s4,698,0.020633365513545332
ConvNeXt-Tiny,s4,699,-0.006084034035733987
ConvNeXt-Tiny,s4,700,-0.010774650270401476
ConvNeXt-Tiny,s4,701,-0.0005048173738750883
ConvNeXt-Tiny,s4,702,0.008853430478581892
ConvNeXt-Tiny,s4,703,0.001576286781899805
ConvNeXt-Tiny,s4,704,0.013529315795848373
ConvNeXt-Tiny,s4,705,0.00672491344216275
ConvNeXt-Tiny,s4,706,0.005614666345920005
ConvNeXt-Tiny,s4,707,0.013823821400421044
ConvNeXt-Tiny,s4,708,-0.006734884304390731
ConvNeXt-Tiny,s4,709,0.015853625136337923
ConvNeXt-Tiny,s4,710,0.003301259578975979
ConvNeXt-Tiny,s4,711,-0.010500347497626628
ConvNeXt-Tiny,s4,712,0.005570580158702043
ConvNeXt-Tiny,s4,713,-0.003993644579585731
ConvNeXt-Tiny,s4,714,0.01102579387138869
ConvNeXt-Tiny,s4,715,0.001967071456593694
ConvNeXt-Tiny,s4,716,0.0008314518153081929
ConvNeXt-Tiny,s4,717,0.009644950754886472
ConvNeXt-Tiny,s4,718,0.0014990318580794249
ConvNeXt-Tiny,s4,719,0.0113012907562976
ConvNeXt-Tiny,s4,720,-0.0040158058591736046
ConvNeXt-Tiny,s4,721,-0.00014462353483235546
ConvNeXt-Tiny,s4,722,0.008900002907207494
ConvNeXt-Tiny,s4,723,0.007234490380655267
ConvNeXt-Tiny,s4,724,0.0001833196531855208
ConvNeXt-Tiny,s4,725,0.016043866047793287
ConvNeXt-Tiny,s4,726,0.0010671162489422903
ConvNeXt-Tiny,s4,727,0.013960973376831332
ConvNeXt-Tiny,s4,728,0.018929038510013152
ConvNeXt-Tiny,s4,729,0.005333681886019792
ConvNeXt-Tiny,s4,730,-0.0060389669825337
ConvNeXt-Tiny,s4,731,-0.0050779087674338586
ConvNeXt-Tiny,s4,732,-4.0440797279162055e-05
ConvNeXt-Tiny,s4,733,0.005702130720034226
ConvNeXt-Tiny,s4,734,-0.0030915955996733135
ConvNeXt-Tiny,s4,735,0.010970369273735847
ConvNeXt-Tiny,s4,736,-0.00517468200794069
ConvNeXt-Tiny,s4,737,-0.0024355500438388855
ConvNeXt-Tiny,s4,738,0.005279884636332666
ConvNeXt-Tiny,s4,739,-0.005956554100370992
ConvNeXt-Tiny,s4,740,0.011032953354221497
ConvNeXt-Tiny,s4,741,0.011666082281692858
ConvNeXt-Tiny,s4,742,0.016799037469914513
ConvNeXt-Tiny,s4,743,-0.007082359806526273
ConvNeXt-Tiny,s4,744,-0.00021012005717691018
ConvNeXt-Tiny,s4,745,0.008164518328904968
ConvNeXt-Tiny,s4,746,0.009237321213614869
ConvNeXt-Tiny,s4,747,-0.0026825604814397774
ConvNeXt-Tiny,s4,748,0.004802024482088885
ConvNeXt-Tiny,s4,749,0.0006041335993693941
ConvNeXt-Tiny,s4,750,0.033678843637938716
ConvNeXt-Tiny,s4,751,0.01306843940994007
ConvNeXt-Tiny,s4,752,-0.006586951000817076
ConvNeXt-Tiny,s4,753,0.007526530774058404
ConvNeXt-Tiny,s4,754,0.006421495381037423
ConvNeXt-Tiny,s4,755,0.02048829575962885
ConvNeXt-Tiny,s4,756,0.009495613159548943
ConvNeXt-Tiny,s4,757,-0.0030741656058101974
ConvNeXt-Tiny,s4,758,0.01654462869301898
ConvNeXt-Tiny,s4,759,0.002656999225386536
ConvNeXt-Tiny,s4,760,0.004456647455872709
ConvNeXt-Tiny,s4,761,-0.00019030930537577984
ConvNeXt-Tiny,s4,762,0.008487438261143398
ConvNeXt-Tiny,s4,763,-0.002259339188924847
ConvNeXt-Tiny,s4,764,-0.0007785790161829453
ConvNeXt-Tiny,s4,765,0.0048835392568501446
ConvNeXt-Tiny,s4,766,-0.011902538544202423
ConvNeXt-Tiny,s4,767,0.019481483802638255
ConvNeXt-Tiny,s4,768,0.01396645654205364
ConvNeXt-Tiny,s4,769,0.004855233408159743
ConvNeXt-Tiny,s4,770,0.0017335348432510056
ConvNeXt-Tiny,s4,771,0.003853604700048474
ConvNeXt-Tiny,s4,772,0.011033174314022176
ConvNeXt-Tiny,s4,773,-0.0006710196181589634
ConvNeXt-Tiny,s4,774,0.0031449049488513348
ConvNeXt-Tiny,s4,775,0.007197856502207722
ConvNeXt-Tiny,s4,776,0.013494214175021058
ConvNeXt-Tiny,s4,777,0.0026639038619298283
ConvNeXt-Tiny,s4,778,0.009238228864745568
ConvNeXt-Tiny,s4,779,-0.00289631208435015
ConvNeXt-Tiny,s4,780,0.0038238529789443865
ConvNeXt-Tiny,s4,781,-0.0037952604233844056
ConvNeXt-Tiny,s4,782,0.019180594744254487
ConvNeXt-Tiny,s4,783,-0.0009348345774280453
ConvNeXt-Tiny,s4,784,-0.00353467699595722
ConvNeXt-Tiny,s4,785,-0.008129565630836
ConvNeXt-Tiny,s4,786,0.004443778301082224
ConvNeXt-Tiny,s4,787,0.012537808808585349
ConvNeXt-Tiny,s4,788,-0.007743498238557023
ConvNeXt-Tiny,s4,789,0.012484904023574162
ConvNeXt-Tiny,s4,790,-0.0015211345991412717
ConvNeXt-Tiny,s4,791,0.005788990088037793
ConvNeXt-Tiny,s4,792,0.007843417179652534
ConvNeXt-Tiny,s4,793,0.014306731176974341
ConvNeXt-Tiny,s4,794,0.0010563363832661876
ConvNeXt-Tiny,s4,795,0.021792278298447654
ConvNeXt-Tiny,s4,796,1.2684649100980216e-05
ConvNeXt-Tiny,s4,797,-0.0037969379856034324
ConvNeXt-Tiny,s4,798,-0.000571452893683766
ConvNeXt-Tiny,s4,799,0.010204155832834072
ConvNeXt-Tiny,s4,800,0.006334346179855288
ConvNeXt-Tiny,s4,801,0.010715058814597667
ConvNeXt-Tiny,s4,802,0.0031426762854847023
ConvNeXt-Tiny,s4,803,-0.0032996414041345234
ConvNeXt-Tiny,s4,804,-0.0007173596292769924
ConvNeXt-Tiny,s4,805,0.019673962412179113
ConvNeXt-Tiny,s4,806,0.005970318277087161
ConvNeXt-Tiny,s4,807,0.015720377488007142
ConvNeXt-Tiny,s4,808,-0.0004933587081072943
ConvNeXt-Tiny,s4,809,-0.001077586314145007
ConvNeXt-Tiny,s4,810,0.007173841090244881
ConvNeXt-Tiny,s4,811,0.0029981169653999773
ConvNeXt-Tiny,s4,812,0.012762231753073672
ConvNeXt-Tiny,s4,813,-0.00018276371963588112
ConvNeXt-Tiny,s4,814,0.006945064079103336
ConvNeXt-Tiny,s4,815,-0.004047843015666186
ConvNeXt-Tiny,s4,816,0.010089781374505447
ConvNeXt-Tiny,s4,817,-0.002333444450387967
ConvNeXt-Tiny,s4,818,0.018854223057647168
ConvNeXt-Tiny,s4,819,0.0005692664228856836
ConvNeXt-Tiny,s4,820,-0.006364066695221049
ConvNeXt-Tiny,s4,821,-0.005550078725953922
ConvNeXt-Tiny,s4,822,0.007537334252417427
ConvNeXt-Tiny,s4,823,0.0017071380468314246
ConvNeXt-Tiny,s4,824,-0.009400114606677668
ConvNeXt-Tiny,s4,825,0.004476700015570989
ConvNeXt-Tiny,s4,826,-5.190731555893002e-05
ConvNeXt-Tiny,s4,827,0.0022050937150235317
ConvNeXt-Tiny,s4,828,0.0026327140392830017
ConvNeXt-Tiny,s4,829,0.010666238549166707
ConvNeXt-Tiny,s4,830,0.0032393024344523624
ConvNeXt-Tiny,s4,831,0.01090317470890012
ConvNeXt-Tiny,s4,832,0.017897922225680984
ConvNeXt-Tiny,s4,833,0.004283420937088334
ConvNeXt-Tiny,s4,834,-0.0070427902960283895
ConvNeXt-Tiny,s4,835,-0.0033493127047571347
ConvNeXt-Tiny,s4,836,0.0057087635947992155
ConvNeXt-Tiny,s4,837,0.003644351620756048
ConvNeXt-Tiny,s4,838,0.028654942838156172
ConvNeXt-Tiny,s4,839,-0.006718585210966133
ConvNeXt-Tiny,s4,840,-0.0009512264636277745
ConvNeXt-Tiny,s4,841,-0.0026024576471913585
ConvNeXt-Tiny,s4,842,0.008397243849084468
ConvNeXt-Tiny,s4,843,-0.0014717636600062312
ConvNeXt-Tiny,s4,844,-0.00031959853113305847
ConvNeXt-Tiny,s4,845,0.00538972622516698
ConvNeXt-Tiny,s4,846,-0.00887704328044403
ConvNeXt-Tiny,s4,847,0.015164261226242592
ConvNeXt-Tiny,s4,848,-0.007430333349154328
ConvNeXt-Tiny,s4,849,-0.0021771404999113564
ConvNeXt-Tiny,s4,850,-0.0016085589824661461
ConvNeXt-Tiny,s4,851,-0.0023198339585217553
ConvNeXt-Tiny,s4,852,-0.0026157077824902064
ConvNeXt-Tiny,s4,853,-0.005566949856649517
ConvNeXt-Tiny,s4,854,-0.001826021424488511
ConvNeXt-Tiny,s4,855,-0.008712641774391572
ConvNeXt-Tiny,s4,856,0.02209881356985477
ConvNeXt-Tiny,s4,857,0.008680687317454527
ConvNeXt-Tiny,s4,858,0.013354374677705172
ConvNeXt-Tiny,s4,859,-0.006395958276827263
ConvNeXt-Tiny,s4,860,0.009605706633113442
ConvNeXt-Tiny,s4,861,0.00738043626759155
ConvNeXt-Tiny,s4,862,-0.0025075492529450516
ConvNeXt-Tiny,s4,863,0.016588474802656128
ConvNeXt-Tiny,s4,864,0.011421229071645
ConvNeXt-Tiny,s4,865,0.006825323048045062
ConvNeXt-Tiny,s4,866,-0.006470669357014236
ConvNeXt-Tiny,s4,867,-0.006094924494747023
ConvNeXt-Tiny,s4,868,0.008050386797181397
ConvNeXt-Tiny,s4,869,0.00619723363031055
ConvNeXt-Tiny,s4,870,0.0044477937252279665
ConvNeXt-Tiny,s4,871,-0.004084847217711185
ConvNeXt-Tiny,s4,872,-0.00777718091182189
ConvNeXt-Tiny,s4,873,0.0013623450986384178
ConvNeXt-Tiny,s4,874,0.012255277387021257
ConvNeXt-Tiny,s4,875,0.012522980424023444
ConvNeXt-Tiny,s4,876,-0.00851889991782695
ConvNeXt-Tiny,s4,877,0.009444636869103906
ConvNeXt-Tiny,s4,878,-0.008041702331390344
ConvNeXt-Tiny,s4,879,0.0010643478740037793
ConvNeXt-Tiny,s4,880,-0.004402710838556589
ConvNeXt-Tiny,s4,881,0.007666032539889067
ConvNeXt-Tiny,s4,882,0.003074258264736507
ConvNeXt-Tiny,s4,883,0.021674113559712493
ConvNeXt-Tiny,s4,884,-0.007900153040964142
ConvNeXt-Tiny,s4,885,-0.010112805007929548
ConvNeXt-Tiny,s4,886,0.005135240729422952
ConvNeXt-Tiny,s4,887,0.001836681761993364
ConvNeXt-Tiny,s4,888,0.004573033254430925
ConvNeXt-Tiny,s4,889,-0.009464586529501107
ConvNeXt-Tiny,s4,890,0.010770480410149164
ConvNeXt-Tiny,s4,891,-0.0039171784942105825
ConvNeXt-Tiny,s4,892,0.014422529300512243
ConvNeXt-Tiny,s4,893,0.008308979808154149
ConvNeXt-Tiny,s4,894,-0.005601372587562103
ConvNeXt-Tiny,s4,895,0.016446035800768644
ConvNeXt-Tiny,s4,896,0.015262149676127601
ConvNeXt-Tiny,s4,897,0.015141669577868555
ConvNeXt-Tiny,s4,898,0.009695648447075711
ConvNeXt-Tiny,s4,899,0.011140559512070602
ConvNeXt-Tiny,s4,900,0.01228216797181092
ConvNeXt-Tiny,s4,901,0.007846170704496114
ConvNeXt-Tiny,s4,902,-0.0028316702717949838
ConvNeXt-Tiny,s4,903,0.007262119289977442
ConvNeXt-Tiny,s4,904,0.0032074261600785192
ConvNeXt-Tiny,s4,905,0.009640641426866825
ConvNeXt-Tiny,s4,906,0.013254319924576374
ConvNeXt-Tiny,s4,907,0.012957413283249286
ConvNeXt-Tiny,s4,908,0.011536089097814006
ConvNeXt-Tiny,s4,909,0.0012263599110300394
ConvNeXt-Tiny,s4,910,-0.004335916366865478
ConvNeXt-Tiny,s4,911,0.004718166799295376
ConvNeXt-Tiny,s4,912,0.0008402788578610876
ConvNeXt-Tiny,s4,913,0.009678236748390967
ConvNeXt-Tiny,s4,914,0.007475121172826116
ConvNeXt-Tiny,s4,915,0.01145460296272427
ConvNeXt-Tiny,s4,916,0.004974550054596905
ConvNeXt-Tiny,s4,917,-0.005665635670391134
ConvNeXt-Tiny,s4,918,0.010712307568858992
ConvNeXt-Tiny,s4,919,-0.007454431388755012
ConvNeXt-Tiny,s4,920,0.01898086684673661
ConvNeXt-Tiny,s4,921,0.010846045825885331
ConvNeXt-Tiny,s4,922,0.014900605739094797
ConvNeXt-Tiny,s4,923,-0.00822722248221297
ConvNeXt-Tiny,s4,924,0.002763378069768563
ConvNeXt-Tiny,s4,925,-0.0010096942788833108
ConvNeXt-Tiny,s4,926,0.0008962876808876752
ConvNeXt-Tiny,s4,927,0.0111198246339691
ConvNeXt-Tiny,s4,928,0.007821880284897054
ConvNeXt-Tiny,s4,929,0.01628079084010059
ConvNeXt-Tiny,s4,930,0.009706386285977642
ConvNeXt-Tiny,s4,931,0.021661223185857836
ConvNeXt-Tiny,s4,932,0.009577072723323754
ConvNeXt-Tiny,s4,933,-0.002421762921846815
ConvNeXt-Tiny,s4,934,0.008224160667674507
ConvNeXt-Tiny,s4,935,0.0054320660386607544
ConvNeXt-Tiny,s4,936,0.006301470800069042
ConvNeXt-Tiny,s4,937,0.009393207977909213
ConvNeXt-Tiny,s4,938,0.01232529432280094
ConvNeXt-Tiny,s4,939,-0.000802438914561332
ConvNeXt-Tiny,s4,940,0.0007161798447533618
ConvNeXt-Tiny,s4,941,0.0042518623720919635
ConvNeXt-Tiny,s4,942,-0.002214693721357963
ConvNeXt-Tiny,s4,943,0.021947114682130398
ConvNeXt-Tiny,s4,944,0.0005438715169667763
ConvNeXt-Tiny,s4,945,0.013245471433272038
ConvNeXt-Tiny,s4,946,-0.004816938432236961
ConvNeXt-Tiny,s4,947,-0.0035137403038563164
ConvNeXt-Tiny,s4,948,-0.0017668074928194333
ConvNeXt-Tiny,s4,949,0.008181488076147048
ConvNeXt-Tiny,s4,950,0.01708256120531726
ConvNeXt-Tiny,s4,951,0.0004795606827928678
ConvNeXt-Tiny,s4,952,0.01113663704685297
ConvNeXt-Tiny,s4,953,-0.0033762120116493932
ConvNeXt-Tiny,s4,954,0.007431622804243365
ConvNeXt-Tiny,s4,955,0.012623979091374804
ConvNeXt-Tiny,s4,956,0.007675716207290906
ConvNeXt-Tiny,s4,957,-0.0002380172104169409
ConvNeXt-Tiny,s4,958,-0.002051209467455739
ConvNeXt-Tiny,s4,959,0.012208902141425337
ConvNeXt-Tiny,s4,960,0.008110851217841941
ConvNeXt-Tiny,s4,961,0.012761426565407685
ConvNeXt-Tiny,s4,962,0.009869996932789227
ConvNeXt-Tiny,s4,963,0.00781664993895137
ConvNeXt-Tiny,s4,964,0.011103817983985409
ConvNeXt-Tiny,s4,965,0.017899262261060533
ConvNeXt-Tiny,s4,966,0.01674402948331033
ConvNeXt-Tiny,s4,967,-0.01640504408307375
ConvNeXt-Tiny,s4,968,0.017792944920709597
ConvNeXt-Tiny,s4,969,0.013423726533941194
ConvNeXt-Tiny,s4,970,0.0011322082663289823
ConvNeXt-Tiny,s4,971,-0.0035126437597589044
ConvNeXt-Tiny,s4,972,0.013762304448731388
ConvNeXt-Tiny,s4,973,0.0013639088875145866
ConvNeXt-Tiny,s4,974,0.013378064328169459
ConvNeXt-Tiny,s4,975,0.0036580459692068246
ConvNeXt-Tiny,s4,976,0.004109318295327902
ConvNeXt-Tiny,s4,977,0.004165255694686398
ConvNeXt-Tiny,s4,978,0.012740747764153015
ConvNeXt-Tiny,s4,979,0.0074827368718727305
ConvNeXt-Tiny,s4,980,0.0014598490178425738
ConvNeXt-Tiny,s4,981,0.010926123074635807
ConvNeXt-Tiny,s4,982,-0.00614887418527299
ConvNeXt-Tiny,s4,983,-0.0014642424557714806
ConvNeXt-Tiny,s4,984,0.008913332337340152
ConvNeXt-Tiny,s4,985,0.015298736376535449
ConvNeXt-Tiny,s4,986,0.00847835522037288
ConvNeXt-Tiny,s4,987,0.008432931020082246
ConvNeXt-Tiny,s4,988,-0.003956501900524212
ConvNeXt-Tiny,s4,989,-0.005281891933884841
ConvNeXt-Tiny,s4,990,0.014883290709992947
ConvNeXt-Tiny,s4,991,-0.0026156296056740747
ConvNeXt-Tiny,s4,992,0.013760978788214917
ConvNeXt-Tiny,s4,993,0.0005973560694284563
ConvNeXt-Tiny,s4,994,1.7444669031418947e-05
ConvNeXt-Tiny,s4,995,-0.00027106658929387795
ConvNeXt-Tiny,s4,996,0.01055276259704574
ConvNeXt-Tiny,s4,997,0.0029478882575130205
ConvNeXt-Tiny,s4,998,0.006275293029569418
ConvNeXt-Tiny,s4,999,0.007687857281478583
ConvNeXt-Base,s1,0,-0.15829582474397497
ConvNeXt-Base,s1,1,-0.1812208763763008
ConvNeXt-Base,s1,2,-0.1474719683912158
ConvNeXt-Base,s1,3,-0.176811220279825
ConvNeXt-Base,s1,4,-0.16006071162494406
ConvNeXt-Base,s1,5,-0.17035989688937436
ConvNeXt-Base,s1,6,-0.1407115538169308
ConvNeXt-Base,s1,7,-0.1471250826064745
ConvNeXt-Base,s1,8,-0.14368144746715217
ConvNeXt-Base,s1,9,-0.1613386798881744
ConvNeXt-Base,s1,10,-0.1825019782158317
ConvNeXt-Base,s1,11,-0.16074424193782777
ConvNeXt-Base,s1,12,-0.16066587005418742
ConvNeXt-Base,s1,13,-0.15327945421120437
ConvNeXt-Base,s1,14,-0.12743286709046642
ConvNeXt-Base,s1,15,-0.142919058906123
ConvNeXt-Base,s1,16,-0.162737684439343
ConvNeXt-Base,s1,17,-0.16191368726954947
ConvNeXt-Base,s1,18,-0.14786603074547755
ConvNeXt-Base,s1,19,-0.09241331036885192
ConvNeXt-Base,s1,20,-0.15719691913509093
ConvNeXt-Base,s1,21,-0.17002486436422215
ConvNeXt-Base,s1,22,-0.166249875102916
ConvNeXt-Base,s1,23,-0.15525412819913198
ConvNeXt-Base,s1,24,-0.16056053581916285
ConvNeXt-Base,s1,25,-0.16049444680234337
ConvNeXt-Base,s1,26,-0.1482667234898516
ConvNeXt-Base,s1,27,-0.14618348945964432
ConvNeXt-Base,s1,28,-0.15618612730559112
ConvNeXt-Base,s1,29,-0.17887334171801028
ConvNeXt-Base,s1,30,-0.174704744950669
ConvNeXt-Base,s1,31,-0.15354992486651264
ConvNeXt-Base,s1,32,-0.18903683202143529
ConvNeXt-Base,s1,33,-0.13829422872480213
ConvNeXt-Base,s1,34,-0.14723147900852152
ConvNeXt-Base,s1,35,-0.17037342819410617
ConvNeXt-Base,s1,36,-0.17851104562232634
ConvNeXt-Base,s1,37,-0.14914267736291453
ConvNeXt-Base,s1,38,-0.17102615877194893
ConvNeXt-Base,s1,39,-0.18851115490242665
ConvNeXt-Base,s1,40,-0.15024247238194322
ConvNeXt-Base,s1,41,-0.1724600024007369
ConvNeXt-Base,s1,42,-0.1609124937403934
ConvNeXt-Base,s1,43,-0.15022155280957294
ConvNeXt-Base,s1,44,-0.1268016164795832
ConvNeXt-Base,s1,45,-0.17241087795573262
ConvNeXt-Base,s1,46,-0.16076363657251946
ConvNeXt-Base,s1,47,-0.14699472885920617
ConvNeXt-Base,s1,48,-0.16207896484097084
ConvNeXt-Base,s1,49,-0.17226412219733755
ConvNeXt-Base,s1,50,-0.17642914251411812
ConvNeXt-Base,s1,51,-0.1874862449635739
ConvNeXt-Base,s1,52,-0.19611671030009814
ConvNeXt-Base,s1,53,-0.14540931063647566
ConvNeXt-Base,s1,54,-0.20479534064177052
ConvNeXt-Base,s1,55,-0.1441149972618252
ConvNeXt-Base,s1,56,-0.1445309117048046
ConvNeXt-Base,s1,57,-0.14657277022195392
ConvNeXt-Base,s1,58,-0.15126586578329437
ConvNeXt-Base,s1,59,-0.15303179169770942
ConvNeXt-Base,s1,60,-0.14404588025150844
ConvNeXt-Base,s1,61,-0.1639762742778783
ConvNeXt-Base,s1,62,-0.1715789434019096
ConvNeXt-Base,s1,63,-0.15330490687394804
ConvNeXt-Base,s1,64,-0.15229648970417364
ConvNeXt-Base,s1,65,-0.16031772930994959
ConvNeXt-Base,s1,66,-0.15738750158515502
ConvNeXt-Base,s1,67,-0.1485418628611267
ConvNeXt-Base,s1,68,-0.14170755900275678
ConvNeXt-Base,s1,69,-0.16042655501028147
ConvNeXt-Base,s1,70,-0.14655364772043333
ConvNeXt-Base,s1,71,-0.1506570680173085
ConvNeXt-Base,s1,72,-0.14791142883724506
ConvNeXt-Base,s1,73,-0.17629478595834092
ConvNeXt-Base,s1,74,-0.16562035574343392
ConvNeXt-Base,s1,75,-0.1491045076515396
ConvNeXt-Base,s1,76,-0.1574733809061386
ConvNeXt-Base,s1,77,-0.13917408238571305
ConvNeXt-Base,s1,78,-0.18384903075713288
ConvNeXt-Base,s1,79,-0.16489328690436356
ConvNeXt-Base,s1,80,-0.17151616455915575
ConvNeXt-Base,s1,81,-0.18494836756619581
ConvNeXt-Base,s1,82,-0.15211001891436882
ConvNeXt-Base,s1,83,-0.16486195763275258
ConvNeXt-Base,s1,84,-0.14688491705680928
ConvNeXt-Base,s1,85,-0.18962691260874287
ConvNeXt-Base,s1,86,-0.14337391686944323
ConvNeXt-Base,s1,87,-0.17334226192879754
ConvNeXt-Base,s1,88,-0.15006084507873219
ConvNeXt-Base,s1,89,-0.1934112638360871
ConvNeXt-Base,s1,90,-0.16450379206546994
ConvNeXt-Base,s1,91,-0.1550692523736209
ConvNeXt-Base,s1,92,-0.1697648384220649
ConvNeXt-Base,s1,93,-0.13938639441622014
ConvNeXt-Base,s1,94,-0.13787192307216956
ConvNeXt-Base,s1,95,-0.14492549599594928
ConvNeXt-Base,s1,96,-0.13202749269151404
ConvNeXt-Base,s1,97,-0.17555471490208796
ConvNeXt-Base,s1,98,-0.1850661216377656
ConvNeXt-Base,s1,99,-0.15121614785971238
ConvNeXt-Base,s1,100,-0.17248117736389812
ConvNeXt-Base,s1,101,-0.14114065182193136
ConvNeXt-Base,s1,102,-0.15625088538363396
ConvNeXt-Base,s1,103,-0.1843268042331806
ConvNeXt-Base,s1,104,-0.13538581366204872
ConvNeXt-Base,s1,105,-0.16452277800201087
ConvNeXt-Base,s1,106,-0.13847007467764927
ConvNeXt-Base,s1,107,-0.12491850675309935
ConvNeXt-Base,s1,108,-0.16581593506519854
ConvNeXt-Base,s1,109,-0.16025593189195853
ConvNeXt-Base,s1,110,-0.16948107345485908
ConvNeXt-Base,s1,111,-0.1581332985118743
ConvNeXt-Base,s1,112,-0.14795092285521627
ConvNeXt-Base,s1,113,-0.1771837836116057
ConvNeXt-Base,s1,114,-0.1699871313495075
ConvNeXt-Base,s1,115,-0.12965327861679043
ConvNeXt-Base,s1,116,-0.18479747619988307
ConvNeXt-Base,s1,117,-0.16745233167340678
ConvNeXt-Base,s1,118,-0.1554720867841275
ConvNeXt-Base,s1,119,-0.1381402477478787
ConvNeXt-Base,s1,120,-0.16456536658294907
ConvNeXt-Base,s1,121,-0.1273739912669416
ConvNeXt-Base,s1,122,-0.19875799863679555
ConvNeXt-Base,s1,123,-0.19104627235579208
ConvNeXt-Base,s1,124,-0.17466289493647302
ConvNeXt-Base,s1,125,-0.15087949461080763
ConvNeXt-Base,s1,126,-0.17211872373440817
ConvNeXt-Base,s1,127,-0.11459353098853309
ConvNeXt-Base,s1,128,-0.1474209556365792
ConvNeXt-Base,s1,129,-0.1823296835288526
ConvNeXt-Base,s1,130,-0.17244969432817836
ConvNeXt-Base,s1,131,-0.17266507953339894
ConvNeXt-Base,s1,132,-0.14773237815514695
ConvNeXt-Base,s1,133,-0.17560852816454198
ConvNeXt-Base,s1,134,-0.16286419389160356
ConvNeXt-Base,s1,135,-0.16045639289486402
ConvNeXt-Base,s1,136,-0.18140930102190256
ConvNeXt-Base,s1,137,-0.18272823324098242
ConvNeXt-Base,s1,138,-0.16413904503755006
ConvNeXt-Base,s1,139,-0.15386330817859517
ConvNeXt-Base,s1,140,-0.17040839515688555
ConvNeXt-Base,s1,141,-0.1465280754296968
ConvNeXt-Base,s1,142,-0.1718734026652643
ConvNeXt-Base,s1,143,-0.1405685900490785
ConvNeXt-Base,s1,144,-0.1622526134250143
ConvNeXt-Base,s1,145,-0.1540939778553515
ConvNeXt-Base,s1,146,-0.18053942629826114
ConvNeXt-Base,s1,147,-0.14109298793624758
ConvNeXt-Base,s1,148,-0.17874880968706508
ConvNeXt-Base,s1,149,-0.1285032121430114
ConvNeXt-Base,s1,150,-0.159783077723322
ConvNeXt-Base,s1,151,-0.1574568530507482
ConvNeXt-Base,s1,152,-0.13972582195743688
ConvNeXt-Base,s1,153,-0.13390157443711137
ConvNeXt-Base,s1,154,-0.18768724744667487
ConvNeXt-Base,s1,155,-0.1597533890209457
ConvNeXt-Base,s1,156,-0.1442328181791137
ConvNeXt-Base,s1,157,-0.14888964132677673
ConvNeXt-Base,s1,158,-0.15297614011769467
ConvNeXt-Base,s1,159,-0.19307758297961208
ConvNeXt-Base,s1,160,-0.16346142863396684
ConvNeXt-Base,s1,161,-0.16575456520246323
ConvNeXt-Base,s1,162,-0.1580881717543231
ConvNeXt-Base,s1,163,-0.16702608063594993
ConvNeXt-Base,s1,164,-0.1817789966340344
ConvNeXt-Base,s1,165,-0.14384404514989668
ConvNeXt-Base,s1,166,-0.17366079646275734
ConvNeXt-Base,s1,167,-0.14310040009942615
ConvNeXt-Base,s1,168,-0.16218867891420585
ConvNeXt-Base,s1,169,-0.18739657069849214
ConvNeXt-Base,s1,170,-0.14893571800679029
ConvNeXt-Base,s1,171,-0.14934922831826658
ConvNeXt-Base,s1,172,-0.1455135240164931
ConvNeXt-Base,s1,173,-0.17078418199292755
ConvNeXt-Base,s1,174,-0.16205019259039632
ConvNeXt-Base,s1,175,-0.1421924545898241
ConvNeXt-Base,s1,176,-0.15541174471033314
ConvNeXt-Base,s1,177,-0.1759127375096784
ConvNeXt-Base,s1,178,-0.16902208968730204
ConvNeXt-Base,s1,179,-0.1760824502881395
ConvNeXt-Base,s1,180,-0.15866534124928777
ConvNeXt-Base,s1,181,-0.1701008286838126
ConvNeXt-Base,s1,182,-0.15900124777489466
ConvNeXt-Base,s1,183,-0.14882767548407294
ConvNeXt-Base,s1,184,-0.18193834376473983
ConvNeXt-Base,s1,185,-0.1662595564344328
ConvNeXt-Base,s1,186,-0.13984892681881445
ConvNeXt-Base,s1,187,-0.14633370572102233
ConvNeXt-Base,s1,188,-0.14283048649752184
ConvNeXt-Base,s1,189,-0.14405746134557362
ConvNeXt-Base,s1,190,-0.17223120815036252
ConvNeXt-Base,s1,191,-0.14992163402639624
ConvNeXt-Base,s1,192,-0.16049814912984417
ConvNeXt-Base,s1,193,-0.15494692200024462
ConvNeXt-Base,s1,194,-0.151351768861555
ConvNeXt-Base,s1,195,-0.1710015403670846
ConvNeXt-Base,s1,196,-0.1721024614043961
ConvNeXt-Base,s1,197,-0.15363045291842703
ConvNeXt-Base,s1,198,-0.14304934992964025
ConvNeXt-Base,s1,199,-0.1543937005411059
ConvNeXt-Base,s1,200,-0.17514453543706998
ConvNeXt-Base,s1,201,-0.17047653146823838
ConvNeXt-Base,s1,202,-0.1416596485069349
ConvNeXt-Base,s1,203,-0.15563665711083663
ConvNeXt-Base,s1,204,-0.15656308781933204
ConvNeXt-Base,s1,205,-0.17017730210652104
ConvNeXt-Base,s1,206,-0.18187936171636643
ConvNeXt-Base,s1,207,-0.1659976332193821
ConvNeXt-Base,s1,208,-0.15129244484670168
ConvNeXt-Base,s1,209,-0.17860186277247525
ConvNeXt-Base,s1,210,-0.16449114395546727
ConvNeXt-Base,s1,211,-0.14607254668092529
ConvNeXt-Base,s1,212,-0.16881282049807744
ConvNeXt-Base,s1,213,-0.18620403121849283
ConvNeXt-Base,s1,214,-0.15971597011669236
ConvNeXt-Base,s1,215,-0.1658387358446647
ConvNeXt-Base,s1,216,-0.1552617156737648
ConvNeXt-Base,s1,217,-0.14788615635851876
ConvNeXt-Base,s1,218,-0.1828758437091299
ConvNeXt-Base,s1,219,-0.17407235020486023
ConvNeXt-Base,s1,220,-0.17865356299123547
ConvNeXt-Base,s1,221,-0.16035352898124888
ConvNeXt-Base,s1,222,-0.16300448556929947
ConvNeXt-Base,s1,223,-0.154588095346198
ConvNeXt-Base,s1,224,-0.16504735163300233
ConvNeXt-Base,s1,225,-0.16409160657095667
ConvNeXt-Base,s1,226,-0.15649972032299297
ConvNeXt-Base,s1,227,-0.17949004714244743
ConvNeXt-Base,s1,228,-0.14276138838448704
ConvNeXt-Base,s1,229,-0.1734229644582792
ConvNeXt-Base,s1,230,-0.15406452474350474
ConvNeXt-Base,s1,231,-0.1580361172118263
ConvNeXt-Base,s1,232,-0.15362449384331311
ConvNeXt-Base,s1,233,-0.1438600966439436
ConvNeXt-Base,s1,234,-0.1799376426791377
ConvNeXt-Base,s1,235,-0.17472157578784098
ConvNeXt-Base,s1,236,-0.1546656985922369
ConvNeXt-Base,s1,237,-0.14729365526087768
ConvNeXt-Base,s1,238,-0.16631673948366466
ConvNeXt-Base,s1,239,-0.1484073739824716
ConvNeXt-Base,s1,240,-0.13747688692769267
ConvNeXt-Base,s1,241,-0.1555719307870007
ConvNeXt-Base,s1,242,-0.15324296456468656
ConvNeXt-Base,s1,243,-0.16369519600625226
ConvNeXt-Base,s1,244,-0.15379865356116273
ConvNeXt-Base,s1,245,-0.16168548597504984
ConvNeXt-Base,s1,246,-0.14437796323194974
ConvNeXt-Base,s1,247,-0.1501495971705964
ConvNeXt-Base,s1,248,-0.16827562917111982
ConvNeXt-Base,s1,249,-0.1481857109320157
ConvNeXt-Base,s1,250,-0.1825693593887917
ConvNeXt-Base,s1,251,-0.15993135166823946
ConvNeXt-Base,s1,252,-0.1347462735087881
ConvNeXt-Base,s1,253,-0.1682747226076169
ConvNeXt-Base,s1,254,-0.16579664245403136
ConvNeXt-Base,s1,255,-0.183247278016759
ConvNeXt-Base,s1,256,-0.18609225262387563
ConvNeXt-Base,s1,257,-0.15204986747571614
ConvNeXt-Base,s1,258,-0.12525720712774846
ConvNeXt-Base,s1,259,-0.13310655506269542
ConvNeXt-Base,s1,260,-0.14281145596789369
ConvNeXt-Base,s1,261,-0.1306830451296941
ConvNeXt-Base,s1,262,-0.19358674367998718
ConvNeXt-Base,s1,263,-0.1830457692479165
ConvNeXt-Base,s1,264,-0.17832605076042318
ConvNeXt-Base,s1,265,-0.16747375129537823
ConvNeXt-Base,s1,266,-0.17616697438405915
ConvNeXt-Base,s1,267,-0.15847810996966794
ConvNeXt-Base,s1,268,-0.16071466038414484
ConvNeXt-Base,s1,269,-0.1578810116581557
ConvNeXt-Base,s1,270,-0.17046641202624513
ConvNeXt-Base,s1,271,-0.14329980431705913
ConvNeXt-Base,s1,272,-0.177441315910851
ConvNeXt-Base,s1,273,-0.16504446256051808
ConvNeXt-Base,s1,274,-0.1691164688906004
ConvNeXt-Base,s1,275,-0.15565113230881233
ConvNeXt-Base,s1,276,-0.16770679802810629
ConvNeXt-Base,s1,277,-0.15179074526838188
ConvNeXt-Base,s1,278,-0.17315770534815467
ConvNeXt-Base,s1,279,-0.1561008266983599
ConvNeXt-Base,s1,280,-0.1596792685887647
ConvNeXt-Base,s1,281,-0.1698176469632776
ConvNeXt-Base,s1,282,-0.10765947871919535
ConvNeXt-Base,s1,283,-0.18376578260428866
ConvNeXt-Base,s1,284,-0.16497397024736538
ConvNeXt-Base,s1,285,-0.16637471323232011
ConvNeXt-Base,s1,286,-0.13415206386300682
ConvNeXt-Base,s1,287,-0.1753730997980938
ConvNeXt-Base,s1,288,-0.160635526911587
ConvNeXt-Base,s1,289,-0.14187819549473357
ConvNeXt-Base,s1,290,-0.13889877767597314
ConvNeXt-Base,s1,291,-0.17544224428406974
ConvNeXt-Base,s1,292,-0.16514177509372763
ConvNeXt-Base,s1,293,-0.16440145546165608
ConvNeXt-Base,s1,294,-0.17509934629991997
ConvNeXt-Base,s1,295,-0.16809083381801393
ConvNeXt-Base,s1,296,-0.15321288201055572
ConvNeXt-Base,s1,297,-0.17679398578035244
ConvNeXt-Base,s1,298,-0.14555151728149163
ConvNeXt-Base,s1,299,-0.1303916918555189
ConvNeXt-Base,s1,300,-0.16268153366989757
ConvNeXt-Base,s1,301,-0.1797759297392333
ConvNeXt-Base,s1,302,-0.18114680402393024
ConvNeXt-Base,s1,303,-0.15837975475154165
ConvNeXt-Base,s1,304,-0.15546506038222752
ConvNeXt-Base,s1,305,-0.16477818065510808
ConvNeXt-Base,s1,306,-0.1425610131139069
ConvNeXt-Base,s1,307,-0.1665240986742219
ConvNeXt-Base,s1,308,-0.14437517828123259
ConvNeXt-Base,s1,309,-0.1584018495317654
ConvNeXt-Base,s1,310,-0.146339308872924
ConvNeXt-Base,s1,311,-0.18016864766866258
ConvNeXt-Base,s1,312,-0.17306271482981916
ConvNeXt-Base,s1,313,-0.1611869547763416
ConvNeXt-Base,s1,314,-0.18108083870279923
ConvNeXt-Base,s1,315,-0.17018329774376406
ConvNeXt-Base,s1,316,-0.1661657802062072
ConvNeXt-Base,s1,317,-0.16630286097811853
ConvNeXt-Base,s1,318,-0.160338232659608
ConvNeXt-Base,s1,319,-0.16217431078118705
ConvNeXt-Base,s1,320,-0.1567978019893117
ConvNeXt-Base,s1,321,-0.149563803812922
ConvNeXt-Base,s1,322,-0.16274358674252332
ConvNeXt-Base,s1,323,-0.1832197763864385
ConvNeXt-Base,s1,324,-0.1711851232527224
ConvNeXt-Base,s1,325,-0.16393815951842572
ConvNeXt-Base,s1,326,-0.1411646866390378
ConvNeXt-Base,s1,327,-0.16968245035281104
ConvNeXt-Base,s1,328,-0.18689528802698796
ConvNeXt-Base,s1,329,-0.1527593924108216
ConvNeXt-Base,s1,330,-0.17287276065916513
ConvNeXt-Base,s1,331,-0.14419496766333195
ConvNeXt-Base,s1,332,-0.16101584248177847
ConvNeXt-Base,s1,333,-0.14722844118152179
ConvNeXt-Base,s1,334,-0.1708721840678895
ConvNeXt-Base,s1,335,-0.14759052475858214
ConvNeXt-Base,s1,336,-0.16297464199518785
ConvNeXt-Base,s1,337,-0.16656975504940963
ConvNeXt-Base,s1,338,-0.15959407806253223
ConvNeXt-Base,s1,339,-0.13882891429475608
ConvNeXt-Base,s1,340,-0.15987391789975913
ConvNeXt-Base,s1,341,-0.17922674812924555
ConvNeXt-Base,s1,342,-0.17106432177390363
ConvNeXt-Base,s1,343,-0.1571359874417676
ConvNeXt-Base,s1,344,-0.14965148043375054
ConvNeXt-Base,s1,345,-0.16141117922664505
ConvNeXt-Base,s1,346,-0.154422466280989
ConvNeXt-Base,s1,347,-0.14934413108410838
ConvNeXt-Base,s1,348,-0.15192073835682307
ConvNeXt-Base,s1,349,-0.15380542931547359
ConvNeXt-Base,s1,350,-0.15178297092271242
ConvNeXt-Base,s1,351,-0.16440024138403575
ConvNeXt-Base,s1,352,-0.16778462694270313
ConvNeXt-Base,s1,353,-0.14419452027688717
ConvNeXt-Base,s1,354,-0.14007412133092656
ConvNeXt-Base,s1,355,-0.13865348097556152
ConvNeXt-Base,s1,356,-0.15197150592427155
ConvNeXt-Base,s1,357,-0.15664514971612575
ConvNeXt-Base,s1,358,-0.14619336386915704
ConvNeXt-Base,s1,359,-0.15356796594621247
ConvNeXt-Base,s1,360,-0.16449988139330884
ConvNeXt-Base,s1,361,-0.1682384925820859
ConvNeXt-Base,s1,362,-0.16171962757397085
ConvNeXt-Base,s1,363,-0.15512669973694015
ConvNeXt-Base,s1,364,-0.12397742352030972
ConvNeXt-Base,s1,365,-0.16939050905536912
ConvNeXt-Base,s1,366,-0.16467837514909978
ConvNeXt-Base,s1,367,-0.13178851234939204
ConvNeXt-Base,s1,368,-0.16618948293775815
ConvNeXt-Base,s1,369,-0.15122198587075097
ConvNeXt-Base,s1,370,-0.15978676816869075
ConvNeXt-Base,s1,371,-0.1408549998372196
ConvNeXt-Base,s1,372,-0.17320177761779687
ConvNeXt-Base,s1,373,-0.1716769955693076
ConvNeXt-Base,s1,374,-0.13636939563018435
ConvNeXt-Base,s1,375,-0.13653340547434467
ConvNeXt-Base,s1,376,-0.16633133005879408
ConvNeXt-Base,s1,377,-0.16226006038455432
ConvNeXt-Base,s1,378,-0.14482484139056606
ConvNeXt-Base,s1,379,-0.13033122085541304
ConvNeXt-Base,s1,380,-0.17133094761232803
ConvNeXt-Base,s1,381,-0.18963549046506145
ConvNeXt-Base,s1,382,-0.15311519302725762
ConvNeXt-Base,s1,383,-0.11748541194321105
ConvNeXt-Base,s1,384,-0.18087606883182883
ConvNeXt-Base,s1,385,-0.1934640349749862
ConvNeXt-Base,s1,386,-0.18330747384013912
ConvNeXt-Base,s1,387,-0.16947703047903107
ConvNeXt-Base,s1,388,-0.157241277857057
ConvNeXt-Base,s1,389,-0.1329215836652371
ConvNeXt-Base,s1,390,-0.15429934512204302
ConvNeXt-Base,s1,391,-0.14645927722216112
ConvNeXt-Base,s1,392,-0.16593865111969786
ConvNeXt-Base,s1,393,-0.16018087504654388
ConvNeXt-Base,s1,394,-0.1844082007981661
ConvNeXt-Base,s1,395,-0.18590073884564318
ConvNeXt-Base,s1,396,-0.16619031543327645
ConvNeXt-Base,s1,397,-0.1706194843220873
ConvNeXt-Base,s1,398,-0.13907339674019048
ConvNeXt-Base,s1,399,-0.16046016159378085
ConvNeXt-Base,s1,400,-0.13882223509824176
ConvNeXt-Base,s1,401,-0.17556484937660388
ConvNeXt-Base,s1,402,-0.16396883817083474
ConvNeXt-Base,s1,403,-0.1825699285896223
ConvNeXt-Base,s1,404,-0.17263312873178216
ConvNeXt-Base,s1,405,-0.1858801469934095
ConvNeXt-Base,s1,406,-0.16155874930761516
ConvNeXt-Base,s1,407,-0.17214926465719738
ConvNeXt-Base,s1,408,-0.16250393386301087
ConvNeXt-Base,s1,409,-0.12131782751151299
ConvNeXt-Base,s1,410,-0.15045717823765592
ConvNeXt-Base,s1,411,-0.16318456872141618
ConvNeXt-Base,s1,412,-0.15256061702698676
ConvNeXt-Base,s1,413,-0.14685721223355142
ConvNeXt-Base,s1,414,-0.1694265820274251
ConvNeXt-Base,s1,415,-0.1702777201254515
ConvNeXt-Base,s1,416,-0.15057101135733075
ConvNeXt-Base,s1,417,-0.14384733881965117
ConvNeXt-Base,s1,418,-0.1744503294762736
ConvNeXt-Base,s1,419,-0.14583770504099947
ConvNeXt-Base,s1,420,-0.15774722080767667
ConvNeXt-Base,s1,421,-0.17828401890450118
ConvNeXt-Base,s1,422,-0.1407700460231015
ConvNeXt-Base,s1,423,-0.1384848879390176
ConvNeXt-Base,s1,424,-0.1637195014236611
ConvNeXt-Base,s1,425,-0.16782810277240467
ConvNeXt-Base,s1,426,-0.15039147796040664
ConvNeXt-Base,s1,427,-0.16018716493612928
ConvNeXt-Base,s1,428,-0.18781827809673723
ConvNeXt-Base,s1,429,-0.15840864021697865
ConvNeXt-Base,s1,430,-0.15867831432263668
ConvNeXt-Base,s1,431,-0.13202470144602052
ConvNeXt-Base,s1,432,-0.16160318508061233
ConvNeXt-Base,s1,433,-0.152271683711242
ConvNeXt-Base,s1,434,-0.16484438575585814
ConvNeXt-Base,s1,435,-0.15247031339797568
ConvNeXt-Base,s1,436,-0.16453765571283574
ConvNeXt-Base,s1,437,-0.1752305099359064
ConvNeXt-Base,s1,438,-0.16495677110013596
ConvNeXt-Base,s1,439,-0.18027091831407405
ConvNeXt-Base,s1,440,-0.14111350488091157
ConvNeXt-Base,s1,441,-0.1675562453089834
ConvNeXt-Base,s1,442,-0.14704833345644186
ConvNeXt-Base,s1,443,-0.13137779854985832
ConvNeXt-Base,s1,444,-0.13933720901099034
ConvNeXt-Base,s1,445,-0.16283297769589078
ConvNeXt-Base,s1,446,-0.17570722301257669
ConvNeXt-Base,s1,447,-0.1565079918014085
ConvNeXt-Base,s1,448,-0.1653218144478944
ConvNeXt-Base,s1,449,-0.1399389411534353
ConvNeXt-Base,s1,450,-0.18529977842731427
ConvNeXt-Base,s1,451,-0.18472307234418883
ConvNeXt-Base,s1,452,-0.15865570945887197
ConvNeXt-Base,s1,453,-0.16315588917552193
ConvNeXt-Base,s1,454,-0.14485402260906088
ConvNeXt-Base,s1,455,-0.1640154459080423
ConvNeXt-Base,s1,456,-0.1763409653002993
ConvNeXt-Base,s1,457,-0.17055506471928672
ConvNeXt-Base,s1,458,-0.1795255543662475
ConvNeXt-Base,s1,459,-0.15991486327042992
ConvNeXt-Base,s1,460,-0.1282761352621864
ConvNeXt-Base,s1,461,-0.15515087882048428
ConvNeXt-Base,s1,462,-0.15761070262002908
ConvNeXt-Base,s1,463,-0.15164752715877095
ConvNeXt-Base,s1,464,-0.17478408728033035
ConvNeXt-Base,s1,465,-0.16967870166757493
ConvNeXt-Base,s1,466,-0.14641595285466302
ConvNeXt-Base,s1,467,-0.15367450902125201
ConvNeXt-Base,s1,468,-0.16306600860093512
ConvNeXt-Base,s1,469,-0.15817152014064817
ConvNeXt-Base,s1,470,-0.18104565141499562
ConvNeXt-Base,s1,471,-0.14865897786785487
ConvNeXt-Base,s1,472,-0.16372777090433843
ConvNeXt-Base,s1,473,-0.139603511493823
ConvNeXt-Base,s1,474,-0.14970610151943387
ConvNeXt-Base,s1,475,-0.14896342507082205
ConvNeXt-Base,s1,476,-0.13352970819938093
ConvNeXt-Base,s1,477,-0.16372626848158744
ConvNeXt-Base,s1,478,-0.17548378180110757
ConvNeXt-Base,s1,479,-0.16687220770420197
ConvNeXt-Base,s1,480,-0.14903426400986097
ConvNeXt-Base,s1,481,-0.13168922405388006
ConvNeXt-Base,s1,482,-0.16771798105500024
ConvNeXt-Base,s1,483,-0.16051759888344252
ConvNeXt-Base,s1,484,-0.17701470319230939
ConvNeXt-Base,s1,485,-0.1584965892158624
ConvNeXt-Base,s1,486,-0.17618501160368427
ConvNeXt-Base,s1,487,-0.13914435825831684
ConvNeXt-Base,s1,488,-0.1896616436190094
ConvNeXt-Base,s1,489,-0.18122606640694017
ConvNeXt-Base,s1,490,-0.17462558618237134
ConvNeXt-Base,s1,491,-0.18708443938853825
ConvNeXt-Base,s1,492,-0.13965722333010633
ConvNeXt-Base,s1,493,-0.1758470269207244
ConvNeXt-Base,s1,494,-0.15012469154911035
ConvNeXt-Base,s1,495,-0.15164613212298872
ConvNeXt-Base,s1,496,-0.16333654187103086
ConvNeXt-Base,s1,497,-0.14438103774712885
ConvNeXt-Base,s1,498,-0.14622911901526003
ConvNeXt-Base,s1,499,-0.1694967808211013
ConvNeXt-Base,s1,500,-0.16982193545635083
ConvNeXt-Base,s1,501,-0.16325967532724306
ConvNeXt-Base,s1,502,-0.17678463047024073
ConvNeXt-Base,s1,503,-0.14766401673918594
ConvNeXt-Base,s1,504,-0.15102268773522798
ConvNeXt-Base,s1,505,-0.1792771164554533
ConvNeXt-Base,s1,506,-0.1471249801881338
ConvNeXt-Base,s1,507,-0.17218572667566268
ConvNeXt-Base,s1,508,-0.156986409921839
ConvNeXt-Base,s1,509,-0.1850053923434818
ConvNeXt-Base,s1,510,-0.1801744027955463
ConvNeXt-Base,s1,511,-0.16810175736227007
ConvNeXt-Base,s1,512,-0.13807539691372028
ConvNeXt-Base,s1,513,-0.17392569942192093
ConvNeXt-Base,s1,514,-0.15732466065833117
ConvNeXt-Base,s1,515,-0.17887455167635125
ConvNeXt-Base,s1,516,-0.16606791770350782
ConvNeXt-Base,s1,517,-0.20233583391856547
ConvNeXt-Base,s1,518,-0.1708617378192111
ConvNeXt-Base,s1,519,-0.1566088766178959
ConvNeXt-Base,s1,520,-0.14522933211277678
ConvNeXt-Base,s1,521,-0.15386698718654568
ConvNeXt-Base,s1,522,-0.17445256126852549
ConvNeXt-Base,s1,523,-0.17854646465678226
ConvNeXt-Base,s1,524,-0.1453854565701279
ConvNeXt-Base,s1,525,-0.1425989226823865
ConvNeXt-Base,s1,526,-0.16101560885031274
ConvNeXt-Base,s1,527,-0.14879264113431123
ConvNeXt-Base,s1,528,-0.14655633138177837
ConvNeXt-Base,s1,529,-0.15926933914021224
ConvNeXt-Base,s1,530,-0.1791690985059644
ConvNeXt-Base,s1,531,-0.15814845814144918
ConvNeXt-Base,s1,532,-0.21049390198678497
ConvNeXt-Base,s1,533,-0.16931904955069854
ConvNeXt-Base,s1,534,-0.15584699261688817
ConvNeXt-Base,s1,535,-0.15093603627637076
ConvNeXt-Base,s1,536,-0.1798920878496455
ConvNeXt-Base,s1,537,-0.15561757884560778
ConvNeXt-Base,s1,538,-0.1601087869612835
ConvNeXt-Base,s1,539,-0.15184346403489313
ConvNeXt-Base,s1,540,-0.16101063418747674
ConvNeXt-Base,s1,541,-0.17320393070527462
ConvNeXt-Base,s1,542,-0.12413858706859682
ConvNeXt-Base,s1,543,-0.17466653917097352
ConvNeXt-Base,s1,544,-0.13557535186566216
ConvNeXt-Base,s1,545,-0.15055296591331013
ConvNeXt-Base,s1,546,-0.15152823196544885
ConvNeXt-Base,s1,547,-0.17184565088905512
ConvNeXt-Base,s1,548,-0.19081979803048532
ConvNeXt-Base,s1,549,-0.15326314581978107
ConvNeXt-Base,s1,550,-0.15139669904620556
ConvNeXt-Base,s1,551,-0.18639159381481996
ConvNeXt-Base,s1,552,-0.15701084161485201
ConvNeXt-Base,s1,553,-0.1451000983469125
ConvNeXt-Base,s1,554,-0.16707933601181701
ConvNeXt-Base,s1,555,-0.17495110802199143
ConvNeXt-Base,s1,556,-0.17506439487658576
ConvNeXt-Base,s1,557,-0.14836639111514316
ConvNeXt-Base,s1,558,-0.15353064062066846
ConvNeXt-Base,s1,559,-0.1858046917920776
ConvNeXt-Base,s1,560,-0.195123004314959
ConvNeXt-Base,s1,561,-0.13690340322764583
ConvNeXt-Base,s1,562,-0.1426867263248892
ConvNeXt-Base,s1,563,-0.16494564861874217
ConvNeXt-Base,s1,564,-0.1656229992586703
ConvNeXt-Base,s1,565,-0.19303224074810765
ConvNeXt-Base,s1,566,-0.18663289946033002
ConvNeXt-Base,s1,567,-0.16145662099625246
ConvNeXt-Base,s1,568,-0.18155387916844745
ConvNeXt-Base,s1,569,-0.15376059889118854
ConvNeXt-Base,s1,570,-0.1387938508493649
ConvNeXt-Base,s1,571,-0.1625342396123136
ConvNeXt-Base,s1,572,-0.1475737194799659
ConvNeXt-Base,s1,573,-0.15605954675521583
ConvNeXt-Base,s1,574,-0.1805431551011598
ConvNeXt-Base,s1,575,-0.1437380554235087
ConvNeXt-Base,s1,576,-0.15007148254983527
ConvNeXt-Base,s1,577,-0.1801649904373137
ConvNeXt-Base,s1,578,-0.16394284164130157
ConvNeXt-Base,s1,579,-0.15104773406826832
ConvNeXt-Base,s1,580,-0.16357579078504192
ConvNeXt-Base,s1,581,-0.1476246567591203
ConvNeXt-Base,s1,582,-0.19481950899422396
ConvNeXt-Base,s1,583,-0.15570956841179884
ConvNeXt-Base,s1,584,-0.16863041674759394
ConvNeXt-Base,s1,585,-0.14795578910863239
ConvNeXt-Base,s1,586,-0.1492278145134962
ConvNeXt-Base,s1,587,-0.16711602253870128
ConvNeXt-Base,s1,588,-0.16153543438941687
ConvNeXt-Base,s1,589,-0.15730043403150407
ConvNeXt-Base,s1,590,-0.18550811751447505
ConvNeXt-Base,s1,591,-0.14399204925609943
ConvNeXt-Base,s1,592,-0.14878955832626728
ConvNeXt-Base,s1,593,-0.16241204042336277
ConvNeXt-Base,s1,594,-0.1705602684478309
ConvNeXt-Base,s1,595,-0.16643111240548714
ConvNeXt-Base,s1,596,-0.13810947952348795
ConvNeXt-Base,s1,597,-0.1513320693821234
ConvNeXt-Base,s1,598,-0.15121433804457562
ConvNeXt-Base,s1,599,-0.16154661815417515
ConvNeXt-Base,s1,600,-0.1433117386183198
ConvNeXt-Base,s1,601,-0.1466848695896188
ConvNeXt-Base,s1,602,-0.15066601446291872
ConvNeXt-Base,s1,603,-0.1822288825672752
ConvNeXt-Base,s1,604,-0.20199258565894862
ConvNeXt-Base,s1,605,-0.1433180637503485
ConvNeXt-Base,s1,606,-0.1624728382631545
ConvNeXt-Base,s1,607,-0.15374528711329238
ConvNeXt-Base,s1,608,-0.17293240206914362
ConvNeXt-Base,s1,609,-0.1701861621461913
ConvNeXt-Base,s1,610,-0.16172548842959034
ConvNeXt-Base,s1,611,-0.16712758178810172
ConvNeXt-Base,s1,612,-0.15681013989294135
ConvNeXt-Base,s1,613,-0.14126850733478413
ConvNeXt-Base,s1,614,-0.14923923699633246
ConvNeXt-Base,s1,615,-0.14489211859478524
ConvNeXt-Base,s1,616,-0.1621570161120266
ConvNeXt-Base,s1,617,-0.16446763305710077
ConvNeXt-Base,s1,618,-0.18994849374825684
ConvNeXt-Base,s1,619,-0.14533917314390976
ConvNeXt-Base,s1,620,-0.15512705767152546
ConvNeXt-Base,s1,621,-0.14814572030626882
ConvNeXt-Base,s1,622,-0.16512232877298605
ConvNeXt-Base,s1,623,-0.1701718893453369
ConvNeXt-Base,s1,624,-0.16955764208720414
ConvNeXt-Base,s1,625,-0.14760969162157334
ConvNeXt-Base,s1,626,-0.13645733636045942
ConvNeXt-Base,s1,627,-0.1677505904463179
ConvNeXt-Base,s1,628,-0.15515347201318685
ConvNeXt-Base,s1,629,-0.16764163185082992
ConvNeXt-Base,s1,630,-0.14929430071088734
ConvNeXt-Base,s1,631,-0.1657972234784011
ConvNeXt-Base,s1,632,-0.15529943654657485
ConvNeXt-Base,s1,633,-0.17368691323971752
ConvNeXt-Base,s1,634,-0.16313651176949984
ConvNeXt-Base,s1,635,-0.16435610282520474
ConvNeXt-Base,s1,636,-0.17042918382194538
ConvNeXt-Base,s1,637,-0.16166478071383827
ConvNeXt-Base,s1,638,-0.15495081853920978
ConvNeXt-Base,s1,639,-0.12156550778797648
ConvNeXt-Base,s1,640,-0.18671092216208873
ConvNeXt-Base,s1,641,-0.17024825815756883
ConvNeXt-Base,s1,642,-0.13443387278552787
ConvNeXt-Base,s1,643,-0.17895142514269347
ConvNeXt-Base,s1,644,-0.1297376967951709
ConvNeXt-Base,s1,645,-0.1289417062713618
ConvNeXt-Base,s1,646,-0.18225080566466234
ConvNeXt-Base,s1,647,-0.16444780454795915
ConvNeXt-Base,s1,648,-0.1231769827629039
ConvNeXt-Base,s1,649,-0.14929639012052942
ConvNeXt-Base,s1,650,-0.12911979448926525
ConvNeXt-Base,s1,651,-0.13956533348155553
ConvNeXt-Base,s1,652,-0.16176641480934917
ConvNeXt-Base,s1,653,-0.17612888693269457
ConvNeXt-Base,s1,654,-0.16322979383203207
ConvNeXt-Base,s1,655,-0.15286711364448347
ConvNeXt-Base,s1,656,-0.18174558122730022
ConvNeXt-Base,s1,657,-0.17467942888791832
ConvNeXt-Base,s1,658,-0.1420062651704198
ConvNeXt-Base,s1,659,-0.18571286924578823
ConvNeXt-Base,s1,660,-0.1669602120342749
ConvNeXt-Base,s1,661,-0.1458265294089519
ConvNeXt-Base,s1,662,-0.14485437674296842
ConvNeXt-Base,s1,663,-0.15708545407078356
ConvNeXt-Base,s1,664,-0.14938134370622813
ConvNeXt-Base,s1,665,-0.18412259819322152
ConvNeXt-Base,s1,666,-0.1654836071432645
ConvNeXt-Base,s1,667,-0.15823079474085122
ConvNeXt-Base,s1,668,-0.1578980201948077
ConvNeXt-Base,s1,669,-0.14538218920312362
ConvNeXt-Base,s1,670,-0.14925586855403916
ConvNeXt-Base,s1,671,-0.16642823871850854
ConvNeXt-Base,s1,672,-0.15580763422104604
ConvNeXt-Base,s1,673,-0.17519468075117994
ConvNeXt-Base,s1,674,-0.14259693704685938
ConvNeXt-Base,s1,675,-0.18372159042331382
ConvNeXt-Base,s1,676,-0.1796458534326304
ConvNeXt-Base,s1,677,-0.15579795131957042
ConvNeXt-Base,s1,678,-0.15364221868702943
ConvNeXt-Base,s1,679,-0.1543957875405515
ConvNeXt-Base,s1,680,-0.1463837914746272
ConvNeXt-Base,s1,681,-0.16187800980565314
ConvNeXt-Base,s1,682,-0.16566487794870055
ConvNeXt-Base,s1,683,-0.15016845055114347
ConvNeXt-Base,s1,684,-0.13169936853192366
ConvNeXt-Base,s1,685,-0.15618065870784714
ConvNeXt-Base,s1,686,-0.15580655150331713
ConvNeXt-Base,s1,687,-0.1482397364377317
ConvNeXt-Base,s1,688,-0.17851689081463706
ConvNeXt-Base,s1,689,-0.14898386411505649
ConvNeXt-Base,s1,690,-0.16519098848939673
ConvNeXt-Base,s1,691,-0.16589955629094721
ConvNeXt-Base,s1,692,-0.17841370021183534
ConvNeXt-Base,s1,693,-0.15861913875817535
ConvNeXt-Base,s1,694,-0.1902292663086308
ConvNeXt-Base,s1,695,-0.1709948891795341
ConvNeXt-Base,s1,696,-0.17357299641272483
ConvNeXt-Base,s1,697,-0.15911497055546198
ConvNeXt-Base,s1,698,-0.16501192245196594
ConvNeXt-Base,s1,699,-0.15004303870881408
ConvNeXt-Base,s1,700,-0.16861442911144553
ConvNeXt-Base,s1,701,-0.17214577941475473
ConvNeXt-Base,s1,702,-0.16970498378080223
ConvNeXt-Base,s1,703,-0.17982000665843145
ConvNeXt-Base,s1,704,-0.16463097866479848
ConvNeXt-Base,s1,705,-0.1557838542469917
ConvNeXt-Base,s1,706,-0.1654441119762622
ConvNeXt-Base,s1,707,-0.1419312479748398
ConvNeXt-Base,s1,708,-0.16164669139929888
ConvNeXt-Base,s1,709,-0.1611136080798814
ConvNeXt-Base,s1,710,-0.1553571482940005
ConvNeXt-Base,s1,711,-0.1761918261860479
ConvNeXt-Base,s1,712,-0.1396554333239538
ConvNeXt-Base,s1,713,-0.17452979993894258
ConvNeXt-Base,s1,714,-0.14019645664696456
ConvNeXt-Base,s1,715,-0.16156426489463604
ConvNeXt-Base,s1,716,-0.15649885833055988
ConvNeXt-Base,s1,717,-0.17385487138405675
ConvNeXt-Base,s1,718,-0.17773846409991556
ConvNeXt-Base,s1,719,-0.16815837304536818
ConvNeXt-Base,s1,720,-0.1362700758761105
ConvNeXt-Base,s1,721,-0.16925620447008582
ConvNeXt-Base,s1,722,-0.1707015278264553
ConvNeXt-Base,s1,723,-0.14671151774177726
ConvNeXt-Base,s1,724,-0.135603751214607
ConvNeXt-Base,s1,725,-0.13979336694031397
ConvNeXt-Base,s1,726,-0.15625826461418346
ConvNeXt-Base,s1,727,-0.17243857173320132
ConvNeXt-Base,s1,728,-0.14676941468054316
ConvNeXt-Base,s1,729,-0.18040678317976422
ConvNeXt-Base,s1,730,-0.12393819161493957
ConvNeXt-Base,s1,731,-0.20985966527380517
ConvNeXt-Base,s1,732,-0.1535331622296876
ConvNeXt-Base,s1,733,-0.14925175358854081
ConvNeXt-Base,s1,734,-0.14712236492292563
ConvNeXt-Base,s1,735,-0.1496088458455358
ConvNeXt-Base,s1,736,-0.14964968906851073
ConvNeXt-Base,s1,737,-0.15780001632448126
ConvNeXt-Base,s1,738,-0.19526029278272072
ConvNeXt-Base,s1,739,-0.16076480691054595
ConvNeXt-Base,s1,740,-0.14997939646671643
ConvNeXt-Base,s1,741,-0.16941539482692747
ConvNeXt-Base,s1,742,-0.16842187472908576
ConvNeXt-Base,s1,743,-0.15290534742411444
ConvNeXt-Base,s1,744,-0.18268613136268264
ConvNeXt-Base,s1,745,-0.1955150249521359
ConvNeXt-Base,s1,746,-0.176776322166997
ConvNeXt-Base,s1,747,-0.15036915622349234
ConvNeXt-Base,s1,748,-0.17455493957362744
ConvNeXt-Base,s1,749,-0.16600021683806432
ConvNeXt-Base,s1,750,-0.13367050622735133
ConvNeXt-Base,s1,751,-0.15014880313901457
ConvNeXt-Base,s1,752,-0.16487836445180426
ConvNeXt-Base,s1,753,-0.16247514293887777
ConvNeXt-Base,s1,754,-0.14430579931080945
ConvNeXt-Base,s1,755,-0.1478172355144488
ConvNeXt-Base,s1,756,-0.16055344759779888
ConvNeXt-Base,s1,757,-0.16208121886579452
ConvNeXt-Base,s1,758,-0.14985141993877638
ConvNeXt-Base,s1,759,-0.1762416810523011
ConvNeXt-Base,s1,760,-0.14027452964470966
ConvNeXt-Base,s1,761,-0.15990422758031597
ConvNeXt-Base,s1,762,-0.16197663926223882
ConvNeXt-Base,s1,763,-0.14282494867094664
ConvNeXt-Base,s1,764,-0.15466442047529827
ConvNeXt-Base,s1,765,-0.15960522936594967
ConvNeXt-Base,s1,766,-0.16585594519307734
ConvNeXt-Base,s1,767,-0.16046861279967906
ConvNeXt-Base,s1,768,-0.16849009922865255
ConvNeXt-Base,s1,769,-0.1505254575958519
ConvNeXt-Base,s1,770,-0.153676018992138
ConvNeXt-Base,s1,771,-0.13750725038150635
ConvNeXt-Base,s1,772,-0.15084620781406632
ConvNeXt-Base,s1,773,-0.17716162974404426
ConvNeXt-Base,s1,774,-0.18537604727098245
ConvNeXt-Base,s1,775,-0.15382185214919886
ConvNeXt-Base,s1,776,-0.1536373254654937
ConvNeXt-Base,s1,777,-0.15831841698042615
ConvNeXt-Base,s1,778,-0.14051790782736306
ConvNeXt-Base,s1,779,-0.1699790777518142
ConvNeXt-Base,s1,780,-0.18778414276616484
ConvNeXt-Base,s1,781,-0.1442963838812692
ConvNeXt-Base,s1,782,-0.17244909592142155
ConvNeXt-Base,s1,783,-0.17354291451091208
ConvNeXt-Base,s1,784,-0.15777720767297398
ConvNeXt-Base,s1,785,-0.14876384097374085
ConvNeXt-Base,s1,786,-0.11484363481793025
ConvNeXt-Base,s1,787,-0.15261820665241
ConvNeXt-Base,s1,788,-0.14060983048746145
ConvNeXt-Base,s1,789,-0.13216837116532487
ConvNeXt-Base,s1,790,-0.18340616062124715
ConvNeXt-Base,s1,791,-0.1720444678916433
ConvNeXt-Base,s1,792,-0.17029024146128913
ConvNeXt-Base,s1,793,-0.1703350391906584
ConvNeXt-Base,s1,794,-0.1620969102201889
ConvNeXt-Base,s1,795,-0.1731421474222571
ConvNeXt-Base,s1,796,-0.1509320642038795
ConvNeXt-Base,s1,797,-0.14822223653333078
ConvNeXt-Base,s1,798,-0.14627680907203944
ConvNeXt-Base,s1,799,-0.16904559594635937
ConvNeXt-Base,s1,800,-0.16289736364433116
ConvNeXt-Base,s1,801,-0.16236797620483556
ConvNeXt-Base,s1,802,-0.17590192679720906
ConvNeXt-Base,s1,803,-0.17282015931709593
ConvNeXt-Base,s1,804,-0.14392673949937462
ConvNeXt-Base,s1,805,-0.15989636335170854
ConvNeXt-Base,s1,806,-0.15220774131728232
ConvNeXt-Base,s1,807,-0.1822844558067631
ConvNeXt-Base,s1,808,-0.1177898612777235
ConvNeXt-Base,s1,809,-0.18450876483550238
ConvNeXt-Base,s1,810,-0.15609511114478547
ConvNeXt-Base,s1,811,-0.16691904303307825
ConvNeXt-Base,s1,812,-0.14197254659666214
ConvNeXt-Base,s1,813,-0.15965332975411528
ConvNeXt-Base,s1,814,-0.15420817696627132
ConvNeXt-Base,s1,815,-0.1643324996340989
ConvNeXt-Base,s1,816,-0.15805395479651418
ConvNeXt-Base,s1,817,-0.1612428991187761
ConvNeXt-Base,s1,818,-0.16802270734774338
ConvNeXt-Base,s1,819,-0.19773878909037756
ConvNeXt-Base,s1,820,-0.15048361347500716
ConvNeXt-Base,s1,821,-0.1354313579994797
ConvNeXt-Base,s1,822,-0.16960556735713916
ConvNeXt-Base,s1,823,-0.15293739349943591
ConvNeXt-Base,s1,824,-0.14968371534218283
ConvNeXt-Base,s1,825,-0.1409023792828038
ConvNeXt-Base,s1,826,-0.14539500466463862
ConvNeXt-Base,s1,827,-0.20616662675152986
ConvNeXt-Base,s1,828,-0.17098420834243344
ConvNeXt-Base,s1,829,-0.1465425508206767
ConvNeXt-Base,s1,830,-0.14002803792558605
ConvNeXt-Base,s1,831,-0.16477934003948969
ConvNeXt-Base,s1,832,-0.17361274284113215
ConvNeXt-Base,s1,833,-0.16309624058975947
ConvNeXt-Base,s1,834,-0.1333573818951319
ConvNeXt-Base,s1,835,-0.15613094852315446
ConvNeXt-Base,s1,836,-0.17172561923520913
ConvNeXt-Base,s1,837,-0.15269917217835172
ConvNeXt-Base,s1,838,-0.17586546633791444
ConvNeXt-Base,s1,839,-0.13572428494019917
ConvNeXt-Base,s1,840,-0.15583304566427225
ConvNeXt-Base,s1,841,-0.17863210795899764
ConvNeXt-Base,s1,842,-0.14925321770556577
ConvNeXt-Base,s1,843,-0.17046259274139808
ConvNeXt-Base,s1,844,-0.1782707229226801
ConvNeXt-Base,s1,845,-0.1704391230770015
ConvNeXt-Base,s1,846,-0.1800619572551414
ConvNeXt-Base,s1,847,-0.1476296982420695
ConvNeXt-Base,s1,848,-0.1507843654963269
ConvNeXt-Base,s1,849,-0.15431603101917168
ConvNeXt-Base,s1,850,-0.15920898013410256
ConvNeXt-Base,s1,851,-0.15154971120102345
ConvNeXt-Base,s1,852,-0.1435806842187034
ConvNeXt-Base,s1,853,-0.15080908543994886
ConvNeXt-Base,s1,854,-0.17925588952280302
ConvNeXt-Base,s1,855,-0.1592567415420002
ConvNeXt-Base,s1,856,-0.16050363400393042
ConvNeXt-Base,s1,857,-0.14188830299910216
ConvNeXt-Base,s1,858,-0.16725779401272167
ConvNeXt-Base,s1,859,-0.177490881995375
ConvNeXt-Base,s1,860,-0.19025754898042635
ConvNeXt-Base,s1,861,-0.16024273611958617
ConvNeXt-Base,s1,862,-0.15511108747009017
ConvNeXt-Base,s1,863,-0.16041099548875526
ConvNeXt-Base,s1,864,-0.1663535216920704
ConvNeXt-Base,s1,865,-0.20702226790757305
ConvNeXt-Base,s1,866,-0.1596839040288942
ConvNeXt-Base,s1,867,-0.1796183959723342
ConvNeXt-Base,s1,868,-0.1412298802663573
ConvNeXt-Base,s1,869,-0.18371664620380446
ConvNeXt-Base,s1,870,-0.12483551493571743
ConvNeXt-Base,s1,871,-0.15030943063496238
ConvNeXt-Base,s1,872,-0.18213971917095362
ConvNeXt-Base,s1,873,-0.15249459972452972
ConvNeXt-Base,s1,874,-0.1799395464412682
ConvNeXt-Base,s1,875,-0.1478216808585916
ConvNeXt-Base,s1,876,-0.16433123138979455
ConvNeXt-Base,s1,877,-0.17635211267242268
ConvNeXt-Base,s1,878,-0.1298895075001838
ConvNeXt-Base,s1,879,-0.17702613342960782
ConvNeXt-Base,s1,880,-0.16276751140046564
ConvNeXt-Base,s1,881,-0.17445160460595932
ConvNeXt-Base,s1,882,-0.16831677617951046
ConvNeXt-Base,s1,883,-0.17679595666177073
ConvNeXt-Base,s1,884,-0.1408556593662813
ConvNeXt-Base,s1,885,-0.15092565385738754
ConvNeXt-Base,s1,886,-0.17985270224387873
ConvNeXt-Base,s1,887,-0.16162731962886112
ConvNeXt-Base,s1,888,-0.17351855428064
ConvNeXt-Base,s1,889,-0.12921734389405592
ConvNeXt-Base,s1,890,-0.18785448141946204
ConvNeXt-Base,s1,891,-0.16215501215536476
ConvNeXt-Base,s1,892,-0.16823733919029416
ConvNeXt-Base,s1,893,-0.1644958518074875
ConvNeXt-Base,s1,894,-0.1903227223982762
ConvNeXt-Base,s1,895,-0.141033696933077
ConvNeXt-Base,s1,896,-0.15480387015008168
ConvNeXt-Base,s1,897,-0.16845088809928532
ConvNeXt-Base,s1,898,-0.15550523551521744
ConvNeXt-Base,s1,899,-0.1441669475099091
ConvNeXt-Base,s1,900,-0.17408611853557554
ConvNeXt-Base,s1,901,-0.1404830731616552
ConvNeXt-Base,s1,902,-0.15835394990764418
ConvNeXt-Base,s1,903,-0.15859615486410394
ConvNeXt-Base,s1,904,-0.14489508899677606
ConvNeXt-Base,s1,905,-0.1889646443351407
ConvNeXt-Base,s1,906,-0.16071911366801617
ConvNeXt-Base,s1,907,-0.1721144919097365
ConvNeXt-Base,s1,908,-0.15523221969760526
ConvNeXt-Base,s1,909,-0.16424952089407574
ConvNeXt-Base,s1,910,-0.15417340345711872
ConvNeXt-Base,s1,911,-0.18545608900642452
ConvNeXt-Base,s1,912,-0.15840435133667385
ConvNeXt-Base,s1,913,-0.17189266813008064
ConvNeXt-Base,s1,914,-0.17734133924355622
ConvNeXt-Base,s1,915,-0.17096843916328874
ConvNeXt-Base,s1,916,-0.13871619630558785
ConvNeXt-Base,s1,917,-0.16965040404758636
ConvNeXt-Base,s1,918,-0.15870487144450995
ConvNeXt-Base,s1,919,-0.1468844838683494
ConvNeXt-Base,s1,920,-0.16665818922274567
ConvNeXt-Base,s1,921,-0.15829396361030812
ConvNeXt-Base,s1,922,-0.1502405944610009
ConvNeXt-Base,s1,923,-0.15579118909497836
ConvNeXt-Base,s1,924,-0.16889035090762772
ConvNeXt-Base,s1,925,-0.16257166481904672
ConvNeXt-Base,s1,926,-0.1424832492817788
ConvNeXt-Base,s1,927,-0.17493647106255028
ConvNeXt-Base,s1,928,-0.16876879516287102
ConvNeXt-Base,s1,929,-0.1727741172343924
ConvNeXt-Base,s1,930,-0.18654219062888022
ConvNeXt-Base,s1,931,-0.13207860819078376
ConvNeXt-Base,s1,932,-0.1555806289075996
ConvNeXt-Base,s1,933,-0.15500638280257262
ConvNeXt-Base,s1,934,-0.17710168917582503
ConvNeXt-Base,s1,935,-0.15765771591455413
ConvNeXt-Base,s1,936,-0.1722405823986526
ConvNeXt-Base,s1,937,-0.17054040474953513
ConvNeXt-Base,s1,938,-0.13306213921708365
ConvNeXt-Base,s1,939,-0.15373332649050842
ConvNeXt-Base,s1,940,-0.16329407501215865
ConvNeXt-Base,s1,941,-0.16004061194643682
ConvNeXt-Base,s1,942,-0.16027060166658613
ConvNeXt-Base,s1,943,-0.1803728416360948
ConvNeXt-Base,s1,944,-0.15817478392354112
ConvNeXt-Base,s1,945,-0.15980982353021567
ConvNeXt-Base,s1,946,-0.1455059237064813
ConvNeXt-Base,s1,947,-0.18364633950503229
ConvNeXt-Base,s1,948,-0.1663491497759173
ConvNeXt-Base,s1,949,-0.16092164903906658
ConvNeXt-Base,s1,950,-0.18151581673279837
ConvNeXt-Base,s1,951,-0.16918500570568862
ConvNeXt-Base,s1,952,-0.14742320138397824
ConvNeXt-Base,s1,953,-0.13960823976883563
ConvNeXt-Base,s1,954,-0.1333397183977464
ConvNeXt-Base,s1,955,-0.16584865419208838
ConvNeXt-Base,s1,956,-0.16763171468523852
ConvNeXt-Base,s1,957,-0.1573891723225489
ConvNeXt-Base,s1,958,-0.17649267091247123
ConvNeXt-Base,s1,959,-0.16321257771262754
ConvNeXt-Base,s1,960,-0.1599493279897365
ConvNeXt-Base,s1,961,-0.17230487959166518
ConvNeXt-Base,s1,962,-0.1776819935902424
ConvNeXt-Base,s1,963,-0.1674625675831296
ConvNeXt-Base,s1,964,-0.174678558889638
ConvNeXt-Base,s1,965,-0.15248346640925103
ConvNeXt-Base,s1,966,-0.11854383206505603
ConvNeXt-Base,s1,967,-0.21243718618405238
ConvNeXt-Base,s1,968,-0.13566684430773512
ConvNeXt-Base,s1,969,-0.1693063109408227
ConvNeXt-Base,s1,970,-0.16156582781838247
ConvNeXt-Base,s1,971,-0.1480289477612713
ConvNeXt-Base,s1,972,-0.1526304436174386
ConvNeXt-Base,s1,973,-0.18599213491806377
ConvNeXt-Base,s1,974,-0.1503359085118825
ConvNeXt-Base,s1,975,-0.11770124234174117
ConvNeXt-Base,s1,976,-0.17378430588573424
ConvNeXt-Base,s1,977,-0.16292259993558766
ConvNeXt-Base,s1,978,-0.1723285308309761
ConvNeXt-Base,s1,979,-0.1403449340501478
ConvNeXt-Base,s1,980,-0.17066943988610694
ConvNeXt-Base,s1,981,-0.15346296201414988
ConvNeXt-Base,s1,982,-0.17094756826418966
ConvNeXt-Base,s1,983,-0.1846662650990254
ConvNeXt-Base,s1,984,-0.17465819362036417
ConvNeXt-Base,s1,985,-0.16291344363180538
ConvNeXt-Base,s1,986,-0.16339628455844457
ConvNeXt-Base,s1,987,-0.15930981102609632
ConvNeXt-Base,s1,988,-0.1748225581629913
ConvNeXt-Base,s1,989,-0.17965597637932107
ConvNeXt-Base,s1,990,-0.15736446625800538
ConvNeXt-Base,s1,991,-0.1447766506554734
ConvNeXt-Base,s1,992,-0.15758587336278196
ConvNeXt-Base,s1,993,-0.16393685955214787
ConvNeXt-Base,s1,994,-0.17123807268857216
ConvNeXt-Base,s1,995,-0.18105179044062447
ConvNeXt-Base,s1,996,-0.15696724059943923
ConvNeXt-Base,s1,997,-0.1344664730327596
ConvNeXt-Base,s1,998,-0.1699477714649752
ConvNeXt-Base,s1,999,-0.15965740832839626
ConvNeXt-Base,s2,0,0.005972603519423636
ConvNeXt-Base,s2,1,0.01671089600314357
ConvNeXt-Base,s2,2,-0.07785042278868393
ConvNeXt-Base,s2,3,-0.06275032028787886
ConvNeXt-Base,s2,4,-0.022221877777707344
ConvNeXt-Base,s2,5,-0.0885210526074326
ConvNeXt-Base,s2,6,-0.10919949989056565
ConvNeXt-Base,s2,7,-0.0988267539134543
ConvNeXt-Base,s2,8,-0.047861557156232526
ConvNeXt-Base,s2,9,-0.0839139066524941
ConvNeXt-Base,s2,10,-0.02392201567086205
ConvNeXt-Base,s2,11,-0.04802493890070436
ConvNeXt-Base,s2,12,-0.08732028540017578
ConvNeXt-Base,s2,13,-0.04513590541926604
ConvNeXt-Base,s2,14,-0.08995821820754046
ConvNeXt-Base,s2,15,-0.03660776759784823
ConvNeXt-Base,s2,16,-0.02948394159746004
ConvNeXt-Base,s2,17,-0.0024174855365580727
ConvNeXt-Base,s2,18,-0.065954025736922
ConvNeXt-Base,s2,19,-0.054605907316320645
ConvNeXt-Base,s2,20,-0.03545012965279537
ConvNeXt-Base,s2,21,-0.031928840824234195
ConvNeXt-Base,s2,22,-0.09883688932815227
ConvNeXt-Base,s2,23,-0.10217372730933527
ConvNeXt-Base,s2,24,-0.002677372008553336
ConvNeXt-Base,s2,25,-0.0200504116235658
ConvNeXt-Base,s2,26,-0.059113518036764456
ConvNeXt-Base,s2,27,-0.08981360161431473
ConvNeXt-Base,s2,28,-0.07613925724990978
ConvNeXt-Base,s2,29,-0.09505726998155639
ConvNeXt-Base,s2,30,-0.010933014142107234
ConvNeXt-Base,s2,31,-0.08851978549423034
ConvNeXt-Base,s2,32,-0.041145111321983396
ConvNeXt-Base,s2,33,-0.04002508535719884
ConvNeXt-Base,s2,34,-0.057737076565836154
ConvNeXt-Base,s2,35,-0.06624399730024655
ConvNeXt-Base,s2,36,-0.07606394529305283
ConvNeXt-Base,s2,37,-0.08603928333553612
ConvNeXt-Base,s2,38,-0.06324392085163466
ConvNeXt-Base,s2,39,0.050455150624629685
ConvNeXt-Base,s2,40,-0.050363604397611006
ConvNeXt-Base,s2,41,-0.04917067996050695
ConvNeXt-Base,s2,42,-0.05314887541111668
ConvNeXt-Base,s2,43,-0.0455227694119702
ConvNeXt-Base,s2,44,-0.08246194447231936
ConvNeXt-Base,s2,45,-0.0458260261980874
ConvNeXt-Base,s2,46,-0.09608401859296889
ConvNeXt-Base,s2,47,-0.06645147837842835
ConvNeXt-Base,s2,48,-0.0790153309723638
ConvNeXt-Base,s2,49,-0.027428043538542113
ConvNeXt-Base,s2,50,0.0005519181443306431
ConvNeXt-Base,s2,51,-0.016122626670365237
ConvNeXt-Base,s2,52,-0.016287311037580965
ConvNeXt-Base,s2,53,-0.026304980283188728
ConvNeXt-Base,s2,54,-0.03818006760654258
ConvNeXt-Base,s2,55,-0.09486803438310554
ConvNeXt-Base,s2,56,-0.05403361361578929
ConvNeXt-Base,s2,57,-0.07833463187136835
ConvNeXt-Base,s2,58,-0.09588643878922021
ConvNeXt-Base,s2,59,-0.08963855304314117
ConvNeXt-Base,s2,60,-0.04311039334490008
ConvNeXt-Base,s2,61,-0.019263002959477138
ConvNeXt-Base,s2,62,-0.02403740223358941
ConvNeXt-Base,s2,63,-0.04457682278390007
ConvNeXt-Base,s2,64,-0.05438759923332592
ConvNeXt-Base,s2,65,-0.05414008027496131
ConvNeXt-Base,s2,66,-0.049508012431693116
ConvNeXt-Base,s2,67,-0.03956728373524632
ConvNeXt-Base,s2,68,-0.06077659301906546
ConvNeXt-Base,s2,69,-0.04512560240240704
ConvNeXt-Base,s2,70,-0.04420525510152151
ConvNeXt-Base,s2,71,-0.05638450696771857
ConvNeXt-Base,s2,72,-0.03875487953848511
ConvNeXt-Base,s2,73,-0.0884832484794339
ConvNeXt-Base,s2,74,-0.06420202273268905
ConvNeXt-Base,s2,75,-0.05958615171846626
ConvNeXt-Base,s2,76,-0.0011123672082213876
ConvNeXt-Base,s2,77,-0.08199279571612594
ConvNeXt-Base,s2,78,-0.05747493813077509
ConvNeXt-Base,s2,79,-0.006782960333341581
ConvNeXt-Base,s2,80,-0.07709222656791292
ConvNeXt-Base,s2,81,-0.053997117301800124
ConvNeXt-Base,s2,82,-0.05620557603571297
ConvNeXt-Base,s2,83,-0.052283047304108266
ConvNeXt-Base,s2,84,-0.09352938436990854
ConvNeXt-Base,s2,85,-0.0213589262368864
ConvNeXt-Base,s2,86,-0.020909822437827796
ConvNeXt-Base,s2,87,-0.023750163709378547
ConvNeXt-Base,s2,88,-0.019903066755684984
ConvNeXt-Base,s2,89,-0.026750204071516404
ConvNeXt-Base,s2,90,-0.048814101320821646
ConvNeXt-Base,s2,91,-0.025851521791129595
ConvNeXt-Base,s2,92,-0.05810048694071657
ConvNeXt-Base,s2,93,-0.07325546318293386
ConvNeXt-Base,s2,94,-0.046467834192849944
ConvNeXt-Base,s2,95,-0.020998633159064695
ConvNeXt-Base,s2,96,-0.08105066295816976
ConvNeXt-Base,s2,97,-0.04764912983611147
ConvNeXt-Base,s2,98,-0.04941661445235246
ConvNeXt-Base,s2,99,-0.08423952811531876
ConvNeXt-Base,s2,100,-0.09796982389521092
ConvNeXt-Base,s2,101,-0.07337311444584005
ConvNeXt-Base,s2,102,-0.05498343440617737
ConvNeXt-Base,s2,103,-0.02424231248813724
ConvNeXt-Base,s2,104,-0.08314746124835815
ConvNeXt-Base,s2,105,-0.08331978061559175
ConvNeXt-Base,s2,106,-0.13142899888464932
ConvNeXt-Base,s2,107,-0.07203602279784393
ConvNeXt-Base,s2,108,-0.03324949148635992
ConvNeXt-Base,s2,109,-0.025811966315290147
ConvNeXt-Base,s2,110,-0.01833180104880927
ConvNeXt-Base,s2,111,-0.05360107833067307
ConvNeXt-Base,s2,112,-0.07327912681053339
ConvNeXt-Base,s2,113,0.013867457608166767
ConvNeXt-Base,s2,114,-0.06208265868201268
ConvNeXt-Base,s2,115,-0.11845337395973632
ConvNeXt-Base,s2,116,-0.07862544469159616
ConvNeXt-Base,s2,117,-0.08857935172506881
ConvNeXt-Base,s2,118,-0.07331920231981548
ConvNeXt-Base,s2,119,-0.04785786317745755
ConvNeXt-Base,s2,120,-0.029123611487082646
ConvNeXt-Base,s2,121,-0.07813675429442168
ConvNeXt-Base,s2,122,-0.006187535429210578
ConvNeXt-Base,s2,123,-0.047114615755404765
ConvNeXt-Base,s2,124,-0.05714265531210283
ConvNeXt-Base,s2,125,-0.07399082494096632
ConvNeXt-Base,s2,126,-0.07912058999023652
ConvNeXt-Base,s2,127,-0.08277063738350232
ConvNeXt-Base,s2,128,-0.06964252176064867
ConvNeXt-Base,s2,129,-0.07843420535001655
ConvNeXt-Base,s2,130,-0.048985495396714596
ConvNeXt-Base,s2,131,-0.0395520465344219
ConvNeXt-Base,s2,132,-0.10914041206387193
ConvNeXt-Base,s2,133,-0.013394941282015238
ConvNeXt-Base,s2,134,-0.06483183943032489
ConvNeXt-Base,s2,135,-0.10091065744174621
ConvNeXt-Base,s2,136,-0.06801998742842918
ConvNeXt-Base,s2,137,-0.0019333430866096402
ConvNeXt-Base,s2,138,-0.0017941006120596459
ConvNeXt-Base,s2,139,-0.050153423403109354
ConvNeXt-Base,s2,140,-0.025648730588548774
ConvNeXt-Base,s2,141,-0.043892521067463885
ConvNeXt-Base,s2,142,-0.030234568164924758
ConvNeXt-Base,s2,143,-0.04436963031733321
ConvNeXt-Base,s2,144,-0.05163377032862293
ConvNeXt-Base,s2,145,0.014315362734465431
ConvNeXt-Base,s2,146,-0.026061371420752377
ConvNeXt-Base,s2,147,-0.06604543417101427
ConvNeXt-Base,s2,148,-0.05960962858221708
ConvNeXt-Base,s2,149,-0.10365578469742176
ConvNeXt-Base,s2,150,-0.1054624728677046
ConvNeXt-Base,s2,151,-0.0633385053147717
ConvNeXt-Base,s2,152,-0.04507005267751474
ConvNeXt-Base,s2,153,-0.06300492539160918
ConvNeXt-Base,s2,154,-0.019889690787633696
ConvNeXt-Base,s2,155,-0.05182884426087653
ConvNeXt-Base,s2,156,-0.08497301413185632
ConvNeXt-Base,s2,157,-0.08396027936195194
ConvNeXt-Base,s2,158,-0.00040785301788826
ConvNeXt-Base,s2,159,-0.03784390454392261
ConvNeXt-Base,s2,160,-0.012364047734346961
ConvNeXt-Base,s2,161,-0.04349032773031658
ConvNeXt-Base,s2,162,-0.06459021050405389
ConvNeXt-Base,s2,163,-0.0385436201073982
ConvNeXt-Base,s2,164,-0.02283201111833255
ConvNeXt-Base,s2,165,-0.06380386486941991
ConvNeXt-Base,s2,166,-0.03911453279879895
ConvNeXt-Base,s2,167,-0.047166556781416125
ConvNeXt-Base,s2,168,-0.04057419223240322
ConvNeXt-Base,s2,169,-0.054678763110650896
ConvNeXt-Base,s2,170,-0.06383755261868473
ConvNeXt-Base,s2,171,-0.01884344768933721
ConvNeXt-Base,s2,172,-0.03550575679394119
ConvNeXt-Base,s2,173,-0.055243229377015646
ConvNeXt-Base,s2,174,-0.07258403307709993
ConvNeXt-Base,s2,175,-0.058466880791717024
ConvNeXt-Base,s2,176,-0.06586830727431225
ConvNeXt-Base,s2,177,-0.06185538142128866
ConvNeXt-Base,s2,178,-0.08350519333071338
ConvNeXt-Base,s2,179,0.010610754353188923
ConvNeXt-Base,s2,180,-0.034628621347595256
ConvNeXt-Base,s2,181,-0.04760461096999513
ConvNeXt-Base,s2,182,-0.068863064741433
ConvNeXt-Base,s2,183,-0.0433162262829585
ConvNeXt-Base,s2,184,-0.04301321034525418
ConvNeXt-Base,s2,185,-0.1024247998319251
ConvNeXt-Base,s2,186,-0.01698568589239935
ConvNeXt-Base,s2,187,-0.06542335843902514
ConvNeXt-Base,s2,188,-0.041434660564037884
ConvNeXt-Base,s2,189,-0.09357847440644584
ConvNeXt-Base,s2,190,-0.03899383425858405
ConvNeXt-Base,s2,191,-0.030235229868437852
ConvNeXt-Base,s2,192,-0.0857773879894621
ConvNeXt-Base,s2,193,-0.09541124474241058
ConvNeXt-Base,s2,194,-0.06542781693052291
ConvNeXt-Base,s2,195,-0.07816850768183448
ConvNeXt-Base,s2,196,-0.047106152554889924
ConvNeXt-Base,s2,197,-0.04837952973952597
ConvNeXt-Base,s2,198,-0.03906125076311917
ConvNeXt-Base,s2,199,-0.07972730379383963
ConvNeXt-Base,s2,200,0.004599065845816819
ConvNeXt-Base,s2,201,-0.03354133823076644
ConvNeXt-Base,s2,202,-0.07267892358629291
ConvNeXt-Base,s2,203,-0.06073598591209006
ConvNeXt-Base,s2,204,-0.0829618482365011
ConvNeXt-Base,s2,205,0.016688078793999694
ConvNeXt-Base,s2,206,-0.028230600071128542
ConvNeXt-Base,s2,207,-0.09117927659371827
ConvNeXt-Base,s2,208,-0.018791172740993844
ConvNeXt-Base,s2,209,-0.06557422220756282
ConvNeXt-Base,s2,210,-0.024576959851393076
ConvNeXt-Base,s2,211,-0.06633211835307062
ConvNeXt-Base,s2,212,-0.050474240299134276
ConvNeXt-Base,s2,213,0.004067872579040177
ConvNeXt-Base,s2,214,-0.051873464889938714
ConvNeXt-Base,s2,215,-0.02752553597019758
ConvNeXt-Base,s2,216,0.00930894217686673
ConvNeXt-Base,s2,217,-0.04404299848189941
ConvNeXt-Base,s2,218,-0.05216073203377358
ConvNeXt-Base,s2,219,-0.04615320715006299
ConvNeXt-Base,s2,220,-0.07308467821942721
ConvNeXt-Base,s2,221,-0.10061066304477928
ConvNeXt-Base,s2,222,-0.07328145254356522
ConvNeXt-Base,s2,223,-0.04479776188614604
ConvNeXt-Base,s2,224,-0.06634557669287744
ConvNeXt-Base,s2,225,0.0025183274546156653
ConvNeXt-Base,s2,226,-0.058391118242225426
ConvNeXt-Base,s2,227,-0.011572178392688426
ConvNeXt-Base,s2,228,-0.03246839418699343
ConvNeXt-Base,s2,229,-0.07474687566667693
ConvNeXt-Base,s2,230,-0.09323338330878428
ConvNeXt-Base,s2,231,-0.027020236941424303
ConvNeXt-Base,s2,232,-0.042771814544141806
ConvNeXt-Base,s2,233,-0.09553789719481676
ConvNeXt-Base,s2,234,-0.0404966170092792
ConvNeXt-Base,s2,235,-0.05685738850935984
ConvNeXt-Base,s2,236,-0.04493955822153861
ConvNeXt-Base,s2,237,-0.01339520178303888
ConvNeXt-Base,s2,238,-0.01986623194905035
ConvNeXt-Base,s2,239,-0.04458061398743707
ConvNeXt-Base,s2,240,-0.09033386466371618
ConvNeXt-Base,s2,241,-0.07040326096041494
ConvNeXt-Base,s2,242,-0.07607081440000418
ConvNeXt-Base,s2,243,-0.029138111635305552
ConvNeXt-Base,s2,244,-0.01626817532295588
ConvNeXt-Base,s2,245,-0.08978612249537332
ConvNeXt-Base,s2,246,-0.10695722053992474
ConvNeXt-Base,s2,247,-0.054633897736098724
ConvNeXt-Base,s2,248,-0.09778153951169788
ConvNeXt-Base,s2,249,-0.0944414460742169
ConvNeXt-Base,s2,250,-0.02597585409530001
ConvNeXt-Base,s2,251,-0.07887126560652946
ConvNeXt-Base,s2,252,-0.06778596971590356
ConvNeXt-Base,s2,253,-0.05438170570087719
ConvNeXt-Base,s2,254,-0.04572843147290462
ConvNeXt-Base,s2,255,-0.03081191211250567
ConvNeXt-Base,s2,256,-0.07650734138339232
ConvNeXt-Base,s2,257,-0.06175066920954986
ConvNeXt-Base,s2,258,-0.10667167414574585
ConvNeXt-Base,s2,259,-0.08868217279587542
ConvNeXt-Base,s2,260,-0.061412507950494244
ConvNeXt-Base,s2,261,-0.06620207585029803
ConvNeXt-Base,s2,262,-0.08464114549997315
ConvNeXt-Base,s2,263,-0.044353560858149677
ConvNeXt-Base,s2,264,-0.03655532277999385
ConvNeXt-Base,s2,265,-0.08200932481960355
ConvNeXt-Base,s2,266,-0.03277277049424643
ConvNeXt-Base,s2,267,-0.05437488289770431
ConvNeXt-Base,s2,268,-0.08223500878821233
ConvNeXt-Base,s2,269,-0.03559840707028905
ConvNeXt-Base,s2,270,-0.11435482472755876
ConvNeXt-Base,s2,271,-0.09714559033313108
ConvNeXt-Base,s2,272,-0.10489156906028696
ConvNeXt-Base,s2,273,-0.08290421888138588
ConvNeXt-Base,s2,274,-0.043952511296552976
ConvNeXt-Base,s2,275,-0.07631987130412754
ConvNeXt-Base,s2,276,-0.012690198873591019
ConvNeXt-Base,s2,277,-0.05453191098469945
ConvNeXt-Base,s2,278,-0.12409667288956927
ConvNeXt-Base,s2,279,-0.07954278224313849
ConvNeXt-Base,s2,280,-0.054192937293668586
ConvNeXt-Base,s2,281,-0.06797300579426402
ConvNeXt-Base,s2,282,-0.1248713339969385
ConvNeXt-Base,s2,283,-0.08438030026293708
ConvNeXt-Base,s2,284,-0.016228398149175427
ConvNeXt-Base,s2,285,-0.035304012648125216
ConvNeXt-Base,s2,286,-0.07824088897885917
ConvNeXt-Base,s2,287,-0.04941182333084804
ConvNeXt-Base,s2,288,-0.04469171298650798
ConvNeXt-Base,s2,289,-0.03621650233978868
ConvNeXt-Base,s2,290,-0.07458059484232293
ConvNeXt-Base,s2,291,-0.0723243758491039
ConvNeXt-Base,s2,292,-0.06403164289684704
ConvNeXt-Base,s2,293,-0.023349937083058436
ConvNeXt-Base,s2,294,-0.028964956359917693
ConvNeXt-Base,s2,295,-0.0613164532027588
ConvNeXt-Base,s2,296,0.018002068664473736
ConvNeXt-Base,s2,297,-0.036968202577350784
ConvNeXt-Base,s2,298,-0.06848436142838144
ConvNeXt-Base,s2,299,-0.026070093900810498
ConvNeXt-Base,s2,300,-0.03760307054508627
ConvNeXt-Base,s2,301,-0.02397464713925035
ConvNeXt-Base,s2,302,-0.08020489069707237
ConvNeXt-Base,s2,303,-0.013500622933480977
ConvNeXt-Base,s2,304,-0.05479262100352744
ConvNeXt-Base,s2,305,-0.03698346522693552
ConvNeXt-Base,s2,306,-0.03866016422229612
ConvNeXt-Base,s2,307,-0.04719887116306887
ConvNeXt-Base,s2,308,-0.08206920427311759
ConvNeXt-Base,s2,309,0.0003724363855134305
ConvNeXt-Base,s2,310,-0.07871165114964196
ConvNeXt-Base,s2,311,-0.04114800346746139
ConvNeXt-Base,s2,312,-0.04166885528778197
ConvNeXt-Base,s2,313,-0.03760719811049018
ConvNeXt-Base,s2,314,-0.03629059979501337
ConvNeXt-Base,s2,315,-0.03257750687160321
ConvNeXt-Base,s2,316,-0.006238519711492252
ConvNeXt-Base,s2,317,-0.08814511435594974
ConvNeXt-Base,s2,318,-0.03633843027587624
ConvNeXt-Base,s2,319,-0.04358965428688566
ConvNeXt-Base,s2,320,-0.02515273615432334
ConvNeXt-Base,s2,321,-0.08961954776527703
ConvNeXt-Base,s2,322,-0.025857429007452803
ConvNeXt-Base,s2,323,-0.02748969007019153
ConvNeXt-Base,s2,324,-0.06549280671897817
ConvNeXt-Base,s2,325,-0.07503800526338211
ConvNeXt-Base,s2,326,-0.05863642553032267
ConvNeXt-Base,s2,327,-0.04044154879309403
ConvNeXt-Base,s2,328,0.00023836372199714795
ConvNeXt-Base,s2,329,-0.023648024468887252
ConvNeXt-Base,s2,330,-0.08090378308103496
ConvNeXt-Base,s2,331,-0.06631333024142705
ConvNeXt-Base,s2,332,-0.06574733935562738
ConvNeXt-Base,s2,333,-0.05765815861450063
ConvNeXt-Base,s2,334,-0.054096092499593684
ConvNeXt-Base,s2,335,-0.089424118174392
ConvNeXt-Base,s2,336,-0.052557412563073225
ConvNeXt-Base,s2,337,-0.02047015851788192
ConvNeXt-Base,s2,338,-0.05175452152419702
ConvNeXt-Base,s2,339,-0.0422932899592241
ConvNeXt-Base,s2,340,-0.0605184959371009
ConvNeXt-Base,s2,341,-0.04353872528375602
ConvNeXt-Base,s2,342,-0.062088338940842314
ConvNeXt-Base,s2,343,-0.12056934349232018
ConvNeXt-Base,s2,344,-0.0493696779688676
ConvNeXt-Base,s2,345,-0.07806982175915744
ConvNeXt-Base,s2,346,-0.034393347806928265
ConvNeXt-Base,s2,347,-0.06289169001298045
ConvNeXt-Base,s2,348,-0.056635289283074264
ConvNeXt-Base,s2,349,-0.09318837725574036
ConvNeXt-Base,s2,350,-0.0526622872832786
ConvNeXt-Base,s2,351,-0.08663570795565789
ConvNeXt-Base,s2,352,-0.03439987607506034
ConvNeXt-Base,s2,353,-0.09027616877575373
ConvNeXt-Base,s2,354,-0.05185292655861784
ConvNeXt-Base,s2,355,-0.02993982180409205
ConvNeXt-Base,s2,356,-0.047299701895609614
ConvNeXt-Base,s2,357,-0.07807762173182908
ConvNeXt-Base,s2,358,-0.08149144639488382
ConvNeXt-Base,s2,359,-0.018760017057122047
ConvNeXt-Base,s2,360,-0.02237979910659671
ConvNeXt-Base,s2,361,-0.0477705821511325
ConvNeXt-Base,s2,362,-0.019782745781804945
ConvNeXt-Base,s2,363,-0.007740210946850401
ConvNeXt-Base,s2,364,-0.10704061967978284
ConvNeXt-Base,s2,365,-0.11324065292888497
ConvNeXt-Base,s2,366,-0.05106315183567012
ConvNeXt-Base,s2,367,-0.07913969551126798
ConvNeXt-Base,s2,368,-0.02420828056980595
ConvNeXt-Base,s2,369,-0.06503859170087778
ConvNeXt-Base,s2,370,-0.08313618286718727
ConvNeXt-Base,s2,371,-0.035446074724470256
ConvNeXt-Base,s2,372,-0.03169344363842297
ConvNeXt-Base,s2,373,-0.05242119995722838
ConvNeXt-Base,s2,374,-0.05041853747092573
ConvNeXt-Base,s2,375,-0.09817211493422318
ConvNeXt-Base,s2,376,-0.06344917523422344
ConvNeXt-Base,s2,377,-0.011843202057027824
ConvNeXt-Base,s2,378,-0.06863144148776468
ConvNeXt-Base,s2,379,-0.07772597636951473
ConvNeXt-Base,s2,380,-0.04185969177051352
ConvNeXt-Base,s2,381,-0.05363443201629825
ConvNeXt-Base,s2,382,-0.037574387673284027
ConvNeXt-Base,s2,383,-0.061449512423464525
ConvNeXt-Base,s2,384,-0.09344178166702388
ConvNeXt-Base,s2,385,-0.028953627427592443
ConvNeXt-Base,s2,386,-0.05565548202669712
ConvNeXt-Base,s2,387,-0.058449077647588554
ConvNeXt-Base,s2,388,-0.06354798162464337
ConvNeXt-Base,s2,389,-0.10147308075895933
ConvNeXt-Base,s2,390,-0.08659834017707191
ConvNeXt-Base,s2,391,-0.05723370436738617
ConvNeXt-Base,s2,392,0.03252082824859437
ConvNeXt-Base,s2,393,-0.06250726837726062
ConvNeXt-Base,s2,394,-0.04651578773742615
ConvNeXt-Base,s2,395,-0.033298094140530754
ConvNeXt-Base,s2,396,-0.010985492748760706
ConvNeXt-Base,s2,397,-0.02425706076288736
ConvNeXt-Base,s2,398,-0.04638359070227305
ConvNeXt-Base,s2,399,-0.0758723825288865
ConvNeXt-Base,s2,400,-0.06118475327215733
ConvNeXt-Base,s2,401,0.007477851492655452
ConvNeXt-Base,s2,402,-0.06789227986928226
ConvNeXt-Base,s2,403,0.009244415468048217
ConvNeXt-Base,s2,404,-0.057958576602829326
ConvNeXt-Base,s2,405,-0.02151581965901772
ConvNeXt-Base,s2,406,-0.012331907439976586
ConvNeXt-Base,s2,407,-0.06956342461156395
ConvNeXt-Base,s2,408,-0.12136500919285176
ConvNeXt-Base,s2,409,-0.09535608146364649
ConvNeXt-Base,s2,410,-0.07292196819152175
ConvNeXt-Base,s2,411,-0.02831858747551841
ConvNeXt-Base,s2,412,-0.07943862887349273
ConvNeXt-Base,s2,413,-0.033338662627777294
ConvNeXt-Base,s2,414,-0.02922879168302872
ConvNeXt-Base,s2,415,-0.08907805991064499
ConvNeXt-Base,s2,416,-0.04818850117957685
ConvNeXt-Base,s2,417,-0.03199505992430807
ConvNeXt-Base,s2,418,0.005361935985580546
ConvNeXt-Base,s2,419,-0.08652963417894832
ConvNeXt-Base,s2,420,-0.026502022157075422
ConvNeXt-Base,s2,421,-0.02167294383628826
ConvNeXt-Base,s2,422,-0.08665127663321259
ConvNeXt-Base,s2,423,-0.05651409807352592
ConvNeXt-Base,s2,424,-0.0002188131719820241
ConvNeXt-Base,s2,425,-0.04908944175390184
ConvNeXt-Base,s2,426,-0.09669044352816658
ConvNeXt-Base,s2,427,-0.013571887586408704
ConvNeXt-Base,s2,428,-0.054154908905070354
ConvNeXt-Base,s2,429,-0.0309942739932505
ConvNeXt-Base,s2,430,-0.0656207269633644
ConvNeXt-Base,s2,431,-0.06605895097852843
ConvNeXt-Base,s2,432,-0.01767861557360706
ConvNeXt-Base,s2,433,-0.0742613474741417
ConvNeXt-Base,s2,434,-0.046251781533072744
ConvNeXt-Base,s2,435,-0.09188254513314897
ConvNeXt-Base,s2,436,-0.03528726931581838
ConvNeXt-Base,s2,437,-0.05406150942055166
ConvNeXt-Base,s2,438,-0.05220819462836901
ConvNeXt-Base,s2,439,-0.01582781432638114
ConvNeXt-Base,s2,440,-0.06976480281242525
ConvNeXt-Base,s2,441,-0.05838118613373788
ConvNeXt-Base,s2,442,-0.11191946573472877
ConvNeXt-Base,s2,443,-0.04626870970268204
ConvNeXt-Base,s2,444,-0.04055718253660112
ConvNeXt-Base,s2,445,-0.023280086477003303
ConvNeXt-Base,s2,446,-0.06648312821674318
ConvNeXt-Base,s2,447,-0.10896712871070113
ConvNeXt-Base,s2,448,-0.06612101433968887
ConvNeXt-Base,s2,449,-0.11935896227576381
ConvNeXt-Base,s2,450,-0.0426331412510369
ConvNeXt-Base,s2,451,-0.014927838579364638
ConvNeXt-Base,s2,452,-0.09832914755413735
ConvNeXt-Base,s2,453,-0.03169394904836553
ConvNeXt-Base,s2,454,-0.09015014088947049
ConvNeXt-Base,s2,455,-0.0339995537648633
ConvNeXt-Base,s2,456,-0.020932400614690927
ConvNeXt-Base,s2,457,-0.047783933225871156
ConvNeXt-Base,s2,458,-0.03624963540671511
ConvNeXt-Base,s2,459,-0.06938088225545191
ConvNeXt-Base,s2,460,-0.025945955488419936
ConvNeXt-Base,s2,461,-0.11281291171081975
ConvNeXt-Base,s2,462,-0.0217237725124223
ConvNeXt-Base,s2,463,-0.07597839811083995
ConvNeXt-Base,s2,464,-0.024681345957028755
ConvNeXt-Base,s2,465,-0.03495099345845998
ConvNeXt-Base,s2,466,-0.0412063682589493
ConvNeXt-Base,s2,467,-0.07349290017935739
ConvNeXt-Base,s2,468,-0.02189767801089404
ConvNeXt-Base,s2,469,-0.019478353802789172
ConvNeXt-Base,s2,470,-0.07216757621888936
ConvNeXt-Base,s2,471,-0.046183030124272384
ConvNeXt-Base,s2,472,-0.0018230795673088718
ConvNeXt-Base,s2,473,-0.026929935714430586
ConvNeXt-Base,s2,474,-0.041223475948158006
ConvNeXt-Base,s2,475,-0.06473328416054291
ConvNeXt-Base,s2,476,-0.07535661144124961
ConvNeXt-Base,s2,477,-0.010376102356808747
ConvNeXt-Base,s2,478,-0.024121616586860517
ConvNeXt-Base,s2,479,-0.056170531362417675
ConvNeXt-Base,s2,480,-0.017942157313194484
ConvNeXt-Base,s2,481,-0.060749079908976156
ConvNeXt-Base,s2,482,-0.08175079566315635
ConvNeXt-Base,s2,483,-0.056906060605686704
ConvNeXt-Base,s2,484,-0.04691518325846267
ConvNeXt-Base,s2,485,-0.024765809695512453
ConvNeXt-Base,s2,486,-0.02148486861364729
ConvNeXt-Base,s2,487,-0.0946940882433569
ConvNeXt-Base,s2,488,-0.04254505518691665
ConvNeXt-Base,s2,489,-0.024180451077463916
ConvNeXt-Base,s2,490,-0.04640199937394185
ConvNeXt-Base,s2,491,-0.037802495104463096
ConvNeXt-Base,s2,492,-0.1063060469877064
ConvNeXt-Base,s2,493,-0.04761096371751539
ConvNeXt-Base,s2,494,-0.07098197178079213
ConvNeXt-Base,s2,495,-0.08784517678783121
ConvNeXt-Base,s2,496,-0.10392853116138301
ConvNeXt-Base,s2,497,-0.023646141029736834
ConvNeXt-Base,s2,498,-0.06183371271083549
ConvNeXt-Base,s2,499,-0.051912437883148255
ConvNeXt-Base,s2,500,-0.04238458495367059
ConvNeXt-Base,s2,501,-0.0686739852863254
ConvNeXt-Base,s2,502,-0.037013293618286536
ConvNeXt-Base,s2,503,-0.07367209760554794
ConvNeXt-Base,s2,504,-0.043420139316711626
ConvNeXt-Base,s2,505,-0.06557422850661099
ConvNeXt-Base,s2,506,-0.05254422601720721
ConvNeXt-Base,s2,507,-0.09267410031547418
ConvNeXt-Base,s2,508,-0.09856075126106112
ConvNeXt-Base,s2,509,-0.06459281132896155
ConvNeXt-Base,s2,510,-0.04201088736954195
ConvNeXt-Base,s2,511,-0.05514140735012962
ConvNeXt-Base,s2,512,-0.10359706849514472
ConvNeXt-Base,s2,513,-0.03913466517332642
ConvNeXt-Base,s2,514,-0.051782572753557465
ConvNeXt-Base,s2,515,-0.027252539683706445
ConvNeXt-Base,s2,516,-0.0326045671284918
ConvNeXt-Base,s2,517,-0.046979896651186404
ConvNeXt-Base,s2,518,-0.021721508452176574
ConvNeXt-Base,s2,519,-0.022051163556427666
ConvNeXt-Base,s2,520,-0.10054955180473935
ConvNeXt-Base,s2,521,-0.0914732067885401
ConvNeXt-Base,s2,522,-0.015689646854758488
ConvNeXt-Base,s2,523,0.03499388005677684
ConvNeXt-Base,s2,524,-0.01866542014448025
ConvNeXt-Base,s2,525,-0.0400112398222533
ConvNeXt-Base,s2,526,-0.016596217827867354
ConvNeXt-Base,s2,527,-0.07796702384223764
ConvNeXt-Base,s2,528,-0.03378872040164893
ConvNeXt-Base,s2,529,-0.0493438079218983
ConvNeXt-Base,s2,530,-0.015145381809817948
ConvNeXt-Base,s2,531,-0.008786376793685435
ConvNeXt-Base,s2,532,-0.0522678390432324
ConvNeXt-Base,s2,533,-0.05523832695761166
ConvNeXt-Base,s2,534,-0.04703943306559244
ConvNeXt-Base,s2,535,-0.09151987758833935
ConvNeXt-Base,s2,536,-0.009640785433176147
ConvNeXt-Base,s2,537,-0.026351592136934943
ConvNeXt-Base,s2,538,-0.06123110474361648
ConvNeXt-Base,s2,539,-0.020250078330373622
ConvNeXt-Base,s2,540,-0.023899852119134923
ConvNeXt-Base,s2,541,-0.04541118301989455
ConvNeXt-Base,s2,542,-0.12893813573799595
ConvNeXt-Base,s2,543,-0.07062042434278681
ConvNeXt-Base,s2,544,-0.05816756337903983
ConvNeXt-Base,s2,545,-0.012992158765041895
ConvNeXt-Base,s2,546,-0.0710692352683231
ConvNeXt-Base,s2,547,-0.08863286923703295
ConvNeXt-Base,s2,548,-0.02221793298610919
ConvNeXt-Base,s2,549,-0.08329149948791892
ConvNeXt-Base,s2,550,-0.09278961377860884
ConvNeXt-Base,s2,551,-0.053973357592449256
ConvNeXt-Base,s2,552,-0.04324633785701293
ConvNeXt-Base,s2,553,-0.06456532414110794
ConvNeXt-Base,s2,554,-0.03179863745380984
ConvNeXt-Base,s2,555,-0.030359100516494042
ConvNeXt-Base,s2,556,-0.07138166583616545
ConvNeXt-Base,s2,557,-0.03828887200094089
ConvNeXt-Base,s2,558,-0.10721753775047527
ConvNeXt-Base,s2,559,-0.012868219263295955
ConvNeXt-Base,s2,560,-0.07081756059674849
ConvNeXt-Base,s2,561,-0.03861233213634907
ConvNeXt-Base,s2,562,-0.02969539643377006
ConvNeXt-Base,s2,563,-0.05821061050698795
ConvNeXt-Base,s2,564,-0.06451242498548937
ConvNeXt-Base,s2,565,-0.026536178137215094
ConvNeXt-Base,s2,566,-0.005154940043512135
ConvNeXt-Base,s2,567,-0.047445114137558586
ConvNeXt-Base,s2,568,-0.047214002375003616
ConvNeXt-Base,s2,569,-0.09266631691615013
ConvNeXt-Base,s2,570,-0.027915770594921785
ConvNeXt-Base,s2,571,-0.0039857079332930034
ConvNeXt-Base,s2,572,-0.06786111901611747
ConvNeXt-Base,s2,573,-0.035359386819888816
ConvNeXt-Base,s2,574,-0.04554829782063807
ConvNeXt-Base,s2,575,-0.026013320663893946
ConvNeXt-Base,s2,576,-0.026295004608220762
ConvNeXt-Base,s2,577,-0.06189648643436341
ConvNeXt-Base,s2,578,-0.09306127496767613
ConvNeXt-Base,s2,579,-0.07173369128269003
ConvNeXt-Base,s2,580,-0.03019697934655796
ConvNeXt-Base,s2,581,-0.052845873057924986
ConvNeXt-Base,s2,582,-0.03535232845805136
ConvNeXt-Base,s2,583,-0.10616902453664168
ConvNeXt-Base,s2,584,-0.06333128129449028
ConvNeXt-Base,s2,585,-0.05741888953685059
ConvNeXt-Base,s2,586,-0.05850888488020467
ConvNeXt-Base,s2,587,0.004243707565855681
ConvNeXt-Base,s2,588,-0.045238862671919566
ConvNeXt-Base,s2,589,-0.09036476961718631
ConvNeXt-Base,s2,590,-0.057696890792783506
ConvNeXt-Base,s2,591,-0.07182576168989285
ConvNeXt-Base,s2,592,-0.06951200652111567
ConvNeXt-Base,s2,593,0.022406607328258166
ConvNeXt-Base,s2,594,-0.036189829601054546
ConvNeXt-Base,s2,595,-0.08200898701818071
ConvNeXt-Base,s2,596,-0.0880999816242003
ConvNeXt-Base,s2,597,-0.05170919288406406
ConvNeXt-Base,s2,598,-0.036053923472620486
ConvNeXt-Base,s2,599,-0.0007656373213869028
ConvNeXt-Base,s2,600,-0.06621985573725453
ConvNeXt-Base,s2,601,-0.09660868049492799
ConvNeXt-Base,s2,602,-0.07343786795319818
ConvNeXt-Base,s2,603,-0.0596280221164015
ConvNeXt-Base,s2,604,0.01738027967362421
ConvNeXt-Base,s2,605,-0.039983335609609094
ConvNeXt-Base,s2,606,-0.022771564065402705
ConvNeXt-Base,s2,607,-0.05833839393114626
ConvNeXt-Base,s2,608,-0.019335443165723554
ConvNeXt-Base,s2,609,-0.12631326386288244
ConvNeXt-Base,s2,610,-0.07493241656589755
ConvNeXt-Base,s2,611,-0.07011726356957482
ConvNeXt-Base,s2,612,-0.043272668429719885
ConvNeXt-Base,s2,613,-0.03320839189367619
ConvNeXt-Base,s2,614,-0.0731046948573899
ConvNeXt-Base,s2,615,-0.08970644188866939
ConvNeXt-Base,s2,616,-0.004603650647909241
ConvNeXt-Base,s2,617,-0.06466242392963018
ConvNeXt-Base,s2,618,-0.019885813323347268
ConvNeXt-Base,s2,619,-0.05929312836669165
ConvNeXt-Base,s2,620,-0.001720162370658529
ConvNeXt-Base,s2,621,-0.09750784455140282
ConvNeXt-Base,s2,622,-0.061222489749556686
ConvNeXt-Base,s2,623,-0.05151078297643741
ConvNeXt-Base,s2,624,-0.02597388369475162
ConvNeXt-Base,s2,625,-0.09498948621975245
ConvNeXt-Base,s2,626,-0.08198935802182472
ConvNeXt-Base,s2,627,-0.016355661981900194
ConvNeXt-Base,s2,628,-0.04762178880885193
ConvNeXt-Base,s2,629,-0.013602071719711839
ConvNeXt-Base,s2,630,-0.03158638086231691
ConvNeXt-Base,s2,631,-0.13885195610265455
ConvNeXt-Base,s2,632,-0.026439858259391102
ConvNeXt-Base,s2,633,-0.015261114173595769
ConvNeXt-Base,s2,634,-0.028441059757166043
ConvNeXt-Base,s2,635,-0.04547951935271122
ConvNeXt-Base,s2,636,-0.04204324933925463
ConvNeXt-Base,s2,637,-0.0566001023236975
ConvNeXt-Base,s2,638,-0.05003420552520632
ConvNeXt-Base,s2,639,-0.06588381063647131
ConvNeXt-Base,s2,640,-0.0180393852638272
ConvNeXt-Base,s2,641,-0.06412124499456684
ConvNeXt-Base,s2,642,-0.047019375471015756
ConvNeXt-Base,s2,643,-0.03522823543274978
ConvNeXt-Base,s2,644,-0.1003103716806436
ConvNeXt-Base,s2,645,-0.08617755882545663
ConvNeXt-Base,s2,646,-0.040363595465312985
ConvNeXt-Base,s2,647,-0.017666352345438452
ConvNeXt-Base,s2,648,-0.08799727844240712
ConvNeXt-Base,s2,649,0.007166677705403357
ConvNeXt-Base,s2,650,-0.03374724496759718
ConvNeXt-Base,s2,651,-0.06684737807189323
ConvNeXt-Base,s2,652,-0.05921216529554263
ConvNeXt-Base,s2,653,-0.05409533584701176
ConvNeXt-Base,s2,654,-0.08881189811543044
ConvNeXt-Base,s2,655,-0.06600820941929375
ConvNeXt-Base,s2,656,-0.05475730954161351
ConvNeXt-Base,s2,657,0.009431173739218202
ConvNeXt-Base,s2,658,-0.05877160120808678
ConvNeXt-Base,s2,659,-0.038620907869212795
ConvNeXt-Base,s2,660,-0.016716439304061748
ConvNeXt-Base,s2,661,-0.04513592091091889
ConvNeXt-Base,s2,662,-0.03857945654414541
ConvNeXt-Base,s2,663,-0.025177720923428404
ConvNeXt-Base,s2,664,-0.0535002721959551
ConvNeXt-Base,s2,665,0.017288594480473596
ConvNeXt-Base,s2,666,0.0017995480287483767
ConvNeXt-Base,s2,667,-0.06626951584375274
ConvNeXt-Base,s2,668,-0.039027866600529926
ConvNeXt-Base,s2,669,-0.08372537036168837
ConvNeXt-Base,s2,670,-0.1018326935449716
ConvNeXt-Base,s2,671,-0.03621811446426271
ConvNeXt-Base,s2,672,-0.059445376792495286
ConvNeXt-Base,s2,673,-0.0702357761420731
ConvNeXt-Base,s2,674,-0.04335950020189561
ConvNeXt-Base,s2,675,-0.007309177898814578
ConvNeXt-Base,s2,676,-0.026970996968258776
ConvNeXt-Base,s2,677,-0.027603315248363458
ConvNeXt-Base,s2,678,-0.06314358817999721
ConvNeXt-Base,s2,679,-0.032526714235874055
ConvNeXt-Base,s2,680,-0.05671589083230988
ConvNeXt-Base,s2,681,-0.04152529032045493
ConvNeXt-Base,s2,682,-0.09162039757561491
ConvNeXt-Base,s2,683,-0.04304686530865498
ConvNeXt-Base,s2,684,-0.09492436574169427
ConvNeXt-Base,s2,685,-0.019098842734835086
ConvNeXt-Base,s2,686,-0.07267385477019739
ConvNeXt-Base,s2,687,-0.018992482034996372
ConvNeXt-Base,s2,688,-0.014052080945298084
ConvNeXt-Base,s2,689,-0.07845472674809495
ConvNeXt-Base,s2,690,-0.041442114251038165
ConvNeXt-Base,s2,691,-0.02496882754997487
ConvNeXt-Base,s2,692,-0.08800210559265298
ConvNeXt-Base,s2,693,-0.0737948119058307
ConvNeXt-Base,s2,694,0.002957059704708498
ConvNeXt-Base,s2,695,-0.012071865096331513
ConvNeXt-Base,s2,696,-0.055305305412460815
ConvNeXt-Base,s2,697,-0.07662234882082553
ConvNeXt-Base,s2,698,-0.011578564195268481
ConvNeXt-Base,s2,699,-0.043084094677532825
ConvNeXt-Base,s2,700,-0.04593366286517353
ConvNeXt-Base,s2,701,-0.0682435337140137
ConvNeXt-Base,s2,702,-0.023168576446215727
ConvNeXt-Base,s2,703,-0.06418198969714473
ConvNeXt-Base,s2,704,-0.00393729164020129
ConvNeXt-Base,s2,705,-0.07059967814080936
ConvNeXt-Base,s2,706,-0.10007750243595581
ConvNeXt-Base,s2,707,-0.04241571641692554
ConvNeXt-Base,s2,708,-0.03322663243954194
ConvNeXt-Base,s2,709,-0.07455935123247293
ConvNeXt-Base,s2,710,-0.019686150300614047
ConvNeXt-Base,s2,711,-0.0685714701670177
ConvNeXt-Base,s2,712,-0.04173595828129173
ConvNeXt-Base,s2,713,-0.05238636392136531
ConvNeXt-Base,s2,714,-0.03725322973624401
ConvNeXt-Base,s2,715,-0.08023931163852827
ConvNeXt-Base,s2,716,-0.05335242282074859
ConvNeXt-Base,s2,717,-0.04926612995700885
ConvNeXt-Base,s2,718,-0.07910994567101093
ConvNeXt-Base,s2,719,-0.01881105104229619
ConvNeXt-Base,s2,720,-0.08214959902758978
ConvNeXt-Base,s2,721,-0.03274665312273739
ConvNeXt-Base,s2,722,-0.06200449900945959
ConvNeXt-Base,s2,723,-0.08556413308688171
ConvNeXt-Base,s2,724,-0.085733808998674
ConvNeXt-Base,s2,725,-0.056046586686244404
ConvNeXt-Base,s2,726,-0.051426774564619304
ConvNeXt-Base,s2,727,-0.032288994896325196
ConvNeXt-Base,s2,728,-0.006760436245586199
ConvNeXt-Base,s2,729,-0.07240070922656505
ConvNeXt-Base,s2,730,-0.10043358653559897
ConvNeXt-Base,s2,731,-0.060048960459830325
ConvNeXt-Base,s2,732,-0.04284517247195552
ConvNeXt-Base,s2,733,-0.05877105516164094
ConvNeXt-Base,s2,734,-0.08314195061697127
ConvNeXt-Base,s2,735,-0.029636359723138828
ConvNeXt-Base,s2,736,-0.07395935002828136
ConvNeXt-Base,s2,737,-0.06966040416458363
ConvNeXt-Base,s2,738,-0.004990743198203806
ConvNeXt-Base,s2,739,-0.05402054451732108
ConvNeXt-Base,s2,740,-0.0584746488509682
ConvNeXt-Base,s2,741,-0.10619076849494224
ConvNeXt-Base,s2,742,-0.024784998023562377
ConvNeXt-Base,s2,743,-0.04341323076986359
ConvNeXt-Base,s2,744,-0.09072170057498952
ConvNeXt-Base,s2,745,-0.04424629439431915
ConvNeXt-Base,s2,746,-0.06483868387393765
ConvNeXt-Base,s2,747,-0.07804916848263166
ConvNeXt-Base,s2,748,-0.05009329689868258
ConvNeXt-Base,s2,749,-0.09082149433831466
ConvNeXt-Base,s2,750,-0.055115257948980534
ConvNeXt-Base,s2,751,-0.043781522796929706
ConvNeXt-Base,s2,752,-0.04582752022722947
ConvNeXt-Base,s2,753,-0.04813084316629179
ConvNeXt-Base,s2,754,-0.06381262363417717
ConvNeXt-Base,s2,755,-0.0634457642828864
ConvNeXt-Base,s2,756,-0.061446984352689804
ConvNeXt-Base,s2,757,-0.06413909989453781
ConvNeXt-Base,s2,758,-0.05912101947450765
ConvNeXt-Base,s2,759,-0.03765347027114341
ConvNeXt-Base,s2,760,-0.06221053844646551
ConvNeXt-Base,s2,761,-0.07556274553704956
ConvNeXt-Base,s2,762,-0.07442591198288462
ConvNeXt-Base,s2,763,-0.09845579220823775
ConvNeXt-Base,s2,764,-0.064615840384733
ConvNeXt-Base,s2,765,-0.07932283170082399
ConvNeXt-Base,s2,766,-0.034975453915026544
ConvNeXt-Base,s2,767,-0.023346829893927
ConvNeXt-Base,s2,768,-0.07511112389655306
ConvNeXt-Base,s2,769,-0.09152249804709267
ConvNeXt-Base,s2,770,-0.04313935339457009
ConvNeXt-Base,s2,771,-0.006967886863099126
ConvNeXt-Base,s2,772,-0.08672370704281485
ConvNeXt-Base,s2,773,-0.06074482218223054
ConvNeXt-Base,s2,774,-0.018086805393263683
ConvNeXt-Base,s2,775,-0.03810506679963244
ConvNeXt-Base,s2,776,-0.08822207312560515
ConvNeXt-Base,s2,777,-0.03772890012251939
ConvNeXt-Base,s2,778,-0.07340766649156705
ConvNeXt-Base,s2,779,-0.029848692322425374
ConvNeXt-Base,s2,780,-0.0579087661879405
ConvNeXt-Base,s2,781,-0.03918673536870576
ConvNeXt-Base,s2,782,-0.048390605834979006
ConvNeXt-Base,s2,783,-0.04475687710501952
ConvNeXt-Base,s2,784,-0.042071283195659115
ConvNeXt-Base,s2,785,-0.06872840126840163
ConvNeXt-Base,s2,786,-0.09979918922432562
ConvNeXt-Base,s2,787,-0.0740872042921169
ConvNeXt-Base,s2,788,0.009907769239615782
ConvNeXt-Base,s2,789,-0.09069978991167149
ConvNeXt-Base,s2,790,-0.05374937768063415
ConvNeXt-Base,s2,791,0.02097224716027124
ConvNeXt-Base,s2,792,-0.009680191722181597
ConvNeXt-Base,s2,793,-0.08020076095760587
ConvNeXt-Base,s2,794,-0.019745738275433022
ConvNeXt-Base,s2,795,-0.03412702433729842
ConvNeXt-Base,s2,796,-0.03398362656545961
ConvNeXt-Base,s2,797,-0.09553529551514672
ConvNeXt-Base,s2,798,-0.04955037156141906
ConvNeXt-Base,s2,799,-0.09832998085934397
ConvNeXt-Base,s2,800,-0.06347169923713769
ConvNeXt-Base,s2,801,-0.05930748235454708
ConvNeXt-Base,s2,802,-0.0619979663018867
ConvNeXt-Base,s2,803,-0.05573884954730135
ConvNeXt-Base,s2,804,-0.09263720956643706
ConvNeXt-Base,s2,805,-0.08528983634033704
ConvNeXt-Base,s2,806,-0.0670906650847557
ConvNeXt-Base,s2,807,-0.03730591879167244
ConvNeXt-Base,s2,808,-0.05431663113794494
ConvNeXt-Base,s2,809,-0.06365462386177312
ConvNeXt-Base,s2,810,-0.05560132138660223
ConvNeXt-Base,s2,811,-0.06067933786167956
ConvNeXt-Base,s2,812,-0.06948017815205898
ConvNeXt-Base,s2,813,-0.030888867241937068
ConvNeXt-Base,s2,814,-0.058631720809097176
ConvNeXt-Base,s2,815,-0.04057625358465622
ConvNeXt-Base,s2,816,-0.08241521580467492
ConvNeXt-Base,s2,817,-0.05209220223620192
ConvNeXt-Base,s2,818,-0.02157815662795226
ConvNeXt-Base,s2,819,-0.043500721311607427
ConvNeXt-Base,s2,820,-0.07822862415626342
ConvNeXt-Base,s2,821,-0.07315544174945066
ConvNeXt-Base,s2,822,-0.07789685137376534
ConvNeXt-Base,s2,823,-0.08051719827685433
ConvNeXt-Base,s2,824,-0.07434645772244952
ConvNeXt-Base,s2,825,-0.08022444659113226
ConvNeXt-Base,s2,826,-0.04302443394918276
ConvNeXt-Base,s2,827,-0.030116901079492275
ConvNeXt-Base,s2,828,-0.0459691691368197
ConvNeXt-Base,s2,829,-0.11624230002569547
ConvNeXt-Base,s2,830,-0.06280455032530108
ConvNeXt-Base,s2,831,-0.03257712337505447
ConvNeXt-Base,s2,832,-0.053126284258907974
ConvNeXt-Base,s2,833,-0.061105937609073235
ConvNeXt-Base,s2,834,-0.10229081627219894
ConvNeXt-Base,s2,835,-0.02652171088965183
ConvNeXt-Base,s2,836,-0.04160208478597971
ConvNeXt-Base,s2,837,-0.030151926715322075
ConvNeXt-Base,s2,838,-0.04122227363965714
ConvNeXt-Base,s2,839,-0.09335328639623963
ConvNeXt-Base,s2,840,-0.06869897541544367
ConvNeXt-Base,s2,841,-0.03670055697852459
ConvNeXt-Base,s2,842,-0.05114193053269167
ConvNeXt-Base,s2,843,-0.12499578079438745
ConvNeXt-Base,s2,844,-0.02081067574497064
ConvNeXt-Base,s2,845,-0.02939015780717258
ConvNeXt-Base,s2,846,0.013363788172373159
ConvNeXt-Base,s2,847,-0.06854088706026984
ConvNeXt-Base,s2,848,-0.043677447313783646
ConvNeXt-Base,s2,849,-0.045782961076293316
ConvNeXt-Base,s2,850,-0.02660542907617436
ConvNeXt-Base,s2,851,-0.07678787692288291
ConvNeXt-Base,s2,852,-0.04628796620569586
ConvNeXt-Base,s2,853,-0.0673249236295358
ConvNeXt-Base,s2,854,-0.059665308471994916
ConvNeXt-Base,s2,855,-0.05076121799083089
ConvNeXt-Base,s2,856,-0.038524066804441426
ConvNeXt-Base,s2,857,-0.07029716997982627
ConvNeXt-Base,s2,858,-0.03206259654528576
ConvNeXt-Base,s2,859,-0.018622702093029297
ConvNeXt-Base,s2,860,-0.07396654556002058
ConvNeXt-Base,s2,861,0.0019563702173317488
ConvNeXt-Base,s2,862,-0.07513202939359731
ConvNeXt-Base,s2,863,-0.08634415715359878
ConvNeXt-Base,s2,864,-0.06290367719360002
ConvNeXt-Base,s2,865,-0.029340524924245992
ConvNeXt-Base,s2,866,-0.0716267123883767
ConvNeXt-Base,s2,867,0.0025015108039269096
ConvNeXt-Base,s2,868,-0.04674353328748693
ConvNeXt-Base,s2,869,-0.08774022693434669
ConvNeXt-Base,s2,870,-0.0915745294436695
ConvNeXt-Base,s2,871,-0.08671570690173191
ConvNeXt-Base,s2,872,-0.04043259549292977
ConvNeXt-Base,s2,873,-0.12433682362437626
ConvNeXt-Base,s2,874,-0.06771835044786723
ConvNeXt-Base,s2,875,-0.017701133640577793
ConvNeXt-Base,s2,876,-0.04051753859526985
ConvNeXt-Base,s2,877,0.0007726833627538232
ConvNeXt-Base,s2,878,-0.09689600375205354
ConvNeXt-Base,s2,879,-0.047002484380353926
ConvNeXt-Base,s2,880,-0.04376664842881306
ConvNeXt-Base,s2,881,-0.08698782548795914
ConvNeXt-Base,s2,882,-0.08561621097962413
ConvNeXt-Base,s2,883,-0.08845744950769141
ConvNeXt-Base,s2,884,-0.03938671517804848
ConvNeXt-Base,s2,885,-0.03395448760413622
ConvNeXt-Base,s2,886,-0.09329592548081345
ConvNeXt-Base,s2,887,-0.0747597089881793
ConvNeXt-Base,s2,888,-0.10848911656579707
ConvNeXt-Base,s2,889,-0.07133308106110481
ConvNeXt-Base,s2,890,-0.005929552692035878
ConvNeXt-Base,s2,891,-0.030605443858886083
ConvNeXt-Base,s2,892,-0.07070164077197527
ConvNeXt-Base,s2,893,-0.010936112001710185
ConvNeXt-Base,s2,894,-0.03502564813115505
ConvNeXt-Base,s2,895,-0.09667599258600923
ConvNeXt-Base,s2,896,-0.04700731314625284
ConvNeXt-Base,s2,897,-0.04315361205214163
ConvNeXt-Base,s2,898,-0.031036236794191208
ConvNeXt-Base,s2,899,-0.05328924317147121
ConvNeXt-Base,s2,900,-0.04818519136779287
ConvNeXt-Base,s2,901,-0.06030311385861187
ConvNeXt-Base,s2,902,-0.038250003906931895
ConvNeXt-Base,s2,903,-0.04227076257380469
ConvNeXt-Base,s2,904,-0.05545219440098059
ConvNeXt-Base,s2,905,-0.019675439953737328
ConvNeXt-Base,s2,906,-0.051319922210621094
ConvNeXt-Base,s2,907,-0.08140107457721102
ConvNeXt-Base,s2,908,-0.05716467833913608
ConvNeXt-Base,s2,909,-0.045677851707965345
ConvNeXt-Base,s2,910,-0.030013949656229277
ConvNeXt-Base,s2,911,-0.009344556391675751
ConvNeXt-Base,s2,912,-0.0901302163593033
ConvNeXt-Base,s2,913,-0.05760434678222026
ConvNeXt-Base,s2,914,-0.05498438763167557
ConvNeXt-Base,s2,915,-0.042021040942384014
ConvNeXt-Base,s2,916,-0.004915512342413941
ConvNeXt-Base,s2,917,-0.025531696124322267
ConvNeXt-Base,s2,918,-0.033439716704966815
ConvNeXt-Base,s2,919,-0.07260956198038993
ConvNeXt-Base,s2,920,-0.02613224584237106
ConvNeXt-Base,s2,921,-0.023795757095523506
ConvNeXt-Base,s2,922,-0.07230542932585149
ConvNeXt-Base,s2,923,-0.07342597713855192
ConvNeXt-Base,s2,924,-0.07371482099478988
ConvNeXt-Base,s2,925,-0.0607461098321167
ConvNeXt-Base,s2,926,-0.09635316695062479
ConvNeXt-Base,s2,927,-0.09023782343080755
ConvNeXt-Base,s2,928,-0.02338813858908284
ConvNeXt-Base,s2,929,-0.014746217608347933
ConvNeXt-Base,s2,930,-0.09036384993374491
ConvNeXt-Base,s2,931,-0.058703301727098034
ConvNeXt-Base,s2,932,-0.053076018411642556
ConvNeXt-Base,s2,933,-0.08817511887347917
ConvNeXt-Base,s2,934,-0.06074565643990204
ConvNeXt-Base,s2,935,-0.05108524211023302
ConvNeXt-Base,s2,936,-0.06445759212480706
ConvNeXt-Base,s2,937,-0.040877962932665435
ConvNeXt-Base,s2,938,-0.08584965502244091
ConvNeXt-Base,s2,939,-0.08420080565205834
ConvNeXt-Base,s2,940,-0.05289423179372643
ConvNeXt-Base,s2,941,-0.026352845545438264
ConvNeXt-Base,s2,942,0.021078254492987725
ConvNeXt-Base,s2,943,-0.057541080495610686
ConvNeXt-Base,s2,944,-0.044197065196582175
ConvNeXt-Base,s2,945,-0.026518497155250342
ConvNeXt-Base,s2,946,-0.0815633685194852
ConvNeXt-Base,s2,947,0.023120227479199618
ConvNeXt-Base,s2,948,-0.08143654428213787
ConvNeXt-Base,s2,949,-0.04048485546385172
ConvNeXt-Base,s2,950,-0.0389532054719689
ConvNeXt-Base,s2,951,-0.03457693206253376
ConvNeXt-Base,s2,952,-0.04592132007291083
ConvNeXt-Base,s2,953,-0.092564866079756
ConvNeXt-Base,s2,954,-0.09024366954450258
ConvNeXt-Base,s2,955,-0.011655449397764084
ConvNeXt-Base,s2,956,-0.11699654008851934
ConvNeXt-Base,s2,957,-0.07378678752216206
ConvNeXt-Base,s2,958,-0.0016830468813364696
ConvNeXt-Base,s2,959,-0.05291816574661001
ConvNeXt-Base,s2,960,-0.09952597407365094
ConvNeXt-Base,s2,961,-0.04582133852731485
ConvNeXt-Base,s2,962,-0.05792727034712053
ConvNeXt-Base,s2,963,-0.043879406232616325
ConvNeXt-Base,s2,964,-0.06075374418556534
ConvNeXt-Base,s2,965,-0.08651256235313587
ConvNeXt-Base,s2,966,-0.058784296995616714
ConvNeXt-Base,s2,967,-0.0007219831089719797
ConvNeXt-Base,s2,968,-0.11761790887023837
ConvNeXt-Base,s2,969,-0.06047890528036415
ConvNeXt-Base,s2,970,-0.04930214685708312
ConvNeXt-Base,s2,971,-0.056796826679477275
ConvNeXt-Base,s2,972,-0.07657396243440673
ConvNeXt-Base,s2,973,-0.028208909144346928
ConvNeXt-Base,s2,974,-0.06045700561736855
ConvNeXt-Base,s2,975,-0.11322901634803206
ConvNeXt-Base,s2,976,-0.0586285812609727
ConvNeXt-Base,s2,977,-0.08494457299924263
ConvNeXt-Base,s2,978,-0.09345789269947624
ConvNeXt-Base,s2,979,-0.040044685507374944
ConvNeXt-Base,s2,980,-0.034667782360446764
ConvNeXt-Base,s2,981,-0.06552328005011632
ConvNeXt-Base,s2,982,-0.05671044978104478
ConvNeXt-Base,s2,983,-0.0015203910842200852
ConvNeXt-Base,s2,984,-0.030030905210805203
ConvNeXt-Base,s2,985,-0.048194695684364075
ConvNeXt-Base,s2,986,-0.08387966076546893
ConvNeXt-Base,s2,987,-0.0450403983528781
ConvNeXt-Base,s2,988,-0.05910330050028678
ConvNeXt-Base,s2,989,-0.04269496273297613
ConvNeXt-Base,s2,990,-0.03318243558998102
ConvNeXt-Base,s2,991,-0.034431348647495974
ConvNeXt-Base,s2,992,-0.04869617466760989
ConvNeXt-Base,s2,993,-0.05105157217901446
ConvNeXt-Base,s2,994,-0.06989685087951025
ConvNeXt-Base,s2,995,-0.010879123116008804
ConvNeXt-Base,s2,996,-0.04857347311106486
ConvNeXt-Base,s2,997,-0.026239413288569158
ConvNeXt-Base,s2,998,-0.08686741219141647
ConvNeXt-Base,s2,999,-0.022314065367382563
ConvNeXt-Base,s3,0,-0.0061289525240777465
ConvNeXt-Base,s3,1,-0.005244761963552724
ConvNeXt-Base,s3,2,-0.006252783738742718
ConvNeXt-Base,s3,3,-0.0068357623752514085
ConvNeXt-Base,s3,4,-0.004650828844525723
ConvNeXt-Base,s3,5,-0.006977272265352719
ConvNeXt-Base,s3,6,-0.006049712790988204
ConvNeXt-Base,s3,7,-0.005221074579308427
ConvNeXt-Base,s3,8,-0.0067783456354257865
ConvNeXt-Base,s3,9,-0.005874010343211444
ConvNeXt-Base,s3,10,-0.006733594626338046
ConvNeXt-Base,s3,11,-0.004818875900665542
ConvNeXt-Base,s3,12,-0.005816482236857268
ConvNeXt-Base,s3,13,-0.006508020633767653
ConvNeXt-Base,s3,14,-0.00601681470430715
ConvNeXt-Base,s3,15,-0.006940728639164173
ConvNeXt-Base,s3,16,-0.00559223965697353
ConvNeXt-Base,s3,17,-0.008373860491769247
ConvNeXt-Base,s3,18,-0.006464079578871296
ConvNeXt-Base,s3,19,-0.008351330373171595
ConvNeXt-Base,s3,20,-0.00432640498310588
ConvNeXt-Base,s3,21,-0.006567614154438406
ConvNeXt-Base,s3,22,-0.004449283195950504
ConvNeXt-Base,s3,23,-0.004859790954674148
ConvNeXt-Base,s3,24,-0.0065232444096055
ConvNeXt-Base,s3,25,-0.0053279752066391906
ConvNeXt-Base,s3,26,-0.008596028321301463
ConvNeXt-Base,s3,27,-0.006385401150871606
ConvNeXt-Base,s3,28,-0.004229164494805038
ConvNeXt-Base,s3,29,-0.006232535759326252
ConvNeXt-Base,s3,30,-0.005281266082794112
ConvNeXt-Base,s3,31,-0.0069375142394708655
ConvNeXt-Base,s3,32,-0.0057138971396794025
ConvNeXt-Base,s3,33,-0.007102253679201143
ConvNeXt-Base,s3,34,-0.005311363220012355
ConvNeXt-Base,s3,35,-0.0043819767102943885
ConvNeXt-Base,s3,36,-0.006284305493667208
ConvNeXt-Base,s3,37,-0.0066724822705032105
ConvNeXt-Base,s3,38,-0.005553244000186419
ConvNeXt-Base,s3,39,-0.0058192226549106385
ConvNeXt-Base,s3,40,-0.003475436113401398
ConvNeXt-Base,s3,41,-0.005191313749739912
ConvNeXt-Base,s3,42,-0.0055333193884881116
ConvNeXt-Base,s3,43,-0.005573023869632543
ConvNeXt-Base,s3,44,-0.006598611044570268
ConvNeXt-Base,s3,45,-0.005972634343393346
ConvNeXt-Base,s3,46,-0.006847471822735485
ConvNeXt-Base,s3,47,-0.007157768976708612
ConvNeXt-Base,s3,48,-0.005881094659835329
ConvNeXt-Base,s3,49,-0.005200947170257653
ConvNeXt-Base,s3,50,-0.004580483457116813
ConvNeXt-Base,s3,51,-0.0056525383668593054
ConvNeXt-Base,s3,52,-0.005440118893854207
ConvNeXt-Base,s3,53,-0.005986549248307771
ConvNeXt-Base,s3,54,-0.006260773930375496
ConvNeXt-Base,s3,55,-0.005454881737133821
ConvNeXt-Base,s3,56,-0.004713865862443489
ConvNeXt-Base,s3,57,-0.004234958914870579
ConvNeXt-Base,s3,58,-0.00620594401696839
ConvNeXt-Base,s3,59,-0.005005316155358042
ConvNeXt-Base,s3,60,-0.004600357362661289
ConvNeXt-Base,s3,61,-0.00575992451707974
ConvNeXt-Base,s3,62,-0.004601597934563939
ConvNeXt-Base,s3,63,-0.006033003518013724
ConvNeXt-Base,s3,64,-0.00653308763930327
ConvNeXt-Base,s3,65,-0.007372235672465921
ConvNeXt-Base,s3,66,-0.0062999812314827874
ConvNeXt-Base,s3,67,-0.006695222739007134
ConvNeXt-Base,s3,68,-0.004375400298046284
ConvNeXt-Base,s3,69,-0.007056790701913562
ConvNeXt-Base,s3,70,-0.005155083563743501
ConvNeXt-Base,s3,71,-0.006946536409809467
ConvNeXt-Base,s3,72,-0.005856720288592854
ConvNeXt-Base,s3,73,-0.007588040746918656
ConvNeXt-Base,s3,74,-0.005123887190389809
ConvNeXt-Base,s3,75,-0.004540167226198766
ConvNeXt-Base,s3,76,-0.006065836030205274
ConvNeXt-Base,s3,77,-0.00638627925764057
ConvNeXt-Base,s3,78,-0.0071092335628953895
ConvNeXt-Base,s3,79,-0.004074687929895404
ConvNeXt-Base,s3,80,-0.005340239123773016
ConvNeXt-Base,s3,81,-0.005231188208063342
ConvNeXt-Base,s3,82,-0.006292104233573292
ConvNeXt-Base,s3,83,-0.005344404564113336
ConvNeXt-Base,s3,84,-0.00482555837882892
ConvNeXt-Base,s3,85,-0.006489493812967373
ConvNeXt-Base,s3,86,-0.0055900151591810054
ConvNeXt-Base,s3,87,-0.005273665981741393
ConvNeXt-Base,s3,88,-0.0062247626209627205
ConvNeXt-Base,s3,89,-0.00616420832624498
ConvNeXt-Base,s3,90,-0.004299787991040915
ConvNeXt-Base,s3,91,-0.005468231910760402
ConvNeXt-Base,s3,92,-0.006231776325079652
ConvNeXt-Base,s3,93,-0.006657184789507609
ConvNeXt-Base,s3,94,-0.0045945797099639085
ConvNeXt-Base,s3,95,-0.004258193129883181
ConvNeXt-Base,s3,96,-0.007957818944032358
ConvNeXt-Base,s3,97,-0.0064929162668437845
ConvNeXt-Base,s3,98,-0.00607680826600332
ConvNeXt-Base,s3,99,-0.0050512795089279194
ConvNeXt-Base,s3,100,-0.0059121003485407275
ConvNeXt-Base,s3,101,-0.007657356083263789
ConvNeXt-Base,s3,102,-0.007995498270597756
ConvNeXt-Base,s3,103,-0.007399180280969864
ConvNeXt-Base,s3,104,-0.006290370517723742
ConvNeXt-Base,s3,105,-0.0059027818568849755
ConvNeXt-Base,s3,106,-0.004928922102663713
ConvNeXt-Base,s3,107,-0.00496428448632924
ConvNeXt-Base,s3,108,-0.006161292700292975
ConvNeXt-Base,s3,109,-0.006453408325383991
ConvNeXt-Base,s3,110,-0.005937177779568703
ConvNeXt-Base,s3,111,-0.005967978346585023
ConvNeXt-Base,s3,112,-0.006383125321785643
ConvNeXt-Base,s3,113,-0.0058854973135946675
ConvNeXt-Base,s3,114,-0.005314958921749269
ConvNeXt-Base,s3,115,-0.008221776662259872
ConvNeXt-Base,s3,116,-0.007437114502606423
ConvNeXt-Base,s3,117,-0.0068507208705611555
ConvNeXt-Base,s3,118,-0.004164284328959655
ConvNeXt-Base,s3,119,-0.007521651931412743
ConvNeXt-Base,s3,120,-0.007808511121198625
ConvNeXt-Base,s3,121,-0.0063422459642458184
ConvNeXt-Base,s3,122,-0.004323186199058804
ConvNeXt-Base,s3,123,-0.00765268976547806
ConvNeXt-Base,s3,124,-0.005439173676859088
ConvNeXt-Base,s3,125,-0.00589984256288778
ConvNeXt-Base,s3,126,-0.005770093586967451
ConvNeXt-Base,s3,127,-0.005349316458462039
ConvNeXt-Base,s3,128,-0.004774100432030082
ConvNeXt-Base,s3,129,-0.004952472154588605
ConvNeXt-Base,s3,130,-0.006754390045867864
ConvNeXt-Base,s3,131,-0.004664068756513484
ConvNeXt-Base,s3,132,-0.00715203919056473
ConvNeXt-Base,s3,133,-0.0056124881120802605
ConvNeXt-Base,s3,134,-0.0043665046660041895
ConvNeXt-Base,s3,135,-0.008093846071595467
ConvNeXt-Base,s3,136,-0.006425801099080974
ConvNeXt-Base,s3,137,-0.006338455417234989
ConvNeXt-Base,s3,138,-0.004692727642291672
ConvNeXt-Base,s3,139,-0.006006144299364413
ConvNeXt-Base,s3,140,-0.008898385622502114
ConvNeXt-Base,s3,141,-0.005449646095514016
ConvNeXt-Base,s3,142,-0.006343578923505011
ConvNeXt-Base,s3,143,-0.0059926890927435306
ConvNeXt-Base,s3,144,-0.005699757772307468
ConvNeXt-Base,s3,145,-0.004754451209116883
ConvNeXt-Base,s3,146,-0.004557274008903045
ConvNeXt-Base,s3,147,-0.004804945282950279
ConvNeXt-Base,s3,148,-0.005421015312384925
ConvNeXt-Base,s3,149,-0.00547675262204006
ConvNeXt-Base,s3,150,-0.0066920889357775515
ConvNeXt-Base,s3,151,-0.0054308510736930105
ConvNeXt-Base,s3,152,-0.0053761566252068516
ConvNeXt-Base,s3,153,-0.00679836024414926
ConvNeXt-Base,s3,154,-0.0038554081990038735
ConvNeXt-Base,s3,155,-0.006565594023304699
ConvNeXt-Base,s3,156,-0.005846970703287768
ConvNeXt-Base,s3,157,-0.004719537042153332
ConvNeXt-Base,s3,158,-0.006516553283410942
ConvNeXt-Base,s3,159,-0.005340007035451677
ConvNeXt-Base,s3,160,-0.00584437387374781
ConvNeXt-Base,s3,161,-0.005638141509291317
ConvNeXt-Base,s3,162,-0.0048361673467057775
ConvNeXt-Base,s3,163,-0.006509904057820481
ConvNeXt-Base,s3,164,-0.007206742733635307
ConvNeXt-Base,s3,165,-0.005004846223525483
ConvNeXt-Base,s3,166,-0.006527992001800764
ConvNeXt-Base,s3,167,-0.007963475403100162
ConvNeXt-Base,s3,168,-0.005363624861179028
ConvNeXt-Base,s3,169,-0.0038809703312325805
ConvNeXt-Base,s3,170,-0.004879973967464535
ConvNeXt-Base,s3,171,-0.006147352551841179
ConvNeXt-Base,s3,172,-0.007598900745375836
ConvNeXt-Base,s3,173,-0.006391677413149388
ConvNeXt-Base,s3,174,-0.00801804467372813
ConvNeXt-Base,s3,175,-0.006458964731229866
ConvNeXt-Base,s3,176,-0.006501123301341449
ConvNeXt-Base,s3,177,-0.005910937587289333
ConvNeXt-Base,s3,178,-0.004909138407768299
ConvNeXt-Base,s3,179,-0.006818522677418448
ConvNeXt-Base,s3,180,-0.007188282441642713
ConvNeXt-Base,s3,181,-0.005745365609139741
ConvNeXt-Base,s3,182,-0.004665437974571196
ConvNeXt-Base,s3,183,-0.005807455039642528
ConvNeXt-Base,s3,184,-0.006318081748915683
ConvNeXt-Base,s3,185,-0.004688138232617933
ConvNeXt-Base,s3,186,-0.003952400698963188
ConvNeXt-Base,s3,187,-0.004137912507432784
ConvNeXt-Base,s3,188,-0.006451833593213663
ConvNeXt-Base,s3,189,-0.0049857253302006965
ConvNeXt-Base,s3,190,-0.007938757734700763
ConvNeXt-Base,s3,191,-0.006371668155337407
ConvNeXt-Base,s3,192,-0.005207907519678923
ConvNeXt-Base,s3,193,-0.004776158754853377
ConvNeXt-Base,s3,194,-0.004984704596470824
ConvNeXt-Base,s3,195,-0.005612382469284638
ConvNeXt-Base,s3,196,-0.006597043090742494
ConvNeXt-Base,s3,197,-0.006917933966423817
ConvNeXt-Base,s3,198,-0.006075749333986247
ConvNeXt-Base,s3,199,-0.007122522393883779
ConvNeXt-Base,s3,200,-0.005074691277766719
ConvNeXt-Base,s3,201,-0.005528384569398304
ConvNeXt-Base,s3,202,-0.005223685534151756
ConvNeXt-Base,s3,203,-0.006946247693531249
ConvNeXt-Base,s3,204,-0.005348939113803963
ConvNeXt-Base,s3,205,-0.006346876615712094
ConvNeXt-Base,s3,206,-0.006641500009414214
ConvNeXt-Base,s3,207,-0.004330421342145341
ConvNeXt-Base,s3,208,-0.004858056361378482
ConvNeXt-Base,s3,209,-0.005046895784381444
ConvNeXt-Base,s3,210,-0.004965407496614671
ConvNeXt-Base,s3,211,-0.006252975321669463
ConvNeXt-Base,s3,212,-0.006469261727604536
ConvNeXt-Base,s3,213,-0.0062161084057892335
ConvNeXt-Base,s3,214,-0.0064680484790727855
ConvNeXt-Base,s3,215,-0.005265172998250023
ConvNeXt-Base,s3,216,-0.005163229627753618
ConvNeXt-Base,s3,217,-0.0070006810201976855
ConvNeXt-Base,s3,218,-0.006726805929579305
ConvNeXt-Base,s3,219,-0.005162274954056523
ConvNeXt-Base,s3,220,-0.0038173896375837124
ConvNeXt-Base,s3,221,-0.005911423231435675
ConvNeXt-Base,s3,222,-0.0064604823524565536
ConvNeXt-Base,s3,223,-0.005329675284764024
ConvNeXt-Base,s3,224,-0.0037864064301844635
ConvNeXt-Base,s3,225,-0.004879387333750818
ConvNeXt-Base,s3,226,-0.006406057178533819
ConvNeXt-Base,s3,227,-0.006313185992252057
ConvNeXt-Base,s3,228,-0.004359300388923404
ConvNeXt-Base,s3,229,-0.005393100494160863
ConvNeXt-Base,s3,230,-0.0059381860937364195
ConvNeXt-Base,s3,231,-0.005060293773788471
ConvNeXt-Base,s3,232,-0.006534258333708132
ConvNeXt-Base,s3,233,-0.007794930582772142
ConvNeXt-Base,s3,234,-0.004738149664550995
ConvNeXt-Base,s3,235,-0.005532979734020671
ConvNeXt-Base,s3,236,-0.007047833500498424
ConvNeXt-Base,s3,237,-0.006228791330890382
ConvNeXt-Base,s3,238,-0.005409471450557701
ConvNeXt-Base,s3,239,-0.007175904806432709
ConvNeXt-Base,s3,240,-0.004294700825282383
ConvNeXt-Base,s3,241,-0.0053140822223650686
ConvNeXt-Base,s3,242,-0.005861184254763563
ConvNeXt-Base,s3,243,-0.008251695322915364
ConvNeXt-Base,s3,244,-0.0057063365006276845
ConvNeXt-Base,s3,245,-0.006185078551263712
ConvNeXt-Base,s3,246,-0.005565168101516416
ConvNeXt-Base,s3,247,-0.00559199853128689
ConvNeXt-Base,s3,248,-0.007766836475400218
ConvNeXt-Base,s3,249,-0.005102978126632518
ConvNeXt-Base,s3,250,-0.009120670147503507
ConvNeXt-Base,s3,251,-0.005095995973846801
ConvNeXt-Base,s3,252,-0.007081564954615982
ConvNeXt-Base,s3,253,-0.006693606839390798
ConvNeXt-Base,s3,254,-0.004266579827316153
ConvNeXt-Base,s3,255,-0.0046439731315872645
ConvNeXt-Base,s3,256,-0.005530229799697528
ConvNeXt-Base,s3,257,-0.005592552071393753
ConvNeXt-Base,s3,258,-0.005147575459188758
ConvNeXt-Base,s3,259,-0.005568273762475262
ConvNeXt-Base,s3,260,-0.007043410491947788
ConvNeXt-Base,s3,261,-0.005657988025318361
ConvNeXt-Base,s3,262,-0.0039668554901746145
ConvNeXt-Base,s3,263,-0.004037570449491712
ConvNeXt-Base,s3,264,-0.006217269927267344
ConvNeXt-Base,s3,265,-0.007273765849459601
ConvNeXt-Base,s3,266,-0.005613393560708557
ConvNeXt-Base,s3,267,-0.00663045208738311
ConvNeXt-Base,s3,268,-0.005129545761165866
ConvNeXt-Base,s3,269,-0.0058320189489768914
ConvNeXt-Base,s3,270,-0.006186431257491076
ConvNeXt-Base,s3,271,-0.007101405854431531
ConvNeXt-Base,s3,272,-0.0064317280570383994
ConvNeXt-Base,s3,273,-0.006422789215212998
ConvNeXt-Base,s3,274,-0.005511494678067441
ConvNeXt-Base,s3,275,-0.005779277059572263
ConvNeXt-Base,s3,276,-0.006860867749467259
ConvNeXt-Base,s3,277,-0.005823728604496425
ConvNeXt-Base,s3,278,-0.004394003762434817
ConvNeXt-Base,s3,279,-0.004348041378597234
ConvNeXt-Base,s3,280,-0.004884818969104421
ConvNeXt-Base,s3,281,-0.004118160961049222
ConvNeXt-Base,s3,282,-0.0069012911876814576
ConvNeXt-Base,s3,283,-0.005477859743639679
ConvNeXt-Base,s3,284,-0.005978067981959101
ConvNeXt-Base,s3,285,-0.004702050878049757
ConvNeXt-Base,s3,286,-0.00663676842930272
ConvNeXt-Base,s3,287,-0.005793001968755318
ConvNeXt-Base,s3,288,-0.00481330836584315
ConvNeXt-Base,s3,289,-0.005610137917588243
ConvNeXt-Base,s3,290,-0.008378376409106547
ConvNeXt-Base,s3,291,-0.0052985034197547964
ConvNeXt-Base,s3,292,-0.006480118898059994
ConvNeXt-Base,s3,293,-0.0055349404598021845
ConvNeXt-Base,s3,294,-0.0046474592406555715
ConvNeXt-Base,s3,295,-0.006465978367570013
ConvNeXt-Base,s3,296,-0.005370392531820478
ConvNeXt-Base,s3,297,-0.005785831591784363
ConvNeXt-Base,s3,298,-0.0056838768731558575
ConvNeXt-Base,s3,299,-0.007187940147023397
ConvNeXt-Base,s3,300,-0.007283019899598675
ConvNeXt-Base,s3,301,-0.007754426371390899
ConvNeXt-Base,s3,302,-0.005301204028166473
ConvNeXt-Base,s3,303,-0.006272471831752169
ConvNeXt-Base,s3,304,-0.006533767031909665
ConvNeXt-Base,s3,305,-0.005962383986370945
ConvNeXt-Base,s3,306,-0.006159017176073367
ConvNeXt-Base,s3,307,-0.006338828940239516
ConvNeXt-Base,s3,308,-0.007509410433160557
ConvNeXt-Base,s3,309,-0.005864616104456877
ConvNeXt-Base,s3,310,-0.005722235776594253
ConvNeXt-Base,s3,311,-0.005568631755777265
ConvNeXt-Base,s3,312,-0.0058549546417930864
ConvNeXt-Base,s3,313,-0.006847714784152692
ConvNeXt-Base,s3,314,-0.0067764338001531366
ConvNeXt-Base,s3,315,-0.005536693769838785
ConvNeXt-Base,s3,316,-0.0064543170716752085
ConvNeXt-Base,s3,317,-0.005825696917431844
ConvNeXt-Base,s3,318,-0.004988320178399008
ConvNeXt-Base,s3,319,-0.006314496330175445
ConvNeXt-Base,s3,320,-0.005858527039845685
ConvNeXt-Base,s3,321,-0.00670771823262406
ConvNeXt-Base,s3,322,-0.006083469551127263
ConvNeXt-Base,s3,323,-0.005111673006391593
ConvNeXt-Base,s3,324,-0.006735068730642557
ConvNeXt-Base,s3,325,-0.006128007880406461
ConvNeXt-Base,s3,326,-0.005741964950221057
ConvNeXt-Base,s3,327,-0.005939600328424666
ConvNeXt-Base,s3,328,-0.006722022220235324
ConvNeXt-Base,s3,329,-0.00666178838296938
ConvNeXt-Base,s3,330,-0.006831846109134121
ConvNeXt-Base,s3,331,-0.00573433602241602
ConvNeXt-Base,s3,332,-0.006485828636604407
ConvNeXt-Base,s3,333,-0.005248541759451997
ConvNeXt-Base,s3,334,-0.005510253975600121
ConvNeXt-Base,s3,335,-0.006766752108447016
ConvNeXt-Base,s3,336,-0.0064114529812282495
ConvNeXt-Base,s3,337,-0.006074473495457422
ConvNeXt-Base,s3,338,-0.003358053143400541
ConvNeXt-Base,s3,339,-0.006182314788527377
ConvNeXt-Base,s3,340,-0.006372007561692872
ConvNeXt-Base,s3,341,-0.006158485745832332
ConvNeXt-Base,s3,342,-0.006237144213479873
ConvNeXt-Base,s3,343,-0.00523536386536394
ConvNeXt-Base,s3,344,-0.005956396091009508
ConvNeXt-Base,s3,345,-0.005407318407603667
ConvNeXt-Base,s3,346,-0.006285482579615365
ConvNeXt-Base,s3,347,-0.004541677373326558
ConvNeXt-Base,s3,348,-0.006195869714802571
ConvNeXt-Base,s3,349,-0.004552930603489047
ConvNeXt-Base,s3,350,-0.00607092609988813
ConvNeXt-Base,s3,351,-0.007763193363596654
ConvNeXt-Base,s3,352,-0.0053939873295851815
ConvNeXt-Base,s3,353,-0.006774845523807915
ConvNeXt-Base,s3,354,-0.008130741813796583
ConvNeXt-Base,s3,355,-0.0062463789629956246
ConvNeXt-Base,s3,356,-0.007898416947410336
ConvNeXt-Base,s3,357,-0.006303866054801821
ConvNeXt-Base,s3,358,-0.007064170231925071
ConvNeXt-Base,s3,359,-0.005850419627648873
ConvNeXt-Base,s3,360,-0.0055342320051511296
ConvNeXt-Base,s3,361,-0.006424964137061062
ConvNeXt-Base,s3,362,-0.00618619819322197
ConvNeXt-Base,s3,363,-0.004845493975673354
ConvNeXt-Base,s3,364,-0.005319149491316066
ConvNeXt-Base,s3,365,-0.0054886643417042524
ConvNeXt-Base,s3,366,-0.007462224734933853
ConvNeXt-Base,s3,367,-0.0040483811395901625
ConvNeXt-Base,s3,368,-0.004916100085718855
ConvNeXt-Base,s3,369,-0.005364952581383031
ConvNeXt-Base,s3,370,-0.00543545210133789
ConvNeXt-Base,s3,371,-0.00539098513832359
ConvNeXt-Base,s3,372,-0.007319354976307979
ConvNeXt-Base,s3,373,-0.006448510007972863
ConvNeXt-Base,s3,374,-0.007576077251849056
ConvNeXt-Base,s3,375,-0.0054339317355859285
ConvNeXt-Base,s3,376,-0.004579729663340637
ConvNeXt-Base,s3,377,-0.006207008812267545
ConvNeXt-Base,s3,378,-0.007413475193930541
ConvNeXt-Base,s3,379,-0.005504293693661122
ConvNeXt-Base,s3,380,-0.003031223340022149
ConvNeXt-Base,s3,381,-0.005337970677305903
ConvNeXt-Base,s3,382,-0.003956534552724711
ConvNeXt-Base,s3,383,-0.006716351732497294
ConvNeXt-Base,s3,384,-0.004864851004863446
ConvNeXt-Base,s3,385,-0.005794792259321557
ConvNeXt-Base,s3,386,-0.008713765448099098
ConvNeXt-Base,s3,387,-0.0062401876333531
ConvNeXt-Base,s3,388,-0.006851883443735107
ConvNeXt-Base,s3,389,-0.006337127242870277
ConvNeXt-Base,s3,390,-0.006889822580268046
ConvNeXt-Base,s3,391,-0.006114024259250561
ConvNeXt-Base,s3,392,-0.007263877884739145
ConvNeXt-Base,s3,393,-0.00600567843124955
ConvNeXt-Base,s3,394,-0.006893808288164327
ConvNeXt-Base,s3,395,-0.004297873353218851
ConvNeXt-Base,s3,396,-0.005315218027899693
ConvNeXt-Base,s3,397,-0.006462189264667018
ConvNeXt-Base,s3,398,-0.005435065516945836
ConvNeXt-Base,s3,399,-0.006791052550520038
ConvNeXt-Base,s3,400,-0.006058655993948836
ConvNeXt-Base,s3,401,-0.0064534458671065
ConvNeXt-Base,s3,402,-0.005965905715022313
ConvNeXt-Base,s3,403,-0.0051640231128528
ConvNeXt-Base,s3,404,-0.006440175553512062
ConvNeXt-Base,s3,405,-0.006412257420961187
ConvNeXt-Base,s3,406,-0.005640872247335227
ConvNeXt-Base,s3,407,-0.005180683845892986
ConvNeXt-Base,s3,408,-0.006296948624160192
ConvNeXt-Base,s3,409,-0.006948523229521442
ConvNeXt-Base,s3,410,-0.004946530346023881
ConvNeXt-Base,s3,411,-0.006280188201395975
ConvNeXt-Base,s3,412,-0.006416706434684505
ConvNeXt-Base,s3,413,-0.004966164439773935
ConvNeXt-Base,s3,414,-0.006401373415531264
ConvNeXt-Base,s3,415,-0.005521213461059382
ConvNeXt-Base,s3,416,-0.005742744965774871
ConvNeXt-Base,s3,417,-0.0054389865490768186
ConvNeXt-Base,s3,418,-0.006633628637658595
ConvNeXt-Base,s3,419,-0.0047258381680371775
ConvNeXt-Base,s3,420,-0.005254592298405525
ConvNeXt-Base,s3,421,-0.0039296363685126234
ConvNeXt-Base,s3,422,-0.005713487961635844
ConvNeXt-Base,s3,423,-0.004055250615182415
ConvNeXt-Base,s3,424,-0.004986917927164436
ConvNeXt-Base,s3,425,-0.006706191777472892
ConvNeXt-Base,s3,426,-0.004995564098625005
ConvNeXt-Base,s3,427,-0.006981613792528374
ConvNeXt-Base,s3,428,-0.006525637466430978
ConvNeXt-Base,s3,429,-0.008918290188772549
ConvNeXt-Base,s3,430,-0.00815400863048632
ConvNeXt-Base,s3,431,-0.005958800903169914
ConvNeXt-Base,s3,432,-0.0046865301993450625
ConvNeXt-Base,s3,433,-0.006250003622038647
ConvNeXt-Base,s3,434,-0.00581712608371443
ConvNeXt-Base,s3,435,-0.006015582110383333
ConvNeXt-Base,s3,436,-0.006223466214110962
ConvNeXt-Base,s3,437,-0.005224538502972997
ConvNeXt-Base,s3,438,-0.007895443927726342
ConvNeXt-Base,s3,439,-0.004310623420583193
ConvNeXt-Base,s3,440,-0.005943558285174011
ConvNeXt-Base,s3,441,-0.004921349284958798
ConvNeXt-Base,s3,442,-0.005477872355858726
ConvNeXt-Base,s3,443,-0.005738014188696461
ConvNeXt-Base,s3,444,-0.005511311521157469
ConvNeXt-Base,s3,445,-0.007171416147676024
ConvNeXt-Base,s3,446,-0.0048118312326002055
ConvNeXt-Base,s3,447,-0.0057055436991013675
ConvNeXt-Base,s3,448,-0.005155628247402677
ConvNeXt-Base,s3,449,-0.006264797739121919
ConvNeXt-Base,s3,450,-0.004436374506777918
ConvNeXt-Base,s3,451,-0.006045415449920322
ConvNeXt-Base,s3,452,-0.005510039333147754
ConvNeXt-Base,s3,453,-0.004901202212906686
ConvNeXt-Base,s3,454,-0.005575861485621947
ConvNeXt-Base,s3,455,-0.005349981754684485
ConvNeXt-Base,s3,456,-0.006033860331025709
ConvNeXt-Base,s3,457,-0.006616346121974703
ConvNeXt-Base,s3,458,-0.005429448200521825
ConvNeXt-Base,s3,459,-0.00659580822588024
ConvNeXt-Base,s3,460,-0.006053633265299063
ConvNeXt-Base,s3,461,-0.0036198637192697003
ConvNeXt-Base,s3,462,-0.00529968137448078
ConvNeXt-Base,s3,463,-0.005638760272532073
ConvNeXt-Base,s3,464,-0.006715161999630959
ConvNeXt-Base,s3,465,-0.007056985330384569
ConvNeXt-Base,s3,466,-0.007080707293820598
ConvNeXt-Base,s3,467,-0.008581751494017187
ConvNeXt-Base,s3,468,-0.0052136624893462935
ConvNeXt-Base,s3,469,-0.006717007135691233
ConvNeXt-Base,s3,470,-0.004592573963539626
ConvNeXt-Base,s3,471,-0.006255308905129597
ConvNeXt-Base,s3,472,-0.004508068501946516
ConvNeXt-Base,s3,473,-0.005882316704148516
ConvNeXt-Base,s3,474,-0.006292043867960784
ConvNeXt-Base,s3,475,-0.005618287848067727
ConvNeXt-Base,s3,476,-0.005308393015969526
ConvNeXt-Base,s3,477,-0.007477100599541986
ConvNeXt-Base,s3,478,-0.006139369712222287
ConvNeXt-Base,s3,479,-0.007584760121159051
ConvNeXt-Base,s3,480,-0.006653011482754434
ConvNeXt-Base,s3,481,-0.005409775616259882
ConvNeXt-Base,s3,482,-0.006425928856181651
ConvNeXt-Base,s3,483,-0.00449440641087151
ConvNeXt-Base,s3,484,-0.0054811782552262045
ConvNeXt-Base,s3,485,-0.005303573155565067
ConvNeXt-Base,s3,486,-0.005186919910624699
ConvNeXt-Base,s3,487,-0.00600770128438366
ConvNeXt-Base,s3,488,-0.007275795850303801
ConvNeXt-Base,s3,489,-0.0049326511135285855
ConvNeXt-Base,s3,490,-0.006851977765626405
ConvNeXt-Base,s3,491,-0.006174563877324513
ConvNeXt-Base,s3,492,-0.005202810302373351
ConvNeXt-Base,s3,493,-0.005640286502261338
ConvNeXt-Base,s3,494,-0.006146469556568168
ConvNeXt-Base,s3,495,-0.004899076502041244
ConvNeXt-Base,s3,496,-0.005597669107195946
ConvNeXt-Base,s3,497,-0.004985833462875511
ConvNeXt-Base,s3,498,-0.00661761915856951
ConvNeXt-Base,s3,499,-0.006847010946204768
ConvNeXt-Base,s3,500,-0.004540598827857623
ConvNeXt-Base,s3,501,-0.0053719665484875945
ConvNeXt-Base,s3,502,-0.007524932445936772
ConvNeXt-Base,s3,503,-0.0061752566246560114
ConvNeXt-Base,s3,504,-0.007848250829415093
ConvNeXt-Base,s3,505,-0.008468581801334252
ConvNeXt-Base,s3,506,-0.006116495418639456
ConvNeXt-Base,s3,507,-0.0049326131431801645
ConvNeXt-Base,s3,508,-0.005621732298197291
ConvNeXt-Base,s3,509,-0.006266883335929507
ConvNeXt-Base,s3,510,-0.006979129177056453
ConvNeXt-Base,s3,511,-0.00791818632974084
ConvNeXt-Base,s3,512,-0.005518338116835109
ConvNeXt-Base,s3,513,-0.007804687949951261
ConvNeXt-Base,s3,514,-0.005551689883953603
ConvNeXt-Base,s3,515,-0.004989381543083482
ConvNeXt-Base,s3,516,-0.003922840761727775
ConvNeXt-Base,s3,517,-0.005678289073294374
ConvNeXt-Base,s3,518,-0.006471396206404467
ConvNeXt-Base,s3,519,-0.0044542248000754014
ConvNeXt-Base,s3,520,-0.004783996023666637
ConvNeXt-Base,s3,521,-0.004902801824284708
ConvNeXt-Base,s3,522,-0.005344472823460622
ConvNeXt-Base,s3,523,-0.004919426157570239
ConvNeXt-Base,s3,524,-0.006412323699956368
ConvNeXt-Base,s3,525,-0.0044602192919686035
ConvNeXt-Base,s3,526,-0.0059823326426654555
ConvNeXt-Base,s3,527,-0.005683174174338834
ConvNeXt-Base,s3,528,-0.00589000706449716
ConvNeXt-Base,s3,529,-0.006597755706578168
ConvNeXt-Base,s3,530,-0.003594836290741088
ConvNeXt-Base,s3,531,-0.005939694537696494
ConvNeXt-Base,s3,532,-0.005031852067910125
ConvNeXt-Base,s3,533,-0.007109991229190982
ConvNeXt-Base,s3,534,-0.006970260853307875
ConvNeXt-Base,s3,535,-0.0058394887769877
ConvNeXt-Base,s3,536,-0.005186676024049985
ConvNeXt-Base,s3,537,-0.0064061337417932185
ConvNeXt-Base,s3,538,-0.006350328246534698
ConvNeXt-Base,s3,539,-0.006255009107075438
ConvNeXt-Base,s3,540,-0.005536446119997818
ConvNeXt-Base,s3,541,-0.007676267855801111
ConvNeXt-Base,s3,542,-0.005412073514428961
ConvNeXt-Base,s3,543,-0.006751209696776672
ConvNeXt-Base,s3,544,-0.0071561697270806635
ConvNeXt-Base,s3,545,-0.006518207290783895
ConvNeXt-Base,s3,546,-0.005684473501538445
ConvNeXt-Base,s3,547,-0.00545583126796656
ConvNeXt-Base,s3,548,-0.005032510795778378
ConvNeXt-Base,s3,549,-0.0070124910423527975
ConvNeXt-Base,s3,550,-0.0052381607647535855
ConvNeXt-Base,s3,551,-0.005258733283567185
ConvNeXt-Base,s3,552,-0.006295799494615006
ConvNeXt-Base,s3,553,-0.005261623929252446
ConvNeXt-Base,s3,554,-0.005261102216530977
ConvNeXt-Base,s3,555,-0.006810399807384182
ConvNeXt-Base,s3,556,-0.006239488872524568
ConvNeXt-Base,s3,557,-0.0034142981974460973
ConvNeXt-Base,s3,558,-0.007082622543411299
ConvNeXt-Base,s3,559,-0.005624128671530948
ConvNeXt-Base,s3,560,-0.005656673890173769
ConvNeXt-Base,s3,561,-0.006142179612280141
ConvNeXt-Base,s3,562,-0.0067859565478849415
ConvNeXt-Base,s3,563,-0.004820792918575956
ConvNeXt-Base,s3,564,-0.004731661918062513
ConvNeXt-Base,s3,565,-0.004968355893649523
ConvNeXt-Base,s3,566,-0.004854374941598905
ConvNeXt-Base,s3,567,-0.005601495691800684
ConvNeXt-Base,s3,568,-0.005670819436185748
ConvNeXt-Base,s3,569,-0.007113454919619233
ConvNeXt-Base,s3,570,-0.005497729018095976
ConvNeXt-Base,s3,571,-0.005846851691114208
ConvNeXt-Base,s3,572,-0.006056473309359767
ConvNeXt-Base,s3,573,-0.005564732172071318
ConvNeXt-Base,s3,574,-0.005033476116049318
ConvNeXt-Base,s3,575,-0.005261294175369913
ConvNeXt-Base,s3,576,-0.004813837104657548
ConvNeXt-Base,s3,577,-0.006252776720715114
ConvNeXt-Base,s3,578,-0.005333390020653694
ConvNeXt-Base,s3,579,-0.006193695833768831
ConvNeXt-Base,s3,580,-0.006153438513970211
ConvNeXt-Base,s3,581,-0.004844686711976243
ConvNeXt-Base,s3,582,-0.006169190471957742
ConvNeXt-Base,s3,583,-0.005983513784728833
ConvNeXt-Base,s3,584,-0.006241354102534125
ConvNeXt-Base,s3,585,-0.004207693260510625
ConvNeXt-Base,s3,586,-0.006056208948506336
ConvNeXt-Base,s3,587,-0.00525519045194911
ConvNeXt-Base,s3,588,-0.007785824327556701
ConvNeXt-Base,s3,589,-0.005258218758479094
ConvNeXt-Base,s3,590,-0.004859655675924612
ConvNeXt-Base,s3,591,-0.004900873258367744
ConvNeXt-Base,s3,592,-0.00478691051282365
ConvNeXt-Base,s3,593,-0.006981939304567031
ConvNeXt-Base,s3,594,-0.004494575679812485
ConvNeXt-Base,s3,595,-0.005859666292277854
ConvNeXt-Base,s3,596,-0.006899389483213114
ConvNeXt-Base,s3,597,-0.0042743475527274866
ConvNeXt-Base,s3,598,-0.006386772831965315
ConvNeXt-Base,s3,599,-0.0076493997873787745
ConvNeXt-Base,s3,600,-0.004885889942677357
ConvNeXt-Base,s3,601,-0.006062230657607248
ConvNeXt-Base,s3,602,-0.004715661289033779
ConvNeXt-Base,s3,603,-0.007334445881261864
ConvNeXt-Base,s3,604,-0.005111437668695151
ConvNeXt-Base,s3,605,-0.00553854074089577
ConvNeXt-Base,s3,606,-0.006288370790681896
ConvNeXt-Base,s3,607,-0.005586984974767395
ConvNeXt-Base,s3,608,-0.006284434164269936
ConvNeXt-Base,s3,609,-0.005635650825626115
ConvNeXt-Base,s3,610,-0.005043699669529111
ConvNeXt-Base,s3,611,-0.0049936616895012165
ConvNeXt-Base,s3,612,-0.0045638670512005985
ConvNeXt-Base,s3,613,-0.006110576135671342
ConvNeXt-Base,s3,614,-0.005356103461795492
ConvNeXt-Base,s3,615,-0.0058137501600716845
ConvNeXt-Base,s3,616,-0.006373385056913317
ConvNeXt-Base,s3,617,-0.005517574144534798
ConvNeXt-Base,s3,618,-0.006498203471190123
ConvNeXt-Base,s3,619,-0.005050000554499001
ConvNeXt-Base,s3,620,-0.0068446471760781336
ConvNeXt-Base,s3,621,-0.005867303699582993
ConvNeXt-Base,s3,622,-0.005394277444795703
ConvNeXt-Base,s3,623,-0.006421298184542734
ConvNeXt-Base,s3,624,-0.005450662806367301
ConvNeXt-Base,s3,625,-0.0055424853261635265
ConvNeXt-Base,s3,626,-0.007220550489667299
ConvNeXt-Base,s3,627,-0.005340823276232642
ConvNeXt-Base,s3,628,-0.00754311081446879
ConvNeXt-Base,s3,629,-0.006022765291992305
ConvNeXt-Base,s3,630,-0.006191789221104194
ConvNeXt-Base,s3,631,-0.004871918747387793
ConvNeXt-Base,s3,632,-0.006522442764026026
ConvNeXt-Base,s3,633,-0.005350792952414363
ConvNeXt-Base,s3,634,-0.0052236853700373675
ConvNeXt-Base,s3,635,-0.006093034737203684
ConvNeXt-Base,s3,636,-0.005304098344390273
ConvNeXt-Base,s3,637,-0.006407781718255512
ConvNeXt-Base,s3,638,-0.004978694923197358
ConvNeXt-Base,s3,639,-0.0052294868820699225
ConvNeXt-Base,s3,640,-0.005233497454704694
ConvNeXt-Base,s3,641,-0.005670513760236751
ConvNeXt-Base,s3,642,-0.005856025431999479
ConvNeXt-Base,s3,643,-0.005375990187376556
ConvNeXt-Base,s3,644,-0.006417649178815488
ConvNeXt-Base,s3,645,-0.00827401839255848
ConvNeXt-Base,s3,646,-0.004526624320605688
ConvNeXt-Base,s3,647,-0.006151347203322666
ConvNeXt-Base,s3,648,-0.004622678430567406
ConvNeXt-Base,s3,649,-0.006624782741079138
ConvNeXt-Base,s3,650,-0.008453963508568418
ConvNeXt-Base,s3,651,-0.0059146820663871225
ConvNeXt-Base,s3,652,-0.003495993470903791
ConvNeXt-Base,s3,653,-0.005638972612468374
ConvNeXt-Base,s3,654,-0.005843636751962422
ConvNeXt-Base,s3,655,-0.006001188094398757
ConvNeXt-Base,s3,656,-0.005460411940212628
ConvNeXt-Base,s3,657,-0.006338751474270876
ConvNeXt-Base,s3,658,-0.0059163816200107355
ConvNeXt-Base,s3,659,-0.006679336617165688
ConvNeXt-Base,s3,660,-0.005364925743000182
ConvNeXt-Base,s3,661,-0.0065788410741729475
ConvNeXt-Base,s3,662,-0.005192173175687653
ConvNeXt-Base,s3,663,-0.006518534712870894
ConvNeXt-Base,s3,664,-0.006557248020672035
ConvNeXt-Base,s3,665,-0.00576640971816289
ConvNeXt-Base,s3,666,-0.007301509581312482
ConvNeXt-Base,s3,667,-0.004765503612815691
ConvNeXt-Base,s3,668,-0.007498653855333548
ConvNeXt-Base,s3,669,-0.006506042681511004
ConvNeXt-Base,s3,670,-0.0070399068939459575
ConvNeXt-Base,s3,671,-0.005134437326253849
ConvNeXt-Base,s3,672,-0.005733043532302973
ConvNeXt-Base,s3,673,-0.004444446661577839
ConvNeXt-Base,s3,674,-0.006845629012399712
ConvNeXt-Base,s3,675,-0.00510598059635492
ConvNeXt-Base,s3,676,-0.0054984417576434685
ConvNeXt-Base,s3,677,-0.006059968463163146
ConvNeXt-Base,s3,678,-0.007231704319112353
ConvNeXt-Base,s3,679,-0.005715438504678372
ConvNeXt-Base,s3,680,-0.0062563126563404126
ConvNeXt-Base,s3,681,-0.0049429584806596205
ConvNeXt-Base,s3,682,-0.0034412526856238967
ConvNeXt-Base,s3,683,-0.006928487442667608
ConvNeXt-Base,s3,684,-0.005081284274480624
ConvNeXt-Base,s3,685,-0.005488103372834008
ConvNeXt-Base,s3,686,-0.005112292793470141
ConvNeXt-Base,s3,687,-0.004377410945985649
ConvNeXt-Base,s3,688,-0.005887875235027873
ConvNeXt-Base,s3,689,-0.00632588294027614
ConvNeXt-Base,s3,690,-0.0039365624198580695
ConvNeXt-Base,s3,691,-0.005469346553527599
ConvNeXt-Base,s3,692,-0.006081019764442641
ConvNeXt-Base,s3,693,-0.005438805191072094
ConvNeXt-Base,s3,694,-0.005704097465150992
ConvNeXt-Base,s3,695,-0.005218245291993884
ConvNeXt-Base,s3,696,-0.004848314417947863
ConvNeXt-Base,s3,697,-0.004990467999055448
ConvNeXt-Base,s3,698,-0.005547124932592351
ConvNeXt-Base,s3,699,-0.005750012928963377
ConvNeXt-Base,s3,700,-0.0042894717961680096
ConvNeXt-Base,s3,701,-0.005796743904365909
ConvNeXt-Base,s3,702,-0.006405868230147549
ConvNeXt-Base,s3,703,-0.00454183935247332
ConvNeXt-Base,s3,704,-0.006318830816478438
ConvNeXt-Base,s3,705,-0.005375374805712485
ConvNeXt-Base,s3,706,-0.00579309330427491
ConvNeXt-Base,s3,707,-0.005086797884527927
ConvNeXt-Base,s3,708,-0.004025695643260385
ConvNeXt-Base,s3,709,-0.003527701869895372
ConvNeXt-Base,s3,710,-0.006751721753723849
ConvNeXt-Base,s3,711,-0.005016218114900273
ConvNeXt-Base,s3,712,-0.004697521438095986
ConvNeXt-Base,s3,713,-0.006915376055143918
ConvNeXt-Base,s3,714,-0.0031614371449939505
ConvNeXt-Base,s3,715,-0.005692984651886945
ConvNeXt-Base,s3,716,-0.006965983170369339
ConvNeXt-Base,s3,717,-0.007315711063355268
ConvNeXt-Base,s3,718,-0.00504021983653169
ConvNeXt-Base,s3,719,-0.005418758305772098
ConvNeXt-Base,s3,720,-0.006021184746473729
ConvNeXt-Base,s3,721,-0.004191162431854245
ConvNeXt-Base,s3,722,-0.005584350400027693
ConvNeXt-Base,s3,723,-0.00541951542405017
ConvNeXt-Base,s3,724,-0.006216357082308277
ConvNeXt-Base,s3,725,-0.006910786986386475
ConvNeXt-Base,s3,726,-0.0045208910117038315
ConvNeXt-Base,s3,727,-0.007373590955608522
ConvNeXt-Base,s3,728,-0.006246066903884406
ConvNeXt-Base,s3,729,-0.003926974825915863
ConvNeXt-Base,s3,730,-0.006249317645836694
ConvNeXt-Base,s3,731,-0.005366386070754237
ConvNeXt-Base,s3,732,-0.0053229962668857045
ConvNeXt-Base,s3,733,-0.006751151658829002
ConvNeXt-Base,s3,734,-0.004786598772243855
ConvNeXt-Base,s3,735,-0.006788111689567167
ConvNeXt-Base,s3,736,-0.006588603109017432
ConvNeXt-Base,s3,737,-0.005564983602676543
ConvNeXt-Base,s3,738,-0.005574530277378309
ConvNeXt-Base,s3,739,-0.005031319041906901
ConvNeXt-Base,s3,740,-0.00665940087453798
ConvNeXt-Base,s3,741,-0.0071864770279796986
ConvNeXt-Base,s3,742,-0.006604010338870925
ConvNeXt-Base,s3,743,-0.00409490700882309
ConvNeXt-Base,s3,744,-0.005155207119726057
ConvNeXt-Base,s3,745,-0.005594888235716855
ConvNeXt-Base,s3,746,-0.006363914221839351
ConvNeXt-Base,s3,747,-0.00795440555418192
ConvNeXt-Base,s3,748,-0.006239107763484908
ConvNeXt-Base,s3,749,-0.005099817924424599
ConvNeXt-Base,s3,750,-0.006933435235917718
ConvNeXt-Base,s3,751,-0.005205735358222552
ConvNeXt-Base,s3,752,-0.0061890191741797995
ConvNeXt-Base,s3,753,-0.006263904587111568
ConvNeXt-Base,s3,754,-0.006777784388035668
ConvNeXt-Base,s3,755,-0.008363887547173654
ConvNeXt-Base,s3,756,-0.006064354355885593
ConvNeXt-Base,s3,757,-0.007148001345033794
ConvNeXt-Base,s3,758,-0.00686370560044014
ConvNeXt-Base,s3,759,-0.004446407952988896
ConvNeXt-Base,s3,760,-0.005190898079675765
ConvNeXt-Base,s3,761,-0.005845083310338506
ConvNeXt-Base,s3,762,-0.005867010443093346
ConvNeXt-Base,s3,763,-0.0054663577288244225
ConvNeXt-Base,s3,764,-0.006483987789002388
ConvNeXt-Base,s3,765,-0.005361129812459398
ConvNeXt-Base,s3,766,-0.005364682393729225
ConvNeXt-Base,s3,767,-0.005711311818119902
ConvNeXt-Base,s3,768,-0.005985357758952703
ConvNeXt-Base,s3,769,-0.004828170759067052
ConvNeXt-Base,s3,770,-0.00515742255853302
ConvNeXt-Base,s3,771,-0.005571001691969446
ConvNeXt-Base,s3,772,-0.006619962083549313
ConvNeXt-Base,s3,773,-0.006428864157650649
ConvNeXt-Base,s3,774,-0.004781756766872425
ConvNeXt-Base,s3,775,-0.005627527897257734
ConvNeXt-Base,s3,776,-0.0066657317856246845
ConvNeXt-Base,s3,777,-0.005658081000534443
ConvNeXt-Base,s3,778,-0.0061746907552828745
ConvNeXt-Base,s3,779,-0.005337750564953558
ConvNeXt-Base,s3,780,-0.004369291313839896
ConvNeXt-Base,s3,781,-0.003269008371952209
ConvNeXt-Base,s3,782,-0.008682878209689382
ConvNeXt-Base,s3,783,-0.006995397032293904
ConvNeXt-Base,s3,784,-0.004427538978241885
ConvNeXt-Base,s3,785,-0.00513811022417654
ConvNeXt-Base,s3,786,-0.005624064918807403
ConvNeXt-Base,s3,787,-0.004593336726057107
ConvNeXt-Base,s3,788,-0.00597078876892132
ConvNeXt-Base,s3,789,-0.006160441010724771
ConvNeXt-Base,s3,790,-0.005598898836852273
ConvNeXt-Base,s3,791,-0.003956033842931195
ConvNeXt-Base,s3,792,-0.007559873486861934
ConvNeXt-Base,s3,793,-0.00659584179876882
ConvNeXt-Base,s3,794,-0.00503459720663102
ConvNeXt-Base,s3,795,-0.004147542102443058
ConvNeXt-Base,s3,796,-0.00617179187454131
ConvNeXt-Base,s3,797,-0.004008826938925347
ConvNeXt-Base,s3,798,-0.007455173169419904
ConvNeXt-Base,s3,799,-0.0062517926107229504
ConvNeXt-Base,s3,800,-0.005962777050406376
ConvNeXt-Base,s3,801,-0.004951211585080273
ConvNeXt-Base,s3,802,-0.004507779243671184
ConvNeXt-Base,s3,803,-0.004909079654989212
ConvNeXt-Base,s3,804,-0.004827990385695147
ConvNeXt-Base,s3,805,-0.005664123337335236
ConvNeXt-Base,s3,806,-0.005035398635860555
ConvNeXt-Base,s3,807,-0.006752343835816688
ConvNeXt-Base,s3,808,-0.007770197086843789
ConvNeXt-Base,s3,809,-0.004474025840763174
ConvNeXt-Base,s3,810,-0.005660704357150492
ConvNeXt-Base,s3,811,-0.006412626703698798
ConvNeXt-Base,s3,812,-0.005006125553244423
ConvNeXt-Base,s3,813,-0.005559218318268
ConvNeXt-Base,s3,814,-0.007487455356203876
ConvNeXt-Base,s3,815,-0.006610418687123865
ConvNeXt-Base,s3,816,-0.005841393903408876
ConvNeXt-Base,s3,817,-0.005170916399962033
ConvNeXt-Base,s3,818,-0.005390470984927065
ConvNeXt-Base,s3,819,-0.005806646709686447
ConvNeXt-Base,s3,820,-0.008248794502553225
ConvNeXt-Base,s3,821,-0.005462022342711648
ConvNeXt-Base,s3,822,-0.006710926480395951
ConvNeXt-Base,s3,823,-0.0073740250758387305
ConvNeXt-Base,s3,824,-0.006369281759168177
ConvNeXt-Base,s3,825,-0.006012563400439985
ConvNeXt-Base,s3,826,-0.006137614363386001
ConvNeXt-Base,s3,827,-0.0050621928510067304
ConvNeXt-Base,s3,828,-0.005898096124037022
ConvNeXt-Base,s3,829,-0.004905201890287092
ConvNeXt-Base,s3,830,-0.006161271105514565
ConvNeXt-Base,s3,831,-0.006229723719628155
ConvNeXt-Base,s3,832,-0.007028944480227506
ConvNeXt-Base,s3,833,-0.005481751241002586
ConvNeXt-Base,s3,834,-0.005973280339001907
ConvNeXt-Base,s3,835,-0.0055671785476828495
ConvNeXt-Base,s3,836,-0.005670789904040463
ConvNeXt-Base,s3,837,-0.004018562611080356
ConvNeXt-Base,s3,838,-0.004589955531217771
ConvNeXt-Base,s3,839,-0.005924733299473739
ConvNeXt-Base,s3,840,-0.006294431647860144
ConvNeXt-Base,s3,841,-0.0061547145375573376
ConvNeXt-Base,s3,842,-0.004776070736641769
ConvNeXt-Base,s3,843,-0.005378446305758344
ConvNeXt-Base,s3,844,-0.006711894326128731
ConvNeXt-Base,s3,845,-0.00693059292339715
ConvNeXt-Base,s3,846,-0.006149718060169951
ConvNeXt-Base,s3,847,-0.006244699689874844
ConvNeXt-Base,s3,848,-0.005090922898769112
ConvNeXt-Base,s3,849,-0.0060136553170079265
ConvNeXt-Base,s3,850,-0.005735477557583413
ConvNeXt-Base,s3,851,-0.00701894924984503
ConvNeXt-Base,s3,852,-0.004211218557771956
ConvNeXt-Base,s3,853,-0.006869944894715263
ConvNeXt-Base,s3,854,-0.006033273974394016
ConvNeXt-Base,s3,855,-0.0049177961814005355
ConvNeXt-Base,s3,856,-0.004989843921641257
ConvNeXt-Base,s3,857,-0.0038704433714055186
ConvNeXt-Base,s3,858,-0.005439998298706006
ConvNeXt-Base,s3,859,-0.00559003639749045
ConvNeXt-Base,s3,860,-0.004766052513600072
ConvNeXt-Base,s3,861,-0.00680364782941012
ConvNeXt-Base,s3,862,-0.0077537293421995335
ConvNeXt-Base,s3,863,-0.005534722388603752
ConvNeXt-Base,s3,864,-0.006810133368966298
ConvNeXt-Base,s3,865,-0.005862725133433444
ConvNeXt-Base,s3,866,-0.005757364121925512
ConvNeXt-Base,s3,867,-0.0047987939641029875
ConvNeXt-Base,s3,868,-0.004762561089523554
ConvNeXt-Base,s3,869,-0.006169618098491814
ConvNeXt-Base,s3,870,-0.00656289659564413
ConvNeXt-Base,s3,871,-0.005352037268398169
ConvNeXt-Base,s3,872,-0.006451448133525384
ConvNeXt-Base,s3,873,-0.00611774625105721
ConvNeXt-Base,s3,874,-0.00563441053158753
ConvNeXt-Base,s3,875,-0.006943781426999807
ConvNeXt-Base,s3,876,-0.004636244963556413
ConvNeXt-Base,s3,877,-0.004488428466539296
ConvNeXt-Base,s3,878,-0.005111337143011041
ConvNeXt-Base,s3,879,-0.006777949541832862
ConvNeXt-Base,s3,880,-0.004851435277802185
ConvNeXt-Base,s3,881,-0.004299029112838526
ConvNeXt-Base,s3,882,-0.004165859615856693
ConvNeXt-Base,s3,883,-0.006328599852534755
ConvNeXt-Base,s3,884,-0.00563108348960939
ConvNeXt-Base,s3,885,-0.006198663852683084
ConvNeXt-Base,s3,886,-0.004774427347683741
ConvNeXt-Base,s3,887,-0.006777842097920983
ConvNeXt-Base,s3,888,-0.007236876374546841
ConvNeXt-Base,s3,889,-0.006100681894606996
ConvNeXt-Base,s3,890,-0.004451288819248944
ConvNeXt-Base,s3,891,-0.003726201949610708
ConvNeXt-Base,s3,892,-0.005178711098215771
ConvNeXt-Base,s3,893,-0.006202314976369916
ConvNeXt-Base,s3,894,-0.004371135093400591
ConvNeXt-Base,s3,895,-0.005972442008063794
ConvNeXt-Base,s3,896,-0.006200613218150908
ConvNeXt-Base,s3,897,-0.005704441448820874
ConvNeXt-Base,s3,898,-0.007528230390317914
ConvNeXt-Base,s3,899,-0.005999756195071204
ConvNeXt-Base,s3,900,-0.005784387312528061
ConvNeXt-Base,s3,901,-0.0071815916680004754
ConvNeXt-Base,s3,902,-0.007691551112849804
ConvNeXt-Base,s3,903,-0.004101988072352625
ConvNeXt-Base,s3,904,-0.00708216616889612
ConvNeXt-Base,s3,905,-0.00514902405702089
ConvNeXt-Base,s3,906,-0.008892500855672614
ConvNeXt-Base,s3,907,-0.005185832613848751
ConvNeXt-Base,s3,908,-0.007601035127963951
ConvNeXt-Base,s3,909,-0.007480830915982839
ConvNeXt-Base,s3,910,-0.005718630308266914
ConvNeXt-Base,s3,911,-0.00467117634582781
ConvNeXt-Base,s3,912,-0.0053019450605196194
ConvNeXt-Base,s3,913,-0.004357185702997257
ConvNeXt-Base,s3,914,-0.005176310023588093
ConvNeXt-Base,s3,915,-0.005145757801716
ConvNeXt-Base,s3,916,-0.00579591182719652
ConvNeXt-Base,s3,917,-0.005645713672346342
ConvNeXt-Base,s3,918,-0.004366600473876492
ConvNeXt-Base,s3,919,-0.006520189827751377
ConvNeXt-Base,s3,920,-0.007620199529017269
ConvNeXt-Base,s3,921,-0.005787803238419209
ConvNeXt-Base,s3,922,-0.005915833429362749
ConvNeXt-Base,s3,923,-0.006918268278498507
ConvNeXt-Base,s3,924,-0.0065676966497287825
ConvNeXt-Base,s3,925,-0.00692594827214843
ConvNeXt-Base,s3,926,-0.005124537215393743
ConvNeXt-Base,s3,927,-0.007015063145152656
ConvNeXt-Base,s3,928,-0.006290044456077504
ConvNeXt-Base,s3,929,-0.007148175480704899
ConvNeXt-Base,s3,930,-0.00596850080196154
ConvNeXt-Base,s3,931,-0.00721292172966681
ConvNeXt-Base,s3,932,-0.006040930468954375
ConvNeXt-Base,s3,933,-0.00466165264895857
ConvNeXt-Base,s3,934,-0.006087935373961795
ConvNeXt-Base,s3,935,-0.006802264467882901
ConvNeXt-Base,s3,936,-0.006546880959581225
ConvNeXt-Base,s3,937,-0.004864286610614776
ConvNeXt-Base,s3,938,-0.00667047814975652
ConvNeXt-Base,s3,939,-0.005316408283092655
ConvNeXt-Base,s3,940,-0.005799911608151187
ConvNeXt-Base,s3,941,-0.008134224965657855
ConvNeXt-Base,s3,942,-0.00665337288151624
ConvNeXt-Base,s3,943,-0.004934147738316019
ConvNeXt-Base,s3,944,-0.005518008250856132
ConvNeXt-Base,s3,945,-0.008195521288607677
ConvNeXt-Base,s3,946,-0.0049981032829061744
ConvNeXt-Base,s3,947,-0.006287363194618756
ConvNeXt-Base,s3,948,-0.005534907662914201
ConvNeXt-Base,s3,949,-0.005939072646731436
ConvNeXt-Base,s3,950,-0.006282824088444938
ConvNeXt-Base,s3,951,-0.006891505660980846
ConvNeXt-Base,s3,952,-0.008000423915324295
ConvNeXt-Base,s3,953,-0.006252768111183471
ConvNeXt-Base,s3,954,-0.005995525538515567
ConvNeXt-Base,s3,955,-0.005991245103339815
ConvNeXt-Base,s3,956,-0.004690168278947748
ConvNeXt-Base,s3,957,-0.004612799014609648
ConvNeXt-Base,s3,958,-0.004614204933099719
ConvNeXt-Base,s3,959,-0.005950769720922344
ConvNeXt-Base,s3,960,-0.005027270494281422
ConvNeXt-Base,s3,961,-0.0056600400544556395
ConvNeXt-Base,s3,962,-0.004807440309845257
ConvNeXt-Base,s3,963,-0.006750556232393401
ConvNeXt-Base,s3,964,-0.0043639250578162425
ConvNeXt-Base,s3,965,-0.006464441293361434
ConvNeXt-Base,s3,966,-0.005136677632739839
ConvNeXt-Base,s3,967,-0.0034210430343527554
ConvNeXt-Base,s3,968,-0.005400875533358107
ConvNeXt-Base,s3,969,-0.00423346763805732
ConvNeXt-Base,s3,970,-0.005427313622607732
ConvNeXt-Base,s3,971,-0.006770564692529124
ConvNeXt-Base,s3,972,-0.006812638879477251
ConvNeXt-Base,s3,973,-0.005316261097104369
ConvNeXt-Base,s3,974,-0.005988557799985528
ConvNeXt-Base,s3,975,-0.005929565788780122
ConvNeXt-Base,s3,976,-0.005540343941884629
ConvNeXt-Base,s3,977,-0.004002514129186174
ConvNeXt-Base,s3,978,-0.005759543852120075
ConvNeXt-Base,s3,979,-0.00688026539092268
ConvNeXt-Base,s3,980,-0.004398510456703919
ConvNeXt-Base,s3,981,-0.0054614950711815435
ConvNeXt-Base,s3,982,-0.0042359993958859254
ConvNeXt-Base,s3,983,-0.005833710514867807
ConvNeXt-Base,s3,984,-0.007144930268459748
ConvNeXt-Base,s3,985,-0.00623473316941936
ConvNeXt-Base,s3,986,-0.005188063736501158
ConvNeXt-Base,s3,987,-0.004674048206883552
ConvNeXt-Base,s3,988,-0.006708561124304846
ConvNeXt-Base,s3,989,-0.005979320808327082
ConvNeXt-Base,s3,990,-0.005639303763246617
ConvNeXt-Base,s3,991,-0.004478478701017696
ConvNeXt-Base,s3,992,-0.007242514411561651
ConvNeXt-Base,s3,993,-0.004686419145961018
ConvNeXt-Base,s3,994,-0.005201737960917607
ConvNeXt-Base,s3,995,-0.006389331674957699
ConvNeXt-Base,s3,996,-0.005045236897784133
ConvNeXt-Base,s3,997,-0.00629243942189428
ConvNeXt-Base,s3,998,-0.005145194161981337
ConvNeXt-Base,s3,999,-0.007497967149340701
ConvNeXt-Base,s4,0,0.004973017790394829
ConvNeXt-Base,s4,1,0.0047412181917463325
ConvNeXt-Base,s4,2,0.005392854880195919
ConvNeXt-Base,s4,3,0.004818061673288798
ConvNeXt-Base,s4,4,0.005228362958872412
ConvNeXt-Base,s4,5,0.007159984554345744
ConvNeXt-Base,s4,6,0.005228119092692829
ConvNeXt-Base,s4,7,0.005054316509289669
ConvNeXt-Base,s4,8,0.00440971695820358
ConvNeXt-Base,s4,9,0.005748584908382259
ConvNeXt-Base,s4,10,0.0043839939409924256
ConvNeXt-Base,s4,11,0.005055928116279973
ConvNeXt-Base,s4,12,0.005307506174485499
ConvNeXt-Base,s4,13,0.006617361573168501
ConvNeXt-Base,s4,14,0.005891017414641708
ConvNeXt-Base,s4,15,0.006698624068633419
ConvNeXt-Base,s4,16,0.006046444047505761
ConvNeXt-Base,s4,17,0.004487525721028507
ConvNeXt-Base,s4,18,0.004791116760823555
ConvNeXt-Base,s4,19,0.005889114149027153
ConvNeXt-Base,s4,20,0.005381912871697425
ConvNeXt-Base,s4,21,0.0057721996259380015
ConvNeXt-Base,s4,22,0.005209420040419466
ConvNeXt-Base,s4,23,0.005180651847192075
ConvNeXt-Base,s4,24,0.004616498877227038
ConvNeXt-Base,s4,25,0.005671770050219682
ConvNeXt-Base,s4,26,0.005650203633697615
ConvNeXt-Base,s4,27,0.005783846861698638
ConvNeXt-Base,s4,28,0.005718358216520114
ConvNeXt-Base,s4,29,0.005284174819944254
ConvNeXt-Base,s4,30,0.006092496177709239
ConvNeXt-Base,s4,31,0.006341860489257112
ConvNeXt-Base,s4,32,0.0048111544301878695
ConvNeXt-Base,s4,33,0.0053844844421775395
ConvNeXt-Base,s4,34,0.004837606679925721
ConvNeXt-Base,s4,35,0.005177726737746968
ConvNeXt-Base,s4,36,0.006130399057582503
ConvNeXt-Base,s4,37,0.006950588202891184
ConvNeXt-Base,s4,38,0.00539513053407048
ConvNeXt-Base,s4,39,0.005507164802571962
ConvNeXt-Base,s4,40,0.005118136393392203
ConvNeXt-Base,s4,41,0.0035437398706499312
ConvNeXt-Base,s4,42,0.0046979188074056655
ConvNeXt-Base,s4,43,0.0038777796861141356
ConvNeXt-Base,s4,44,0.004223293085957036
ConvNeXt-Base,s4,45,0.0049490321686311844
ConvNeXt-Base,s4,46,0.0052289991248342105
ConvNeXt-Base,s4,47,0.005639331386210422
ConvNeXt-Base,s4,48,0.005394380554479272
ConvNeXt-Base,s4,49,0.005371697101457351
ConvNeXt-Base,s4,50,0.00543860546259789
ConvNeXt-Base,s4,51,0.005166626391810425
ConvNeXt-Base,s4,52,0.004819510204299382
ConvNeXt-Base,s4,53,0.004919271276504489
ConvNeXt-Base,s4,54,0.004416902439707271
ConvNeXt-Base,s4,55,0.004447545417354815
ConvNeXt-Base,s4,56,0.005063174122729608
ConvNeXt-Base,s4,57,0.004609453301370969
ConvNeXt-Base,s4,58,0.005643593732812757
ConvNeXt-Base,s4,59,0.005888026815431435
ConvNeXt-Base,s4,60,0.005714565074142586
ConvNeXt-Base,s4,61,0.005010243077398724
ConvNeXt-Base,s4,62,0.004552837152091538
ConvNeXt-Base,s4,63,0.004852298311318393
ConvNeXt-Base,s4,64,0.005255344306681176
ConvNeXt-Base,s4,65,0.005002358926396666
ConvNeXt-Base,s4,66,0.005706995700452966
ConvNeXt-Base,s4,67,0.004992536126103619
ConvNeXt-Base,s4,68,0.004658267141206207
ConvNeXt-Base,s4,69,0.005733004205413339
ConvNeXt-Base,s4,70,0.004508801877635582
ConvNeXt-Base,s4,71,0.006890307453847333
ConvNeXt-Base,s4,72,0.004905599505680813
ConvNeXt-Base,s4,73,0.0068744904921336225
ConvNeXt-Base,s4,74,0.005636947502661416
ConvNeXt-Base,s4,75,0.005105620344256323
ConvNeXt-Base,s4,76,0.005886678534740231
ConvNeXt-Base,s4,77,0.004790867353117068
ConvNeXt-Base,s4,78,0.005016065194446084
ConvNeXt-Base,s4,79,0.00462297460662997
ConvNeXt-Base,s4,80,0.004904547194552911
ConvNeXt-Base,s4,81,0.00445258076102284
ConvNeXt-Base,s4,82,0.005712235829903323
ConvNeXt-Base,s4,83,0.005066457169916272
ConvNeXt-Base,s4,84,0.005071953119854089
ConvNeXt-Base,s4,85,0.005168502346990733
ConvNeXt-Base,s4,86,0.004960015303747234
ConvNeXt-Base,s4,87,0.006367842708233873
ConvNeXt-Base,s4,88,0.004426263121475538
ConvNeXt-Base,s4,89,0.004761737482967376
ConvNeXt-Base,s4,90,0.0059100126290437816
ConvNeXt-Base,s4,91,0.004515404253165656
ConvNeXt-Base,s4,92,0.0041085214117669855
ConvNeXt-Base,s4,93,0.003912796859742662
ConvNeXt-Base,s4,94,0.004836179189751877
ConvNeXt-Base,s4,95,0.004711725426782443
ConvNeXt-Base,s4,96,0.004896835541604028
ConvNeXt-Base,s4,97,0.005022915543609563
ConvNeXt-Base,s4,98,0.004181446727927085
ConvNeXt-Base,s4,99,0.006091477160387715
ConvNeXt-Base,s4,100,0.0046900204651176836
ConvNeXt-Base,s4,101,0.004917631269526712
ConvNeXt-Base,s4,102,0.005638218296245334
ConvNeXt-Base,s4,103,0.0055953640082608835
ConvNeXt-Base,s4,104,0.003539111312280796
ConvNeXt-Base,s4,105,0.004301243914641151
ConvNeXt-Base,s4,106,0.005467914170606214
ConvNeXt-Base,s4,107,0.004436370015282298
ConvNeXt-Base,s4,108,0.005770348236956879
ConvNeXt-Base,s4,109,0.004896996825645927
ConvNeXt-Base,s4,110,0.0062751966647565105
ConvNeXt-Base,s4,111,0.0049473297375528524
ConvNeXt-Base,s4,112,0.0053434405096822735
ConvNeXt-Base,s4,113,0.0054394911539080715
ConvNeXt-Base,s4,114,0.004477717386386804
ConvNeXt-Base,s4,115,0.0076340848257659966
ConvNeXt-Base,s4,116,0.004732701635984826
ConvNeXt-Base,s4,117,0.005875541444904431
ConvNeXt-Base,s4,118,0.0052591066500364825
ConvNeXt-Base,s4,119,0.0065491949046871945
ConvNeXt-Base,s4,120,0.0053596649490526005
ConvNeXt-Base,s4,121,0.0051683639644251045
ConvNeXt-Base,s4,122,0.004376728828241694
ConvNeXt-Base,s4,123,0.006056628913178597
ConvNeXt-Base,s4,124,0.0033068608258598475
ConvNeXt-Base,s4,125,0.004803569277527342
ConvNeXt-Base,s4,126,0.005262575283938475
ConvNeXt-Base,s4,127,0.005261821495395114
ConvNeXt-Base,s4,128,0.004350653150795858
ConvNeXt-Base,s4,129,0.003951055811105664
ConvNeXt-Base,s4,130,0.0063609284445903524
ConvNeXt-Base,s4,131,0.005377236350328163
ConvNeXt-Base,s4,132,0.004462565213808389
ConvNeXt-Base,s4,133,0.005050526285948265
ConvNeXt-Base,s4,134,0.004385118999978621
ConvNeXt-Base,s4,135,0.004258394265704957
ConvNeXt-Base,s4,136,0.005798739874503744
ConvNeXt-Base,s4,137,0.005272171498617473
ConvNeXt-Base,s4,138,0.00491868550771124
ConvNeXt-Base,s4,139,0.004998392092611992
ConvNeXt-Base,s4,140,0.005221034452802087
ConvNeXt-Base,s4,141,0.0053333237864670036
ConvNeXt-Base,s4,142,0.004599478673244395
ConvNeXt-Base,s4,143,0.007081344586352456
ConvNeXt-Base,s4,144,0.003806131235794652
ConvNeXt-Base,s4,145,0.005664709452565697
ConvNeXt-Base,s4,146,0.0052138484597189505
ConvNeXt-Base,s4,147,0.004984517346563799
ConvNeXt-Base,s4,148,0.006177496539225613
ConvNeXt-Base,s4,149,0.005033361326866492
ConvNeXt-Base,s4,150,0.006093110128160828
ConvNeXt-Base,s4,151,0.005433628372809696
ConvNeXt-Base,s4,152,0.005582552650631123
ConvNeXt-Base,s4,153,0.00579929391304812
ConvNeXt-Base,s4,154,0.00419456077534508
ConvNeXt-Base,s4,155,0.005691252590367624
ConvNeXt-Base,s4,156,0.006381541347481701
ConvNeXt-Base,s4,157,0.004771285769314626
ConvNeXt-Base,s4,158,0.0049399320201173325
ConvNeXt-Base,s4,159,0.006784599407855585
ConvNeXt-Base,s4,160,0.004561977796371686
ConvNeXt-Base,s4,161,0.0063097766313526815
ConvNeXt-Base,s4,162,0.0053814333543854564
ConvNeXt-Base,s4,163,0.00457209311677742
ConvNeXt-Base,s4,164,0.00616277505171281
ConvNeXt-Base,s4,165,0.004554111704900277
ConvNeXt-Base,s4,166,0.004368364088503052
ConvNeXt-Base,s4,167,0.005204806701254672
ConvNeXt-Base,s4,168,0.005334469509747919
ConvNeXt-Base,s4,169,0.00513637248719756
ConvNeXt-Base,s4,170,0.005263608491784977
ConvNeXt-Base,s4,171,0.006036977562899781
ConvNeXt-Base,s4,172,0.006146257355090778
ConvNeXt-Base,s4,173,0.004732395904681885
ConvNeXt-Base,s4,174,0.005972692446881256
ConvNeXt-Base,s4,175,0.004219684675323299
ConvNeXt-Base,s4,176,0.005225878431546538
ConvNeXt-Base,s4,177,0.005332936033264013
ConvNeXt-Base,s4,178,0.00561715415459374
ConvNeXt-Base,s4,179,0.005912507785288401
ConvNeXt-Base,s4,180,0.004754395444836135
ConvNeXt-Base,s4,181,0.0057735538365149
ConvNeXt-Base,s4,182,0.005221830081300172
ConvNeXt-Base,s4,183,0.005876861500289543
ConvNeXt-Base,s4,184,0.004209043135823931
ConvNeXt-Base,s4,185,0.005077752696598048
ConvNeXt-Base,s4,186,0.006005598301290105
ConvNeXt-Base,s4,187,0.005284608393988588
ConvNeXt-Base,s4,188,0.0053585655680067346
ConvNeXt-Base,s4,189,0.004583879595184803
ConvNeXt-Base,s4,190,0.006311769686717428
ConvNeXt-Base,s4,191,0.005270144934480969
ConvNeXt-Base,s4,192,0.004297962279744549
ConvNeXt-Base,s4,193,0.0039042914535012407
ConvNeXt-Base,s4,194,0.004543835301365817
ConvNeXt-Base,s4,195,0.005252734901878053
ConvNeXt-Base,s4,196,0.005791535284501603
ConvNeXt-Base,s4,197,0.0069364923934842615
ConvNeXt-Base,s4,198,0.006350001290793883
ConvNeXt-Base,s4,199,0.0052283705811414505
ConvNeXt-Base,s4,200,0.004025058084340172
ConvNeXt-Base,s4,201,0.005506627887394311
ConvNeXt-Base,s4,202,0.0046353210766586495
ConvNeXt-Base,s4,203,0.004768340536807081
ConvNeXt-Base,s4,204,0.003557885035041286
ConvNeXt-Base,s4,205,0.005684643566978398
ConvNeXt-Base,s4,206,0.006061121189369523
ConvNeXt-Base,s4,207,0.005133832237105285
ConvNeXt-Base,s4,208,0.005357069012151272
ConvNeXt-Base,s4,209,0.005565365202328421
ConvNeXt-Base,s4,210,0.004166830127147247
ConvNeXt-Base,s4,211,0.0057178719548608425
ConvNeXt-Base,s4,212,0.005657288468503441
ConvNeXt-Base,s4,213,0.005275760785706685
ConvNeXt-Base,s4,214,0.004998187377174945
ConvNeXt-Base,s4,215,0.004693719920169093
ConvNeXt-Base,s4,216,0.00583873469137175
ConvNeXt-Base,s4,217,0.006066423171629087
ConvNeXt-Base,s4,218,0.0040924013517761315
ConvNeXt-Base,s4,219,0.005718257876399568
ConvNeXt-Base,s4,220,0.00479098675682299
ConvNeXt-Base,s4,221,0.005878679873174475
ConvNeXt-Base,s4,222,0.006315424268942715
ConvNeXt-Base,s4,223,0.004871533416835772
ConvNeXt-Base,s4,224,0.005540876365105474
ConvNeXt-Base,s4,225,0.005229489992649383
ConvNeXt-Base,s4,226,0.0044616450908410155
ConvNeXt-Base,s4,227,0.006508804717035965
ConvNeXt-Base,s4,228,0.005333878185209695
ConvNeXt-Base,s4,229,0.005148826569188136
ConvNeXt-Base,s4,230,0.004850530803111375
ConvNeXt-Base,s4,231,0.005178084320403675
ConvNeXt-Base,s4,232,0.004646487484828876
ConvNeXt-Base,s4,233,0.006754138748240934
ConvNeXt-Base,s4,234,0.006271923720511108
ConvNeXt-Base,s4,235,0.005684840389408197
ConvNeXt-Base,s4,236,0.005138256759429138
ConvNeXt-Base,s4,237,0.005079836951500494
ConvNeXt-Base,s4,238,0.006054693677463474
ConvNeXt-Base,s4,239,0.00548775566112758
ConvNeXt-Base,s4,240,0.006201529918798077
ConvNeXt-Base,s4,241,0.005518881776499729
ConvNeXt-Base,s4,242,0.004782794216546371
ConvNeXt-Base,s4,243,0.005015227608446637
ConvNeXt-Base,s4,244,0.0046418739732368985
ConvNeXt-Base,s4,245,0.005683779934768762
ConvNeXt-Base,s4,246,0.00585267866982031
ConvNeXt-Base,s4,247,0.0050074316833784716
ConvNeXt-Base,s4,248,0.003687953036868863
ConvNeXt-Base,s4,249,0.004438340015597508
ConvNeXt-Base,s4,250,0.006025794464951217
ConvNeXt-Base,s4,251,0.00628311065861531
ConvNeXt-Base,s4,252,0.005689564933747726
ConvNeXt-Base,s4,253,0.006000847058429404
ConvNeXt-Base,s4,254,0.006189752555929573
ConvNeXt-Base,s4,255,0.0052910765187843545
ConvNeXt-Base,s4,256,0.004528277895822663
ConvNeXt-Base,s4,257,0.006084888641986641
ConvNeXt-Base,s4,258,0.006716721772215717
ConvNeXt-Base,s4,259,0.0055356883908744825
ConvNeXt-Base,s4,260,0.004503212710506244
ConvNeXt-Base,s4,261,0.005023899622308647
ConvNeXt-Base,s4,262,0.005654382919834222
ConvNeXt-Base,s4,263,0.005307836969890456
ConvNeXt-Base,s4,264,0.0046388193203456
ConvNeXt-Base,s4,265,0.005852957666126257
ConvNeXt-Base,s4,266,0.004779318452853176
ConvNeXt-Base,s4,267,0.005468277830301793
ConvNeXt-Base,s4,268,0.004884482551857583
ConvNeXt-Base,s4,269,0.005159908462848528
ConvNeXt-Base,s4,270,0.005685888498679681
ConvNeXt-Base,s4,271,0.005222386201422458
ConvNeXt-Base,s4,272,0.004759242813560216
ConvNeXt-Base,s4,273,0.00506941664110061
ConvNeXt-Base,s4,274,0.005409454050587126
ConvNeXt-Base,s4,275,0.005038544849173321
ConvNeXt-Base,s4,276,0.005588503017724511
ConvNeXt-Base,s4,277,0.005582321930642342
ConvNeXt-Base,s4,278,0.005686826768991127
ConvNeXt-Base,s4,279,0.005366231522872189
ConvNeXt-Base,s4,280,0.004283691550718283
ConvNeXt-Base,s4,281,0.0036239788416538854
ConvNeXt-Base,s4,282,0.005149103174317382
ConvNeXt-Base,s4,283,0.005122172777960232
ConvNeXt-Base,s4,284,0.00582250028821607
ConvNeXt-Base,s4,285,0.006540732603805943
ConvNeXt-Base,s4,286,0.005151745873340663
ConvNeXt-Base,s4,287,0.005267795553479782
ConvNeXt-Base,s4,288,0.005865475288711175
ConvNeXt-Base,s4,289,0.004561996839809623
ConvNeXt-Base,s4,290,0.005483637996251067
ConvNeXt-Base,s4,291,0.004097410731993434
ConvNeXt-Base,s4,292,0.0049015282668583016
ConvNeXt-Base,s4,293,0.007647676984557927
ConvNeXt-Base,s4,294,0.0047134381108919765
ConvNeXt-Base,s4,295,0.0038547283970651325
ConvNeXt-Base,s4,296,0.0059578785527598654
ConvNeXt-Base,s4,297,0.0042242347131752345
ConvNeXt-Base,s4,298,0.0059216496369211
ConvNeXt-Base,s4,299,0.004916916358283507
ConvNeXt-Base,s4,300,0.00618707613227687
ConvNeXt-Base,s4,301,0.004934338885234979
ConvNeXt-Base,s4,302,0.005479097782691289
ConvNeXt-Base,s4,303,0.0051251160743885915
ConvNeXt-Base,s4,304,0.004920604879426804
ConvNeXt-Base,s4,305,0.0035265982626293546
ConvNeXt-Base,s4,306,0.005115120667876338
ConvNeXt-Base,s4,307,0.005673931424706069
ConvNeXt-Base,s4,308,0.005461200610044625
ConvNeXt-Base,s4,309,0.005304383777855692
ConvNeXt-Base,s4,310,0.004825624388988592
ConvNeXt-Base,s4,311,0.004845615638484291
ConvNeXt-Base,s4,312,0.005311559556597456
ConvNeXt-Base,s4,313,0.004373593107468432
ConvNeXt-Base,s4,314,0.006109673153433359
ConvNeXt-Base,s4,315,0.0051080737981532565
ConvNeXt-Base,s4,316,0.004298852058782998
ConvNeXt-Base,s4,317,0.005872537277335388
ConvNeXt-Base,s4,318,0.005089472085901381
ConvNeXt-Base,s4,319,0.00611899198492738
ConvNeXt-Base,s4,320,0.005285044784307913
ConvNeXt-Base,s4,321,0.005761590265880523
ConvNeXt-Base,s4,322,0.005720715889611205
ConvNeXt-Base,s4,323,0.005136826553397755
ConvNeXt-Base,s4,324,0.005241651438225303
ConvNeXt-Base,s4,325,0.004603173274260519
ConvNeXt-Base,s4,326,0.00478526443465499
ConvNeXt-Base,s4,327,0.005263627338886634
ConvNeXt-Base,s4,328,0.006018952092707419
ConvNeXt-Base,s4,329,0.0038781899482169813
ConvNeXt-Base,s4,330,0.0067306693345364765
ConvNeXt-Base,s4,331,0.004503195640335855
ConvNeXt-Base,s4,332,0.006114668764826803
ConvNeXt-Base,s4,333,0.004883447365603755
ConvNeXt-Base,s4,334,0.004988142352431835
ConvNeXt-Base,s4,335,0.005438222574130069
ConvNeXt-Base,s4,336,0.005038280661809891
ConvNeXt-Base,s4,337,0.003851120317753365
ConvNeXt-Base,s4,338,0.005372245999774483
ConvNeXt-Base,s4,339,0.006299070656850203
ConvNeXt-Base,s4,340,0.0046532397770567835
ConvNeXt-Base,s4,341,0.005760096231123946
ConvNeXt-Base,s4,342,0.004557149704774721
ConvNeXt-Base,s4,343,0.005467946039794946
ConvNeXt-Base,s4,344,0.004836625766434621
ConvNeXt-Base,s4,345,0.004329655590566195
ConvNeXt-Base,s4,346,0.005875383196313755
ConvNeXt-Base,s4,347,0.0056138153061063845
ConvNeXt-Base,s4,348,0.005479928156506109
ConvNeXt-Base,s4,349,0.004704844326701707
ConvNeXt-Base,s4,350,0.0053714557656883155
ConvNeXt-Base,s4,351,0.005733783208375698
ConvNeXt-Base,s4,352,0.005283181227786926
ConvNeXt-Base,s4,353,0.005401936468276025
ConvNeXt-Base,s4,354,0.005005885030909374
ConvNeXt-Base,s4,355,0.00612316000433577
ConvNeXt-Base,s4,356,0.0061846827242865166
ConvNeXt-Base,s4,357,0.004165255043943605
ConvNeXt-Base,s4,358,0.005028446283877108
ConvNeXt-Base,s4,359,0.004129528407972538
ConvNeXt-Base,s4,360,0.005070929887381004
ConvNeXt-Base,s4,361,0.004631696440932309
ConvNeXt-Base,s4,362,0.005905196922380895
ConvNeXt-Base,s4,363,0.004598271704508772
ConvNeXt-Base,s4,364,0.004340317163828655
ConvNeXt-Base,s4,365,0.004275766675621462
ConvNeXt-Base,s4,366,0.005954950226946587
ConvNeXt-Base,s4,367,0.00467300118941516
ConvNeXt-Base,s4,368,0.0057135255485907255
ConvNeXt-Base,s4,369,0.005824985203888966
ConvNeXt-Base,s4,370,0.005765885309604646
ConvNeXt-Base,s4,371,0.0062851075600878215
ConvNeXt-Base,s4,372,0.004174183780362828
ConvNeXt-Base,s4,373,0.004955426317364675
ConvNeXt-Base,s4,374,0.005446755767831046
ConvNeXt-Base,s4,375,0.006156544940487896
ConvNeXt-Base,s4,376,0.005694962919507995
ConvNeXt-Base,s4,377,0.005318600215785563
ConvNeXt-Base,s4,378,0.004406764768499771
ConvNeXt-Base,s4,379,0.005036495108471817
ConvNeXt-Base,s4,380,0.006599664021271767
ConvNeXt-Base,s4,381,0.005474376190470864
ConvNeXt-Base,s4,382,0.0059486047917602924
ConvNeXt-Base,s4,383,0.004828812365701651
ConvNeXt-Base,s4,384,0.005251281041614209
ConvNeXt-Base,s4,385,0.005924205590605247
ConvNeXt-Base,s4,386,0.005929633187021999
ConvNeXt-Base,s4,387,0.00536636792412859
ConvNeXt-Base,s4,388,0.004905979015397355
ConvNeXt-Base,s4,389,0.006324773774594394
ConvNeXt-Base,s4,390,0.005066121186622419
ConvNeXt-Base,s4,391,0.004708418085346389
ConvNeXt-Base,s4,392,0.0062590166223801535
ConvNeXt-Base,s4,393,0.004905657555032805
ConvNeXt-Base,s4,394,0.0036577221206748334
ConvNeXt-Base,s4,395,0.004818605081915339
ConvNeXt-Base,s4,396,0.00424755351098427
ConvNeXt-Base,s4,397,0.00475143462725236
ConvNeXt-Base,s4,398,0.004321373259166927
ConvNeXt-Base,s4,399,0.004762643823413959
ConvNeXt-Base,s4,400,0.006972532660467268
ConvNeXt-Base,s4,401,0.004188388260400244
ConvNeXt-Base,s4,402,0.006176677951708509
ConvNeXt-Base,s4,403,0.00477503168460669
ConvNeXt-Base,s4,404,0.005435770501999504
ConvNeXt-Base,s4,405,0.004754878567650778
ConvNeXt-Base,s4,406,0.00557954136139549
ConvNeXt-Base,s4,407,0.005136690486456041
ConvNeXt-Base,s4,408,0.006397394526981959
ConvNeXt-Base,s4,409,0.005640434233978642
ConvNeXt-Base,s4,410,0.004967720201206172
ConvNeXt-Base,s4,411,0.0054083208626751755
ConvNeXt-Base,s4,412,0.005032603769238975
ConvNeXt-Base,s4,413,0.005337918349127446
ConvNeXt-Base,s4,414,0.004555669629483949
ConvNeXt-Base,s4,415,0.00425514834384999
ConvNeXt-Base,s4,416,0.0052060227269151715
ConvNeXt-Base,s4,417,0.006152173595074917
ConvNeXt-Base,s4,418,0.004943651083731626
ConvNeXt-Base,s4,419,0.0044440949117954265
ConvNeXt-Base,s4,420,0.005561698212008803
ConvNeXt-Base,s4,421,0.004961813116576508
ConvNeXt-Base,s4,422,0.006126395664710627
ConvNeXt-Base,s4,423,0.005622326288169277
ConvNeXt-Base,s4,424,0.0048043774779436
ConvNeXt-Base,s4,425,0.005351528468420241
ConvNeXt-Base,s4,426,0.006484244332473965
ConvNeXt-Base,s4,427,0.00508146754008465
ConvNeXt-Base,s4,428,0.005466559545202254
ConvNeXt-Base,s4,429,0.005055048438078025
ConvNeXt-Base,s4,430,0.007119995988169814
ConvNeXt-Base,s4,431,0.0038719466808857517
ConvNeXt-Base,s4,432,0.004556920143793941
ConvNeXt-Base,s4,433,0.005931230691605394
ConvNeXt-Base,s4,434,0.004989686444589969
ConvNeXt-Base,s4,435,0.005487715300199536
ConvNeXt-Base,s4,436,0.005725739947603503
ConvNeXt-Base,s4,437,0.005866668215616544
ConvNeXt-Base,s4,438,0.004774350318453191
ConvNeXt-Base,s4,439,0.005266488384556567
ConvNeXt-Base,s4,440,0.005817372160860312
ConvNeXt-Base,s4,441,0.005347753628267782
ConvNeXt-Base,s4,442,0.005588410318065562
ConvNeXt-Base,s4,443,0.005671152270513957
ConvNeXt-Base,s4,444,0.0051134439623760075
ConvNeXt-Base,s4,445,0.005272187758031066
ConvNeXt-Base,s4,446,0.006110619690258612
ConvNeXt-Base,s4,447,0.004371328445414768
ConvNeXt-Base,s4,448,0.004918189063524925
ConvNeXt-Base,s4,449,0.005399816551623915
ConvNeXt-Base,s4,450,0.00556940465520861
ConvNeXt-Base,s4,451,0.005487781456003482
ConvNeXt-Base,s4,452,0.005043574979546439
ConvNeXt-Base,s4,453,0.004878463993386428
ConvNeXt-Base,s4,454,0.005644633538068766
ConvNeXt-Base,s4,455,0.0057542229371135845
ConvNeXt-Base,s4,456,0.004690651115203837
ConvNeXt-Base,s4,457,0.005726514461896981
ConvNeXt-Base,s4,458,0.00442431929705156
ConvNeXt-Base,s4,459,0.0055212246574645185
ConvNeXt-Base,s4,460,0.00502043767151672
ConvNeXt-Base,s4,461,0.0071763006233296345
ConvNeXt-Base,s4,462,0.005680664077149289
ConvNeXt-Base,s4,463,0.0048037645223438785
ConvNeXt-Base,s4,464,0.004578640837065606
ConvNeXt-Base,s4,465,0.005045634943649846
ConvNeXt-Base,s4,466,0.0058211064369650956
ConvNeXt-Base,s4,467,0.005010700006086388
ConvNeXt-Base,s4,468,0.006348957779340747
ConvNeXt-Base,s4,469,0.005302740200597511
ConvNeXt-Base,s4,470,0.0057067507633250525
ConvNeXt-Base,s4,471,0.005225635861130007
ConvNeXt-Base,s4,472,0.0055035242386202166
ConvNeXt-Base,s4,473,0.005733371367769635
ConvNeXt-Base,s4,474,0.0052021274796663075
ConvNeXt-Base,s4,475,0.004970818439142377
ConvNeXt-Base,s4,476,0.005965153095701448
ConvNeXt-Base,s4,477,0.005915191333962011
ConvNeXt-Base,s4,478,0.0057968879651961736
ConvNeXt-Base,s4,479,0.004825702171484814
ConvNeXt-Base,s4,480,0.006102055136357087
ConvNeXt-Base,s4,481,0.00604236084962817
ConvNeXt-Base,s4,482,0.005025800128686364
ConvNeXt-Base,s4,483,0.004727971489791871
ConvNeXt-Base,s4,484,0.005246247700551487
ConvNeXt-Base,s4,485,0.0057824642471231424
ConvNeXt-Base,s4,486,0.005287981064796332
ConvNeXt-Base,s4,487,0.005572705627559071
ConvNeXt-Base,s4,488,0.004778202502909834
ConvNeXt-Base,s4,489,0.0045397805332922925
ConvNeXt-Base,s4,490,0.005293520553603881
ConvNeXt-Base,s4,491,0.005320057010923973
ConvNeXt-Base,s4,492,0.004545417441299993
ConvNeXt-Base,s4,493,0.005284019356317171
ConvNeXt-Base,s4,494,0.0055274339575461795
ConvNeXt-Base,s4,495,0.0051173066539281775
ConvNeXt-Base,s4,496,0.005472969734378497
ConvNeXt-Base,s4,497,0.0049539941498683016
ConvNeXt-Base,s4,498,0.005919556477387733
ConvNeXt-Base,s4,499,0.004972281370980269
ConvNeXt-Base,s4,500,0.005775906611912962
ConvNeXt-Base,s4,501,0.005909552089542247
ConvNeXt-Base,s4,502,0.005703976439505265
ConvNeXt-Base,s4,503,0.0048278248397011225
ConvNeXt-Base,s4,504,0.005116803594419128
ConvNeXt-Base,s4,505,0.004866494434732305
ConvNeXt-Base,s4,506,0.006090097971321207
ConvNeXt-Base,s4,507,0.0040860645629460235
ConvNeXt-Base,s4,508,0.006219478304790083
ConvNeXt-Base,s4,509,0.005735922317066877
ConvNeXt-Base,s4,510,0.00524452639968398
ConvNeXt-Base,s4,511,0.005010268242937155
ConvNeXt-Base,s4,512,0.004937745434083873
ConvNeXt-Base,s4,513,0.006593541301403438
ConvNeXt-Base,s4,514,0.006946633957508275
ConvNeXt-Base,s4,515,0.005561281395629392
ConvNeXt-Base,s4,516,0.005400374216604886
ConvNeXt-Base,s4,517,0.0048665457875940454
ConvNeXt-Base,s4,518,0.005510223384512458
ConvNeXt-Base,s4,519,0.004134445146165122
ConvNeXt-Base,s4,520,0.004774679475548327
ConvNeXt-Base,s4,521,0.0063816927378463895
ConvNeXt-Base,s4,522,0.005031601919846862
ConvNeXt-Base,s4,523,0.004813670845231877
ConvNeXt-Base,s4,524,0.005135190554913849
ConvNeXt-Base,s4,525,0.005257354497134159
ConvNeXt-Base,s4,526,0.00595901543731614
ConvNeXt-Base,s4,527,0.005222915368621184
ConvNeXt-Base,s4,528,0.00490842056542673
ConvNeXt-Base,s4,529,0.0054884319209962396
ConvNeXt-Base,s4,530,0.004437617733816568
ConvNeXt-Base,s4,531,0.004703414184683785
ConvNeXt-Base,s4,532,0.004634487041665247
ConvNeXt-Base,s4,533,0.004992091135308074
ConvNeXt-Base,s4,534,0.007043925185907685
ConvNeXt-Base,s4,535,0.0039352395425387154
ConvNeXt-Base,s4,536,0.003624021172674241
ConvNeXt-Base,s4,537,0.00474224404859569
ConvNeXt-Base,s4,538,0.00527678806004972
ConvNeXt-Base,s4,539,0.004825436383456894
ConvNeXt-Base,s4,540,0.007453337644653724
ConvNeXt-Base,s4,541,0.004303057291946466
ConvNeXt-Base,s4,542,0.005361464773475988
ConvNeXt-Base,s4,543,0.0046948691835726475
ConvNeXt-Base,s4,544,0.0046799970054173246
ConvNeXt-Base,s4,545,0.005141808351546984
ConvNeXt-Base,s4,546,0.005288097072571718
ConvNeXt-Base,s4,547,0.005387063900535116
ConvNeXt-Base,s4,548,0.0053273529199053815
ConvNeXt-Base,s4,549,0.004164591473006296
ConvNeXt-Base,s4,550,0.006202888070761636
ConvNeXt-Base,s4,551,0.005624560871667628
ConvNeXt-Base,s4,552,0.0043500076527711595
ConvNeXt-Base,s4,553,0.005824776965175249
ConvNeXt-Base,s4,554,0.005896184928843362
ConvNeXt-Base,s4,555,0.0042308873899865596
ConvNeXt-Base,s4,556,0.005905942418285792
ConvNeXt-Base,s4,557,0.005389803046209396
ConvNeXt-Base,s4,558,0.006767475597004191
ConvNeXt-Base,s4,559,0.0046582333291416145
ConvNeXt-Base,s4,560,0.004769272722348616
ConvNeXt-Base,s4,561,0.0049471960766912515
ConvNeXt-Base,s4,562,0.0056949257586571544
ConvNeXt-Base,s4,563,0.004178888998349839
ConvNeXt-Base,s4,564,0.005257023138571126
ConvNeXt-Base,s4,565,0.0051911566616695826
ConvNeXt-Base,s4,566,0.0049997786742081995
ConvNeXt-Base,s4,567,0.0052905174574530145
ConvNeXt-Base,s4,568,0.003955511041498605
ConvNeXt-Base,s4,569,0.005998046202395968
ConvNeXt-Base,s4,570,0.006178330377046848
ConvNeXt-Base,s4,571,0.005031672976599455
ConvNeXt-Base,s4,572,0.00512241205321784
ConvNeXt-Base,s4,573,0.005517228400280572
ConvNeXt-Base,s4,574,0.00540864961488241
ConvNeXt-Base,s4,575,0.005996547567898247
ConvNeXt-Base,s4,576,0.004484445182587171
ConvNeXt-Base,s4,577,0.005340422964630442
ConvNeXt-Base,s4,578,0.00448556196762262
ConvNeXt-Base,s4,579,0.00540823739726215
ConvNeXt-Base,s4,580,0.005606292650417344
ConvNeXt-Base,s4,581,0.0044129739370082355
ConvNeXt-Base,s4,582,0.0034653056801252635
ConvNeXt-Base,s4,583,0.006238595566855798
ConvNeXt-Base,s4,584,0.005435199592679241
ConvNeXt-Base,s4,585,0.005064749936763757
ConvNeXt-Base,s4,586,0.0040460241273634345
ConvNeXt-Base,s4,587,0.006199742801884511
ConvNeXt-Base,s4,588,0.005848022837131817
ConvNeXt-Base,s4,589,0.005828065168608343
ConvNeXt-Base,s4,590,0.004631474090298404
ConvNeXt-Base,s4,591,0.005610218600556438
ConvNeXt-Base,s4,592,0.006285262695314708
ConvNeXt-Base,s4,593,0.004351599192740752
ConvNeXt-Base,s4,594,0.005931346230571344
ConvNeXt-Base,s4,595,0.0045384823512781836
ConvNeXt-Base,s4,596,0.005150447667015223
ConvNeXt-Base,s4,597,0.004200694232490032
ConvNeXt-Base,s4,598,0.006019022079490566
ConvNeXt-Base,s4,599,0.005032780422227212
ConvNeXt-Base,s4,600,0.005967279921662572
ConvNeXt-Base,s4,601,0.005296583065349858
ConvNeXt-Base,s4,602,0.005466852262922206
ConvNeXt-Base,s4,603,0.0035686423402757628
ConvNeXt-Base,s4,604,0.005587069010300483
ConvNeXt-Base,s4,605,0.005303845503044413
ConvNeXt-Base,s4,606,0.005397660733204024
ConvNeXt-Base,s4,607,0.004984777970406085
ConvNeXt-Base,s4,608,0.004925277564449604
ConvNeXt-Base,s4,609,0.005843815993309742
ConvNeXt-Base,s4,610,0.0061265030561652445
ConvNeXt-Base,s4,611,0.004645155937202938
ConvNeXt-Base,s4,612,0.004521570501919592
ConvNeXt-Base,s4,613,0.00397167488326311
ConvNeXt-Base,s4,614,0.005459867723063283
ConvNeXt-Base,s4,615,0.0055346524129512575
ConvNeXt-Base,s4,616,0.004913998879083725
ConvNeXt-Base,s4,617,0.005910866929947467
ConvNeXt-Base,s4,618,0.006467682582332324
ConvNeXt-Base,s4,619,0.004283969477464233
ConvNeXt-Base,s4,620,0.006811705379711541
ConvNeXt-Base,s4,621,0.00611781625416552
ConvNeXt-Base,s4,622,0.005198102092461743
ConvNeXt-Base,s4,623,0.005334800087628877
ConvNeXt-Base,s4,624,0.0039750508042079025
ConvNeXt-Base,s4,625,0.004740655927072623
ConvNeXt-Base,s4,626,0.005654315192564097
ConvNeXt-Base,s4,627,0.004750871906467169
ConvNeXt-Base,s4,628,0.006577429988596228
ConvNeXt-Base,s4,629,0.0051129638168052605
ConvNeXt-Base,s4,630,0.0047763581209311345
ConvNeXt-Base,s4,631,0.005015914730539972
ConvNeXt-Base,s4,632,0.005788374773599725
ConvNeXt-Base,s4,633,0.005752328566820286
ConvNeXt-Base,s4,634,0.004786966547987936
ConvNeXt-Base,s4,635,0.0055117086679739025
ConvNeXt-Base,s4,636,0.005522359523595477
ConvNeXt-Base,s4,637,0.0055511189583623555
ConvNeXt-Base,s4,638,0.005336415979686371
ConvNeXt-Base,s4,639,0.005612125791973455
ConvNeXt-Base,s4,640,0.004793519404565627
ConvNeXt-Base,s4,641,0.006031101679342399
ConvNeXt-Base,s4,642,0.006345776911212964
ConvNeXt-Base,s4,643,0.004517341650581597
ConvNeXt-Base,s4,644,0.005329607892836319
ConvNeXt-Base,s4,645,0.0062473024025502255
ConvNeXt-Base,s4,646,0.0056045880635609
ConvNeXt-Base,s4,647,0.005075677764518893
ConvNeXt-Base,s4,648,0.004955315820799555
ConvNeXt-Base,s4,649,0.004683693524840993
ConvNeXt-Base,s4,650,0.00741823257360974
ConvNeXt-Base,s4,651,0.005986699369568971
ConvNeXt-Base,s4,652,0.0056259601916621715
ConvNeXt-Base,s4,653,0.005497032436319715
ConvNeXt-Base,s4,654,0.00473005141666305
ConvNeXt-Base,s4,655,0.005307927899944831
ConvNeXt-Base,s4,656,0.005607708663495137
ConvNeXt-Base,s4,657,0.0064126536668051015
ConvNeXt-Base,s4,658,0.005253358001577002
ConvNeXt-Base,s4,659,0.005803054985478839
ConvNeXt-Base,s4,660,0.005083011339158228
ConvNeXt-Base,s4,661,0.003964319837410746
ConvNeXt-Base,s4,662,0.006459891832822251
ConvNeXt-Base,s4,663,0.004727207733654093
ConvNeXt-Base,s4,664,0.005178328584906855
ConvNeXt-Base,s4,665,0.00518565775009705
ConvNeXt-Base,s4,666,0.005526761607944075
ConvNeXt-Base,s4,667,0.004630837974045288
ConvNeXt-Base,s4,668,0.004761366920083998
ConvNeXt-Base,s4,669,0.004452682823150145
ConvNeXt-Base,s4,670,0.0052154255574008435
ConvNeXt-Base,s4,671,0.005104058755172836
ConvNeXt-Base,s4,672,0.005630718096172216
ConvNeXt-Base,s4,673,0.004669236538890398
ConvNeXt-Base,s4,674,0.006010392727771707
ConvNeXt-Base,s4,675,0.006355624313590047
ConvNeXt-Base,s4,676,0.006329643530872731
ConvNeXt-Base,s4,677,0.0036720088755304303
ConvNeXt-Base,s4,678,0.005083493080261348
ConvNeXt-Base,s4,679,0.005202363781187325
ConvNeXt-Base,s4,680,0.005206377931171957
ConvNeXt-Base,s4,681,0.0064777826498441105
ConvNeXt-Base,s4,682,0.00626409403625372
ConvNeXt-Base,s4,683,0.005207831084163783
ConvNeXt-Base,s4,684,0.006364252752620647
ConvNeXt-Base,s4,685,0.006373397048663021
ConvNeXt-Base,s4,686,0.0045664218419183555
ConvNeXt-Base,s4,687,0.005288291169839754
ConvNeXt-Base,s4,688,0.005311885652207637
ConvNeXt-Base,s4,689,0.005179702459753299
ConvNeXt-Base,s4,690,0.00509327743617527
ConvNeXt-Base,s4,691,0.005980708381679634
ConvNeXt-Base,s4,692,0.006021087877636333
ConvNeXt-Base,s4,693,0.004978582087900363
ConvNeXt-Base,s4,694,0.005950435486850814
ConvNeXt-Base,s4,695,0.004202091713960687
ConvNeXt-Base,s4,696,0.005013185288646804
ConvNeXt-Base,s4,697,0.0055876029105419445
ConvNeXt-Base,s4,698,0.004319526554382391
ConvNeXt-Base,s4,699,0.004144951608342606
ConvNeXt-Base,s4,700,0.006005716602762834
ConvNeXt-Base,s4,701,0.00607109412607576
ConvNeXt-Base,s4,702,0.0038010486158698287
ConvNeXt-Base,s4,703,0.00643245294774708
ConvNeXt-Base,s4,704,0.0041631178215095765
ConvNeXt-Base,s4,705,0.005777858530819913
ConvNeXt-Base,s4,706,0.005672209842964682
ConvNeXt-Base,s4,707,0.006190728148588787
ConvNeXt-Base,s4,708,0.004492551727768634
ConvNeXt-Base,s4,709,0.0041602375406710745
ConvNeXt-Base,s4,710,0.004672169220877098
ConvNeXt-Base,s4,711,0.006749616194779096
ConvNeXt-Base,s4,712,0.0055745018783283085
ConvNeXt-Base,s4,713,0.0058492896016359985
ConvNeXt-Base,s4,714,0.004073645871140452
ConvNeXt-Base,s4,715,0.0053872049248751
ConvNeXt-Base,s4,716,0.006471664393592813
ConvNeXt-Base,s4,717,0.004106709859817537
ConvNeXt-Base,s4,718,0.004520939692031822
ConvNeXt-Base,s4,719,0.00585342396777655
ConvNeXt-Base,s4,720,0.005145789092549924
ConvNeXt-Base,s4,721,0.005518647930625731
ConvNeXt-Base,s4,722,0.003187638138231752
ConvNeXt-Base,s4,723,0.005241428850383145
ConvNeXt-Base,s4,724,0.0049303666489145526
ConvNeXt-Base,s4,725,0.004156973477067449
ConvNeXt-Base,s4,726,0.00539048015751753
ConvNeXt-Base,s4,727,0.005231978501574863
ConvNeXt-Base,s4,728,0.004831087389611688
ConvNeXt-Base,s4,729,0.005552999515404444
ConvNeXt-Base,s4,730,0.004958514897913324
ConvNeXt-Base,s4,731,0.004227122646905057
ConvNeXt-Base,s4,732,0.006628113211256004
ConvNeXt-Base,s4,733,0.005211258848723088
ConvNeXt-Base,s4,734,0.005388464482298572
ConvNeXt-Base,s4,735,0.006508517886551268
ConvNeXt-Base,s4,736,0.006279735360435024
ConvNeXt-Base,s4,737,0.008324228487826213
ConvNeXt-Base,s4,738,0.0043435317782871685
ConvNeXt-Base,s4,739,0.0073240989014482505
ConvNeXt-Base,s4,740,0.005400637026151012
ConvNeXt-Base,s4,741,0.00462141385363668
ConvNeXt-Base,s4,742,0.0052759288184290876
ConvNeXt-Base,s4,743,0.0056748584592464235
ConvNeXt-Base,s4,744,0.004828088311681689
ConvNeXt-Base,s4,745,0.004497224002491862
ConvNeXt-Base,s4,746,0.00618699927299704
ConvNeXt-Base,s4,747,0.005877941427068434
ConvNeXt-Base,s4,748,0.005283417588595074
ConvNeXt-Base,s4,749,0.004692710954040447
ConvNeXt-Base,s4,750,0.003990225355980259
ConvNeXt-Base,s4,751,0.004764814142580565
ConvNeXt-Base,s4,752,0.005285872462228891
ConvNeXt-Base,s4,753,0.004482244076414066
ConvNeXt-Base,s4,754,0.005335910340886207
ConvNeXt-Base,s4,755,0.004412828190784146
ConvNeXt-Base,s4,756,0.004512608848909361
ConvNeXt-Base,s4,757,0.0047073570480844484
ConvNeXt-Base,s4,758,0.004310529539035435
ConvNeXt-Base,s4,759,0.004994997899524067
ConvNeXt-Base,s4,760,0.005625550589749229
ConvNeXt-Base,s4,761,0.004457461205433333
ConvNeXt-Base,s4,762,0.005738575742080032
ConvNeXt-Base,s4,763,0.0044029212522962435
ConvNeXt-Base,s4,764,0.0047297957413027225
ConvNeXt-Base,s4,765,0.005667141351308302
ConvNeXt-Base,s4,766,0.00472027961990551
ConvNeXt-Base,s4,767,0.004504180126753576
ConvNeXt-Base,s4,768,0.00512729373496601
ConvNeXt-Base,s4,769,0.005307028283709436
ConvNeXt-Base,s4,770,0.006408509719485256
ConvNeXt-Base,s4,771,0.004938671700433717
ConvNeXt-Base,s4,772,0.004235029915041877
ConvNeXt-Base,s4,773,0.005065084432437361
ConvNeXt-Base,s4,774,0.005385777099576439
ConvNeXt-Base,s4,775,0.005038854321875785
ConvNeXt-Base,s4,776,0.005192837034072584
ConvNeXt-Base,s4,777,0.00524550529308121
ConvNeXt-Base,s4,778,0.005362249941235797
ConvNeXt-Base,s4,779,0.006366792329028259
ConvNeXt-Base,s4,780,0.005402493705601086
ConvNeXt-Base,s4,781,0.005811048658675766
ConvNeXt-Base,s4,782,0.006025692535321814
ConvNeXt-Base,s4,783,0.006261379954677793
ConvNeXt-Base,s4,784,0.0056487598631442815
ConvNeXt-Base,s4,785,0.006053652981738988
ConvNeXt-Base,s4,786,0.006235568409054482
ConvNeXt-Base,s4,787,0.004984851037058924
ConvNeXt-Base,s4,788,0.004882880115354871
ConvNeXt-Base,s4,789,0.006766163417942117
ConvNeXt-Base,s4,790,0.00525635691908477
ConvNeXt-Base,s4,791,0.005012894891936792
ConvNeXt-Base,s4,792,0.004815567787702424
ConvNeXt-Base,s4,793,0.004344770195080394
ConvNeXt-Base,s4,794,0.0045921641389236045
ConvNeXt-Base,s4,795,0.004026233698828707
ConvNeXt-Base,s4,796,0.0055675587330945575
ConvNeXt-Base,s4,797,0.005764519373432253
ConvNeXt-Base,s4,798,0.006487303816620105
ConvNeXt-Base,s4,799,0.0050768397302410895
ConvNeXt-Base,s4,800,0.004206947564057928
ConvNeXt-Base,s4,801,0.0058989557282733696
ConvNeXt-Base,s4,802,0.005495270835428112
ConvNeXt-Base,s4,803,0.005498047888552904
ConvNeXt-Base,s4,804,0.005716708637892864
ConvNeXt-Base,s4,805,0.005708374429839402
ConvNeXt-Base,s4,806,0.004416073757398831
ConvNeXt-Base,s4,807,0.0067256025441226885
ConvNeXt-Base,s4,808,0.005335810886176295
ConvNeXt-Base,s4,809,0.004777289494144132
ConvNeXt-Base,s4,810,0.0044191254410757
ConvNeXt-Base,s4,811,0.005766672097905712
ConvNeXt-Base,s4,812,0.004556442740811462
ConvNeXt-Base,s4,813,0.004583874345441719
ConvNeXt-Base,s4,814,0.004936072481239728
ConvNeXt-Base,s4,815,0.005841912439192187
ConvNeXt-Base,s4,816,0.0047127080292038714
ConvNeXt-Base,s4,817,0.005689995820417737
ConvNeXt-Base,s4,818,0.005175963739305733
ConvNeXt-Base,s4,819,0.00490902351608602
ConvNeXt-Base,s4,820,0.005906099015736688
ConvNeXt-Base,s4,821,0.005355674583070846
ConvNeXt-Base,s4,822,0.004502387110149275
ConvNeXt-Base,s4,823,0.007165607858757528
ConvNeXt-Base,s4,824,0.006263672315880986
ConvNeXt-Base,s4,825,0.004907451526636519
ConvNeXt-Base,s4,826,0.00511092389311496
ConvNeXt-Base,s4,827,0.005577423952066285
ConvNeXt-Base,s4,828,0.004157793183535707
ConvNeXt-Base,s4,829,0.00562548398953111
ConvNeXt-Base,s4,830,0.005434518231413277
ConvNeXt-Base,s4,831,0.004390442457988586
ConvNeXt-Base,s4,832,0.005205655147367594
ConvNeXt-Base,s4,833,0.004968521687700123
ConvNeXt-Base,s4,834,0.00568838030713037
ConvNeXt-Base,s4,835,0.005192417422447471
ConvNeXt-Base,s4,836,0.00516918864103888
ConvNeXt-Base,s4,837,0.004271082165072215
ConvNeXt-Base,s4,838,0.004696861911708705
ConvNeXt-Base,s4,839,0.005221979149718559
ConvNeXt-Base,s4,840,0.0048932272962325385
ConvNeXt-Base,s4,841,0.005940123139242415
ConvNeXt-Base,s4,842,0.006278106314250853
ConvNeXt-Base,s4,843,0.005806942122945413
ConvNeXt-Base,s4,844,0.006079655424155117
ConvNeXt-Base,s4,845,0.005852022529420964
ConvNeXt-Base,s4,846,0.007703831283729423
ConvNeXt-Base,s4,847,0.004700999857289667
ConvNeXt-Base,s4,848,0.005602653433274818
ConvNeXt-Base,s4,849,0.006009037449090648
ConvNeXt-Base,s4,850,0.006005762528884517
ConvNeXt-Base,s4,851,0.004202941030474805
ConvNeXt-Base,s4,852,0.004474552502091278
ConvNeXt-Base,s4,853,0.004507468921923219
ConvNeXt-Base,s4,854,0.006993394792794927
ConvNeXt-Base,s4,855,0.005500745963075371
ConvNeXt-Base,s4,856,0.005183409512325987
ConvNeXt-Base,s4,857,0.0049434252984039695
ConvNeXt-Base,s4,858,0.005334609947679425
ConvNeXt-Base,s4,859,0.005201073403890533
ConvNeXt-Base,s4,860,0.005160886749020266
ConvNeXt-Base,s4,861,0.0058868772128749525
ConvNeXt-Base,s4,862,0.00502769998953756
ConvNeXt-Base,s4,863,0.005440903962189214
ConvNeXt-Base,s4,864,0.004273774023434207
ConvNeXt-Base,s4,865,0.003863635738109994
ConvNeXt-Base,s4,866,0.0052145508821738185
ConvNeXt-Base,s4,867,0.005957055647343279
ConvNeXt-Base,s4,868,0.004747849500854273
ConvNeXt-Base,s4,869,0.006247013672241342
ConvNeXt-Base,s4,870,0.005331600420734439
ConvNeXt-Base,s4,871,0.006267441140934915
ConvNeXt-Base,s4,872,0.005092141590270494
ConvNeXt-Base,s4,873,0.0051467658099138
ConvNeXt-Base,s4,874,0.0041410958826616495
ConvNeXt-Base,s4,875,0.0062586396106506514
ConvNeXt-Base,s4,876,0.0055889388865235645
ConvNeXt-Base,s4,877,0.005070203168054843
ConvNeXt-Base,s4,878,0.004751793217402489
ConvNeXt-Base,s4,879,0.005756995465239001
ConvNeXt-Base,s4,880,0.0067950209539122675
ConvNeXt-Base,s4,881,0.0038707422025527904
ConvNeXt-Base,s4,882,0.003970375758370226
ConvNeXt-Base,s4,883,0.005248355579540065
ConvNeXt-Base,s4,884,0.0054863506555926644
ConvNeXt-Base,s4,885,0.005910866729414099
ConvNeXt-Base,s4,886,0.004508977298151029
ConvNeXt-Base,s4,887,0.004824841600746588
ConvNeXt-Base,s4,888,0.0058858425568425465
ConvNeXt-Base,s4,889,0.006480558319583718
ConvNeXt-Base,s4,890,0.003299809390116537
ConvNeXt-Base,s4,891,0.003884943212403069
ConvNeXt-Base,s4,892,0.005825562840315546
ConvNeXt-Base,s4,893,0.0055719663837501265
ConvNeXt-Base,s4,894,0.004651366433282678
ConvNeXt-Base,s4,895,0.0044800882043792845
ConvNeXt-Base,s4,896,0.005151588424480047
ConvNeXt-Base,s4,897,0.004729243431663144
ConvNeXt-Base,s4,898,0.00608696637877737
ConvNeXt-Base,s4,899,0.00560907708623215
ConvNeXt-Base,s4,900,0.005351836924947229
ConvNeXt-Base,s4,901,0.004148536189134244
ConvNeXt-Base,s4,902,0.00646707256319301
ConvNeXt-Base,s4,903,0.0053842711863721915
ConvNeXt-Base,s4,904,0.00530353466237099
ConvNeXt-Base,s4,905,0.004354527976981659
ConvNeXt-Base,s4,906,0.005798351304540983
ConvNeXt-Base,s4,907,0.004975442625255955
ConvNeXt-Base,s4,908,0.005284190125199095
ConvNeXt-Base,s4,909,0.0057498525210244456
ConvNeXt-Base,s4,910,0.005555378433787506
ConvNeXt-Base,s4,911,0.005618791925976141
ConvNeXt-Base,s4,912,0.006533081864673496
ConvNeXt-Base,s4,913,0.005614250308189961
ConvNeXt-Base,s4,914,0.004743303973581581
ConvNeXt-Base,s4,915,0.006701306894478565
ConvNeXt-Base,s4,916,0.00438772607406579
ConvNeXt-Base,s4,917,0.004213098673143345
ConvNeXt-Base,s4,918,0.004342691047785396
ConvNeXt-Base,s4,919,0.0048849165880503476
ConvNeXt-Base,s4,920,0.003544936992002201
ConvNeXt-Base,s4,921,0.0042912737802173195
ConvNeXt-Base,s4,922,0.005377982863705388
ConvNeXt-Base,s4,923,0.005600244689157985
ConvNeXt-Base,s4,924,0.006184322681246024
ConvNeXt-Base,s4,925,0.006091537968990868
ConvNeXt-Base,s4,926,0.004851067110660523
ConvNeXt-Base,s4,927,0.005199722704693044
ConvNeXt-Base,s4,928,0.004518658233019446
ConvNeXt-Base,s4,929,0.005307528704765696
ConvNeXt-Base,s4,930,0.0045713603500709965
ConvNeXt-Base,s4,931,0.005496733308415713
ConvNeXt-Base,s4,932,0.004779397144382136
ConvNeXt-Base,s4,933,0.004576541791987188
ConvNeXt-Base,s4,934,0.005872798344358943
ConvNeXt-Base,s4,935,0.004842126458163398
ConvNeXt-Base,s4,936,0.00573262570327282
ConvNeXt-Base,s4,937,0.004499117786476936
ConvNeXt-Base,s4,938,0.0063173143386017205
ConvNeXt-Base,s4,939,0.004260377531097981
ConvNeXt-Base,s4,940,0.005801510035776558
ConvNeXt-Base,s4,941,0.006851266062197436
ConvNeXt-Base,s4,942,0.005280002975173059
ConvNeXt-Base,s4,943,0.005003593760038227
ConvNeXt-Base,s4,944,0.0055257257519713
ConvNeXt-Base,s4,945,0.005076459452852844
ConvNeXt-Base,s4,946,0.005952000955577352
ConvNeXt-Base,s4,947,0.004716521432395648
ConvNeXt-Base,s4,948,0.0034068529836026595
ConvNeXt-Base,s4,949,0.004500454841510848
ConvNeXt-Base,s4,950,0.004181322745200666
ConvNeXt-Base,s4,951,0.0042663197347453385
ConvNeXt-Base,s4,952,0.005481941618634467
ConvNeXt-Base,s4,953,0.005585675928950429
ConvNeXt-Base,s4,954,0.005923756106915423
ConvNeXt-Base,s4,955,0.0034767997036024845
ConvNeXt-Base,s4,956,0.004860329742951364
ConvNeXt-Base,s4,957,0.0041172817902316305
ConvNeXt-Base,s4,958,0.004381783822170693
ConvNeXt-Base,s4,959,0.003923129880846199
ConvNeXt-Base,s4,960,0.0051572937106948435
ConvNeXt-Base,s4,961,0.005313154564614786
ConvNeXt-Base,s4,962,0.006122190052289311
ConvNeXt-Base,s4,963,0.004377717029410477
ConvNeXt-Base,s4,964,0.0037475655308918387
ConvNeXt-Base,s4,965,0.0044463321617669305
ConvNeXt-Base,s4,966,0.005093846617865716
ConvNeXt-Base,s4,967,0.004159834400670026
ConvNeXt-Base,s4,968,0.006041559004062225
ConvNeXt-Base,s4,969,0.005588938688795508
ConvNeXt-Base,s4,970,0.005046829942827236
ConvNeXt-Base,s4,971,0.005116858157087623
ConvNeXt-Base,s4,972,0.0054201195973238026
ConvNeXt-Base,s4,973,0.004594675452743946
ConvNeXt-Base,s4,974,0.005348891270909539
ConvNeXt-Base,s4,975,0.005091464755273001
ConvNeXt-Base,s4,976,0.005730163363385943
ConvNeXt-Base,s4,977,0.006092667534979279
ConvNeXt-Base,s4,978,0.0051334281978796525
ConvNeXt-Base,s4,979,0.00541341752834712
ConvNeXt-Base,s4,980,0.00432763905972644
ConvNeXt-Base,s4,981,0.004410984825056419
ConvNeXt-Base,s4,982,0.004743722848151832
ConvNeXt-Base,s4,983,0.00560605590356289
ConvNeXt-Base,s4,984,0.006282629024831121
ConvNeXt-Base,s4,985,0.004702717259754574
ConvNeXt-Base,s4,986,0.004719402097273284
ConvNeXt-Base,s4,987,0.00567472317196549
ConvNeXt-Base,s4,988,0.006146886401996121
ConvNeXt-Base,s4,989,0.004963045587092152
ConvNeXt-Base,s4,990,0.00571823923503656
ConvNeXt-Base,s4,991,0.004205634167661065
ConvNeXt-Base,s4,992,0.005874184189070708
ConvNeXt-Base,s4,993,0.005267655111574232
ConvNeXt-Base,s4,994,0.005362422978290593
ConvNeXt-Base,s4,995,0.005460748744883448
ConvNeXt-Base,s4,996,0.00449697506401725
ConvNeXt-Base,s4,997,0.006566091263452312
ConvNeXt-Base,s4,998,0.005796560633823611
ConvNeXt-Base,s4,999,0.005486139598031348
