model,depth,stage,k,LLE,shuffle_mean,shuffle_sd,order_vs_shuffle,fraction_H_ge_0_8
DenseNet-121,0,stem,4,0.7578082340964534,0.7846816941068379,0.027712838458322855,0.034247593912552166,0.855
DenseNet-121,0,stem,8,0.8775652810395269,0.9059078506984448,0.017457355727646444,0.03128637160729553,0.87
DenseNet-121,0,stem,16,0.9375428963472653,0.9574813684223632,0.010821863859158497,0.020823874732884273,0.955
DenseNet-121,0,stem,32,0.9649504338104435,0.9810854741490844,0.006743394745296651,0.016446110725097718,1.0
DenseNet-121,0,stem,64,0.9786922322983921,0.9923283925043939,0.0036154466881558214,0.013741580215786642,1.0
DenseNet-121,1,s1.d1,4,0.7594134997403837,0.7842062053566217,0.025612587736399694,0.03161503370782859,0.85
DenseNet-121,1,s1.d1,8,0.8907724581156902,0.9060536333753941,0.016297534954722803,0.016865640947518523,0.905
DenseNet-121,1,s1.d1,16,0.9393020673008988,0.9567050832713739,0.009915627284219486,0.01819057541846325,0.945
DenseNet-121,1,s1.d1,32,0.9740315961974924,0.980556400787831,0.0065493864669486914,0.006654185914340305,1.0
DenseNet-121,1,s1.d1,64,0.9881141345878649,0.9921923891158917,0.004101966085224457,0.004110346514208607,1.0
DenseNet-121,2,s1.d2,4,0.7505413121862969,0.7806720320726943,0.0274385175900993,0.03859587464200542,0.86
DenseNet-121,2,s1.d2,8,0.8952979464314368,0.9049127049580313,0.016325913914240826,0.01062506745005909,0.925
DenseNet-121,2,s1.d2,16,0.9469485477546092,0.9565813666992908,0.010043705938409328,0.010070046605569871,0.97
DenseNet-121,2,s1.d2,32,0.9752835910108135,0.9805449795798262,0.00651093264637253,0.005365779927063885,1.0
DenseNet-121,2,s1.d2,64,0.9887173238133813,0.9922564983086288,0.003964722780727829,0.0035667939703900586,1.0
DenseNet-121,3,s1.d3,4,0.7343157496971143,0.7819173705108975,0.026014828807076354,0.060878070508499804,0.84
DenseNet-121,3,s1.d3,8,0.888146730324199,0.9049461188440384,0.01640558531500723,0.018563965489236667,0.915
DenseNet-121,3,s1.d3,16,0.9460732295824541,0.9563977563439551,0.010120804444047383,0.010795222691622364,0.965
DenseNet-121,3,s1.d3,32,0.9757268091114898,0.9804982614662455,0.006396990791783116,0.004866354732358746,1.0
DenseNet-121,3,s1.d3,64,0.9892445337761896,0.9922352797047631,0.0038195622328169167,0.0030141499599403154,1.0
DenseNet-121,4,s1.d4,4,0.7521465778302274,0.7819437237913632,0.025724460137758507,0.038106509528153976,0.855
DenseNet-121,4,s1.d4,8,0.8919116080425661,0.9046354938608151,0.016273079126685387,0.014065207373133104,0.905
DenseNet-121,4,s1.d4,16,0.9444582825861296,0.9565680316920484,0.010044505891641166,0.012659579564349599,0.96
DenseNet-121,4,s1.d4,32,0.9750012601439357,0.9805198105538857,0.006467247776069164,0.005628188589920091,1.0
DenseNet-121,4,s1.d4,64,0.9892596189060859,0.9922049845630676,0.003829589427989164,0.002968505200846905,1.0
DenseNet-121,5,s1.d5,4,0.7512029684525231,0.781073009573127,0.02633499517612667,0.038242316344957894,0.855
DenseNet-121,5,s1.d5,8,0.8980746514384467,0.9046369558941292,0.015892872509638917,0.007254075143543592,0.92
DenseNet-121,5,s1.d5,16,0.9440084503722536,0.9565917079239534,0.010148977994892758,0.013154261580427762,0.96
DenseNet-121,5,s1.d5,32,0.9749311856726844,0.9804839825558217,0.006417885224050309,0.005663322381527114,1.0
DenseNet-121,5,s1.d5,64,0.9893427039027856,0.9922253175341776,0.003837521590613065,0.002905200643897876,1.0
DenseNet-121,6,s1.d6,4,0.7509210153410447,0.7821768066046745,0.028286297632794555,0.03996000776257613,0.85
DenseNet-121,6,s1.d6,8,0.8835632551712945,0.905064898463333,0.01736173477778856,0.023757018229902838,0.885
DenseNet-121,6,s1.d6,16,0.9383128900183547,0.9562214611386614,0.010478459851140315,0.018728476454587417,0.95
DenseNet-121,6,s1.d6,32,0.9740343302197267,0.9806200527256428,0.006439430841396336,0.006715875825311746,0.995
DenseNet-121,6,s1.d6,64,0.9890679666330545,0.9922225712839121,0.003878986600801788,0.0031793316763351065,1.0
DenseNet-121,7,down1,4,0.7106390622295663,0.7865307166064055,0.028165486126841503,0.0964891170484532,0.805
DenseNet-121,7,down1,8,0.8331169133650342,0.9061204543190473,0.016997449733788767,0.08056714822630895,0.84
DenseNet-121,7,down1,16,0.9149817596177996,0.9581254610079476,0.01033655085006005,0.04502928180695753,0.905
DenseNet-121,7,down1,32,0.9592363203412607,0.9817667472459448,0.006401990018619903,0.02294885925591439,0.99
DenseNet-121,7,down1,64,0.9784408455162037,0.992660525997985,0.003442900536319519,0.014324817104503507,1.0
DenseNet-121,8,s2.d1,4,0.7028082340964533,0.7865514308246415,0.028123799201434825,0.10646881239589079,0.8
DenseNet-121,8,s2.d1,8,0.8448420448327263,0.9059544824247958,0.016838074603369106,0.06745641064493824,0.87
DenseNet-121,8,s2.d1,16,0.9175280017352327,0.958396598468723,0.010364645515319857,0.04264267715347492,0.93
DenseNet-121,8,s2.d1,32,0.961028791548882,0.9817157777432648,0.006366564940252711,0.021072276379154653,0.99
DenseNet-121,8,s2.d1,64,0.9786152952627711,0.9926887618756886,0.0033948030796670118,0.01417711890514961,1.0
DenseNet-121,9,s2.d2,4,0.7206390622295663,0.7863571828570542,0.027850013441335853,0.08357286238387973,0.815
DenseNet-121,9,s2.d2,8,0.8372617763287419,0.9055118111933553,0.016944089710925658,0.07537177761896685,0.855
DenseNet-121,9,s2.d2,16,0.9216875842631354,0.958044645494186,0.009999148510100588,0.03794923483163637,0.925
DenseNet-121,9,s2.d2,32,0.961291413885099,0.9816785759478401,0.0063397151433265036,0.02076765507799405,0.995
DenseNet-121,9,s2.d2,64,0.9790723540428228,0.9925970261170353,0.0034657373237410812,0.013625541602839575,1.0
DenseNet-121,10,s2.d3,4,0.7165826716072706,0.786455227856189,0.02699074756625268,0.0888449256537911,0.81
DenseNet-121,10,s2.d3,8,0.8431530807314883,0.9052314493501363,0.016563701584204185,0.06857734412918814,0.855
DenseNet-121,10,s2.d3,16,0.9229320689617662,0.958041163152224,0.00998584373908785,0.036646749159440106,0.935
DenseNet-121,10,s2.d3,32,0.9621973655085506,0.9816593000522758,0.006342929804668773,0.019825548989031883,0.99
DenseNet-121,10,s2.d3,64,0.9797312105015331,0.9925820554646317,0.0034600492506357333,0.01294688423223922,1.0
DenseNet-121,11,s2.d4,4,0.7206390622295663,0.7861315811366548,0.026683550072697747,0.08330986882933,0.815
DenseNet-121,11,s2.d4,8,0.8334177181900156,0.9065458497454266,0.0162364274620403,0.0806667766180239,0.83
DenseNet-121,11,s2.d4,16,0.9229189037427592,0.95789946887127,0.010033925637954542,0.03651799198691463,0.935
DenseNet-121,11,s2.d4,32,0.9627245891203023,0.9816761752019879,0.006393820219137933,0.019305333632840926,0.995
DenseNet-121,11,s2.d4,64,0.9801702917460896,0.9925591863492756,0.0034856221227930915,0.012481769121248654,1.0
DenseNet-121,12,s2.d5,4,0.7256390622295663,0.7846938367615465,0.027663974171151223,0.07525836417385523,0.82
DenseNet-121,12,s2.d5,8,0.8296821479314559,0.9057340914775,0.01687132407215456,0.08396718668498226,0.82
DenseNet-121,12,s2.d5,16,0.9186500661037842,0.9575653355890898,0.010492166968513818,0.04063980601528894,0.92
DenseNet-121,12,s2.d5,32,0.9600668136561085,0.9816302562347103,0.006427069184295337,0.021966970192334845,0.995
DenseNet-121,12,s2.d5,64,0.9797604955682799,0.9925339737056206,0.003480714983424145,0.012869562630335896,1.0
DenseNet-121,13,s2.d6,4,0.7056390622295663,0.7861127089491008,0.02893760444376776,0.10236909517353321,0.8
DenseNet-121,13,s2.d6,8,0.8260129746964485,0.9057339334691392,0.017230904633685002,0.08801807664127559,0.81
DenseNet-121,13,s2.d6,16,0.919100239327567,0.957826667264833,0.010751110415541831,0.040431561639281854,0.91
DenseNet-121,13,s2.d6,32,0.9588654102508626,0.9815777800115049,0.006554299218555003,0.0231386347808078,0.995
DenseNet-121,13,s2.d6,64,0.9787650187513502,0.992483620054128,0.0035979748540651414,0.013822496437804754,1.0
DenseNet-121,14,s2.d7,4,0.703187937251201,0.7855683480113302,0.028507592960571728,0.10486727344434843,0.79
DenseNet-121,14,s2.d7,8,0.826696464652574,0.9054476782903442,0.017362765956631117,0.08697489156575822,0.81
DenseNet-121,14,s2.d7,16,0.9159296642043167,0.9577235068878376,0.010651981017048683,0.043638735379203264,0.91
DenseNet-121,14,s2.d7,32,0.9563653614617637,0.9815651573559571,0.006281556869816545,0.025673074991857003,0.99
DenseNet-121,14,s2.d7,64,0.9787973263095603,0.9924746468334992,0.003612357304719339,0.013781027623805286,1.0
DenseNet-121,15,s2.d8,4,0.703187937251201,0.785002295354891,0.02857048675189923,0.10422180748745791,0.79
DenseNet-121,15,s2.d8,8,0.8254320349111339,0.9052524957066569,0.01763146095398845,0.08817480335496186,0.815
DenseNet-121,15,s2.d8,16,0.9173557036779875,0.9576733321627955,0.010466471606952875,0.04209956269091808,0.91
DenseNet-121,15,s2.d8,32,0.9573229770097604,0.981610107860173,0.006397748659677924,0.02474213606393727,0.995
DenseNet-121,15,s2.d8,64,0.9788110329613613,0.9924644496522832,0.0035929387531000233,0.013757083889206823,1.0
DenseNet-121,16,s2.d9,4,0.7093157496971143,0.7849410172304317,0.028943625634460214,0.09634515953842226,0.815
DenseNet-121,16,s2.d9,8,0.8262826539104776,0.905354890081984,0.017990996161321292,0.08733838745195932,0.82
DenseNet-121,16,s2.d9,16,0.9148164395128018,0.9578789757345327,0.010431838076747685,0.04495613466065396,0.905
DenseNet-121,16,s2.d9,32,0.9570014871644607,0.9816107074517073,0.0065042261030277436,0.025070244344759574,0.99
DenseNet-121,16,s2.d9,64,0.978422979769965,0.9924881363953777,0.0035996058484971793,0.014171611840617104,1.0
DenseNet-121,17,s2.d10,4,0.6990337965856361,0.7842221450428775,0.03086140563272088,0.10862782821898465,0.8
DenseNet-121,17,s2.d10,8,0.8221009834736176,0.9054181224480533,0.017912128933329694,0.0920206221951515,0.82
DenseNet-121,17,s2.d10,16,0.9117631791453573,0.9576847161849722,0.010578429892830806,0.047950579416728756,0.905
DenseNet-121,17,s2.d10,32,0.9548661915531856,0.9815516404844132,0.00662129286617181,0.027187004565605744,0.99
DenseNet-121,17,s2.d10,64,0.9777765309150434,0.9924556852953118,0.0036904450817008276,0.014790740380413614,1.0
DenseNet-121,18,s2.d11,4,0.6934698903626793,0.784286355668635,0.02993235939229378,0.11579503410910563,0.785
DenseNet-121,18,s2.d11,8,0.817007993095257,0.9053780584353172,0.017810464557467005,0.09760570682791025,0.82
DenseNet-121,18,s2.d11,16,0.9109093446366289,0.9577405234234003,0.010607134978955659,0.04889756425819336,0.9
DenseNet-121,18,s2.d11,32,0.9547357455005065,0.981504749605378,0.006688331834486529,0.027273433078784604,0.99
DenseNet-121,18,s2.d11,64,0.9780758495946096,0.9924634831997884,0.003686781678522455,0.014496889657634404,1.0
DenseNet-121,19,s2.d12,4,0.6941315466289055,0.7839863556686347,0.030442611366596074,0.11461272047661486,0.78
DenseNet-121,19,s2.d12,8,0.8114052196200429,0.9056051215719678,0.017502073844911762,0.1040187380879769,0.815
DenseNet-121,19,s2.d12,16,0.9100841897205941,0.9578802479080845,0.010535341040609169,0.04989773856583035,0.905
DenseNet-121,19,s2.d12,32,0.9533438265514854,0.9814854464306572,0.006738176930981008,0.028672478009239666,0.99
DenseNet-121,19,s2.d12,64,0.9780266824345754,0.9924618958623186,0.0037025443740452664,0.014544854052256473,1.0
DenseNet-121,20,down2,4,0.5045112497836531,0.785024851603809,0.028199284155751615,0.3573308555099439,0.58
DenseNet-121,20,down2,8,0.6743477788244006,0.9069443657477794,0.015015982315383416,0.25646180262843576,0.59
DenseNet-121,20,down2,16,0.7928872884123385,0.9569785592013618,0.009411011416316239,0.17146807440071,0.675
DenseNet-121,20,down2,32,0.8921586699432743,0.9807663052045379,0.00670111570184012,0.09034530936784635,0.84
DenseNet-121,20,down2,64,0.9557704124519907,0.9922370550506543,0.003736376620558168,0.036751945931712826,0.98
DenseNet-121,21,s3.d1,4,0.5095112497836531,0.7823692125415795,0.03025161751877372,0.348758563583463,0.585
DenseNet-121,21,s3.d1,8,0.6934331046712023,0.9069775250760569,0.015504704886820353,0.2354462095264679,0.645
DenseNet-121,21,s3.d1,16,0.7888410377637811,0.956948334233281,0.010032822681681031,0.17567019080940194,0.665
DenseNet-121,21,s3.d1,32,0.8878016363424913,0.9809165448561049,0.006667237954351767,0.09492643283662128,0.81
DenseNet-121,21,s3.d1,64,0.9526831266649672,0.9923225252861324,0.00364568582991087,0.03994608366844776,0.98
DenseNet-121,22,s3.d2,4,0.5176240310282445,0.7844758291042419,0.030313346506005315,0.3401657363754643,0.595
DenseNet-121,22,s3.d2,8,0.6915615140249405,0.9077596725744812,0.01617735680901777,0.2381667362864721,0.605
DenseNet-121,22,s3.d2,16,0.7904145334074252,0.9571346233576024,0.009497732439525865,0.17418666703888275,0.665
DenseNet-121,22,s3.d2,32,0.8916781319462699,0.9808224954410529,0.006487607132225409,0.09088735618232013,0.845
DenseNet-121,22,s3.d2,64,0.9545958644040843,0.992309536176672,0.0035878345585311374,0.03800595519609429,0.985
DenseNet-121,23,s3.d3,4,0.5138495935174271,0.7826475208229108,0.03218489680654457,0.34344697983947803,0.595
DenseNet-121,23,s3.d3,8,0.6741122071977201,0.9066063597914313,0.016010897409218936,0.2564444315691735,0.58
DenseNet-121,23,s3.d3,16,0.7841206469849982,0.9571727412817032,0.009473285991945773,0.18079505070838042,0.655
DenseNet-121,23,s3.d3,32,0.8891488758742091,0.9807936128425269,0.006618683823507537,0.09343936967810573,0.84
DenseNet-121,23,s3.d3,64,0.9536367464189087,0.9923112527247214,0.003452491008069708,0.0389741688402897,0.99
DenseNet-121,24,s3.d4,4,0.50168042165054,0.7857541373855729,0.03010692092547654,0.3615300285662214,0.58
DenseNet-121,24,s3.d4,8,0.6542168171476362,0.9070562274478072,0.017107519890714826,0.27874722938795937,0.57
DenseNet-121,24,s3.d4,16,0.7780205133678839,0.9566054386949346,0.010100971994227118,0.186686086136713,0.65
DenseNet-121,24,s3.d4,32,0.878487393016763,0.9807505414961362,0.006867007532788668,0.10427029520001141,0.805
DenseNet-121,24,s3.d4,64,0.9486590820005313,0.9922726158853665,0.0034875634848497536,0.0439531769663124,0.975
DenseNet-121,25,s3.d5,4,0.4935676404059488,0.7833926333207473,0.029426345637358766,0.3699613458021048,0.57
DenseNet-121,25,s3.d5,8,0.6417061550523653,0.9064929246132098,0.01632819173938706,0.29210020549672355,0.575
DenseNet-121,25,s3.d5,16,0.7612621896986433,0.9565900102430893,0.010441459086404248,0.2041917837870888,0.64
DenseNet-121,25,s3.d5,32,0.8760639747433282,0.9807541595019231,0.006652114638918692,0.10674457379998459,0.78
DenseNet-121,25,s3.d5,64,0.9448138853526118,0.9922754786303548,0.003522472824361903,0.04783106536428228,0.975
DenseNet-121,26,s3.d6,4,0.4701729060498792,0.7842775581647407,0.0307712972292479,0.4005018999267126,0.54
DenseNet-121,26,s3.d6,8,0.6422159381492187,0.9063443519942005,0.015210099349222685,0.29142170220824837,0.58
DenseNet-121,26,s3.d6,16,0.7571386523382325,0.9568933042437722,0.010373485160164064,0.20875331765792293,0.61
DenseNet-121,26,s3.d6,32,0.8666882098331439,0.9806787794959259,0.006630489131324093,0.11623639875370173,0.75
DenseNet-121,26,s3.d6,64,0.9422535629221067,0.9922902269760152,0.003416663936228694,0.05042543269462019,0.975
DenseNet-121,27,s3.d7,4,0.4780037341829921,0.7856681220709635,0.03017676454872647,0.39159586502885046,0.545
DenseNet-121,27,s3.d7,8,0.6342998612790502,0.9065044806255793,0.015740586493113152,0.3002793975807825,0.59
DenseNet-121,27,s3.d7,16,0.754765911423662,0.9569009146445421,0.010215000953923472,0.21123922041182996,0.61
DenseNet-121,27,s3.d7,32,0.8689096606918721,0.9805814137780433,0.006699029227033078,0.11388320390034268,0.77
DenseNet-121,27,s3.d7,64,0.9432550069182437,0.9922359936822509,0.003448744067581656,0.049364251121586156,0.98
DenseNet-121,28,s3.d8,4,0.4751729060498791,0.7857737611331932,0.030625884932730118,0.3952802580673923,0.545
DenseNet-121,28,s3.d8,8,0.632171374815566,0.9062899661347431,0.015693858751218637,0.3024623482132014,0.575
DenseNet-121,28,s3.d8,16,0.7495445297649528,0.9569585047231939,0.010552796977415145,0.21674291407048718,0.62
DenseNet-121,28,s3.d8,32,0.8601694615744985,0.9807439307229998,0.006691837417016954,0.12294184584921608,0.74
DenseNet-121,28,s3.d8,64,0.9387969451664765,0.9922815517587719,0.0034416152417935425,0.053900635860352764,0.975
DenseNet-121,29,s3.d9,4,0.46706012480528786,0.7860154155100322,0.02948989851237681,0.40578757669501886,0.535
DenseNet-121,29,s3.d9,8,0.6396279137847337,0.9057571328726851,0.017503588157294633,0.29381962275461204,0.56
DenseNet-121,29,s3.d9,16,0.7423866991311759,0.956987974216957,0.010626473413152485,0.2242465745312795,0.6
DenseNet-121,29,s3.d9,32,0.8584077104136589,0.9808555939181042,0.006549872702279989,0.12483782960885981,0.72
DenseNet-121,29,s3.d9,64,0.9408964759334387,0.9922477469094717,0.0035233812170428857,0.05175246921545096,0.98
DenseNet-121,30,s3.d10,4,0.4663984685390618,0.7836050019158225,0.02925797297199805,0.40480412018967193,0.54
DenseNet-121,30,s3.d10,8,0.6358618722411155,0.9059337925932708,0.01697741566568122,0.2981144125102828,0.55
DenseNet-121,30,s3.d10,16,0.7411049098357901,0.9574492869503258,0.009895980535312978,0.22595909784803048,0.59
DenseNet-121,30,s3.d10,32,0.8549796117669594,0.9807685288489217,0.006644576763933928,0.12825545822681983,0.72
DenseNet-121,30,s3.d10,64,0.9399827311320083,0.9922500002374585,0.003490348312011519,0.052675504250886296,0.985
DenseNet-121,31,s3.d11,4,0.4823420779167661,0.7827427462909307,0.029832746309060177,0.38377956205615393,0.555
DenseNet-121,31,s3.d11,8,0.6386319994320714,0.9063259041495044,0.016245959138501423,0.29536163922031644,0.555
DenseNet-121,31,s3.d11,16,0.7478090604328821,0.9572830631285479,0.010040492796374402,0.21882138185028854,0.595
DenseNet-121,31,s3.d11,32,0.8538862960684347,0.9807775652898407,0.0065967854712131214,0.1293782338749836,0.72
DenseNet-121,31,s3.d11,64,0.9352313021033466,0.9922528831274846,0.0035510456924179507,0.05746678290761076,0.975
DenseNet-121,32,s3.d12,4,0.4730037341829922,0.7828040244153898,0.02968233536512039,0.39575715066585315,0.54
DenseNet-121,32,s3.d12,8,0.6431040189476087,0.9059312380942569,0.015990821793493492,0.29011828723285793,0.55
DenseNet-121,32,s3.d12,16,0.7452096489412344,0.9572454602618808,0.009822306184223454,0.22150620726123704,0.61
DenseNet-121,32,s3.d12,32,0.8542290661176704,0.9808136311103155,0.006437820053327441,0.12906077258464177,0.715
DenseNet-121,32,s3.d12,64,0.9353905913299791,0.9922528626131908,0.0035398606596532146,0.057306230524202806,0.97
DenseNet-121,33,s3.d13,4,0.46272178107151374,0.7831937237913632,0.029146999558051983,0.4091860455271227,0.525
DenseNet-121,33,s3.d13,8,0.6317136550657103,0.9055909971360713,0.016200678800030427,0.30242940017789177,0.57
DenseNet-121,33,s3.d13,16,0.7447703485045138,0.9568701194197547,0.009947992839341287,0.22165993755125102,0.6
DenseNet-121,33,s3.d13,32,0.8584292390054615,0.9807159488564159,0.006344778546997992,0.1246912625348342,0.735
DenseNet-121,33,s3.d13,64,0.9363860424618529,0.9923029124945844,0.0035457415622567883,0.056350605574824075,0.965
DenseNet-121,34,s3.d14,4,0.44583456231610513,0.782085265198019,0.029037633130460833,0.4299412325544547,0.51
DenseNet-121,34,s3.d14,8,0.628391895549247,0.9050378732967321,0.01641342495918631,0.3056733711482834,0.55
DenseNet-121,34,s3.d14,16,0.7320070697470598,0.9568200618957468,0.009737505889471363,0.23495848498751715,0.585
DenseNet-121,34,s3.d14,32,0.8515381507703035,0.9806208716348565,0.006243354885463752,0.13163366658650744,0.715
DenseNet-121,34,s3.d14,64,0.9346966744261548,0.9922888617718857,0.0034724178145423903,0.058039739802068446,0.95
DenseNet-121,35,s3.d15,4,0.4498909529384008,0.782055866446072,0.028297907135754263,0.42473297338352767,0.515
DenseNet-121,35,s3.d15,8,0.6314233059870331,0.9054438681283802,0.015834094352857986,0.30263671972042616,0.575
DenseNet-121,35,s3.d15,16,0.7455148367495127,0.9564970008635375,0.009489217278436655,0.22057796723204304,0.595
DenseNet-121,35,s3.d15,32,0.8535227301194113,0.98053674459553,0.0063696068132404636,0.12953519098206956,0.73
DenseNet-121,35,s3.d15,64,0.9358603493318336,0.9922761958088757,0.0034210073098546027,0.05685498323483762,0.97
DenseNet-121,36,s3.d16,4,0.4489473435606965,0.7826690995713962,0.028682653829882148,0.42638933387488,0.515
DenseNet-121,36,s3.d16,8,0.6321067959431586,0.9049018698767111,0.01620775155614593,0.3014637089552259,0.575
DenseNet-121,36,s3.d16,16,0.7501200627206166,0.9566917359662649,0.009401939374782342,0.2159229200793812,0.595
DenseNet-121,36,s3.d16,32,0.8524215352290392,0.9804195801912917,0.0063245544217748785,0.13055435402185522,0.72
DenseNet-121,36,s3.d16,64,0.9354453538259232,0.9922465917179241,0.0034911998510633387,0.057245082387895274,0.97
DenseNet-121,37,s3.d17,4,0.4408345623161051,0.7808304906660385,0.029806317938639505,0.43542860123190263,0.505
DenseNet-121,37,s3.d17,8,0.6147504794942991,0.9045795169867631,0.016279627543576727,0.3204019459316424,0.545
DenseNet-121,37,s3.d17,16,0.7389047180277966,0.9562423806836648,0.009423132843885093,0.22728302682054613,0.58
DenseNet-121,37,s3.d17,32,0.8467036787671839,0.9803875052018199,0.006346774212546823,0.13635814994104423,0.705
DenseNet-121,37,s3.d17,64,0.9332990120612563,0.9922405212446661,0.0033914105880022308,0.05940244116363402,0.97
DenseNet-121,38,s3.d18,4,0.45206012480528784,0.7814022953548908,0.030308378662869003,0.4214758166278806,0.52
DenseNet-121,38,s3.d18,8,0.6110890479005967,0.9050195666825328,0.015854220790963935,0.324778081715268,0.545
DenseNet-121,38,s3.d18,16,0.7356491829109431,0.9562407897723741,0.009518208991800088,0.23068625519932195,0.585
DenseNet-121,38,s3.d18,32,0.8451808413585563,0.9802540873006569,0.006376741378845113,0.13779411653773788,0.7
DenseNet-121,38,s3.d18,64,0.9310460201526172,0.9922217310836721,0.0033845522528980682,0.061655282296872116,0.97
DenseNet-121,39,s3.d19,4,0.4489473435606965,0.7813833101971536,0.030832767092494662,0.425445440538753,0.515
DenseNet-121,39,s3.d19,8,0.6142625300873451,0.9047174203436263,0.01709156946777847,0.32104487404029625,0.545
DenseNet-121,39,s3.d19,16,0.7286903635935604,0.9559903910925371,0.009308086867174114,0.23776392484364905,0.575
DenseNet-121,39,s3.d19,32,0.8395342506908033,0.9802413703603956,0.00635355459726001,0.14354333934902164,0.68
DenseNet-121,39,s3.d19,64,0.9295833089896683,0.9922168452380373,0.0033229086291283474,0.06312484669955676,0.96
DenseNet-121,40,s3.d20,4,0.43055260920462685,0.7816625959789172,0.030162287506324128,0.44918355896840223,0.49
DenseNet-121,40,s3.d20,8,0.6020733426817038,0.9051522664651336,0.01622157550646151,0.33483750194543027,0.525
DenseNet-121,40,s3.d20,16,0.7184460386465292,0.9559636338640126,0.009364620651591155,0.24845881872873699,0.56
DenseNet-121,40,s3.d20,32,0.8349470907767349,0.980297792892696,0.006229363381244409,0.14827198752233783,0.67
DenseNet-121,40,s3.d20,64,0.9267122028986645,0.9921745099806312,0.0033525444943620247,0.06597862213094408,0.955
DenseNet-121,41,s3.d21,4,0.4198909529384008,0.7812239870735599,0.029698296740174532,0.46252168406746075,0.485
DenseNet-121,41,s3.d21,8,0.5980692570343661,0.9051489844252439,0.01580331789686182,0.3392587658769445,0.525
DenseNet-121,41,s3.d21,16,0.7126102814573939,0.9561567085675341,0.009429487705490222,0.2547139239079431,0.55
DenseNet-121,41,s3.d21,32,0.8312742204003315,0.9802441800629527,0.006312366858226007,0.15197229699752368,0.655
DenseNet-121,41,s3.d21,64,0.9253311593521546,0.9921814058121181,0.003331824204944216,0.06737704019482749,0.945
DenseNet-121,42,s3.d22,4,0.39677817169380947,0.7822899267598157,0.02765253299340878,0.49279907854977256,0.46
DenseNet-121,42,s3.d22,8,0.5861697643815081,0.9042763098487144,0.01649494287724541,0.3517802490263463,0.52
DenseNet-121,42,s3.d22,16,0.7092206628671138,0.9560497248190836,0.009382653961525336,0.2581759667350755,0.56
DenseNet-121,42,s3.d22,32,0.8301477544497888,0.980120339668096,0.006496819370955208,0.1530144607233569,0.66
DenseNet-121,42,s3.d22,64,0.9228399875306219,0.9920869654640085,0.003330443737082922,0.06979930222246111,0.935
DenseNet-121,43,s3.d23,4,0.3696089998269225,0.7819342876975861,0.02726644312063444,0.5273144998983992,0.43
DenseNet-121,43,s3.d23,8,0.5651854696004012,0.904201504151692,0.01667147893612198,0.37493416345215047,0.51
DenseNet-121,43,s3.d23,16,0.6960647700892809,0.9558303648818466,0.009450902241686257,0.27176955695969773,0.53
DenseNet-121,43,s3.d23,32,0.8212028794164324,0.9800711488192043,0.006426491400629965,0.16209871048053737,0.64
DenseNet-121,43,s3.d23,64,0.9185595094334772,0.9920642851252296,0.0032949556300200886,0.07409275466707665,0.92
DenseNet-121,44,s3.d24,4,0.34527065609314844,0.7815050019158223,0.02724881729388465,0.5581977655335105,0.4
DenseNet-121,44,s3.d24,8,0.5498835009501684,0.9039271279461961,0.016751483449332128,0.3916727533119254,0.485
DenseNet-121,44,s3.d24,16,0.6772705435458636,0.9557838306648826,0.009430011949208549,0.2913977807359157,0.51
DenseNet-121,44,s3.d24,32,0.8144337549864307,0.9800466954479237,0.006486116674708621,0.1689847445338314,0.64
DenseNet-121,44,s3.d24,64,0.9151931140888974,0.9920716677784748,0.0032708546474990658,0.07749294349039315,0.895
DenseNet-121,45,down3,4,0.1564097655573916,0.7865607539482353,0.029374694548071113,0.8011472543318819,0.18
DenseNet-121,45,down3,8,0.26958768319886045,0.9045694025611666,0.01651363571707717,0.7019712556763924,0.21
DenseNet-121,45,down3,16,0.38793775733401153,0.9551911875250512,0.009801023961597573,0.5938637600508251,0.24
DenseNet-121,45,down3,32,0.5610860499735216,0.979722190170523,0.006277648464075971,0.42730086589560323,0.305
DenseNet-121,45,down3,64,0.7746840529975807,0.9920555218842515,0.002918096674692643,0.21911220097218786,0.52
DenseNet-121,46,s4.d1,4,0.1604661561796873,0.7864984983233435,0.029506705468923897,0.7959739827580488,0.185
DenseNet-121,46,s4.d1,8,0.2431877595245119,0.9043984267987959,0.016138979570631883,0.7311055035939215,0.205
DenseNet-121,46,s4.d1,16,0.366441272864971,0.9553863871134131,0.010038024367717339,0.6164470440361518,0.195
DenseNet-121,46,s4.d1,32,0.5407620200309546,0.9796662199176314,0.00634784127959921,0.4480140184108614,0.29
DenseNet-121,46,s4.d1,64,0.7579296128878343,0.9920835668190483,0.0029650649994898484,0.23602240956574838,0.495
DenseNet-121,47,s4.d2,4,0.14018420306820897,0.7874378587887673,0.029759937366542318,0.8219742656470194,0.16
DenseNet-121,47,s4.d2,8,0.23774049552096052,0.9047246853291091,0.016380388587434992,0.7372233792488172,0.19
DenseNet-121,47,s4.d2,16,0.3502898527186643,0.9557295423004463,0.010257028854180322,0.6334843308541926,0.19
DenseNet-121,47,s4.d2,32,0.5039775429942582,0.979571396654627,0.006616954212369204,0.48551218960107256,0.255
DenseNet-121,47,s4.d2,64,0.7334013654237004,0.9920842079639627,0.003035953554808128,0.260746860461727,0.425
DenseNet-121,48,s4.d3,4,0.12207142182361765,0.7868368812883343,0.031533988339552156,0.8448580325521309,0.14
DenseNet-121,48,s4.d3,8,0.18547651512456778,0.9043719136351281,0.01602289180760926,0.7949112391393892,0.14
DenseNet-121,48,s4.d3,16,0.27892849003492537,0.9556364544718423,0.010925892258852467,0.7081228026309623,0.16
DenseNet-121,48,s4.d3,32,0.42934607376275963,0.9795522271477004,0.007096814813472448,0.5616914934562021,0.21
DenseNet-121,48,s4.d3,64,0.6602402084305461,0.9920138830026817,0.0033819673336387378,0.3344445881824808,0.35
DenseNet-121,49,s4.d4,4,0.1189586405790263,0.7866039114452065,0.03172981926681273,0.8487693248810997,0.135
DenseNet-121,49,s4.d4,8,0.18481304070719662,0.9046396209153209,0.01566082042787593,0.7957053433938683,0.145
DenseNet-121,49,s4.d4,16,0.278117791257999,0.955666692952004,0.01063503415333245,0.7089803450208065,0.16
DenseNet-121,49,s4.d4,32,0.4269295624871877,0.9795564940159666,0.006996850034505227,0.5641603469577643,0.2
DenseNet-121,49,s4.d4,64,0.6561045497429686,0.991974961061554,0.003381533651555241,0.33858758991170135,0.34
DenseNet-121,50,s4.d5,4,0.12207142182361765,0.7866407912900651,0.03110465270486578,0.8448193595155109,0.14
DenseNet-121,50,s4.d5,8,0.178038827868903,0.9045040334071653,0.015771119815384527,0.8031641415702142,0.14
DenseNet-121,50,s4.d5,16,0.26787102394137,0.9558057002277165,0.010797653793833469,0.719743224090889,0.16
DenseNet-121,50,s4.d5,32,0.41294472404671756,0.9795321867745649,0.0072120278559507376,0.5784265901394468,0.185
DenseNet-121,50,s4.d5,64,0.6420071776513754,0.9920375066269037,0.003461324707910085,0.3528398136535089,0.32
DenseNet-121,51,s4.d6,4,0.11207142182361762,0.7860389492593831,0.03042454106816554,0.8574225591120989,0.13
DenseNet-121,51,s4.d6,8,0.16925095263538517,0.9040498894454956,0.016018930734475665,0.8127858267432605,0.12
DenseNet-121,51,s4.d6,16,0.2635948167104056,0.9557989401671437,0.0106191183043389,0.7242152029753142,0.155
DenseNet-121,51,s4.d6,32,0.40045577315260394,0.9796030667910982,0.007210606816518487,0.5912060846600007,0.185
DenseNet-121,51,s4.d6,64,0.6291941150385808,0.9919925031200449,0.003522437409159219,0.3657269454561195,0.305
DenseNet-121,52,s4.d7,4,0.10395864057902628,0.7858040244153898,0.0297669670002212,0.86770411279534,0.12
DenseNet-121,52,s4.d7,8,0.16096264638037663,0.9042979985120909,0.015777193654859453,0.822002651067214,0.115
DenseNet-121,52,s4.d7,16,0.25980477893766285,0.9559941445413584,0.010449149429118496,0.7282360143928444,0.155
DenseNet-121,52,s4.d7,32,0.3980069444689478,0.9796642890441335,0.0071551954712516,0.593731292525436,0.18
DenseNet-121,52,s4.d7,64,0.6287514931369929,0.991985282997542,0.003485963271434527,0.36616852697949664,0.305
DenseNet-121,53,s4.d8,4,0.1039586405790263,0.785772896602944,0.029221976791040712,0.8676988719915631,0.12
DenseNet-121,53,s4.d8,8,0.16162612079774777,0.9041182293613274,0.016030087642281525,0.8212334232969497,0.11
DenseNet-121,53,s4.d8,16,0.2590539246055758,0.955908998115076,0.010745077369724621,0.7289972945998047,0.15
DenseNet-121,53,s4.d8,32,0.39287513855832595,0.9795619262767233,0.007322782747528058,0.5989277165440382,0.175
DenseNet-121,53,s4.d8,64,0.6168488676159387,0.9919746812760699,0.0035584249929188024,0.37816067359458383,0.3
DenseNet-121,54,s4.d9,4,0.10301503120132197,0.7843579344171203,0.02932432469199994,0.8686632381963784,0.12
DenseNet-121,54,s4.d9,8,0.15685395078312298,0.9039812121761435,0.016540205940469888,0.8264853863438928,0.105
DenseNet-121,54,s4.d9,16,0.25204801897346235,0.9558641427258139,0.010737253418328499,0.7363139721355136,0.14
DenseNet-121,54,s4.d9,32,0.39081937315273196,0.9796054031509258,0.007312381110818803,0.6010440817336742,0.175
DenseNet-121,54,s4.d9,64,0.6140248277776342,0.9919612686988608,0.0035517152647491887,0.3809991910439805,0.3
DenseNet-121,55,s4.d10,4,0.0989586405790263,0.7842040244153895,0.02973629416829777,0.8738100832206284,0.115
DenseNet-121,55,s4.d10,8,0.15507973794482932,0.9040105549187213,0.01627473929399935,0.8284536202580374,0.105
DenseNet-121,55,s4.d10,16,0.2508332114635456,0.9558657857077648,0.010848370681503162,0.737585322945922,0.13
DenseNet-121,55,s4.d10,32,0.3886965273633621,0.9795647472687399,0.007247199577676773,0.603194655129086,0.185
DenseNet-121,55,s4.d10,64,0.6151752490261978,0.9919630996640896,0.0035349666600918363,0.37984059161624484,0.305
DenseNet-121,56,s4.d11,4,0.10301503120132197,0.785655979416255,0.028799994592846413,0.8688802301512903,0.12
DenseNet-121,56,s4.d11,8,0.15226892535047068,0.9042269729711783,0.016172884897418926,0.831603203728668,0.11
DenseNet-121,56,s4.d11,16,0.25020137918331814,0.9558519236860187,0.010850598176857826,0.7382425321502988,0.125
DenseNet-121,56,s4.d11,32,0.3862905371888536,0.9795881412007534,0.007203531945762869,0.6056602556301378,0.18
DenseNet-121,56,s4.d11,64,0.6151932577861475,0.9919760036921295,0.003511886784455817,0.3798305044714777,0.305
DenseNet-121,57,s4.d12,4,0.0989586405790263,0.7850806036362221,0.028680556828636614,0.8739509801660058,0.115
DenseNet-121,57,s4.d12,8,0.14878301876718553,0.9042806642813812,0.01610387782534077,0.8354680967491201,0.105
DenseNet-121,57,s4.d12,16,0.25229909512878224,0.9558869633591545,0.010759054555649052,0.7360576042985679,0.135
DenseNet-121,57,s4.d12,32,0.38564958469825533,0.9796284420882799,0.007203148350039964,0.6063307595723091,0.18
DenseNet-121,57,s4.d12,64,0.6137536963138591,0.9919828369822278,0.0035282959490219065,0.3812859724660186,0.305
DenseNet-121,58,s4.d13,4,0.0989586405790263,0.7852324456669042,0.029194701224353036,0.8739753545270535,0.115
DenseNet-121,58,s4.d13,8,0.15083736656581237,0.9042555319676439,0.016237847168787907,0.8331916574095013,0.11
DenseNet-121,58,s4.d13,16,0.2513758838803249,0.9560600322330661,0.010670682016368635,0.737071025453091,0.135
DenseNet-121,58,s4.d13,32,0.3841583130631441,0.9796315153859274,0.007217173644420162,0.6078542727243679,0.17
DenseNet-121,58,s4.d13,64,0.6130087252455334,0.9919961876549476,0.003522094201910016,0.38204528114702774,0.3
DenseNet-121,59,s4.d14,4,0.0989586405790263,0.7854796261357895,0.028903433452341722,0.8740150128834546,0.115
DenseNet-121,59,s4.d14,8,0.13585738210456677,0.9043692815994591,0.016705329823980576,0.8497766511216627,0.1
DenseNet-121,59,s4.d14,16,0.24410656475568865,0.9559956827009727,0.01074621793797048,0.7446572519386125,0.13
DenseNet-121,59,s4.d14,32,0.3792011425258475,0.9796227282999931,0.0072267042910363274,0.6129110405758945,0.155
DenseNet-121,59,s4.d14,64,0.6058228693530294,0.9919864968476696,0.0035210385760596754,0.3892831492382097,0.29
DenseNet-121,60,s4.d15,4,0.09490224995673063,0.7853909042602486,0.02944404625402659,0.8791655856441092,0.11
DenseNet-121,60,s4.d15,8,0.14200880592889187,0.9044908286752888,0.016320379467365375,0.8429958586347669,0.1
DenseNet-121,60,s4.d15,16,0.2427595529668542,0.9560527555674319,0.01077336864390992,0.7460814253678159,0.13
DenseNet-121,60,s4.d15,32,0.37541981188867185,0.9796084670822442,0.007314074920123323,0.616765448131684,0.16
DenseNet-121,60,s4.d15,64,0.602703989216637,0.9919861218407486,0.0035350480823101754,0.3924269947464105,0.3
DenseNet-121,61,s4.d16,4,0.08490224995673064,0.7849069569166878,0.029362050822956842,0.8918314467612212,0.1
DenseNet-121,61,s4.d16,8,0.12436330422660631,0.9045778474509298,0.015720242562893012,0.8625178534085729,0.095
DenseNet-121,61,s4.d16,16,0.22424689694442254,0.9560429710508703,0.010772594436875881,0.765442659237447,0.12
DenseNet-121,61,s4.d16,32,0.35434033474875193,0.979503096101297,0.007572781640104046,0.6382448037590407,0.15
DenseNet-121,61,s4.d16,64,0.5846732912002144,0.9919843071247111,0.003635392402280053,0.4106022776762436,0.27
DenseNet-121,62,final_norm_relu,4,0.029338343733773985,0.7826521823847078,0.02828142412168121,0.9625141992904418,0.035
DenseNet-121,62,final_norm_relu,8,0.06177668531533262,0.9052025052356818,0.01658158057057374,0.931753740231587,0.04
DenseNet-121,62,final_norm_relu,16,0.11374958858819013,0.9561480436492772,0.00973817633158864,0.8810334975386778,0.055
DenseNet-121,62,final_norm_relu,32,0.18934856332602798,0.9804499248352703,0.006512843896274874,0.8068758449261534,0.075
DenseNet-121,62,final_norm_relu,64,0.33449532477262234,0.9922082441862297,0.004270752744831858,0.6628779021615948,0.135
DenseNet-169,0,stem,4,0.774695452851862,0.7866674834810808,0.03091190619207754,0.015218667201345903,0.87
DenseNet-169,0,stem,8,0.8844641193664909,0.907686393120426,0.01776913267657584,0.02558402762225176,0.89
DenseNet-169,0,stem,16,0.9385575500664117,0.9575462022982089,0.01099411493799965,0.01983053369771859,0.945
DenseNet-169,0,stem,32,0.9671583493656499,0.9808163251579396,0.007127540990110374,0.013925110585909506,1.0
DenseNet-169,0,stem,64,0.9763466938311108,0.9922260377046561,0.004147003878819823,0.016003756472949826,1.0
DenseNet-169,1,s1.d1,4,0.7556390622295663,0.7787806036362219,0.026170712611129614,0.029715097292619896,0.85
DenseNet-169,1,s1.d1,8,0.8853772574591369,0.9047910461644161,0.016399823057846756,0.021456654315466506,0.89
DenseNet-169,1,s1.d1,16,0.9411577267684024,0.9560329400610336,0.010572285236625956,0.015559310426774164,0.96
DenseNet-169,1,s1.d1,32,0.9733706736938914,0.98025845593268,0.0070157555385465965,0.0070264961216123245,1.0
DenseNet-169,1,s1.d1,64,0.9875148016406945,0.9922367347005399,0.003965059177543814,0.004758877488314828,1.0
DenseNet-169,2,s1.d2,4,0.7630901872079318,0.7804860167580848,0.024526703830077438,0.022288457674629947,0.865
DenseNet-169,2,s1.d2,8,0.8826292055860404,0.903662141019033,0.018133891653354904,0.02327522032656404,0.895
DenseNet-169,2,s1.d2,16,0.9456094608960295,0.9560161403474069,0.010315425362176172,0.01088546418012959,0.965
DenseNet-169,2,s1.d2,32,0.9754240954629005,0.9802032840975091,0.006650712955512404,0.00487571171423784,1.0
DenseNet-169,2,s1.d2,64,0.9877594779791445,0.9922667303329651,0.003916852100335769,0.0045423798017576456,1.0
DenseNet-169,3,s1.d3,4,0.7578082340964534,0.7794560923864381,0.024706946192069743,0.02777303109365159,0.855
DenseNet-169,3,s1.d3,8,0.8801287576091135,0.9036898964754683,0.017370550549242792,0.026072150367340563,0.9
DenseNet-169,3,s1.d3,16,0.9422585154797026,0.9563099374233472,0.00990819902106416,0.014693376481587528,0.965
DenseNet-169,3,s1.d3,32,0.9743321304647785,0.9801222615845117,0.006505951178714419,0.0059075600531433015,0.995
DenseNet-169,3,s1.d3,64,0.9877875808896798,0.9922440947702256,0.0038039583467986272,0.004491348352723468,1.0
DenseNet-169,4,s1.d4,4,0.7509210153410447,0.7794069569166878,0.02427600326929148,0.03654822595930207,0.85
DenseNet-169,4,s1.d4,8,0.8809659388857566,0.9037939471632985,0.01705912048586594,0.025257978712062923,0.89
DenseNet-169,4,s1.d4,16,0.9406113913941936,0.9559267846284751,0.010143039911974993,0.016021512819346273,0.96
DenseNet-169,4,s1.d4,32,0.9735230993196189,0.9799810118551558,0.006601704651323989,0.006589834351292012,0.995
DenseNet-169,4,s1.d4,64,0.9880790516385549,0.9922719508786839,0.0037614369724887193,0.004225554533125786,1.0
DenseNet-169,5,s1.d5,4,0.7484698903626793,0.7798125959789175,0.02606573088021709,0.04019261265829255,0.84
DenseNet-169,5,s1.d5,8,0.8784475351491804,0.9032365751594557,0.01727229815809584,0.027444681373646862,0.895
DenseNet-169,5,s1.d5,16,0.9400449077479872,0.9561410144442593,0.01019100295451552,0.01683444853124272,0.96
DenseNet-169,5,s1.d5,32,0.9741530762312953,0.9800378412479734,0.006661152079801402,0.006004630402010269,0.995
DenseNet-169,5,s1.d5,64,0.9879198152597576,0.9922696276411984,0.003776577810336507,0.0043837000148649885,1.0
DenseNet-169,6,s1.d6,4,0.7371465778302272,0.7839877458185838,0.026562886127953402,0.059747321610809645,0.84
DenseNet-169,6,s1.d6,8,0.8785644189965456,0.9045775578589185,0.018729009771287476,0.028757223342954052,0.9
DenseNet-169,6,s1.d6,16,0.9357754517253114,0.9561812507700949,0.01090641657853399,0.02134093199207676,0.95
DenseNet-169,6,s1.d6,32,0.9728916870714699,0.9802268417422489,0.006771778842325811,0.007483119578465702,0.995
DenseNet-169,6,s1.d6,64,0.9887119275438258,0.9923708825322092,0.0037876539215845025,0.003687084186757783,1.0
DenseNet-169,7,down1,4,0.7178082340964533,0.7836835361375201,0.027644687511086997,0.08405855042679755,0.815
DenseNet-169,7,down1,8,0.8555766759385586,0.9063805233774651,0.01799529165317445,0.05605134502404696,0.865
DenseNet-169,7,down1,16,0.9143996405408114,0.9581720374626852,0.010748866116356155,0.04568323350135184,0.93
DenseNet-169,7,down1,32,0.9653402053617037,0.981653011806936,0.006455393999369765,0.016617691026287518,1.0
DenseNet-169,7,down1,64,0.9825114404435208,0.9926176235590851,0.0034365931221317517,0.01018134564176687,1.0
DenseNet-169,8,s2.d1,4,0.709695452851862,0.784761731448668,0.02730893321260317,0.09565486642453103,0.805
DenseNet-169,8,s2.d1,8,0.8578086085267077,0.906408637882526,0.017264791075609364,0.05361823279768552,0.87
DenseNet-169,8,s2.d1,16,0.9141777737399365,0.9583790072070693,0.01095611792308594,0.04612082812200269,0.94
DenseNet-169,8,s2.d1,32,0.9657315293031759,0.9817136765287071,0.0063966926116894455,0.016279845750996724,1.0
DenseNet-169,8,s2.d1,64,0.9823206702857513,0.992647560599302,0.003389605542286371,0.010403380538522633,1.0
DenseNet-169,9,s2.d2,4,0.719695452851862,0.7851993628535926,0.026308351631794156,0.08342328471036264,0.815
DenseNet-169,9,s2.d2,8,0.8534209417943721,0.9067233719846086,0.01752147384353216,0.05878576844619077,0.875
DenseNet-169,9,s2.d2,16,0.9173755817960577,0.9584179533725756,0.010900243464941771,0.04282304127556669,0.94
DenseNet-169,9,s2.d2,32,0.9650714877271024,0.9818031943249628,0.006297585669189211,0.01704181316028841,1.0
DenseNet-169,9,s2.d2,64,0.981855425030119,0.9926266582194401,0.0034579555890181524,0.010851243113541131,1.0
DenseNet-169,10,s2.d3,4,0.714695452851862,0.7845562053566217,0.027695320469750227,0.08904493015003867,0.81
DenseNet-169,10,s2.d3,8,0.8503822992146384,0.9065490080027027,0.01693969007794936,0.06195661601550928,0.88
DenseNet-169,10,s2.d3,16,0.9154126386396814,0.9580644952943256,0.010984398537639856,0.044518773907325726,0.935
DenseNet-169,10,s2.d3,32,0.9632410463216976,0.9816999631008676,0.006257876539033117,0.018803012603631264,1.0
DenseNet-169,10,s2.d3,64,0.9819874811143174,0.9925818602984982,0.003488037901356805,0.010673557122023891,1.0
DenseNet-169,11,s2.d4,4,0.712526280984975,0.7850336491077033,0.02745896655667374,0.09236211492990498,0.805
DenseNet-169,11,s2.d4,8,0.847217212995089,0.9058570805356713,0.016660980885032522,0.06473412727083394,0.87
DenseNet-169,11,s2.d4,16,0.9140622263417648,0.9581766998590787,0.010762208306681214,0.04604001905264643,0.935
DenseNet-169,11,s2.d4,32,0.9637748203184298,0.9817669698681284,0.006310494717078203,0.018326293409642203,1.0
DenseNet-169,11,s2.d4,64,0.9817796245390695,0.9925709649381085,0.003498868863859636,0.010872109683071174,1.0
DenseNet-169,12,s2.d5,4,0.7156390622295663,0.7843260550446084,0.02795758311334702,0.08757453915149549,0.81
DenseNet-169,12,s2.d5,8,0.8355255347888518,0.9061113195984446,0.016723959980090273,0.07789968327608332,0.86
DenseNet-169,12,s2.d5,16,0.9138438392211924,0.9578685301400813,0.01101197039839197,0.04596109960147732,0.925
DenseNet-169,12,s2.d5,32,0.9640016657972592,0.9817327136207454,0.00633643290603414,0.018060972785649554,1.0
DenseNet-169,12,s2.d5,64,0.9808232928575219,0.9925528850190279,0.003539857244523553,0.011817599181409011,1.0
DenseNet-169,13,s2.d6,4,0.717526280984975,0.783174100043743,0.028969671282983753,0.0838227656597701,0.81
DenseNet-169,13,s2.d6,8,0.8407249532682737,0.9064224888962693,0.016985621195335306,0.0724800371049863,0.87
DenseNet-169,13,s2.d6,16,0.9123989424697547,0.9577085647493746,0.010622913172922424,0.047310449073280525,0.915
DenseNet-169,13,s2.d6,32,0.9629900183425428,0.9816391175649924,0.006509886626247412,0.018997917756893856,1.0
DenseNet-169,13,s2.d6,64,0.9814601560061565,0.9925899386639174,0.003563282864254245,0.011212870717531298,1.0
DenseNet-169,14,s2.d7,4,0.7094134997403836,0.7846334231673368,0.027852760787815428,0.09586632586120569,0.8
DenseNet-169,14,s2.d7,8,0.837747011630697,0.9062794826353938,0.016665504781592344,0.07561957687203669,0.87
DenseNet-169,14,s2.d7,16,0.9120768099915556,0.9579369757652009,0.010651533809518705,0.04787388620948907,0.915
DenseNet-169,14,s2.d7,32,0.9628830375045587,0.9816816136986101,0.006495836110840571,0.019149361597214143,1.0
DenseNet-169,14,s2.d7,64,0.9810444520820317,0.9925867338200238,0.0035499769767066746,0.011628486805954963,1.0
DenseNet-169,15,s2.d8,4,0.7022443278734969,0.7843853781682022,0.02724989805471329,0.10472027217862179,0.79
DenseNet-169,15,s2.d8,8,0.8449445950035372,0.9058702319754114,0.017429373787069997,0.06725647319154637,0.875
DenseNet-169,15,s2.d8,16,0.9135573381737708,0.9577994018832194,0.01091423665705602,0.04619136702576776,0.915
DenseNet-169,15,s2.d8,32,0.962730532729106,0.9816126024261049,0.006502109334185865,0.019235765362354718,1.0
DenseNet-169,15,s2.d8,64,0.9809746346727826,0.9925642404464226,0.003648556513473171,0.011676428891320256,1.0
DenseNet-169,16,s2.d9,4,0.7094134997403836,0.7852014308246414,0.02746513987596937,0.09652036803430575,0.8
DenseNet-169,16,s2.d9,8,0.8485034764264288,0.9058551608041921,0.017438939044264176,0.06331220139745986,0.87
DenseNet-169,16,s2.d9,16,0.9126552727192027,0.9577968855413398,0.010895660531410362,0.04713067405374094,0.91
DenseNet-169,16,s2.d9,32,0.9627952415924917,0.9816252538992924,0.006641899217520971,0.019182485609454902,1.0
DenseNet-169,16,s2.d9,64,0.9809071701937766,0.9925677474472304,0.003636903816080199,0.011747890542931128,1.0
DenseNet-169,17,s2.d10,4,0.6981879372512012,0.7842418817606811,0.027692625887122672,0.10972883049331972,0.785
DenseNet-169,17,s2.d10,8,0.8398420448327264,0.9050166881289533,0.01696096615772993,0.07201485248959338,0.865
DenseNet-169,17,s2.d10,16,0.9112330868410515,0.957579572582632,0.01108986894525861,0.04839961823389993,0.92
DenseNet-169,17,s2.d10,32,0.96164264654383,0.9816684627854593,0.00659388624581763,0.020399775485102634,1.0
DenseNet-169,17,s2.d10,64,0.9800331390148744,0.992566744431418,0.0036251920226940573,0.012627468617965154,1.0
DenseNet-169,18,s2.d11,4,0.6981879372512012,0.7838051148860058,0.026751399741906885,0.10923273656775834,0.785
DenseNet-169,18,s2.d11,8,0.8379025211023596,0.905240248614728,0.017211410864271075,0.07438658147979382,0.86
DenseNet-169,18,s2.d11,16,0.9109383073637397,0.9577096010017874,0.011082327971912349,0.04883661350906765,0.925
DenseNet-169,18,s2.d11,32,0.9609154071962169,0.9816889297846426,0.006696292014623701,0.021161003203920115,1.0
DenseNet-169,18,s2.d11,64,0.9795506256203974,0.9925336929754924,0.0036803615927566364,0.0130807321171873,1.0
DenseNet-169,19,s2.d12,4,0.6934698903626793,0.7848844006677695,0.02699750259886725,0.1164687567077598,0.785
DenseNet-169,19,s2.d12,8,0.8401239979442048,0.9052965630230112,0.017260217392698573,0.07199029328155071,0.87
DenseNet-169,19,s2.d12,16,0.9107701958463068,0.957591787120352,0.011170002212335977,0.04889514708020415,0.925
DenseNet-169,19,s2.d12,32,0.9599344551523424,0.9816028322763427,0.006722811430497067,0.022074485129338073,1.0
DenseNet-169,19,s2.d12,64,0.9797562862896229,0.9925081519286527,0.003693458039558176,0.012848121815675073,1.0
DenseNet-169,20,down2,4,0.5791315466289054,0.783017144570531,0.02771641249714497,0.2603845897313687,0.665
DenseNet-169,20,down2,8,0.7355965804566941,0.9063165573599353,0.014731946422450598,0.18836683001857746,0.685
DenseNet-169,20,down2,16,0.8561341970625611,0.9573962711435762,0.009220568958475893,0.10576819351934708,0.81
DenseNet-169,20,down2,32,0.9262754008200733,0.9808147712767036,0.006122396936673988,0.05560618788972527,0.93
DenseNet-169,20,down2,64,0.972692225595122,0.9922096437508356,0.0035536904899670153,0.019670659601666696,1.0
DenseNet-169,21,s3.d1,4,0.531018765384314,0.7826406783198818,0.029617790264139226,0.3215037499401796,0.615
DenseNet-169,21,s3.d1,8,0.7255765649179398,0.9062176937884479,0.014986726634534108,0.19933524815139825,0.67
DenseNet-169,21,s3.d1,16,0.8464179057880409,0.957018163917998,0.009454541565156181,0.11556756423218095,0.8
DenseNet-169,21,s3.d1,32,0.9197442665470373,0.9807706445479633,0.006212576176246171,0.062222883953722885,0.93
DenseNet-169,21,s3.d1,64,0.9691855562710577,0.9921280051403986,0.0035071149967332202,0.02312448469398276,0.995
DenseNet-169,22,s3.d2,4,0.5419623747620185,0.7818031598851402,0.028483195021286566,0.30677899173285295,0.625
DenseNet-169,22,s3.d2,8,0.7191333865617259,0.9067447052770945,0.015318199643906457,0.2069064397327095,0.65
DenseNet-169,22,s3.d2,16,0.8350815043379214,0.9576266221941634,0.009092171604261939,0.12796753454437215,0.765
DenseNet-169,22,s3.d2,32,0.9140151045280285,0.9807122538715448,0.006451414818688701,0.06800888750009693,0.92
DenseNet-169,22,s3.d2,64,0.9676806065393752,0.9922044535766424,0.0035493961306813106,0.024716525862048977,0.995
DenseNet-169,23,s3.d3,4,0.5247932028951314,0.7824883106695001,0.029505270538014522,0.3293277410800983,0.605
DenseNet-169,23,s3.d3,8,0.7227341172132712,0.9061928018576657,0.016128694356313426,0.2024499469299582,0.655
DenseNet-169,23,s3.d3,16,0.8351457747644421,0.9574471660402017,0.009217613321298638,0.12773696096628728,0.76
DenseNet-169,23,s3.d3,32,0.9117015410231495,0.9808311169019519,0.006255615890186777,0.0704806104614164,0.9
DenseNet-169,23,s3.d3,64,0.9658131725818672,0.9921314316242165,0.003434422471011907,0.02652698846488888,0.995
DenseNet-169,24,s3.d4,4,0.5422443278734967,0.7824873331690674,0.027158377809626856,0.30702478508193665,0.63
DenseNet-169,24,s3.d4,8,0.7332148344782774,0.9063592462419199,0.014806941074854852,0.19103287408558944,0.695
DenseNet-169,24,s3.d4,16,0.8397137704470726,0.9571193688093809,0.009066683286275126,0.12266557567250591,0.775
DenseNet-169,24,s3.d4,32,0.9163979058944284,0.9808217176466434,0.006010860755936625,0.06568350862661543,0.9
DenseNet-169,24,s3.d4,64,0.9675181543321169,0.9921464170813844,0.00339476860121603,0.024823213918079734,0.995
DenseNet-169,25,s3.d5,4,0.5575262809849751,0.7831591378579197,0.02749215625457328,0.28810601315345785,0.65
DenseNet-169,25,s3.d5,8,0.720517027801034,0.9059737749514295,0.015839474761431657,0.20470432177834075,0.69
DenseNet-169,25,s3.d5,16,0.8349333697625119,0.9574550049105727,0.009471479748577222,0.12796594567856945,0.755
DenseNet-169,25,s3.d5,32,0.9109736646930736,0.9807789012024081,0.006204298564377723,0.07117326486505282,0.895
DenseNet-169,25,s3.d5,64,0.9673794850368842,0.9921831579557816,0.003392577999410794,0.02499908683191221,0.995
DenseNet-169,26,s3.d6,4,0.5366804216505401,0.7821857170787522,0.028707634901617263,0.3138708494257689,0.615
DenseNet-169,26,s3.d6,8,0.7256339116483993,0.906043560265622,0.016454391911810813,0.19911807393049907,0.7
DenseNet-169,26,s3.d6,16,0.8368302224549768,0.9573279141237814,0.009373911005796244,0.12586877483781833,0.76
DenseNet-169,26,s3.d6,32,0.9144713818545906,0.980866361342207,0.006211112565070734,0.06769013813131697,0.91
DenseNet-169,26,s3.d6,64,0.9666675404046802,0.9922116096854167,0.003387163876460586,0.025744578103490734,0.995
DenseNet-169,27,s3.d7,4,0.5266804216505401,0.7824281230156571,0.02841519174089,0.3268641474432269,0.605
DenseNet-169,27,s3.d7,8,0.7199465437620235,0.9066451218279726,0.016521901025671172,0.2059224426085573,0.69
DenseNet-169,27,s3.d7,16,0.8354986025772752,0.9574221758011707,0.009198833330558242,0.12734567498592764,0.77
DenseNet-169,27,s3.d7,32,0.9153102840354319,0.9809256911043366,0.006118978876417511,0.06689131262841541,0.905
DenseNet-169,27,s3.d7,64,0.9670713474621092,0.9921843754367626,0.0034163692788935973,0.025310848060471236,0.995
DenseNet-169,28,s3.d8,4,0.5273420779167661,0.7838215064529951,0.02782221869519595,0.32721662575561106,0.6
DenseNet-169,28,s3.d8,8,0.7279445009383545,0.9057432628296582,0.01643168892745152,0.19630150086442555,0.7
DenseNet-169,28,s3.d8,16,0.8356658232073139,0.957241482508934,0.00920957004733578,0.12700625863284765,0.765
DenseNet-169,28,s3.d8,32,0.9132228733135919,0.980878969380742,0.006265772764783545,0.06897496855281082,0.905
DenseNet-169,28,s3.d8,64,0.9675556088813905,0.9921296593843713,0.003442371506892912,0.024768990898053844,0.995
DenseNet-169,29,s3.d9,4,0.5095112497836531,0.7824705289525622,0.027392667943344003,0.3488428880948402,0.585
DenseNet-169,29,s3.d9,8,0.7257971627613671,0.905768165310436,0.016184605247176798,0.1986943342034847,0.7
DenseNet-169,29,s3.d9,16,0.8360828135166019,0.9572152175725945,0.009253763576415986,0.1265466760580476,0.765
DenseNet-169,29,s3.d9,32,0.9125480591807872,0.9808336728998355,0.006365066975147625,0.0696199728922049,0.9
DenseNet-169,29,s3.d9,64,0.967656513839286,0.9921125911176527,0.0034700451896488727,0.024650505897537367,0.995
DenseNet-169,30,s3.d10,4,0.5023420779167661,0.7825232355134937,0.028248316035815894,0.3580483554751853,0.575
DenseNet-169,30,s3.d10,8,0.727407470160799,0.9056805939496654,0.016333779259853198,0.19683884691778453,0.72
DenseNet-169,30,s3.d10,16,0.8365446538014066,0.9574764608526586,0.008866776768151906,0.1263026424101945,0.765
DenseNet-169,30,s3.d10,32,0.9111417630230713,0.9809467420302457,0.0062204687689929265,0.07116082455475659,0.89
DenseNet-169,30,s3.d10,64,0.9666994254901222,0.9921216872947896,0.00346732013369245,0.025624136766918215,0.995
DenseNet-169,31,s3.d11,4,0.5063984685390618,0.7832836491077037,0.02777112495766471,0.3534928641547187,0.58
DenseNet-169,31,s3.d11,8,0.7248774468526673,0.9056332185625783,0.01642780917243035,0.19959048321660133,0.71
DenseNet-169,31,s3.d11,16,0.8352841228106043,0.9574064706874499,0.008854923797538421,0.12755538176920578,0.765
DenseNet-169,31,s3.d11,32,0.9093106039066402,0.9809760568343584,0.00619786897679607,0.07305525188757911,0.885
DenseNet-169,31,s3.d11,64,0.9653106637736846,0.9921320717885238,0.0034486673335210965,0.027034110455161575,0.995
DenseNet-169,32,s3.d12,4,0.48111651542758344,0.7828287616055399,0.02868337088775462,0.3854128271413544,0.55
DenseNet-169,32,s3.d12,8,0.7244418024206715,0.9056207952807768,0.01659148900246462,0.20006054830480446,0.715
DenseNet-169,32,s3.d12,16,0.8353632246400465,0.9573069928503596,0.008933420666458412,0.1273820928093592,0.755
DenseNet-169,32,s3.d12,32,0.9093454845847475,0.9808884900623273,0.006110651226450473,0.0729369405415633,0.875
DenseNet-169,32,s3.d12,64,0.9658295195009181,0.9921333351046675,0.0034600634286598483,0.026512379609716863,0.995
DenseNet-169,33,s3.d13,4,0.4913984685390618,0.7824278970752906,0.029529669329947973,0.3719568660883572,0.565
DenseNet-169,33,s3.d13,8,0.7253854117983758,0.9057346834167981,0.016402539387109803,0.1991193170808827,0.715
DenseNet-169,33,s3.d13,16,0.834733622016816,0.9573018318606471,0.008965512858451747,0.12803507291488514,0.755
DenseNet-169,33,s3.d13,32,0.908616011593725,0.9808759559384421,0.00619749258222799,0.0736687895214877,0.89
DenseNet-169,33,s3.d13,64,0.9668624012250601,0.9921500399205699,0.0034874928156977286,0.025487716250592873,0.995
DenseNet-169,34,s3.d14,4,0.49234207791676615,0.7828514308246415,0.02919244473164557,0.37109129710839006,0.565
DenseNet-169,34,s3.d14,8,0.7230425330722169,0.9062307217836334,0.016535203912948923,0.20214299108163925,0.715
DenseNet-169,34,s3.d14,16,0.8301617269789306,0.9572416672987565,0.00922943978363518,0.13275638186377026,0.75
DenseNet-169,34,s3.d14,32,0.909702470349641,0.9809063637680155,0.0061554176792385186,0.07258989853512077,0.895
DenseNet-169,34,s3.d14,64,0.9657326312483643,0.9921324082917238,0.003479750652933765,0.026609126788646353,0.995
DenseNet-169,35,s3.d15,4,0.4748909529384008,0.7825269195748578,0.03068210700926215,0.39313148077205295,0.54
DenseNet-169,35,s3.d15,8,0.6974249164210907,0.9059509030630865,0.017092186229961812,0.23017360646912988,0.65
DenseNet-169,35,s3.d15,16,0.8199298432765327,0.957154456141816,0.00909696477704379,0.14336726114029763,0.74
DenseNet-169,35,s3.d15,32,0.899210669611948,0.9809717214122251,0.006188460068474261,0.08334700176940113,0.85
DenseNet-169,35,s3.d15,64,0.9614240778084627,0.9920851439810555,0.0034957119905432658,0.030905680181396056,0.995
DenseNet-169,36,s3.d16,4,0.47017290604987916,0.7817232355134937,0.030250065183350223,0.39854300769116224,0.54
DenseNet-169,36,s3.d16,8,0.6992095850056887,0.9058856212084333,0.017092087323785123,0.22814804801410016,0.645
DenseNet-169,36,s3.d16,16,0.8121933705864879,0.9572114033487078,0.009250083852014979,0.15150052773597233,0.715
DenseNet-169,36,s3.d16,32,0.8979407808256152,0.9809097147121428,0.006137678379952604,0.08458366008830442,0.825
DenseNet-169,36,s3.d16,64,0.9598146592107167,0.9921076237614433,0.0034508001212336936,0.03254986029468476,0.995
DenseNet-169,37,s3.d17,4,0.4873420779167661,0.7829532728553237,0.031042158377874787,0.377559179056119,0.56
DenseNet-169,37,s3.d17,8,0.6926922679846172,0.9059244749027296,0.01781215091300537,0.23537525789995617,0.615
DenseNet-169,37,s3.d17,16,0.806540468679393,0.9570812432392922,0.009779298205937845,0.1572915315426996,0.7
DenseNet-169,37,s3.d17,32,0.8945504157616614,0.9808604692231383,0.005995525329986392,0.08799422157346826,0.825
DenseNet-169,37,s3.d17,64,0.9565788021107678,0.9920812791188939,0.0036034546018230878,0.03578585520700195,0.995
DenseNet-169,38,s3.d18,4,0.47611651542758354,0.7843248516038089,0.030730198932090072,0.39296005417397206,0.545
DenseNet-169,38,s3.d18,8,0.6797550117504432,0.9058582925428611,0.017211249406524378,0.2496011601966096,0.595
DenseNet-169,38,s3.d18,16,0.7968894242330523,0.9565794392974541,0.01000294606903288,0.16693858189308752,0.67
DenseNet-169,38,s3.d18,32,0.8891871509108569,0.980908991862929,0.006075259779465771,0.0935069835356237,0.815
DenseNet-169,38,s3.d18,64,0.9525011316689265,0.9920489630828624,0.0036104282324311994,0.0398647978936828,0.99
DenseNet-169,39,s3.d19,4,0.45555260920462687,0.7844579344171203,0.031653439973372034,0.4192771986644276,0.515
DenseNet-169,39,s3.d19,8,0.6673864214041343,0.9058971672395747,0.017336747638175345,0.2632867774189248,0.575
DenseNet-169,39,s3.d19,16,0.7899991749679564,0.9567150445100409,0.009675637053278188,0.17425864733575303,0.655
DenseNet-169,39,s3.d19,32,0.8869656860236124,0.9807020912234603,0.0061269702622910255,0.09558091701722438,0.82
DenseNet-169,39,s3.d19,64,0.9524657978122584,0.9920469971466326,0.0036346123576435564,0.03989851231667385,0.99
DenseNet-169,40,s3.d20,4,0.45338343733773984,0.7850231225433102,0.030695092400199412,0.42245849285448733,0.51
DenseNet-169,40,s3.d20,8,0.6659025576445181,0.9063978000839729,0.017006774529740632,0.2653307878915573,0.57
DenseNet-169,40,s3.d20,16,0.7796899557549701,0.9566575923920866,0.009803741463767501,0.1849853469459386,0.65
DenseNet-169,40,s3.d20,32,0.8819437496123839,0.9807651515608602,0.006044698494317493,0.10075949557465902,0.805
DenseNet-169,40,s3.d20,64,0.9511257553876504,0.9920783232462498,0.0035853675021428185,0.04127957127880344,0.995
DenseNet-169,41,s3.d21,4,0.4296089998269225,0.7848703030121955,0.029093860010264837,0.4526369539296391,0.49
DenseNet-169,41,s3.d21,8,0.6445756088097758,0.906333901757964,0.016687543574299028,0.28880999865554036,0.56
DenseNet-169,41,s3.d21,16,0.7702218809876098,0.9564828402539588,0.010052020051089624,0.1947352858070034,0.65
DenseNet-169,41,s3.d21,32,0.875658687338979,0.9807370027513309,0.006115852679568237,0.10714219522417145,0.79
DenseNet-169,41,s3.d21,64,0.9474388770814275,0.9921003729567193,0.003607132385485336,0.04501711428873756,0.985
DenseNet-169,42,s3.d22,4,0.4398909529384008,0.7856014308246415,0.028906677057241596,0.44005836079416294,0.505
DenseNet-169,42,s3.d22,8,0.6356322241045951,0.9065094341200423,0.017086601407965498,0.29881344839879176,0.55
DenseNet-169,42,s3.d22,16,0.7675817250404015,0.9563076710634937,0.009929743035868698,0.1973485644146442,0.635
DenseNet-169,42,s3.d22,32,0.8741356319004122,0.9807298859533782,0.006218465521665874,0.10868869765230471,0.78
DenseNet-169,42,s3.d22,64,0.9472745571742172,0.9920847764087888,0.0035818829741783675,0.045167731931920696,0.985
DenseNet-169,43,s3.d23,4,0.4339473435606965,0.7851269195748578,0.02997570618238784,0.4472901988946236,0.5
DenseNet-169,43,s3.d23,8,0.6340658257129221,0.9062013127380263,0.01744229472657592,0.30030356743013875,0.545
DenseNet-169,43,s3.d23,16,0.7671056518185986,0.9563629573200058,0.009993012310762573,0.19789276032998881,0.645
DenseNet-169,43,s3.d23,32,0.8692573740000159,0.9807830306854156,0.006111689828964137,0.11371083429885664,0.765
DenseNet-169,43,s3.d23,64,0.9456084057202727,0.992077075876079,0.0035341220651606397,0.04683977816418239,0.975
DenseNet-169,44,s3.d24,4,0.42394734356069647,0.7837022953548908,0.03142407983131306,0.4590454231492117,0.49
DenseNet-169,44,s3.d24,8,0.629689778552142,0.90553849687454,0.016988766282598284,0.3046239549996913,0.565
DenseNet-169,44,s3.d24,16,0.761756979743973,0.9563460716274926,0.010028806609411632,0.20347141861770957,0.63
DenseNet-169,44,s3.d24,32,0.8647835885607478,0.9804437671836598,0.0062851151871651835,0.11796717210528829,0.745
DenseNet-169,44,s3.d24,64,0.9428031294799223,0.9921042080128654,0.0035640766897525222,0.049693447658780365,0.98
DenseNet-169,45,s3.d25,4,0.4270601248052878,0.7838259420744251,0.0312860677988705,0.4551594915638324,0.495
DenseNet-169,45,s3.d25,8,0.6271056321179074,0.9054258488547724,0.016698980037865217,0.30739150764129197,0.55
DenseNet-169,45,s3.d25,16,0.7614407399543294,0.9563154249707683,0.010221258826373043,0.20377657823766215,0.625
DenseNet-169,45,s3.d25,32,0.8628828145804144,0.9804920990004559,0.006286584159513233,0.11994924236506954,0.74
DenseNet-169,45,s3.d25,64,0.942597241866119,0.9920929547751721,0.0035368850719922876,0.04989019695263308,0.98
DenseNet-169,46,s3.d26,4,0.42394734356069647,0.7829552278561889,0.029771810391881107,0.45852926389992,0.49
DenseNet-169,46,s3.d26,8,0.6239728353345616,0.9049845784766585,0.016744972300720553,0.310515504711824,0.54
DenseNet-169,46,s3.d26,16,0.7561362108888983,0.9561993148463901,0.009948504327010882,0.2092274077707651,0.615
DenseNet-169,46,s3.d26,32,0.8582075918903034,0.980432827790664,0.0061783327203006515,0.1246645689901944,0.725
DenseNet-169,46,s3.d26,64,0.9415616471890264,0.992100623694188,0.00352066716760002,0.050941381648339945,0.98
DenseNet-169,47,s3.d27,4,0.4167781716938095,0.7837929722312971,0.03005925271389064,0.4682547733142747,0.48
DenseNet-169,47,s3.d27,8,0.6084630522377081,0.9047885669664892,0.016708214117418813,0.32750802292106784,0.52
DenseNet-169,47,s3.d27,16,0.7479204876700786,0.9561038810088717,0.009814359578422634,0.21774139554701943,0.605
DenseNet-169,47,s3.d27,32,0.8560659793953482,0.9803772138172638,0.006166466909933698,0.1267993917748138,0.735
DenseNet-169,47,s3.d27,64,0.9410924287367259,0.9921302589912889,0.0035168922309310544,0.05144267075016318,0.985
DenseNet-169,48,s3.d28,4,0.4130037341829922,0.7838627089491006,0.030309664613491057,0.47311725705552066,0.48
DenseNet-169,48,s3.d28,8,0.6121140280851063,0.904661051937627,0.01708453794670762,0.32337749395305104,0.525
DenseNet-169,48,s3.d28,16,0.7450636545927347,0.9561603523124547,0.00978001436109685,0.2207754140915661,0.59
DenseNet-169,48,s3.d28,32,0.8546225535781937,0.9803172240420589,0.006209115593497293,0.1282183637920784,0.73
DenseNet-169,48,s3.d28,64,0.9400368335136653,0.9921196054751698,0.0034545864281303653,0.052496464815408705,0.98
DenseNet-169,49,s3.d29,4,0.4130037341829922,0.7830127089491006,0.030711161755702824,0.47254529912126964,0.48
DenseNet-169,49,s3.d29,8,0.5949364602510204,0.9048104500231992,0.017130247740898205,0.34247392894747586,0.515
DenseNet-169,49,s3.d29,16,0.738500698216601,0.9561551837430248,0.00986813034253679,0.2276351048732277,0.59
DenseNet-169,49,s3.d29,32,0.8485904015594753,0.9803455402313459,0.006159339604107819,0.134396631865922,0.705
DenseNet-169,49,s3.d29,64,0.9378768994126512,0.9920758264766202,0.0034429106132763806,0.0546318392379922,0.98
DenseNet-169,50,s3.d30,4,0.4080037341829922,0.7823986112935266,0.031222060953118896,0.4785219090452546,0.475
DenseNet-169,50,s3.d30,8,0.5882552377910872,0.9047637277273499,0.017089473025504613,0.34982446824132896,0.505
DenseNet-169,50,s3.d30,16,0.7254174251854423,0.956032149537495,0.009922211798218936,0.24122067909914802,0.575
DenseNet-169,50,s3.d30,32,0.8454672759169414,0.9803752138992797,0.006097693932503327,0.13760847486725458,0.71
DenseNet-169,50,s3.d30,64,0.9365697465625012,0.9920503203445893,0.0034325854527102084,0.055925160895887616,0.98
DenseNet-169,51,s3.d31,4,0.39677817169380947,0.7829883106695001,0.031954769652249006,0.49325147478314046,0.46
DenseNet-169,51,s3.d31,8,0.5801642902363955,0.9046086389761626,0.016819356582601506,0.3586571416197989,0.5
DenseNet-169,51,s3.d31,16,0.7203912907518234,0.9562016917960544,0.009754928470796953,0.2466115706209463,0.575
DenseNet-169,51,s3.d31,32,0.8415502704854733,0.9802901628866242,0.00622188679209684,0.14152941409980968,0.69
DenseNet-169,51,s3.d31,64,0.9350789150233392,0.9920338882836824,0.00336916948397143,0.057412326265266045,0.97
DenseNet-169,52,s3.d32,4,0.39555260920462687,0.7824354911383855,0.03218147136848728,0.49445978143306457,0.455
DenseNet-169,52,s3.d32,8,0.5819908080496472,0.9049855587760476,0.01647098704897646,0.35690597224914433,0.505
DenseNet-169,52,s3.d32,16,0.7160562859736236,0.9560750790255219,0.009896553894684634,0.2510459673277303,0.57
DenseNet-169,52,s3.d32,32,0.8401021895192549,0.9802592364001788,0.006252693662330207,0.14297957282771934,0.69
DenseNet-169,52,s3.d32,64,0.9342868171254579,0.9920271538415716,0.00334669942827769,0.05820439137428579,0.965
DenseNet-169,53,down3,4,0.18980449991346127,0.7861268066046746,0.032461816655934644,0.7585574002580608,0.22
DenseNet-169,53,down3,8,0.28685707758605583,0.9039679095503055,0.016939678731936088,0.6826689592014855,0.195
DenseNet-169,53,down3,16,0.4024863117502948,0.9552923312640753,0.010048487109305525,0.5786773340703875,0.245
DenseNet-169,53,down3,32,0.567135129094017,0.9795706633562896,0.006029188750263122,0.42103704172718937,0.32
DenseNet-169,53,down3,64,0.7757188319775611,0.9917578431236356,0.0029408151667325907,0.21783443674681624,0.515
DenseNet-169,54,s4.d1,4,0.17169171866886995,0.7847154155100321,0.031635617038568674,0.7812051155420752,0.2
DenseNet-169,54,s4.d1,8,0.24947285913060027,0.9050529698151649,0.01657484762568837,0.7243555156981043,0.19
DenseNet-169,54,s4.d1,16,0.3477681399236564,0.9554538912369464,0.01073181294440743,0.6360178726433046,0.2
DenseNet-169,54,s4.d1,32,0.5174680939841226,0.9794316391224863,0.006260493190621401,0.471664919414137,0.27
DenseNet-169,54,s4.d1,64,0.7368819035819711,0.9918307963912938,0.0030461332285574437,0.2570487766027594,0.45
DenseNet-169,55,s4.d2,4,0.15357893742427858,0.7842268066046745,0.030157472778836045,0.8041651520569647,0.18
DenseNet-169,55,s4.d2,8,0.23929411051582672,0.9042521494216461,0.016668195472330498,0.7353679383909923,0.16
DenseNet-169,55,s4.d2,16,0.34042017189234025,0.9558127766782981,0.010867579930219655,0.6438422040398013,0.185
DenseNet-169,55,s4.d2,32,0.504608269082491,0.979334549870116,0.006636973200420111,0.4847437281270077,0.255
DenseNet-169,55,s4.d2,64,0.723461159695415,0.9918796643006246,0.0029942310061495713,0.2706159973493072,0.435
DenseNet-169,56,s4.d3,4,0.1292405936905046,0.7842606409780521,0.02956592804531984,0.8352070894067455,0.15
DenseNet-169,56,s4.d3,8,0.2204771694504616,0.9043702727112785,0.016556090667684382,0.7562091810144568,0.155
DenseNet-169,56,s4.d3,16,0.32572131647310515,0.9558449468192914,0.010983318359799894,0.6592320568759727,0.18
DenseNet-169,56,s4.d3,32,0.4904679788564247,0.9795905506838913,0.006572807511970439,0.49931328092741467,0.27
DenseNet-169,56,s4.d3,64,0.7159458796386826,0.9919454119999591,0.003007351167139785,0.27824064613072463,0.415
DenseNet-169,57,s4.d4,4,0.10924059369050461,0.7842852651980188,0.030829389442750814,0.8607131887618427,0.13
DenseNet-169,57,s4.d4,8,0.18822158502126787,0.9043512017629267,0.016503941016445426,0.79187113960334,0.115
DenseNet-169,57,s4.d4,16,0.29021513957110073,0.9555020066295188,0.010801173640184633,0.6962694609142488,0.145
DenseNet-169,57,s4.d4,32,0.4373664984514544,0.9792818117318166,0.006882542423146478,0.553380351588486,0.2
DenseNet-169,57,s4.d4,64,0.6708704354259207,0.9919142981060834,0.003289117777677847,0.3236608881363535,0.35
DenseNet-169,58,s4.d5,4,0.08990224995673063,0.7837277841051074,0.03001426279669678,0.8852889335046547,0.105
DenseNet-169,58,s4.d5,8,0.16657381582278977,0.9047987267237051,0.016376359199650647,0.8158995908118074,0.11
DenseNet-169,58,s4.d5,16,0.2738969104349251,0.9561181903281798,0.010363235000596086,0.7135323716193369,0.15
DenseNet-169,58,s4.d5,32,0.41594461258043663,0.9793933791585124,0.007022832784096753,0.5753038345656235,0.185
DenseNet-169,58,s4.d5,64,0.6556989851713658,0.9919834909028548,0.0031906466378599833,0.3390021193048478,0.325
DenseNet-169,59,s4.d6,4,0.08584585933443495,0.7836959047325952,0.026475474917015882,0.8904602425302626,0.1
DenseNet-169,59,s4.d6,8,0.18203852608663296,0.9042047506914866,0.017099793643178585,0.7986755478254015,0.095
DenseNet-169,59,s4.d6,16,0.2734657322075868,0.9560213092636575,0.010479857479521121,0.7139543548268663,0.15
DenseNet-169,59,s4.d6,32,0.41537107899728853,0.9795125790473945,0.006961227474967639,0.575941046718104,0.195
DenseNet-169,59,s4.d6,64,0.6499638168946568,0.991913301848844,0.0032466131978850575,0.34473727120789865,0.305
DenseNet-169,60,s4.d7,4,0.07867668746754798,0.7838174834810809,0.027655874966927476,0.8996237145436843,0.09
DenseNet-169,60,s4.d7,8,0.17794145006093465,0.9039477585428196,0.01656247537980769,0.8031507369985855,0.1
DenseNet-169,60,s4.d7,16,0.2732298888455052,0.9561541825305627,0.010341476962800423,0.7142407638458752,0.145
DenseNet-169,60,s4.d7,32,0.4074480070325333,0.9795103458304978,0.007053175209830112,0.5840288887535228,0.2
DenseNet-169,60,s4.d7,64,0.6463213613248956,0.9918887990247691,0.003290968402134888,0.34839332598537,0.3
DenseNet-169,61,s4.d8,4,0.07367668746754798,0.7842457917624117,0.027932680177022058,0.906054086306314,0.085
DenseNet-169,61,s4.d8,8,0.1722779756435635,0.9041227177000275,0.01709114272558835,0.8094528848010626,0.1
DenseNet-169,61,s4.d8,16,0.2719672390527973,0.9560680092508284,0.010478928193981163,0.7155356769379724,0.145
DenseNet-169,61,s4.d8,32,0.4077549767688646,0.9794294259788843,0.007057050886553299,0.5836811045764358,0.19
DenseNet-169,61,s4.d8,64,0.6453661073209891,0.9918833017166563,0.0032746700386737672,0.3493527855504257,0.32
DenseNet-169,62,s4.d9,4,0.07367668746754798,0.7842098894179859,0.028344077313716205,0.9060497853167494,0.085
DenseNet-169,62,s4.d9,8,0.16595942277602022,0.9047329502883754,0.015987457703572548,0.8165652939653385,0.095
DenseNet-169,62,s4.d9,16,0.27065115163545905,0.9560292616133877,0.010453650346434048,0.7169007660092849,0.15
DenseNet-169,62,s4.d9,32,0.40752381654069675,0.9794558136948762,0.007008182019605494,0.5839283295451957,0.19
DenseNet-169,62,s4.d9,64,0.6456744286365803,0.9918896601919432,0.003313567587137149,0.3490461141497996,0.31
DenseNet-169,63,s4.d10,4,0.06462029684525232,0.7844353781682023,0.027590025028953215,0.9176218989559697,0.075
DenseNet-169,63,s4.d10,8,0.1306484038326947,0.9046788572947568,0.016461433803206617,0.8555858769338658,0.08
DenseNet-169,63,s4.d10,16,0.23097338905986875,0.9559318334584063,0.010508269776147489,0.7583788080116084,0.12
DenseNet-169,63,s4.d10,32,0.35474259987619716,0.9792809536020673,0.0073278697314947076,0.63775196630614,0.14
DenseNet-169,63,s4.d10,64,0.5898900703342222,0.9919029558306803,0.0034762902818693967,0.4052945735601603,0.265
DenseNet-169,64,s4.d11,4,0.06462029684525232,0.784219325511763,0.028386149193844704,0.9175992037647343,0.075
DenseNet-169,64,s4.d11,8,0.12177915779237161,0.9044166404491673,0.01693517412467359,0.8653506002146405,0.08
DenseNet-169,64,s4.d11,16,0.2249537869239687,0.9560518119927004,0.010406398719505492,0.764705443677684,0.12
DenseNet-169,64,s4.d11,32,0.3509945917478097,0.9792971246809913,0.007321401567973104,0.6415851911521264,0.135
DenseNet-169,64,s4.d11,64,0.5853089226696375,0.9918920481115723,0.0035439082811111154,0.40990662866590555,0.26
DenseNet-169,65,s4.d12,4,0.05245112497836532,0.7835504533242087,0.02865807778617342,0.9330596711981447,0.06
DenseNet-169,65,s4.d12,8,0.11615636877840307,0.9043780049495781,0.017068899453237203,0.8715621475282571,0.07
DenseNet-169,65,s4.d12,16,0.21816328262369503,0.9559812898339846,0.01053748708532773,0.7717912631307029,0.095
DenseNet-169,65,s4.d12,32,0.3448974080801557,0.9793422733066989,0.007409901935273883,0.6478275088487426,0.135
DenseNet-169,65,s4.d12,64,0.579214791719289,0.9919026770887867,0.0035609393214699717,0.4160568318867006,0.255
DenseNet-169,66,s4.d13,4,0.05556390622295664,0.7839984983233435,0.028054653461063974,0.9291275348845879,0.065
DenseNet-169,66,s4.d13,8,0.11100925527393929,0.9049615721535786,0.016734081925135404,0.8773326308102062,0.065
DenseNet-169,66,s4.d13,16,0.20386965697966006,0.955885915062407,0.010806087851473889,0.7867217690237125,0.085
DenseNet-169,66,s4.d13,32,0.3313282492184671,0.9792324970568658,0.007560833607070628,0.6616449615241616,0.125
DenseNet-169,66,s4.d13,64,0.5639825721580715,0.9918937940146688,0.0036669359607866647,0.43140830645248407,0.25
DenseNet-169,67,s4.d14,4,0.05556390622295664,0.7845173705108973,0.02766210584588453,0.9291744092463217,0.065
DenseNet-169,67,s4.d14,8,0.11470297630384522,0.905059592570135,0.0168454695103312,0.8732647250573651,0.065
DenseNet-169,67,s4.d14,16,0.20701396247946977,0.9556975364336927,0.010806416043541022,0.7833896660946006,0.1
DenseNet-169,67,s4.d14,32,0.32997962628215677,0.9792578461088923,0.007563360463034324,0.6630309089752615,0.12
DenseNet-169,67,s4.d14,64,0.563768994748105,0.9919060207929816,0.003667179178727415,0.4316306354331849,0.255
DenseNet-169,68,s4.d15,4,0.05556390622295664,0.7847127089491006,0.02843403943543943,0.929192039851924,0.065
DenseNet-169,68,s4.d15,8,0.11032576531781375,0.9049258107296388,0.016857728450201354,0.878083082602254,0.065
DenseNet-169,68,s4.d15,16,0.20685339043191803,0.9558446592951517,0.010693923225516856,0.7835909962771006,0.095
DenseNet-169,68,s4.d15,32,0.3298178457622975,0.97931039611789,0.007438990931234393,0.6632141892195396,0.12
DenseNet-169,68,s4.d15,64,0.5626276279349254,0.9919102597019234,0.0036638590268577758,0.43278373982743223,0.25
DenseNet-169,69,s4.d16,4,0.05556390622295664,0.7838749645739924,0.028630735295603657,0.9291163658311838,0.065
DenseNet-169,69,s4.d16,8,0.1123801131164406,0.9048481600174764,0.016731379605538527,0.8758022416553624,0.07
DenseNet-169,69,s4.d16,16,0.20796451144333317,0.9558513527867062,0.010718399081764047,0.7824300704947169,0.09
DenseNet-169,69,s4.d16,32,0.3265891913646178,0.9792326152255,0.007556379530459801,0.6664845652741969,0.12
DenseNet-169,69,s4.d16,64,0.5616347556427626,0.9919028284103821,0.0036643120708173597,0.433780467646377,0.245
DenseNet-169,70,s4.d17,4,0.05556390622295664,0.7842514308246414,0.028360529395766547,0.9291503922861434,0.065
DenseNet-169,70,s4.d17,8,0.11166433372411143,0.9050266294124582,0.01661967349773712,0.8766176263823268,0.07
DenseNet-169,70,s4.d17,16,0.20545831906706283,0.955898127459494,0.010683667815554309,0.7850625363048751,0.09
DenseNet-169,70,s4.d17,32,0.3278356240359838,0.979217156692322,0.007538544777752912,0.6652064133114526,0.12
DenseNet-169,70,s4.d17,64,0.5605122335901429,0.9918880440844537,0.0036726306922204954,0.4349037303826818,0.245
DenseNet-169,71,s4.d18,4,0.05150751560066098,0.7839976337930941,0.028355423045483146,0.9343014399782559,0.06
DenseNet-169,71,s4.d18,8,0.11166433372411143,0.9048297577834028,0.016735503887576858,0.8765907810131488,0.07
DenseNet-169,71,s4.d18,16,0.20591436162830581,0.9558752069863998,0.01057476119654836,0.7845802881764298,0.085
DenseNet-169,71,s4.d18,32,0.3277842174096209,0.979223767864251,0.007530324602616702,0.6652611709736795,0.115
DenseNet-169,71,s4.d18,64,0.5596786774286457,0.9918786003984517,0.003691637912481074,0.4357387313287988,0.24
DenseNet-169,72,s4.d19,4,0.04245112497836532,0.7836881976993171,0.027694275997341155,0.9458316137680909,0.05
DenseNet-169,72,s4.d19,8,0.10894651150811345,0.9047317881890278,0.016660858860011896,0.879581426307361,0.07
DenseNet-169,72,s4.d19,16,0.2067341036714911,0.9557562052583656,0.010730967248367931,0.7836957766697361,0.085
DenseNet-169,72,s4.d19,32,0.3268287840563011,0.9792308524822773,0.007529012673403672,0.6662392905331623,0.115
DenseNet-169,72,s4.d19,64,0.5588091088088735,0.9918728160412731,0.003697564492822369,0.43661213436701274,0.24
DenseNet-169,73,s4.d20,4,0.04245112497836532,0.7838080473873036,0.02832653198865656,0.9458398964901302,0.05
DenseNet-169,73,s4.d20,8,0.11166433372411146,0.9047257965548642,0.016718777444701134,0.8765766001706574,0.07
DenseNet-169,73,s4.d20,16,0.20365318185727296,0.955848157432833,0.010803598456420083,0.7869398185542,0.085
DenseNet-169,73,s4.d20,32,0.3261088930557666,0.9792965765427348,0.00751349275114843,0.6669968006964274,0.115
DenseNet-169,73,s4.d20,64,0.558341520704686,0.9918839461754325,0.003683556077912997,0.43708987038496405,0.24
DenseNet-169,74,s4.d21,4,0.04245112497836532,0.7837325586370877,0.028401775279701183,0.9458346798145174,0.05
DenseNet-169,74,s4.d21,8,0.11166433372411143,0.904682293057266,0.01676066559690052,0.8765706651041493,0.07
DenseNet-169,74,s4.d21,16,0.20476430286868813,0.9557602297207708,0.010785504643251776,0.7857576654675087,0.08
DenseNet-169,74,s4.d21,32,0.32610553385015545,0.9792836721685586,0.007522442030647253,0.666995842861327,0.11
DenseNet-169,74,s4.d21,64,0.5583354923660256,0.9918832485831816,0.003683696801794053,0.43709555215943097,0.24
DenseNet-169,75,s4.d22,4,0.04245112497836532,0.7838325586370875,0.02768457536197938,0.9458415901322362,0.05
DenseNet-169,75,s4.d22,8,0.1021722986698198,0.9048716131248818,0.01691974544281637,0.8870864140416802,0.065
DenseNet-169,75,s4.d22,16,0.2029862746372876,0.9557969889406379,0.010831072076699436,0.7876261622645742,0.075
DenseNet-169,75,s4.d22,32,0.3262636590483061,0.9792364052789653,0.007541576649910229,0.6668182909770802,0.115
DenseNet-169,75,s4.d22,64,0.5569567526193091,0.9918858002442162,0.00367599347291978,0.4384870188864701,0.24
DenseNet-169,76,s4.d23,4,0.04245112497836532,0.7837466562926612,0.02767902123434254,0.9458356541140847,0.05
DenseNet-169,76,s4.d23,8,0.1035108670761175,0.9048115998414471,0.017086055923849056,0.8855995357550057,0.07
DenseNet-169,76,s4.d23,16,0.2001887032927874,0.9558573451321156,0.010808735052673126,0.7905663388869832,0.08
DenseNet-169,76,s4.d23,32,0.3250315858351436,0.9792549025412596,0.0076049921167659525,0.6680827586447046,0.115
DenseNet-169,76,s4.d23,64,0.5572221834884568,0.991891838065955,0.0036865616987451517,0.438222836297394,0.24
DenseNet-169,77,s4.d24,4,0.03839473435606965,0.7838325586370875,0.02747668619166388,0.9510166630194213,0.045
DenseNet-169,77,s4.d24,8,0.1035108670761175,0.904874471293107,0.0170074872658251,0.8856074843970394,0.07
DenseNet-169,77,s4.d24,16,0.19888520982624766,0.9559020056539825,0.010932142547696273,0.7919397504661789,0.08
DenseNet-169,77,s4.d24,32,0.32468128743795893,0.9792584488722516,0.007600212739453955,0.668441678688733,0.115
DenseNet-169,77,s4.d24,64,0.5557909694215436,0.9919032440357721,0.003679911608991033,0.4396721930657387,0.24
DenseNet-169,78,s4.d25,4,0.03839473435606965,0.783571167542445,0.027620533577792112,0.9510003226937395,0.045
DenseNet-169,78,s4.d25,8,0.10466229090044261,0.9050801102131448,0.016751038189298715,0.8843612960671572,0.065
DenseNet-169,78,s4.d25,16,0.19597947784729186,0.955813143581484,0.010862263443633112,0.7949604698749526,0.085
DenseNet-169,78,s4.d25,32,0.3233789405607007,0.979268480526212,0.007614587294599595,0.6697749932817889,0.115
DenseNet-169,78,s4.d25,64,0.5554704316828356,0.991897443293234,0.0036808000125742803,0.43999207232695503,0.24
DenseNet-169,79,s4.d26,4,0.04245112497836532,0.7837749645739924,0.02775437247140413,0.9458376104148224,0.05
DenseNet-169,79,s4.d26,8,0.10260794310181577,0.9050201743461231,0.01681951757713294,0.8866235847438981,0.06
DenseNet-169,79,s4.d26,16,0.19616738761024965,0.9557325579683636,0.0108446088917735,0.794746567986289,0.08
DenseNet-169,79,s4.d26,32,0.32172435780733855,0.9793101100014647,0.0076037214941670535,0.6714785699426127,0.115
DenseNet-169,79,s4.d26,64,0.5546729976370586,0.9919039789252971,0.0036838790188404753,0.4407997049895568,0.24
DenseNet-169,80,s4.d27,4,0.04245112497836532,0.7836674834810807,0.027739394152968055,0.9458301819672346,0.05
DenseNet-169,80,s4.d27,8,0.1018921637094866,0.9049668408669893,0.016934042388645078,0.8874078484335731,0.06
DenseNet-169,80,s4.d27,16,0.19801381010716435,0.9557501873060472,0.01087763572055006,0.7928184448853715,0.08
DenseNet-169,80,s4.d27,32,0.3225061885917876,0.9792610469219971,0.007606232342816121,0.6706637217874789,0.115
DenseNet-169,80,s4.d27,64,0.5543039673620173,0.9919034854506238,0.0036703538677416003,0.4411714693086336,0.24
DenseNet-169,81,s4.d28,4,0.04245112497836532,0.7831589119175532,0.027479802840986462,0.9457950049059336,0.05
DenseNet-169,81,s4.d28,8,0.09806360307256615,0.9050040080524397,0.01697830479447599,0.8916429074346333,0.055
DenseNet-169,81,s4.d28,16,0.19638386273263678,0.9556102149241907,0.01082100367555607,0.7944937594161067,0.08
DenseNet-169,81,s4.d28,32,0.31954955591390044,0.9792640011024054,0.007640438664549917,0.673683954935372,0.11
DenseNet-169,81,s4.d28,64,0.5515230186812216,0.9919000620255857,0.003664811072917407,0.44397319871626817,0.24
DenseNet-169,82,s4.d29,4,0.04245112497836532,0.7831456787922286,0.02749522307248961,0.945794088982482,0.05
DenseNet-169,82,s4.d29,8,0.09806360307256615,0.904791570453672,0.01712227269292861,0.8916174660829388,0.055
DenseNet-169,82,s4.d29,16,0.1930255798541772,0.9555282927243189,0.010776425338028904,0.7979907226987079,0.08
DenseNet-169,82,s4.d29,32,0.3149668220274545,0.9792620881496097,0.007621405342848717,0.6783631002987072,0.11
DenseNet-169,82,s4.d29,64,0.5488501296029777,0.9919156041222865,0.0036608414577729955,0.4466765848606271,0.24
DenseNet-169,83,s4.d30,4,0.04245112497836532,0.782971167542445,0.02741494373108602,0.9457820073865439,0.05
DenseNet-169,83,s4.d30,8,0.09806360307256615,0.9048721570348568,0.017230243890055116,0.8916271184717328,0.055
DenseNet-169,83,s4.d30,16,0.19000056111479446,0.9555403926910944,0.010883671505496522,0.801159048253633,0.075
DenseNet-169,83,s4.d30,32,0.31302636782966325,0.9792603707016161,0.007610266008004354,0.6803440870323512,0.11
DenseNet-169,83,s4.d30,64,0.5487478007329892,0.991909339297585,0.0036729954024294497,0.446776253642715,0.24
DenseNet-169,84,s4.d31,4,0.04245112497836532,0.7830466562926612,0.0276033333739065,0.9457872342123899,0.05
DenseNet-169,84,s4.d31,8,0.10078142528856411,0.9049755084330678,0.01694649822501347,0.8886362952926058,0.055
DenseNet-169,84,s4.d31,16,0.18896918923188152,0.95541636544176,0.01099141953567993,0.8022127356542537,0.075
DenseNet-169,84,s4.d31,32,0.3132894532811072,0.9792823265919682,0.007642488738597382,0.6800826025612084,0.11
DenseNet-169,84,s4.d31,64,0.5488863488565855,0.9919124203068265,0.0036731372199737735,0.4466382942490029,0.24
DenseNet-169,85,s4.d32,4,0.03839473435606965,0.783480603636222,0.027665557391082386,0.9509946587345298,0.045
DenseNet-169,85,s4.d32,8,0.10078142528856411,0.9048192083637007,0.017040153288094193,0.8886170581294136,0.055
DenseNet-169,85,s4.d32,16,0.19020822538595772,0.9554545066786302,0.011107100527455805,0.8009238283388674,0.075
DenseNet-169,85,s4.d32,32,0.3118898993419366,0.9793213673544402,0.007703899958690908,0.6815244620011889,0.11
DenseNet-169,85,s4.d32,64,0.5444444309987905,0.9919144352812086,0.003655395626966544,0.45111754438331164,0.245
DenseNet-169,86,final_norm_relu,4,0.031225562489182658,0.778435265198019,0.028815316250033703,0.959886757595393,0.035
DenseNet-169,86,final_norm_relu,8,0.06381941354240406,0.9023179473615939,0.0178314363530604,0.9292717010350797,0.03
DenseNet-169,86,final_norm_relu,16,0.07968739912437939,0.9555527497060551,0.010848214310338531,0.9166059653442548,0.035
DenseNet-169,86,final_norm_relu,32,0.14098264637607444,0.979985463097286,0.007108772073241639,0.8561380227717943,0.045
DenseNet-169,86,final_norm_relu,64,0.2887170404046656,0.992093991883281,0.004554227548658669,0.7089821702713901,0.075
DenseNet-201,0,stem,4,0.7599774059633404,0.7832091378579199,0.028397874613352254,0.02966223294855619,0.86
DenseNet-201,0,stem,8,0.9008872821839503,0.9046637928384499,0.018774562520238007,0.004174490771483685,0.915
DenseNet-201,0,stem,16,0.9444467126901318,0.9574264200249533,0.01082457490841062,0.013556871905084034,0.975
DenseNet-201,0,stem,32,0.9690544879411281,0.9812861135125084,0.006583879282819061,0.012464892148118967,1.0
DenseNet-201,0,stem,64,0.9845114446687352,0.992431977750185,0.003121105915594909,0.007980932959662845,1.0
DenseNet-201,1,s1.d1,4,0.7522443278734966,0.7838655284802154,0.026357484022996126,0.04034008316200233,0.84
DenseNet-201,1,s1.d1,8,0.8866449108049334,0.906216497951116,0.017857087364972307,0.021597032486643686,0.91
DenseNet-201,1,s1.d1,16,0.938841246200794,0.957116532499501,0.009721219161883874,0.019094107852239528,0.95
DenseNet-201,1,s1.d1,32,0.9748259299579487,0.9807835522076204,0.006484628630899631,0.006074349673036217,1.0
DenseNet-201,1,s1.d1,64,0.9908988317346492,0.9923211362882669,0.003779665900475573,0.0014333107515352994,1.0
DenseNet-201,2,s1.d2,4,0.7510187653843141,0.7808543633259394,0.028282448808813702,0.038208914930749405,0.835
DenseNet-201,2,s1.d2,8,0.8830414802675844,0.9041253934360752,0.017373357010287655,0.023319678134868682,0.92
DenseNet-201,2,s1.d2,16,0.9338890802542957,0.9564536537511895,0.009795037107651764,0.023591915205087077,0.945
DenseNet-201,2,s1.d2,32,0.9775231284939475,0.9806209171507985,0.006411539977480154,0.0031590073214546877,1.0
DenseNet-201,2,s1.d2,64,0.9890399264177914,0.9923412008647913,0.003728067340775997,0.0033267533829322016,1.0
DenseNet-201,3,s1.d3,4,0.744695452851862,0.783881355196288,0.028696513828286443,0.049989583352972655,0.84
DenseNet-201,3,s1.d3,8,0.8708077295282902,0.9048469057839569,0.016826614037786687,0.037618713218867894,0.905
DenseNet-201,3,s1.d3,16,0.9311157467668798,0.9562930061081283,0.01000763730031493,0.026327976028721167,0.94
DenseNet-201,3,s1.d3,32,0.977530195992962,0.9805821437614148,0.00659310685735585,0.0031123835854749426,1.0
DenseNet-201,3,s1.d3,64,0.9895055108191897,0.9922702079874354,0.0036743129963537216,0.002786234178947189,1.0
DenseNet-201,4,s1.d4,4,0.746864624718749,0.7833238741033763,0.028236713703928988,0.046544284669428726,0.845
DenseNet-201,4,s1.d4,8,0.8716571847023826,0.9050447113235329,0.016748535774770236,0.036890472043446976,0.89
DenseNet-201,4,s1.d4,16,0.9315835000523353,0.9562330648702013,0.009859823756643332,0.025777779208264406,0.935
DenseNet-201,4,s1.d4,32,0.9760575189965656,0.9804924307014702,0.006520940176631672,0.004523147314591469,1.0
DenseNet-201,4,s1.d4,64,0.9896756430146187,0.9922861648284187,0.003642260302607176,0.002630815490863303,1.0
DenseNet-201,5,s1.d5,4,0.746864624718749,0.7821879717589504,0.027171913774374813,0.04515966534331606,0.845
DenseNet-201,5,s1.d5,8,0.876136945859225,0.905262568132799,0.017199834197004566,0.032173673472050024,0.895
DenseNet-201,5,s1.d5,16,0.9304949052591265,0.9562611751764222,0.009860552226640605,0.026944803978413145,0.93
DenseNet-201,5,s1.d5,32,0.9760477556462616,0.9804865507062382,0.006591575781695909,0.004527135080822364,1.0
DenseNet-201,5,s1.d5,64,0.9894316925988843,0.9922962236638467,0.0036919956088228728,0.0028867700961168197,1.0
DenseNet-201,6,s1.d6,4,0.7315826716072706,0.7810521823847075,0.029334748554347465,0.06333701114104395,0.825
DenseNet-201,6,s1.d6,8,0.8692820165400201,0.9044715549245614,0.01794729511242453,0.03890618581971472,0.89
DenseNet-201,6,s1.d6,16,0.9308555698144281,0.9559460587180055,0.01017402944600733,0.02624676222550215,0.935
DenseNet-201,6,s1.d6,32,0.9757430156149168,0.9804882050201763,0.006513547616685006,0.004839619060141409,1.0
DenseNet-201,6,s1.d6,64,0.988670182649448,0.9922775543525922,0.0037001892119453866,0.0036354462391300357,1.0
DenseNet-201,7,down1,4,0.7003571091180879,0.7841513178544582,0.028753497299184985,0.10685974355771333,0.79
DenseNet-201,7,down1,8,0.8497706202728679,0.9064307673851989,0.01724607060100325,0.06250907311518106,0.85
DenseNet-201,7,down1,16,0.9114347025477681,0.9584674914869585,0.011068634758214265,0.04907082332675061,0.91
DenseNet-201,7,down1,32,0.9622649440011105,0.9817315370616579,0.006466745237152305,0.019828835405258927,0.995
DenseNet-201,7,down1,64,0.9792362027083211,0.9926344191540862,0.0035115408142907018,0.01349763436289364,1.0
DenseNet-201,8,s2.d1,4,0.7013007184957922,0.7837692125415798,0.028156641910243557,0.10522037957878139,0.79
DenseNet-201,8,s2.d1,8,0.8434422659849141,0.9066692711862752,0.017059862360082854,0.06973546717717205,0.83
DenseNet-201,8,s2.d1,16,0.9172454105376192,0.9581120423067178,0.010653614633739998,0.04265329101877213,0.915
DenseNet-201,8,s2.d1,32,0.963324841991491,0.9817163751443924,0.006300996582800441,0.018734059671966063,0.995
DenseNet-201,8,s2.d1,64,0.9792385326024143,0.9925509501438755,0.003543705006378551,0.013412326631223825,1.0
DenseNet-201,9,s2.d2,4,0.6934698903626793,0.7822901527001824,0.030661553307525326,0.11353877078846997,0.785
DenseNet-201,9,s2.d2,8,0.847209471353784,0.9067138014379794,0.016984529924314998,0.0656263641182323,0.86
DenseNet-201,9,s2.d2,16,0.9177640426881095,0.9581815016706757,0.011045533718917465,0.042181422738901464,0.925
DenseNet-201,9,s2.d2,32,0.96294017960204,0.9817891440125563,0.006196637311375399,0.019198587115641708,0.99
DenseNet-201,9,s2.d2,64,0.979433634650492,0.9925216421024902,0.0034761530805561174,0.01318662172874474,1.0
DenseNet-201,10,s2.d3,4,0.7056390622295663,0.7823674834810808,0.03129087763871178,0.09807209894526492,0.8
DenseNet-201,10,s2.d3,8,0.8431937661348908,0.9067298594737965,0.017173029013650098,0.07007168968250099,0.845
DenseNet-201,10,s2.d3,16,0.9156266712287953,0.9581772676123345,0.011023908661269797,0.04440785418503024,0.92
DenseNet-201,10,s2.d3,32,0.9626837792440298,0.9816960055475955,0.006188088512428915,0.019366714539049812,0.99
DenseNet-201,10,s2.d3,64,0.9794782713753262,0.9925007868486108,0.0035453289751762344,0.013120911989030981,1.0
DenseNet-201,11,s2.d4,4,0.7134698903626793,0.7837495887939592,0.030089684162567683,0.0896711136262629,0.805
DenseNet-201,11,s2.d4,8,0.8393652054979702,0.9066548379983468,0.016959875002126947,0.07421747469956064,0.84
DenseNet-201,11,s2.d4,16,0.9156029282350937,0.9581382303814787,0.011087021083443232,0.04439370103147822,0.925
DenseNet-201,11,s2.d4,32,0.9622417491314508,0.9816765520926386,0.006101012091681711,0.0197975625675878,0.985
DenseNet-201,11,s2.d4,64,0.9795889113106281,0.992506008072088,0.003581268614533831,0.013014628280740514,1.0
DenseNet-201,12,s2.d5,4,0.7031879372512012,0.7837457917624119,0.029337457595754676,0.10278569321572995,0.79
DenseNet-201,12,s2.d5,8,0.8368836092345464,0.9074538158589829,0.016521328551236884,0.07776727078681767,0.83
DenseNet-201,12,s2.d5,16,0.9122102004080395,0.9579835298955699,0.011181566539020497,0.04778091486867231,0.91
DenseNet-201,12,s2.d5,32,0.9633829412479432,0.98166116529941,0.006250176809268895,0.018619687421261966,0.985
DenseNet-201,12,s2.d5,64,0.9801187525838769,0.9924628499533593,0.0036393301843296345,0.012437843260392545,1.0
DenseNet-201,13,s2.d6,4,0.6994134997403837,0.7835467692628447,0.02888659108855788,0.10737491726449588,0.79
DenseNet-201,13,s2.d6,8,0.8316757947879256,0.9064900172578783,0.016881458658004545,0.08253176653424688,0.83
DenseNet-201,13,s2.d6,16,0.9120136773846531,0.9579637989953436,0.011256336104988733,0.04796644889804835,0.915
DenseNet-201,13,s2.d6,32,0.9616828945522513,0.9816958627571583,0.006314967184424402,0.02038611851607397,0.985
DenseNet-201,13,s2.d6,64,0.9800466406626834,0.9924587126477643,0.0036598638878742352,0.012506386237435385,1.0
DenseNet-201,14,s2.d7,4,0.6981879372512012,0.7847947012917958,0.03108476524228839,0.11035594901193557,0.785
DenseNet-201,14,s2.d7,8,0.8408586290500369,0.9065004521169396,0.01737639381487844,0.07241234454280765,0.855
DenseNet-201,14,s2.d7,16,0.9115408222029427,0.9578179858474135,0.011191995768179388,0.048315195922665644,0.92
DenseNet-201,14,s2.d7,32,0.9629975462340213,0.9817526536727764,0.0064359010600112156,0.019103699255195727,0.99
DenseNet-201,14,s2.d7,64,0.9797047733478391,0.9924182026379303,0.003681306248001164,0.012810556332298106,1.0
DenseNet-201,15,s2.d8,4,0.695357109118088,0.7843607539482352,0.030092683943756998,0.11347284318106143,0.785
DenseNet-201,15,s2.d8,8,0.8432015077761961,0.9061728623723279,0.01692009438843876,0.06949154759642118,0.855
DenseNet-201,15,s2.d8,16,0.9127108734207073,0.9577239957157329,0.011335688184956925,0.04700009866766053,0.92
DenseNet-201,15,s2.d8,32,0.963893525412827,0.9816713121409619,0.0065199561689189495,0.018109714023691548,0.985
DenseNet-201,15,s2.d8,64,0.979918407149371,0.992436764186885,0.003694182607014802,0.012613757862719344,1.0
DenseNet-201,16,s2.d9,4,0.705357109118088,0.7846514308246415,0.03064379994612737,0.10105674773729512,0.795
DenseNet-201,16,s2.d9,8,0.8403288304144292,0.9060819466314766,0.017195097401560635,0.07256861971645778,0.845
DenseNet-201,16,s2.d9,16,0.9113108099759083,0.9575497935105556,0.011322964442454201,0.04828885541829275,0.92
DenseNet-201,16,s2.d9,32,0.9630843191671571,0.9817176164814835,0.006480975086621042,0.018980302483629585,0.985
DenseNet-201,16,s2.d9,64,0.9795427242024857,0.9924229692350631,0.003704601594730171,0.012978584164073936,1.0
DenseNet-201,17,s2.d10,4,0.7103571091180879,0.7858844006677695,0.03127047922162054,0.09610483613812126,0.8
DenseNet-201,17,s2.d10,8,0.8377542437726447,0.9060516170462507,0.017236034078798732,0.07537911967560629,0.84
DenseNet-201,17,s2.d10,16,0.9101659790894427,0.9576625174377312,0.01160163374836856,0.04959632175577633,0.91
DenseNet-201,17,s2.d10,32,0.9625426115423855,0.9816416958779051,0.006692515984894861,0.019456268428409418,0.985
DenseNet-201,17,s2.d10,64,0.9799315265407322,0.9924068774687302,0.0037132535467248014,0.01257080257224552,1.0
DenseNet-201,18,s2.d11,4,0.7025262809849749,0.7853277841051073,0.03065115479019902,0.10543559618801202,0.795
DenseNet-201,18,s2.d11,8,0.8356307990646619,0.9060149974931281,0.017066872217995896,0.07768546726402292,0.85
DenseNet-201,18,s2.d11,16,0.9099416730593388,0.9576568602410187,0.011604740359930917,0.04982493120727094,0.91
DenseNet-201,18,s2.d11,32,0.9615829968000534,0.981586742886355,0.006636648788970303,0.020378989662676705,0.985
DenseNet-201,18,s2.d11,64,0.979672843648536,0.9924269076647431,0.003745750656735274,0.012851388769998473,1.0
DenseNet-201,19,s2.d12,4,0.6872443278734967,0.7858994758237761,0.030643504160382206,0.1255315100533304,0.775
DenseNet-201,19,s2.d12,8,0.8316285315684692,0.9065573331202669,0.017439736690460936,0.08265202741662381,0.85
DenseNet-201,19,s2.d12,16,0.9080203467165814,0.9575585785038819,0.01187303567679557,0.051733891690157074,0.91
DenseNet-201,19,s2.d12,32,0.9615443807894778,0.98151056662904,0.006778015919494507,0.020342303504826575,0.985
DenseNet-201,19,s2.d12,64,0.9794301390809248,0.9924079440890271,0.0038070225920734464,0.013077086983634745,1.0
DenseNet-201,20,down2,4,0.5769623747620184,0.7814824456669041,0.024986612145506088,0.2617078247104472,0.66
DenseNet-201,20,down2,8,0.7546066038133872,0.9057632747415018,0.01413898784606136,0.16688319690512243,0.71
DenseNet-201,20,down2,16,0.8565367754783523,0.9576135404767652,0.009220727640172285,0.1055506848285479,0.795
DenseNet-201,20,down2,32,0.9318526556870349,0.9811069157428847,0.0055289479117989196,0.050202744742202654,0.935
DenseNet-201,20,down2,64,0.9718488410879053,0.9923929004731924,0.00321841406641898,0.020701538045557744,1.0
DenseNet-201,21,s3.d1,4,0.5976240310282444,0.7858747386336258,0.0256691128031998,0.23954289195334955,0.675
DenseNet-201,21,s3.d1,8,0.7562878262733201,0.9060687251444045,0.013998221484110512,0.1653085408584355,0.715
DenseNet-201,21,s3.d1,16,0.8655233777809382,0.957613039161477,0.009066801652908811,0.09616583903366227,0.81
DenseNet-201,21,s3.d1,32,0.9303762041727225,0.9809756534371701,0.005810520293512635,0.05158073912146122,0.915
DenseNet-201,21,s3.d1,64,0.9711546204954131,0.9923579526841254,0.0031669285568298273,0.021366616885934775,1.0
DenseNet-201,22,s3.d2,4,0.56668042165054,0.7859756031638752,0.026268978211195802,0.27901016345874075,0.645
DenseNet-201,22,s3.d2,8,0.7251531943833929,0.9060647081243133,0.014037766207344935,0.19966732190180292,0.67
DenseNet-201,22,s3.d2,16,0.8494307443925122,0.9574123861432677,0.009251114155110093,0.11278488069883519,0.78
DenseNet-201,22,s3.d2,32,0.9224989096509972,0.9809128645188412,0.0059578970322494654,0.0595506053399526,0.905
DenseNet-201,22,s3.d2,64,0.9685670361685375,0.992231316958611,0.0033214530713105875,0.02384956046601039,1.0
DenseNet-201,23,s3.d3,4,0.5729059841397227,0.7870785356651732,0.02668981659060191,0.27211077652428883,0.655
DenseNet-201,23,s3.d3,8,0.7358032310780636,0.9060907867906965,0.014970918991615881,0.18793652710649267,0.66
DenseNet-201,23,s3.d3,16,0.8465571828205241,0.9573313578319825,0.008957127347235866,0.11571142437277193,0.78
DenseNet-201,23,s3.d3,32,0.919428623741625,0.9810021195822436,0.005983869647105834,0.06276591519174235,0.915
DenseNet-201,23,s3.d3,64,0.9675910344255294,0.9922597379933326,0.003374606079787101,0.024861135268565038,1.0
DenseNet-201,24,s3.d4,4,0.5807368122728357,0.7851371072287009,0.026763372890524804,0.26033707116115945,0.66
DenseNet-201,24,s3.d4,8,0.7398189362969566,0.9061393651271422,0.014277374910230912,0.18354839799598466,0.675
DenseNet-201,24,s3.d4,16,0.8495004548448262,0.9575303979757654,0.008229999845525547,0.11282142411281804,0.81
DenseNet-201,24,s3.d4,32,0.9189244378204342,0.9810162738164664,0.005796577551640302,0.06329338019488207,0.905
DenseNet-201,24,s3.d4,64,0.9683413081511371,0.9922449308840714,0.00338102114342608,0.024090445805187044,0.995
DenseNet-201,25,s3.d5,4,0.5897932028951314,0.7841181220709634,0.027783846715771082,0.24782607837527504,0.67
DenseNet-201,25,s3.d5,8,0.7255954166314428,0.9056662156223811,0.014657651948512833,0.19882689216489347,0.655
DenseNet-201,25,s3.d5,16,0.8536000104588999,0.9574503757971418,0.00874209721865891,0.10846553300663697,0.805
DenseNet-201,25,s3.d5,32,0.9212082723914601,0.9810440878717226,0.005851879089385532,0.06099197397954903,0.91
DenseNet-201,25,s3.d5,64,0.9692329643675902,0.9922516850160191,0.00335689621613484,0.02319846969880157,0.995
DenseNet-201,26,s3.d6,4,0.5891315466289054,0.7835747386336257,0.029159160418845254,0.2481488777238844,0.675
DenseNet-201,26,s3.d6,8,0.7200467662823317,0.9051051085225558,0.014374859413468019,0.20446060959958923,0.655
DenseNet-201,26,s3.d6,16,0.8537152171176524,0.9573807423382144,0.008922857072330509,0.10828035350635867,0.8
DenseNet-201,26,s3.d6,32,0.9201489818778534,0.9809693056375925,0.005976929931948666,0.06200023121030096,0.915
DenseNet-201,26,s3.d6,64,0.9687619700170182,0.9922203069765656,0.0033843745207583855,0.02364226653557233,0.995
DenseNet-201,27,s3.d7,4,0.5872443278734967,0.7834059794162552,0.029873693802812833,0.25039590799259137,0.675
DenseNet-201,27,s3.d7,8,0.7154701368168784,0.9053024170878436,0.01484026855676335,0.2096893553886815,0.65
DenseNet-201,27,s3.d7,16,0.8499737567012451,0.9574239012296631,0.008967196591926699,0.11222839161463893,0.79
DenseNet-201,27,s3.d7,32,0.9201752115842239,0.9809392265249198,0.0060494533815751775,0.061944729395682185,0.91
DenseNet-201,27,s3.d7,64,0.9684535459766334,0.9922334774717834,0.0033725280424007392,0.023966064474806315,1.0
DenseNet-201,28,s3.d8,4,0.5713984685390617,0.7820889492593832,0.028344291780808367,0.2693945246507313,0.645
DenseNet-201,28,s3.d8,8,0.7179633526518577,0.9052127388730489,0.01527313792980991,0.20685677319820817,0.675
DenseNet-201,28,s3.d8,16,0.8499280365985323,0.9573926552224958,0.008958222310767304,0.11224717260755357,0.8
DenseNet-201,28,s3.d8,32,0.9154546100351603,0.980837154439283,0.006184205675955714,0.06665993851089391,0.9
DenseNet-201,28,s3.d8,64,0.9680096677780305,0.9922334697370797,0.003388861280110643,0.024413409442303857,1.0
DenseNet-201,29,s3.d9,4,0.5513984685390618,0.7836296261357895,0.029199120352957162,0.29635321311408147,0.625
DenseNet-201,29,s3.d9,8,0.703130481695076,0.905641854220896,0.015094473047415723,0.22361088059477574,0.665
DenseNet-201,29,s3.d9,16,0.8396360128619503,0.957943247173076,0.008827837302433344,0.12350129786942432,0.77
DenseNet-201,29,s3.d9,32,0.9132033005356086,0.9809864086209061,0.006075081376944871,0.06909688808083347,0.88
DenseNet-201,29,s3.d9,64,0.9671463214041693,0.9922541414698983,0.0034066924463295226,0.025303819874749944,0.995
DenseNet-201,30,s3.d10,4,0.5604548591613575,0.7841239870735598,0.029311752112198292,0.28524714407342766,0.635
DenseNet-201,30,s3.d10,8,0.7056811748678556,0.9060658463300926,0.015158814887213054,0.22115906065091206,0.66
DenseNet-201,30,s3.d10,16,0.8387902184591965,0.9580064693941899,0.008882230840057537,0.12444201030331403,0.755
DenseNet-201,30,s3.d10,32,0.9130089628104843,0.9810318280929367,0.006018742558033373,0.06933808194040403,0.885
DenseNet-201,30,s3.d10,64,0.9670234787184349,0.9922529177665185,0.003416569189161616,0.025426419611718654,0.995
DenseNet-201,31,s3.d11,4,0.5532856872944705,0.7845531598851402,0.02944024902982497,0.294776038661966,0.625
DenseNet-201,31,s3.d11,8,0.703297610738294,0.9064690788538741,0.015505255682626558,0.2241350233065501,0.67
DenseNet-201,31,s3.d11,16,0.8406658232073138,0.9579343144799055,0.009023080709259997,0.12241809224284939,0.77
DenseNet-201,31,s3.d11,32,0.9118430155540201,0.9809313237312157,0.0061268055525517,0.07043134061047318,0.885
DenseNet-201,31,s3.d11,64,0.9676371458214487,0.9922345738057727,0.003408041450733697,0.024789932374538415,0.995
DenseNet-201,32,s3.d12,4,0.562342077916766,0.7854795131656062,0.02855402617733844,0.2840779823137094,0.635
DenseNet-201,32,s3.d12,8,0.7091889151410403,0.9058072638875676,0.015681859849999008,0.21706422170062478,0.67
DenseNet-201,32,s3.d12,16,0.8365279946604407,0.9580746514034274,0.00881514072387936,0.12686553867690809,0.76
DenseNet-201,32,s3.d12,32,0.9118095401982754,0.9809239911064975,0.005998524677699746,0.07045851822857341,0.87
DenseNet-201,32,s3.d12,64,0.9682857499600382,0.992247410336779,0.00337883220365917,0.024148876708690925,0.995
DenseNet-201,33,s3.d13,4,0.5563984685390618,0.7836945883216125,0.0278575414300207,0.2900315035597425,0.63
DenseNet-201,33,s3.d13,8,0.712984022516506,0.9062481557831462,0.015006192419956127,0.2132574086174316,0.655
DenseNet-201,33,s3.d13,16,0.8378857024057408,0.9575735320611924,0.009053543779187462,0.12499074551258915,0.755
DenseNet-201,33,s3.d13,32,0.9126504286087064,0.9809452968530213,0.0059628088588667034,0.06962148497312981,0.87
DenseNet-201,33,s3.d13,64,0.968767309577622,0.992232604689314,0.0034162344811074935,0.023648986135704875,0.995
DenseNet-201,34,s3.d14,4,0.5426240310282444,0.7835482723829769,0.02807922918011204,0.3074784921955329,0.62
DenseNet-201,34,s3.d14,8,0.7071752527458162,0.9061069574640176,0.015742814310765484,0.21954549965598424,0.655
DenseNet-201,34,s3.d14,16,0.8326209642076569,0.957409525199276,0.009218391816069352,0.1303397947348034,0.755
DenseNet-201,34,s3.d14,32,0.908970601223487,0.9809434695837597,0.005918409565233413,0.07337106631721868,0.86
DenseNet-201,34,s3.d14,64,0.9669635210167111,0.9922182563534467,0.0033917783430579993,0.02545280252104065,0.995
DenseNet-201,35,s3.d15,4,0.5423420779167661,0.7827982723829768,0.02969778841135837,0.3071751726459735,0.615
DenseNet-201,35,s3.d15,8,0.7034719719234599,0.9055104335743368,0.016244209899330807,0.2231210753181132,0.645
DenseNet-201,35,s3.d15,16,0.829427839859722,0.9572703760552734,0.009324429590936507,0.13354903629460035,0.74
DenseNet-201,35,s3.d15,32,0.9113161318217152,0.9808857464423665,0.005797770241645686,0.0709252987648944,0.865
DenseNet-201,35,s3.d15,64,0.9657181425279306,0.9921924357779845,0.003431613954454594,0.02668261951553308,0.995
DenseNet-201,36,s3.d16,4,0.5295112497836532,0.7834747386336258,0.03119669660756575,0.32415019441837156,0.605
DenseNet-201,36,s3.d16,8,0.697984022516506,0.9056767729043074,0.016094700756663267,0.22932326035233974,0.64
DenseNet-201,36,s3.d16,16,0.8205823924577278,0.9574052482233807,0.0091838144849185,0.14291007493383778,0.735
DenseNet-201,36,s3.d16,32,0.9069064545737001,0.9809153982355058,0.005851755831074743,0.07544885501332199,0.855
DenseNet-201,36,s3.d16,64,0.9632493404412753,0.992134006322065,0.003459465933741981,0.029113673855276856,0.995
DenseNet-201,37,s3.d17,4,0.5092292966721748,0.7829379717589505,0.0310382295381207,0.3495917747760543,0.58
DenseNet-201,37,s3.d17,8,0.6916047687068055,0.9060572093430334,0.01579452154115953,0.23668752748154132,0.64
DenseNet-201,37,s3.d17,16,0.8047155655176104,0.9573616609882556,0.009065522037860789,0.15944454607997693,0.715
DenseNet-201,37,s3.d17,32,0.9012626173236188,0.9809051565318672,0.005842633846597925,0.0811929050203346,0.845
DenseNet-201,37,s3.d17,64,0.9589398115493808,0.9921391648756511,0.0035263832123205397,0.03346239570174747,0.99
DenseNet-201,38,s3.d18,4,0.5004548591613575,0.782640791290065,0.030931104770980374,0.3605561264747864,0.575
DenseNet-201,38,s3.d18,8,0.6790101665262668,0.9065238794613159,0.016129416580742635,0.25097376703440477,0.62
DenseNet-201,38,s3.d18,16,0.7987583322995551,0.9575191324519509,0.008967829187914266,0.1658043111325116,0.715
DenseNet-201,38,s3.d18,32,0.8942297074822599,0.9809354395871418,0.005804421440600524,0.08839086509238037,0.835
DenseNet-201,38,s3.d18,64,0.9564182623556537,0.9921632261543804,0.003517101988461967,0.03602730161374146,0.99
DenseNet-201,39,s3.d19,4,0.5095112497836531,0.7823031598851402,0.02933358733165876,0.34870357693753795,0.585
DenseNet-201,39,s3.d19,8,0.6760729102920925,0.9062026673227267,0.015874454326025304,0.25394954719182916,0.61
DenseNet-201,39,s3.d19,16,0.7975033284148665,0.9574963126057803,0.008709696807687305,0.16709514395465452,0.71
DenseNet-201,39,s3.d19,32,0.8918375882624758,0.9809489384922556,0.005883471039332976,0.09084198650211728,0.83
DenseNet-201,39,s3.d19,64,0.955128431354878,0.9921632953596444,0.0035274278510841065,0.03732738771730293,0.99
DenseNet-201,40,s3.d20,4,0.49762403102824443,0.7820841747274028,0.02850008993527339,0.36372062354836365,0.575
DenseNet-201,40,s3.d20,8,0.6764678693206859,0.9059846115219545,0.016644889943916108,0.2533340404266975,0.615
DenseNet-201,40,s3.d20,16,0.7951687545032492,0.9572352968416316,0.00886090050987969,0.16930690173368657,0.71
DenseNet-201,40,s3.d20,32,0.8904911325676969,0.9809129366436439,0.005897698713847067,0.09218127389097364,0.825
DenseNet-201,40,s3.d20,64,0.955102135836955,0.9921568313814139,0.0035726682507130334,0.03734761921950014,0.99
DenseNet-201,41,s3.d21,4,0.5076240310282445,0.7821700770718291,0.02795267009952178,0.351005560160763,0.585
DenseNet-201,41,s3.d21,8,0.6700886155109856,0.9059685469648283,0.016403592564185093,0.26036216405534884,0.615
DenseNet-201,41,s3.d21,16,0.7914250967233771,0.9571905648747332,0.009062702727766136,0.17317917062110788,0.705
DenseNet-201,41,s3.d21,32,0.891009096588254,0.9809454393740026,0.0059239267722040224,0.09168332832368542,0.815
DenseNet-201,41,s3.d21,64,0.954215326848836,0.9921518204946419,0.0035808623682630314,0.03823658119872464,0.99
DenseNet-201,42,s3.d22,4,0.5216804216505401,0.7814512048842751,0.029482016787284286,0.33242099008882375,0.6
DenseNet-201,42,s3.d22,8,0.671853268556829,0.9059968707270076,0.016193614265371404,0.25843753961566396,0.605
DenseNet-201,42,s3.d22,16,0.7857404796524858,0.9574258183295954,0.009201049632582128,0.17931972941428098,0.695
DenseNet-201,42,s3.d22,32,0.8920331235210628,0.98081229689652,0.00615098591518348,0.09051596687395924,0.815
DenseNet-201,42,s3.d22,64,0.9555246489528466,0.992119361806677,0.0035382194230328765,0.0368853932929909,0.995
DenseNet-201,43,s3.d23,4,0.5245112497836532,0.7830804906660389,0.030636656886236735,0.3301949722466755,0.6
DenseNet-201,43,s3.d23,8,0.672556774051709,0.9058857362017484,0.016200551888306547,0.2575699702794251,0.61
DenseNet-201,43,s3.d23,16,0.7814610602903096,0.9573383540373335,0.00909543752033754,0.18371487259995978,0.685
DenseNet-201,43,s3.d23,32,0.8910402033282239,0.980843912677743,0.006092791497091014,0.0915575946272138,0.815
DenseNet-201,43,s3.d23,64,0.9547560482894373,0.9921080512159713,0.0036094877908954145,0.03764912791580899,0.985
DenseNet-201,44,s3.d24,4,0.5276240310282445,0.7834257161340585,0.030609044994047235,0.32651683476527804,0.605
DenseNet-201,44,s3.d24,8,0.6721836487130151,0.9058243436588407,0.01641165529791718,0.25793156982522136,0.61
DenseNet-201,44,s3.d24,16,0.7794940601128666,0.9572902744981294,0.009172509583982037,0.1857286333327418,0.675
DenseNet-201,44,s3.d24,32,0.8898484229525294,0.9808973159976194,0.006138586795573076,0.0928220432048883,0.815
DenseNet-201,44,s3.d24,64,0.9545224145599914,0.9921025222084235,0.0036320567919635345,0.037879258249216674,0.985
DenseNet-201,45,s3.d25,4,0.5213984685390618,0.7835266936344913,0.030188395875131002,0.334549195611337,0.595
DenseNet-201,45,s3.d25,8,0.6596090620712306,0.9060705436641951,0.016881855677974806,0.27201136083318833,0.595
DenseNet-201,45,s3.d25,16,0.7746657697301768,0.957396015925835,0.008977087909054847,0.19086171569133992,0.665
DenseNet-201,45,s3.d25,32,0.8872411626522109,0.980877409553084,0.006077901300530419,0.0954617223201587,0.81
DenseNet-201,45,s3.d25,64,0.9540039613706367,0.9920986086025501,0.003650057847240032,0.03839804521606249,0.985
DenseNet-201,46,s3.d26,4,0.5129059841397228,0.7832861297282683,0.027345860672743697,0.3451869442426406,0.595
DenseNet-201,46,s3.d26,8,0.6661670644957046,0.9059916500148727,0.01697135208450761,0.2647094876815158,0.615
DenseNet-201,46,s3.d26,16,0.7798086378357033,0.9572734468409824,0.008999214609552605,0.18538570101460117,0.67
DenseNet-201,46,s3.d26,32,0.8873887312917581,0.9807444770618592,0.006148163867380654,0.09518865306259872,0.8
DenseNet-201,46,s3.d26,64,0.9535132887637091,0.992105021834889,0.003630600427157505,0.03889883855219767,0.985
DenseNet-201,47,s3.d27,4,0.5035676404059487,0.7832089119175529,0.0295976105222466,0.35704556888525496,0.58
DenseNet-201,47,s3.d27,8,0.6563748789423254,0.905731065822605,0.016673557611543145,0.2753093012811798,0.6
DenseNet-201,47,s3.d27,16,0.7745822052085677,0.9573203606383193,0.008934503647106582,0.1908850609924414,0.665
DenseNet-201,47,s3.d27,32,0.8871607453869327,0.9808107931547712,0.006048066324699015,0.09548227692989975,0.805
DenseNet-201,47,s3.d27,64,0.9526038739050875,0.99209681386229,0.0035972977095382855,0.03980754640613571,0.985
DenseNet-201,48,s3.d28,4,0.5063984685390618,0.7835824456669042,0.028492084160088325,0.3537393909991591,0.58
DenseNet-201,48,s3.d28,8,0.6593812320858555,0.906181732066928,0.016898849845484044,0.27235210250612785,0.595
DenseNet-201,48,s3.d28,16,0.7710698520677588,0.9571114848569208,0.008909304140817701,0.19437822629092516,0.655
DenseNet-201,48,s3.d28,32,0.887036326054301,0.9807584615850646,0.00612049648032424,0.0955608737540673,0.81
DenseNet-201,48,s3.d28,64,0.953001988289001,0.992137839161885,0.0035458346034440997,0.03944598152404344,0.985
DenseNet-201,49,s3.d29,4,0.5054548591613575,0.7840079344171208,0.02914054738190744,0.35529369414208367,0.58
DenseNet-201,49,s3.d29,8,0.6580426636795578,0.9059436376564078,0.016771352868321758,0.27363840715096455,0.59
DenseNet-201,49,s3.d29,16,0.7698267243682211,0.957157892364524,0.00888152869081883,0.19571605634837064,0.66
DenseNet-201,49,s3.d29,32,0.8860141747189754,0.9808089449162655,0.006070317745361996,0.09664957756414327,0.81
DenseNet-201,49,s3.d29,64,0.9525602364105882,0.9921631099217022,0.0035716118732617916,0.03991568837329518,0.985
DenseNet-201,50,s3.d30,4,0.49545485916135745,0.784511731448668,0.02783687151540647,0.3684544930303876,0.57
DenseNet-201,50,s3.d30,8,0.6492547884460399,0.9059569820246464,0.016698237193215695,0.28334920826475063,0.57
DenseNet-201,50,s3.d30,16,0.7649013601273237,0.9568667751975424,0.009033932639721104,0.20061874865556706,0.635
DenseNet-201,50,s3.d30,32,0.8814545359671451,0.9806895760538759,0.005997274096647653,0.10118904341375312,0.795
DenseNet-201,50,s3.d30,64,0.9518694603780986,0.9921414960745614,0.003548021057101775,0.04059102038953144,0.985
DenseNet-201,51,s3.d31,4,0.49045485916135745,0.7843711675424448,0.02821300721921828,0.37471584951544334,0.565
DenseNet-201,51,s3.d31,8,0.6468054816188197,0.9058263269865872,0.01673515930142806,0.2859497871180806,0.56
DenseNet-201,51,s3.d31,16,0.7650765499625859,0.9569722761618127,0.008996827039570242,0.20052380928826352,0.64
DenseNet-201,51,s3.d31,32,0.8822403812850516,0.9807051366861775,0.005975747672553443,0.10040199823347551,0.8
DenseNet-201,51,s3.d31,64,0.9516357537597671,0.9921464187817474,0.003535170484659209,0.04083133724528598,0.985
DenseNet-201,52,s3.d32,4,0.49045485916135745,0.7849749645739922,0.027921934821220126,0.3751968135346476,0.565
DenseNet-201,52,s3.d32,8,0.6466195008620984,0.9059913876834351,0.016444999126411085,0.28628515717410385,0.57
DenseNet-201,52,s3.d32,16,0.7640305602919625,0.9569232940136057,0.00903582926296995,0.2015759621783234,0.64
DenseNet-201,52,s3.d32,32,0.8799728242213436,0.9807406277798044,0.0059707056123589845,0.10274663932968542,0.795
DenseNet-201,52,s3.d32,64,0.9515362857293522,0.9921652495094396,0.003516601920193527,0.04094979520818309,0.985
DenseNet-201,53,s3.d33,4,0.5013984685390618,0.7833701900420125,0.02705173675003353,0.35994696388412284,0.575
DenseNet-201,53,s3.d33,8,0.6434576382469055,0.9060620327338369,0.01652243240687651,0.2898304806952148,0.585
DenseNet-201,53,s3.d33,16,0.7571916577261701,0.9566526799028818,0.009133373342361282,0.20849889031509405,0.63
DenseNet-201,53,s3.d33,32,0.8786926958931298,0.9806882551590586,0.006038925717690194,0.10400405911803845,0.775
DenseNet-201,53,s3.d33,64,0.9503904329062345,0.9921084196747205,0.003595514261448443,0.04204982635079746,0.99
DenseNet-201,54,s3.d34,4,0.5013984685390618,0.7843853781682022,0.027707024782293588,0.36077535036413855,0.575
DenseNet-201,54,s3.d34,8,0.6448168765178514,0.9059814152892488,0.01581907926354216,0.2882669935210719,0.575
DenseNet-201,54,s3.d34,16,0.7557390267839367,0.9566386479966511,0.009112711135449161,0.2100057546634032,0.635
DenseNet-201,54,s3.d34,32,0.8783879432415153,0.9806869030567301,0.005920207294650727,0.10431357806080244,0.775
DenseNet-201,54,s3.d34,64,0.9502799809717954,0.9921038554289963,0.003595045515338843,0.042156750251832964,0.99
DenseNet-201,55,s3.d35,4,0.4851729060498791,0.7843022953548907,0.028001271313684524,0.3813955296020878,0.555
DenseNet-201,55,s3.d35,8,0.6393489426496519,0.9060646788459878,0.016105971485983396,0.29436721508230435,0.575
DenseNet-201,55,s3.d35,16,0.7546798165201668,0.9564348924237553,0.009157393851778068,0.21094491376439606,0.61
DenseNet-201,55,s3.d35,32,0.8757656624761145,0.9806943091347172,0.006072609931090294,0.10699424446664019,0.77
DenseNet-201,55,s3.d35,64,0.9491869989354551,0.9920907405659233,0.0035697437765199336,0.04324578375360544,0.985
DenseNet-201,56,s3.d36,4,0.48111651542758344,0.7841145509797827,0.028256392014111637,0.38642062588124526,0.55
DenseNet-201,56,s3.d36,8,0.6364439758516813,0.9058699498334858,0.016255504106953346,0.29742235519715554,0.565
DenseNet-201,56,s3.d36,16,0.7518909799960389,0.9564293654610451,0.009136012031012289,0.2138562374299421,0.61
DenseNet-201,56,s3.d36,32,0.8745573537342582,0.9806828037355756,0.0060977134156893304,0.10821587734287652,0.765
DenseNet-201,56,s3.d36,64,0.9485825470183361,0.9920986629903449,0.003545158331698376,0.04386268986679631,0.985
DenseNet-201,57,s3.d37,4,0.4751729060498792,0.7842494758237761,0.02881281947454626,0.3941049108757678,0.545
DenseNet-201,57,s3.d37,8,0.637782544257979,0.906115425469822,0.01626084300697576,0.29613543006699405,0.57
DenseNet-201,57,s3.d37,16,0.7528165028412255,0.9565192302657668,0.009153088851133561,0.21296250088766433,0.61
DenseNet-201,57,s3.d37,32,0.8733834792429676,0.9807087701917903,0.006088995293706411,0.1094364547467378,0.765
DenseNet-201,57,s3.d37,64,0.9487958401712377,0.9920755155077379,0.0035499366874463018,0.04362538401560068,0.985
DenseNet-201,58,s3.d38,4,0.46922929667217483,0.7848703030121956,0.02850462038766199,0.40215689793414977,0.54
DenseNet-201,58,s3.d38,8,0.6357281964593521,0.9057534312303029,0.016054417067252785,0.2981222322328607,0.565
DenseNet-201,58,s3.d38,16,0.7503389695077491,0.956487052360953,0.008987085352966662,0.2155262659796141,0.6
DenseNet-201,58,s3.d38,32,0.8709405677787726,0.9806748816392472,0.00612162476435117,0.11189673143972878,0.765
DenseNet-201,58,s3.d38,64,0.9474715097944068,0.9920878614924165,0.0035266084719175646,0.04497217779773299,0.985
DenseNet-201,59,s3.d39,4,0.4682856872944704,0.785090039729999,0.028108059050426567,0.40352613891838585,0.54
DenseNet-201,59,s3.d39,8,0.6262245418335052,0.9058100837513617,0.0163387193243228,0.30865801444820384,0.545
DenseNet-201,59,s3.d39,16,0.7505504466413115,0.9564064649784639,0.009090050804129472,0.2152390493740418,0.61
DenseNet-201,59,s3.d39,32,0.869603711508185,0.9806802108876989,0.00620531527791512,0.11326475047249995,0.76
DenseNet-201,59,s3.d39,64,0.9465231550031266,0.99207480614305,0.0035700746063838584,0.04591554070102577,0.985
DenseNet-201,60,s3.d40,4,0.4573420779167661,0.7846145509797827,0.029486814395304418,0.41711241864471804,0.53
DenseNet-201,60,s3.d40,8,0.6273759656578303,0.9056845058042878,0.016647301655808595,0.30729082628978766,0.54
DenseNet-201,60,s3.d40,16,0.7476571735595025,0.9565622607557118,0.009232728647617348,0.21839152114486338,0.605
DenseNet-201,60,s3.d40,32,0.8649417041315874,0.9806408032440805,0.006020637510864959,0.11798315828766892,0.755
DenseNet-201,60,s3.d40,64,0.9451964983557111,0.992072520315573,0.003541182127377411,0.04725060013248927,0.985
DenseNet-201,61,s3.d41,4,0.45328568729447044,0.7848230095731269,0.030570782660766353,0.4224357826345878,0.525
DenseNet-201,61,s3.d41,8,0.6258095672661574,0.9057996131963384,0.016601626389142,0.30910815355966725,0.535
DenseNet-201,61,s3.d41,16,0.7442229720674532,0.956707959990386,0.009129458242291598,0.2221001567971359,0.6
DenseNet-201,61,s3.d41,32,0.8640775671724618,0.980678277785383,0.0060150846000873,0.118898025228248,0.755
DenseNet-201,61,s3.d41,64,0.9446970870002719,0.9920727763293749,0.003541459689442275,0.04775424793369587,0.985
DenseNet-201,62,s3.d42,4,0.45517290604987914,0.7848701900420123,0.030190100621246916,0.42006600349350154,0.525
DenseNet-201,62,s3.d42,8,0.6244709988598597,0.9060912982021938,0.016386379437558274,0.3108078621890602,0.53
DenseNet-201,62,s3.d42,16,0.7403372174355958,0.956699442476274,0.009211206863267382,0.22615485640992627,0.6
DenseNet-201,62,s3.d42,32,0.8626668785813504,0.9806429506851937,0.005958113234097325,0.12030481840654772,0.755
DenseNet-201,62,s3.d42,64,0.9440950313158197,0.9920786010068562,0.003539081201493788,0.048366701632651,0.985
DenseNet-201,63,s3.d43,4,0.44706012480528784,0.7847135734793502,0.030343308968706243,0.4302887831759262,0.515
DenseNet-201,63,s3.d43,8,0.6162245418335052,0.9057679909234579,0.016202180882024086,0.3196662412355227,0.535
DenseNet-201,63,s3.d43,16,0.7343469725693785,0.9566674630276023,0.009328345778106099,0.23239056312695905,0.58
DenseNet-201,63,s3.d43,32,0.8577660299259563,0.9806611716677128,0.005960946308180293,0.1253186577508325,0.75
DenseNet-201,63,s3.d43,64,0.9435346234046068,0.9920538073923051,0.0035367750093215477,0.04890781490495455,0.985
DenseNet-201,64,s3.d44,4,0.4361165154275835,0.7844193255117631,0.028351790670480576,0.44402629914420233,0.505
DenseNet-201,64,s3.d44,8,0.6133195750355346,0.9057553533780617,0.016123506611415636,0.32286398004921824,0.525
DenseNet-201,64,s3.d44,16,0.7247882792973102,0.9566338515702603,0.009307386353452811,0.24235560124951538,0.56
DenseNet-201,64,s3.d44,32,0.8550874688449216,0.9804721326627535,0.006103939449558935,0.1278819250857378,0.72
DenseNet-201,64,s3.d44,64,0.9405711772659009,0.9920567349136151,0.0035634622144628523,0.05189779559552854,0.98
DenseNet-201,65,s3.d45,4,0.43300373418299215,0.7844372201988844,0.028708702526852526,0.44800715336632113,0.5
DenseNet-201,65,s3.d45,8,0.6130917450501594,0.9056963086355211,0.01616361982189686,0.32307138805300617,0.525
DenseNet-201,65,s3.d45,16,0.721417118220726,0.9566311815606929,0.009294000171357503,0.24587747908888746,0.56
DenseNet-201,65,s3.d45,32,0.8549654468131684,0.9805179328940602,0.006010940134880152,0.12804710844024614,0.725
DenseNet-201,65,s3.d45,64,0.9400462467375742,0.9920794008899001,0.003568918879190769,0.05244857831505412,0.98
DenseNet-201,66,s3.d46,4,0.4289473435606965,0.7843249645739925,0.028672308826880915,0.4530999739455188,0.495
DenseNet-201,66,s3.d46,8,0.6076561006181634,0.905826838398084,0.015992553233458242,0.329169688002646,0.525
DenseNet-201,66,s3.d46,16,0.7170542051033736,0.9566856696500872,0.009299651289156259,0.25048087595412616,0.545
DenseNet-201,66,s3.d46,32,0.8520096492886853,0.9804837602697227,0.006001482993877851,0.13103135022419476,0.72
DenseNet-201,66,s3.d46,64,0.9393387403720667,0.9920748944500101,0.003545817238268968,0.05315743234000436,0.985
DenseNet-201,67,s3.d47,4,0.4289473435606965,0.7842419947308644,0.028929148733226148,0.4530421139868921,0.495
DenseNet-201,67,s3.d47,8,0.6010574127902869,0.9054669877968078,0.016164425640856548,0.3361906939834589,0.515
DenseNet-201,67,s3.d47,16,0.717592862005543,0.9566965252648306,0.009236372151066484,0.24992634230912414,0.555
DenseNet-201,67,s3.d47,32,0.8496091096483086,0.9804619836903997,0.005994835858644783,0.13346042602240304,0.72
DenseNet-201,67,s3.d47,64,0.9381409875250235,0.9920708185899443,0.0035341488504215795,0.05436086825089026,0.98
DenseNet-201,68,s3.d48,4,0.42800373418299215,0.7840703030121956,0.02893364560704538,0.454125819408397,0.495
DenseNet-201,68,s3.d48,8,0.5961504031686476,0.9054426832456707,0.016157392488750106,0.34159233466697947,0.505
DenseNet-201,68,s3.d48,16,0.712029582261259,0.956664531248216,0.009188727763700983,0.25571654534716315,0.55
DenseNet-201,68,s3.d48,32,0.8485188154498549,0.9804569784958462,0.006073919706668064,0.1345680289291249,0.72
DenseNet-201,68,s3.d48,64,0.9376241885635034,0.99206818163025,0.0035156672207888474,0.05487928559232658,0.98
DenseNet-201,69,down3,4,0.1282969843128003,0.780309250828103,0.029741653656920372,0.835581874523921,0.15
DenseNet-201,69,down3,8,0.22441873600449713,0.9051738202800895,0.017255765367929585,0.7520711149875559,0.16
DenseNet-201,69,down3,16,0.38809819176784616,0.9550611433223071,0.010857099337793653,0.5936404758151975,0.21
DenseNet-201,69,down3,32,0.5554848593121822,0.9793423776176827,0.00610736027238054,0.43279809798138513,0.315
DenseNet-201,69,down3,64,0.7634180472906908,0.991811354166146,0.0029344222309614313,0.23027897988471224,0.57
DenseNet-201,70,s4.d1,4,0.1292405936905046,0.778901656765008,0.030370162498245833,0.8340732843896157,0.15
DenseNet-201,70,s4.d1,8,0.22061200905747616,0.9052295127932168,0.01691402315773323,0.7562916299792901,0.16
DenseNet-201,70,s4.d1,16,0.38073634344625873,0.9550135994765676,0.010669436640119894,0.6013288777720693,0.23
DenseNet-201,70,s4.d1,32,0.5405429638080119,0.979259013167991,0.006125674201540434,0.44800818114575547,0.325
DenseNet-201,70,s4.d1,64,0.751813033700616,0.9917883788706002,0.002965706476947243,0.24196224747385764,0.54
DenseNet-201,71,s4.d2,4,0.13235337493509594,0.7795543633259396,0.031217988624608863,0.8302191852657778,0.155
DenseNet-201,71,s4.d2,8,0.20951289020810904,0.904708591980007,0.017913313373940195,0.7684194755467305,0.16
DenseNet-201,71,s4.d2,16,0.3632441137635126,0.9551395997064124,0.010847580425332263,0.6196952635246561,0.205
DenseNet-201,71,s4.d2,32,0.5142088334887093,0.9792488055501439,0.0062547972280413405,0.4748946022968844,0.29
DenseNet-201,71,s4.d2,64,0.7332415695739948,0.9918174449009384,0.002969665326285254,0.26070914224821873,0.51
DenseNet-201,72,s4.d3,4,0.10801503120132196,0.7800618444188511,0.03136974959474475,0.8615301697241793,0.125
DenseNet-201,72,s4.d3,8,0.1943864465682935,0.9050184176160281,0.017734050524908437,0.7852127174601149,0.13
DenseNet-201,72,s4.d3,16,0.3378086231849926,0.9554301180854715,0.010846279697766697,0.646432934454791,0.18
DenseNet-201,72,s4.d3,32,0.4935101983514933,0.9791965253914001,0.006355591164131388,0.4960049534956943,0.27
DenseNet-201,72,s4.d3,64,0.7120984698971783,0.9918266792771975,0.0030432081811982317,0.282033358473351,0.48
DenseNet-201,73,s4.d4,4,0.0839586405790263,0.7799298520761561,0.03130476334885488,0.8923510359867234,0.1
DenseNet-201,73,s4.d4,8,0.15193648541517948,0.9048192959383751,0.018106067179999807,0.8320808518372629,0.1
DenseNet-201,73,s4.d4,16,0.2699899772073545,0.9551263619931512,0.011046872437450747,0.7173253844193545,0.145
DenseNet-201,73,s4.d4,32,0.44091400114179746,0.9791943613217379,0.006611205700806484,0.5497175856418922,0.21
DenseNet-201,73,s4.d4,64,0.6548463163894468,0.9917847261156237,0.003280947615741501,0.33972937962637684,0.385
DenseNet-201,74,s4.d5,4,0.07801503120132196,0.7796298520761559,0.03214554704079838,0.8999332426874526,0.095
DenseNet-201,74,s4.d5,8,0.1384810501169528,0.9042797186123659,0.018001595018904706,0.8468603826153985,0.085
DenseNet-201,74,s4.d5,16,0.24965047977462138,0.9551095475108609,0.010759469950178558,0.7386158682789394,0.11
DenseNet-201,74,s4.d5,32,0.4026756868487824,0.9793433957790508,0.006683293917413535,0.58883095696126,0.16
DenseNet-201,74,s4.d5,64,0.6275621380439739,0.9917642038792148,0.0034117620444697534,0.3672264681571391,0.33
DenseNet-201,75,s4.d6,4,0.07395864057902629,0.7792213934828116,0.03128865460774242,0.9050864860775185,0.09
DenseNet-201,75,s4.d6,8,0.12969317488343496,0.904462619309609,0.018084844041700854,0.8566074792760017,0.065
DenseNet-201,75,s4.d6,16,0.2441541344004684,0.9552583383705041,0.010823378269910948,0.7444103604298805,0.11
DenseNet-201,75,s4.d6,32,0.3929037812822162,0.9794242821998068,0.006697721912860763,0.5988421071205767,0.16
DenseNet-201,75,s4.d6,64,0.6160274960136629,0.9917916174603809,0.0034116412096614405,0.3788740647041501,0.325
DenseNet-201,76,s4.d7,4,0.06990224995673062,0.7790912431707985,0.031688385850570225,0.9102771972224489,0.085
DenseNet-201,76,s4.d7,8,0.12020113982914332,0.904080439926092,0.018143621649393153,0.8670459679019604,0.06
DenseNet-201,76,s4.d7,16,0.23480156694262122,0.955096546168618,0.010641364410328952,0.7541593382527341,0.105
DenseNet-201,76,s4.d7,32,0.3788973484910108,0.9794030499596051,0.006751761578538417,0.6131344000749863,0.14
DenseNet-201,76,s4.d7,64,0.6025829801817626,0.9917966504704832,0.0034533202925036825,0.3924329348199427,0.305
DenseNet-201,77,s4.d8,4,0.05773307808984363,0.7806033858255067,0.03082189959401687,0.9260404462263643,0.07
DenseNet-201,77,s4.d8,8,0.09024117090665211,0.9045097253032296,0.01751354813409598,0.9002319506554786,0.04
DenseNet-201,77,s4.d8,16,0.1816982484289423,0.9552571876324049,0.01094907328612363,0.8097912784312259,0.085
DenseNet-201,77,s4.d8,32,0.3177402013657157,0.9795520408494075,0.006832409500661968,0.6756270334650205,0.105
DenseNet-201,77,s4.d8,64,0.5328726606586297,0.9918353222274466,0.003614373468668842,0.46274079101970933,0.23
DenseNet-201,78,s4.d9,4,0.06178946871213929,0.7819326716072706,0.030064764442146855,0.920978530561806,0.075
DenseNet-201,78,s4.d9,8,0.09095695029898127,0.9044585178276452,0.017455818529203238,0.8994349121533575,0.04
DenseNet-201,78,s4.d9,16,0.17494567280770604,0.9555855332264607,0.01071216142247965,0.8169230626409595,0.075
DenseNet-201,78,s4.d9,32,0.31491330961114,0.9795719276603111,0.006779964156437219,0.67851946271745,0.115
DenseNet-201,78,s4.d9,64,0.5252541027820143,0.9918197538306387,0.003677616814475071,0.4704137513360056,0.23
DenseNet-201,79,s4.d10,4,0.056789468712139295,0.7817563183268049,0.03031945795005254,0.9273565593512747,0.07
DenseNet-201,79,s4.d10,8,0.09367477251497924,0.9044207849705472,0.017646820833660717,0.8964256747836353,0.04
DenseNet-201,79,s4.d10,16,0.1764721509769615,0.955620725922183,0.010707187924151864,0.81533243661426,0.075
DenseNet-201,79,s4.d10,32,0.3146512983373404,0.9795823002747558,0.00680741280074281,0.6787903392608399,0.12
DenseNet-201,79,s4.d10,64,0.5246765926637798,0.9918152828547498,0.003703269329428156,0.4709936399108522,0.235
DenseNet-201,80,s4.d11,4,0.05273307808984363,0.7822940627019132,0.02964232213490564,0.9325917444551319,0.065
DenseNet-201,80,s4.d11,8,0.08556199127038791,0.9048018762558288,0.018168648531371557,0.9054356610925112,0.03
DenseNet-201,80,s4.d11,16,0.17275561378294127,0.9556136333791256,0.010718788557631727,0.8192202290249212,0.075
DenseNet-201,80,s4.d11,32,0.30469988105709667,0.9795119988308554,0.006931307648874722,0.688926851921379,0.115
DenseNet-201,80,s4.d11,64,0.5170031957925715,0.9918297327914073,0.003702399594495269,0.4787379540059594,0.21
DenseNet-201,81,s4.d12,4,0.05273307808984363,0.7819780100454738,0.029264558979828204,0.932564500008412,0.065
DenseNet-201,81,s4.d12,8,0.08556199127038791,0.9048363826075355,0.017994310442353948,0.9054392673470784,0.03
DenseNet-201,81,s4.d12,16,0.17363950469270337,0.9555260762627453,0.010799113980816944,0.8182786330940937,0.075
DenseNet-201,81,s4.d12,32,0.3034674178706868,0.9795201825190063,0.0069444147157899086,0.690187682411742,0.115
DenseNet-201,81,s4.d12,64,0.514647483443682,0.9918203867840886,0.003741330992057914,0.48110818218569573,0.21
DenseNet-201,82,s4.d13,4,0.05273307808984363,0.7829770325450411,0.029436816376947308,0.9326505428665813,0.065
DenseNet-201,82,s4.d13,8,0.08556199127038791,0.9046485130771734,0.018073035698988354,0.9054196297970494,0.03
DenseNet-201,82,s4.d13,16,0.17384693654883154,0.9556295031903888,0.010823892625878148,0.8180812375837707,0.075
DenseNet-201,82,s4.d13,32,0.30267620049547433,0.9794754236882064,0.006989167536390441,0.6909813220675312,0.115
DenseNet-201,82,s4.d13,64,0.5153338953972615,0.9918284239333026,0.0037202213984158126,0.48042031972264176,0.205
DenseNet-201,83,s4.d14,4,0.05273307808984363,0.7830383106695002,0.029327025376649232,0.9326558134240499,0.065
DenseNet-201,83,s4.d14,8,0.08556199127038791,0.904653335752621,0.01808172297362746,0.9054201340017112,0.03
DenseNet-201,83,s4.d14,16,0.1749653208777734,0.9556025152397853,0.010755326228106864,0.8169057551780616,0.075
DenseNet-201,83,s4.d14,32,0.30331735952934724,0.9794286754279184,0.006955162221918541,0.690311947016636,0.115
DenseNet-201,83,s4.d14,64,0.514935138825504,0.9918301879885919,0.003713702887034292,0.4808232850123465,0.205
DenseNet-201,84,s4.d15,4,0.05273307808984363,0.7835119573890347,0.029929173022019348,0.9326965241659225,0.065
DenseNet-201,84,s4.d15,8,0.08556199127038791,0.9045537812437654,0.01824342527949455,0.9054097246127921,0.03
DenseNet-201,84,s4.d15,16,0.17128908649666313,0.9556889516961635,0.010674647616010276,0.8207690000050141,0.075
DenseNet-201,84,s4.d15,32,0.30039754896600923,0.9794555576871954,0.006967132794251877,0.6933015014225423,0.11
DenseNet-201,84,s4.d15,64,0.5119614482668368,0.9918368066581426,0.00372534571774406,0.4838249147137216,0.205
DenseNet-201,85,s4.d16,4,0.05273307808984363,0.7831468822330279,0.029128508230702708,0.9326651496849696,0.065
DenseNet-201,85,s4.d16,8,0.08556199127038791,0.904637462511586,0.018183324529049427,0.9054184744540225,0.03
DenseNet-201,85,s4.d16,16,0.16640106252422562,0.9555140573405225,0.010798563260637028,0.8258517902003777,0.075
DenseNet-201,85,s4.d16,32,0.3009921707774537,0.979524843944697,0.006958877397978281,0.6927161443243113,0.11
DenseNet-201,85,s4.d16,64,0.5113533913936983,0.9918295949418795,0.0037101585560520376,0.48443422741013975,0.2
DenseNet-201,86,s4.d17,4,0.05273307808984363,0.7833402656703656,0.028984404592880958,0.9326817726588894,0.065
DenseNet-201,86,s4.d17,8,0.08556199127038791,0.904681401234717,0.017972755681064684,0.9054230681059519,0.03
DenseNet-201,86,s4.d17,16,0.16854760322669565,0.9555553912399206,0.010752237770632127,0.8236129430362067,0.075
DenseNet-201,86,s4.d17,32,0.2988604809333351,0.9795258032487046,0.006990086341497407,0.6948926920126743,0.11
DenseNet-201,86,s4.d17,64,0.5102203521932417,0.9918252628125959,0.003733964855996421,0.4855743533428759,0.2
DenseNet-201,87,s4.d18,4,0.05273307808984363,0.7830704159823789,0.029001326211279835,0.9326585744863202,0.065
DenseNet-201,87,s4.d18,8,0.08284416905438993,0.9047258103159548,0.01773145102678339,0.908431739086278,0.03
DenseNet-201,87,s4.d18,16,0.16140166240794776,0.9554762705805588,0.010872539946035254,0.8310772675601057,0.075
DenseNet-201,87,s4.d18,32,0.29230085243829945,0.9795216620556723,0.00701869609588856,0.7015881692449124,0.11
DenseNet-201,87,s4.d18,64,0.5055543403976375,0.991823707657404,0.003735371020234678,0.4902780237107761,0.19
DenseNet-201,88,s4.d19,4,0.05273307808984363,0.7828147769201494,0.029315835904693412,0.9326365832064223,0.065
DenseNet-201,88,s4.d19,8,0.08284416905438993,0.9047069769077031,0.017956734550098698,0.9084298328973298,0.03
DenseNet-201,88,s4.d19,16,0.1624330342908607,0.955421200530618,0.010954286714865905,0.8299880364799846,0.075
DenseNet-201,88,s4.d19,32,0.2916482144206437,0.9795110509364784,0.00701896754033157,0.7022512261175529,0.11
DenseNet-201,88,s4.d19,64,0.5059623368774472,0.9918189926025621,0.003733357089376034,0.48986423868554163,0.19
DenseNet-201,89,s4.d20,4,0.04867668746754797,0.782946882233028,0.028609504623613915,0.9378288762978172,0.06
DenseNet-201,89,s4.d20,8,0.08556199127038791,0.904803556768234,0.017914925035794435,0.9054358367290275,0.03
DenseNet-201,89,s4.d20,16,0.1624330342908607,0.9554620445515731,0.0108074098235673,0.8299953041388521,0.075
DenseNet-201,89,s4.d20,32,0.29146856208780325,0.9795218316814954,0.0070265494174076865,0.7024379113761519,0.11
DenseNet-201,89,s4.d20,64,0.5061676125092146,0.9918087277440323,0.0037240163781218786,0.48965198797902976,0.19
DenseNet-201,90,s4.d21,4,0.05273307808984363,0.7832940627019132,0.028919445076701553,0.9326778018616088,0.065
DenseNet-201,90,s4.d21,8,0.08556199127038791,0.9048805166534949,0.0179611074318692,0.9054438793899326,0.03
DenseNet-201,90,s4.d21,16,0.16140166240794776,0.9554719931776124,0.010775475249158353,0.8310765113363769,0.075
DenseNet-201,90,s4.d21,32,0.29210782394141993,0.9795012211437666,0.007056851265620592,0.7017790099329078,0.11
DenseNet-201,90,s4.d21,64,0.5063025900802771,0.9918210571690435,0.0037114810822615747,0.4895222415166124,0.195
DenseNet-201,91,s4.d22,4,0.04867668746754797,0.7830874461392507,0.02862511767747332,0.9378400359914694,0.06
DenseNet-201,91,s4.d22,8,0.08556199127038791,0.9046472334223615,0.018098172899784395,0.9054194960098433,0.03
DenseNet-201,91,s4.d22,16,0.1624330342908607,0.9554731635761883,0.010756297959421362,0.8299972825161316,0.075
DenseNet-201,91,s4.d22,32,0.291828773144568,0.9795111892804412,0.00703413464022626,0.7020669326310112,0.11
DenseNet-201,91,s4.d22,64,0.5044759623822107,0.9918189671637876,0.0037217676047994384,0.49136286047763966,0.195
DenseNet-201,92,s4.d23,4,0.04867668746754797,0.7829572958272376,0.028788461040917264,0.9378297031945806,0.06
DenseNet-201,92,s4.d23,8,0.08418273746068762,0.9046602963542544,0.018098725921512474,0.9069454713554461,0.035
DenseNet-201,92,s4.d23,16,0.1624330342908607,0.9555027472983744,0.010750133096882627,0.830002546041725,0.075
DenseNet-201,92,s4.d23,32,0.2912318744211065,0.9795304804776809,0.007048459049720822,0.7026821725046438,0.11
DenseNet-201,92,s4.d23,64,0.5040271914334145,0.9918201971983395,0.0037200983563162125,0.49181596335991784,0.195
DenseNet-201,93,s4.d24,4,0.04867668746754797,0.7830695514521294,0.028644691405706916,0.9378386155134221,0.06
DenseNet-201,93,s4.d24,8,0.08074913585236047,0.9049078552300505,0.017921955438982697,0.9107653498799256,0.035
DenseNet-201,93,s4.d24,16,0.15895197299023495,0.9554781370039263,0.010900910708882208,0.8336414337133266,0.075
DenseNet-201,93,s4.d24,32,0.2876011401444346,0.9795237325745699,0.007041493189879684,0.7063867565633077,0.11
DenseNet-201,93,s4.d24,64,0.5001055637257953,0.9918221028018281,0.0037385340100818897,0.49577090255093936,0.195
DenseNet-201,94,s4.d25,4,0.04867668746754797,0.7834525212952574,0.02901502498015713,0.9378690014462238,0.06
DenseNet-201,94,s4.d25,8,0.07941056744606279,0.9050194674824978,0.017781876928601358,0.912255404110853,0.03
DenseNet-201,94,s4.d25,16,0.1597152120748627,0.9555054919953389,0.010846114978326942,0.8328474159354786,0.075
DenseNet-201,94,s4.d25,32,0.2875300901199824,0.9795327468097678,0.0070504125814629184,0.7064619931733402,0.11
DenseNet-201,94,s4.d25,64,0.5001512995607071,0.9918268457457559,0.0037286511157504114,0.4957272010673972,0.195
DenseNet-201,95,s4.d26,4,0.04867668746754797,0.7834525212952574,0.02901502498015713,0.9378690014462238,0.06
DenseNet-201,95,s4.d26,8,0.08012634683839195,0.9046315593150248,0.017443048047108514,0.9114265404370122,0.03
DenseNet-201,95,s4.d26,16,0.15868384019194978,0.9555031198514443,0.010908301073121926,0.8339264028602849,0.075
DenseNet-201,95,s4.d26,32,0.28826710047578546,0.9795336164825108,0.007056999749342324,0.7057098443329103,0.11
DenseNet-201,95,s4.d26,64,0.5007033577729932,0.9918222158551511,0.0037361255414588537,0.49516823704005675,0.2
DenseNet-201,96,s4.d27,4,0.04867668746754797,0.7835242130139263,0.029914990676859432,0.9378746863733708,0.06
DenseNet-201,96,s4.d27,8,0.08012634683839195,0.9045547697653876,0.01760983269708366,0.9114190212504499,0.03
DenseNet-201,96,s4.d27,16,0.15792060110732203,0.9554609474901661,0.010944853874354643,0.8347178903312034,0.075
DenseNet-201,96,s4.d27,32,0.28724095871301075,0.9794608557801254,0.007036826043220425,0.706735642350681,0.11
DenseNet-201,96,s4.d27,64,0.5003792211806555,0.9918212971410019,0.0037274420635345085,0.4954945788893266,0.2
DenseNet-201,97,s4.d28,4,0.0446202968452523,0.7826402656703655,0.02871042020656398,0.9429874761081541,0.055
DenseNet-201,97,s4.d28,8,0.08012634683839195,0.9045959317214936,0.017605567328667797,0.9114230519632038,0.03
DenseNet-201,97,s4.d28,16,0.1528612501080668,0.9555209712357389,0.010866757828348105,0.840023134279955,0.075
DenseNet-201,97,s4.d28,32,0.28715046847648584,0.9794687008824122,0.006991315970312216,0.7068303783287926,0.11
DenseNet-201,97,s4.d28,64,0.5007186337477664,0.9918155574683313,0.003730646066903013,0.4951494459051633,0.2
DenseNet-201,98,s4.d29,4,0.0446202968452523,0.7831147769201494,0.029121193657616406,0.9430220215984993,0.055
DenseNet-201,98,s4.d29,8,0.08074913585236047,0.9044729549686356,0.01756411410727263,0.9107224429334533,0.035
DenseNet-201,98,s4.d29,16,0.15454770044115188,0.9555452088042956,0.010859293378238275,0.8382622831267792,0.075
DenseNet-201,98,s4.d29,32,0.28549728011813164,0.9794868558793952,0.007058429167244789,0.7085236229517253,0.105
DenseNet-201,98,s4.d29,64,0.49969957675920296,0.9918154503877439,0.0037370593156464994,0.49617685773714393,0.2
DenseNet-201,99,s4.d30,4,0.0446202968452523,0.782865754420582,0.02944665572109448,0.9430038974200923,0.055
DenseNet-201,99,s4.d30,8,0.08074913585236047,0.9042430413172245,0.017467799829851978,0.9106997431412555,0.035
DenseNet-201,99,s4.d30,16,0.15728936871081675,0.9556628032657092,0.010808768878010843,0.8354133192446912,0.075
DenseNet-201,99,s4.d30,32,0.2855227588553275,0.9794898599966239,0.007020477947631919,0.7084985046641405,0.11
DenseNet-201,99,s4.d30,64,0.4993538339770589,0.9918259122524714,0.003731247170835468,0.4965307643122483,0.195
DenseNet-201,100,s4.d31,4,0.04056390622295664,0.7825072958272375,0.029358340547595365,0.9481616255346552,0.05
DenseNet-201,100,s4.d31,8,0.07803131363636248,0.9043929209945297,0.01762758206349698,0.9137196766748747,0.035
DenseNet-201,100,s4.d31,16,0.15618669108193836,0.9556273369907253,0.010805145568789594,0.8365610892068336,0.075
DenseNet-201,100,s4.d31,32,0.2825225483661181,0.9795031727016932,0.007027772698677107,0.7115654586530267,0.105
DenseNet-201,100,s4.d31,64,0.4971772679783466,0.9918299606329558,0.0037375377921907062,0.498727314447062,0.2
DenseNet-201,101,s4.d32,4,0.04056390622295664,0.7823195514521295,0.02935027426220735,0.9481491851409536,0.05
DenseNet-201,101,s4.d32,8,0.07803131363636248,0.90455951488223,0.017587186530114506,0.9137355670328426,0.035
DenseNet-201,101,s4.d32,16,0.15618669108193836,0.9555812006703905,0.010823974739366658,0.8365531982291351,0.075
DenseNet-201,101,s4.d32,32,0.28281563764661066,0.9795283096454018,0.006996229983496813,0.7112736458336845,0.1
DenseNet-201,101,s4.d32,64,0.49693709130363267,0.9918281683430805,0.003741111901905839,0.49896856414775814,0.195
DenseNet-201,102,final_norm_relu,4,0.021225562489182656,0.7835482723829769,0.027118691029556635,0.9729109702142152,0.025
DenseNet-201,102,final_norm_relu,8,0.03190970677120203,0.9053454578588503,0.0159713068094291,0.9647541096117401,0.015
DenseNet-201,102,final_norm_relu,16,0.07757618089850803,0.9562329791684243,0.009808311732609416,0.9188731380442754,0.02
DenseNet-201,102,final_norm_relu,32,0.1438101783426473,0.9807640731007577,0.0060961114263115125,0.8533692431371585,0.03
DenseNet-201,102,final_norm_relu,64,0.2780025854292041,0.9922792343927668,0.004126916677226391,0.7198343210322948,0.09
